unix_ts_recv,seq,rtt_ms,t_send_unix,warmup,test_id,condition,camera_mode,lidar_mode,video_enabled,lidar_enabled
1779496190.275984,1,91.3098,1779496190.1846743,True,C1_control_only,C1_control_only,off,off,False,False
1779496190.2959342,2,10.5698,1779496190.2853644,True,C1_control_only,C1_control_only,off,off,False,False
1779496190.405021,3,19.325,1779496190.385696,True,C1_control_only,C1_control_only,off,off,False,False
1779496190.5009253,4,14.6172,1779496190.486308,True,C1_control_only,C1_control_only,off,off,False,False
1779496190.6018429,5,15.285,1779496190.5865579,True,C1_control_only,C1_control_only,off,off,False,False
1779496190.6940997,6,7.0343,1779496190.6870654,True,C1_control_only,C1_control_only,off,off,False,False
1779496190.8022184,7,14.7896,1779496190.7874289,True,C1_control_only,C1_control_only,off,off,False,False
1779496190.8939066,8,6.0601,1779496190.8878465,True,C1_control_only,C1_control_only,off,off,False,False
1779496191.003963,9,15.9686,1779496190.9879944,True,C1_control_only,C1_control_only,off,off,False,False
1779496191.1403737,10,51.8203,1779496191.0885534,True,C1_control_only,C1_control_only,off,off,False,False
1779496191.207898,11,19.1898,1779496191.188708,True,C1_control_only,C1_control_only,off,off,False,False
1779496191.2984133,12,9.2185,1779496191.2891948,True,C1_control_only,C1_control_only,off,off,False,False
1779496191.410811,13,21.1117,1779496191.3896992,True,C1_control_only,C1_control_only,off,off,False,False
1779496191.4988763,14,8.8656,1779496191.4900107,True,C1_control_only,C1_control_only,off,off,False,False
1779496191.607304,15,16.7799,1779496191.5905242,True,C1_control_only,C1_control_only,off,off,False,False
1779496191.704615,16,13.9618,1779496191.6906533,True,C1_control_only,C1_control_only,off,off,False,False
1779496191.8050756,17,14.004,1779496191.7910717,True,C1_control_only,C1_control_only,off,off,False,False
1779496191.8990211,18,7.5188,1779496191.8915024,True,C1_control_only,C1_control_only,off,off,False,False
1779496192.0241578,19,31.7841,1779496191.9923737,True,C1_control_only,C1_control_only,off,off,False,False
1779496192.115216,20,22.4533,1779496192.0927627,True,C1_control_only,C1_control_only,off,off,False,False
1779496192.2047193,21,11.6994,1779496192.1930199,True,C1_control_only,C1_control_only,off,off,False,False
1779496192.311861,22,18.445,1779496192.293416,True,C1_control_only,C1_control_only,off,off,False,False
1779496192.4014227,23,7.5855,1779496192.3938372,True,C1_control_only,C1_control_only,off,off,False,False
1779496192.5089595,24,14.7712,1779496192.4941883,True,C1_control_only,C1_control_only,off,off,False,False
1779496192.6010327,25,6.5236,1779496192.5945091,True,C1_control_only,C1_control_only,off,off,False,False
1779496192.7107942,26,15.8634,1779496192.6949308,True,C1_control_only,C1_control_only,off,off,False,False
1779496192.801996,27,6.5088,1779496192.7954872,True,C1_control_only,C1_control_only,off,off,False,False
1779496192.911225,28,15.6069,1779496192.8956182,True,C1_control_only,C1_control_only,off,off,False,False
1779496193.005345,29,9.2654,1779496192.9960797,True,C1_control_only,C1_control_only,off,off,False,False
1779496193.1167169,30,20.3781,1779496193.0963387,True,C1_control_only,C1_control_only,off,off,False,False
1779496193.2173405,31,20.294,1779496193.1970465,True,C1_control_only,C1_control_only,off,off,False,False
1779496193.3165367,32,19.2275,1779496193.2973092,True,C1_control_only,C1_control_only,off,off,False,False
1779496193.4079945,33,10.0799,1779496193.3979146,True,C1_control_only,C1_control_only,off,off,False,False
1779496193.55665,34,58.1636,1779496193.4984863,True,C1_control_only,C1_control_only,off,off,False,False
1779496193.6541073,35,55.2611,1779496193.5988462,True,C1_control_only,C1_control_only,off,off,False,False
1779496193.7061365,36,6.6259,1779496193.6995106,True,C1_control_only,C1_control_only,off,off,False,False
1779496193.8174534,37,17.8034,1779496193.79965,True,C1_control_only,C1_control_only,off,off,False,False
1779496193.9071674,38,6.9709,1779496193.9001966,True,C1_control_only,C1_control_only,off,off,False,False
1779496194.0158467,39,14.9331,1779496194.0009136,True,C1_control_only,C1_control_only,off,off,False,False
1779496194.1091976,40,8.0507,1779496194.101147,True,C1_control_only,C1_control_only,off,off,False,False
1779496194.2173543,41,15.5411,1779496194.2018132,True,C1_control_only,C1_control_only,off,off,False,False
1779496194.3131237,42,11.0371,1779496194.3020866,True,C1_control_only,C1_control_only,off,off,False,False
1779496194.4190044,43,16.7303,1779496194.4022741,True,C1_control_only,C1_control_only,off,off,False,False
1779496194.5098155,44,7.0641,1779496194.5027514,True,C1_control_only,C1_control_only,off,off,False,False
1779496194.6586046,45,55.4774,1779496194.6031272,True,C1_control_only,C1_control_only,off,off,False,False
1779496194.725083,46,21.6277,1779496194.7034554,True,C1_control_only,C1_control_only,off,off,False,False
1779496194.817349,47,13.5748,1779496194.803774,True,C1_control_only,C1_control_only,off,off,False,False
1779496194.9629996,48,59.0234,1779496194.9039762,True,C1_control_only,C1_control_only,off,off,False,False
1779496195.0479672,49,43.2901,1779496195.004677,True,C1_control_only,C1_control_only,off,off,False,False
1779496195.1308062,50,25.6112,1779496195.105195,True,C1_control_only,C1_control_only,off,off,False,False
1779496195.2188067,51,13.3998,1779496195.205407,False,C1_control_only,C1_control_only,off,off,False,False
1779496195.38076,52,75.0611,1779496195.3056989,False,C1_control_only,C1_control_only,off,off,False,False
1779496195.4630988,53,56.9308,1779496195.406168,False,C1_control_only,C1_control_only,off,off,False,False
1779496195.5499845,54,43.0791,1779496195.5069053,False,C1_control_only,C1_control_only,off,off,False,False
1779496195.6361988,55,28.95,1779496195.6072488,False,C1_control_only,C1_control_only,off,off,False,False
1779496195.7247293,56,17.112,1779496195.7076173,False,C1_control_only,C1_control_only,off,off,False,False
1779496195.8226373,57,14.9195,1779496195.8077178,False,C1_control_only,C1_control_only,off,off,False,False
1779496195.9269423,58,19.1042,1779496195.907838,False,C1_control_only,C1_control_only,off,off,False,False
1779496196.0167518,59,8.6899,1779496196.008062,False,C1_control_only,C1_control_only,off,off,False,False
1779496196.1240187,60,15.444,1779496196.1085746,False,C1_control_only,C1_control_only,off,off,False,False
1779496196.243099,61,33.9649,1779496196.209134,False,C1_control_only,C1_control_only,off,off,False,False
1779496196.3263443,62,16.979,1779496196.3093653,False,C1_control_only,C1_control_only,off,off,False,False
1779496196.417314,63,7.4105,1779496196.4099035,False,C1_control_only,C1_control_only,off,off,False,False
1779496196.524449,64,14.0495,1779496196.5103996,False,C1_control_only,C1_control_only,off,off,False,False
1779496196.6303244,65,19.3553,1779496196.610969,False,C1_control_only,C1_control_only,off,off,False,False
1779496196.723544,66,12.2795,1779496196.7112644,False,C1_control_only,C1_control_only,off,off,False,False
1779496196.8204925,67,8.7142,1779496196.8117783,False,C1_control_only,C1_control_only,off,off,False,False
1779496196.9247816,68,12.5725,1779496196.912209,False,C1_control_only,C1_control_only,off,off,False,False
1779496197.018791,69,6.1421,1779496197.0126488,False,C1_control_only,C1_control_only,off,off,False,False
1779496197.1848295,70,71.898,1779496197.1129315,False,C1_control_only,C1_control_only,off,off,False,False
1779496197.272451,71,58.9049,1779496197.213546,False,C1_control_only,C1_control_only,off,off,False,False
1779496197.3554945,72,41.6119,1779496197.3138826,False,C1_control_only,C1_control_only,off,off,False,False
1779496197.4499204,73,35.322,1779496197.4145985,False,C1_control_only,C1_control_only,off,off,False,False
1779496197.5396142,74,24.5938,1779496197.5150204,False,C1_control_only,C1_control_only,off,off,False,False
1779496197.6231647,75,7.8681,1779496197.6152966,False,C1_control_only,C1_control_only,off,off,False,False
1779496197.729828,76,14.3685,1779496197.7154593,False,C1_control_only,C1_control_only,off,off,False,False
1779496197.8233922,77,7.7698,1779496197.8156223,False,C1_control_only,C1_control_only,off,off,False,False
1779496197.9322848,78,16.4211,1779496197.9158638,False,C1_control_only,C1_control_only,off,off,False,False
1779496198.0580854,79,41.7922,1779496198.0162933,False,C1_control_only,C1_control_only,off,off,False,False
1779496198.1604846,80,44.1058,1779496198.1163788,False,C1_control_only,C1_control_only,off,off,False,False
1779496198.2409034,81,23.9871,1779496198.2169163,False,C1_control_only,C1_control_only,off,off,False,False
1779496198.3324144,82,15.1196,1779496198.3172948,False,C1_control_only,C1_control_only,off,off,False,False
1779496198.43488,83,17.2689,1779496198.4176111,False,C1_control_only,C1_control_only,off,off,False,False
1779496198.5490773,84,31.0166,1779496198.5180607,False,C1_control_only,C1_control_only,off,off,False,False
1779496198.6469784,85,28.5797,1779496198.6183987,False,C1_control_only,C1_control_only,off,off,False,False
1779496198.7312198,86,12.5575,1779496198.7186623,False,C1_control_only,C1_control_only,off,off,False,False
1779496198.8414433,87,22.5687,1779496198.8188746,False,C1_control_only,C1_control_only,off,off,False,False
1779496198.9400449,88,20.7145,1779496198.9193304,False,C1_control_only,C1_control_only,off,off,False,False
1779496199.0604146,89,40.7052,1779496199.0197093,False,C1_control_only,C1_control_only,off,off,False,False
1779496199.1386175,90,18.7163,1779496199.1199012,False,C1_control_only,C1_control_only,off,off,False,False
1779496199.2291455,91,8.8995,1779496199.220246,False,C1_control_only,C1_control_only,off,off,False,False
1779496199.3491027,92,28.5714,1779496199.3205314,False,C1_control_only,C1_control_only,off,off,False,False
1779496199.4411983,93,20.5748,1779496199.4206235,False,C1_control_only,C1_control_only,off,off,False,False
1779496199.5327172,94,11.8868,1779496199.5208304,False,C1_control_only,C1_control_only,off,off,False,False
1779496199.639181,95,18.0018,1779496199.621179,False,C1_control_only,C1_control_only,off,off,False,False
1779496199.7329493,96,11.3904,1779496199.7215588,False,C1_control_only,C1_control_only,off,off,False,False
1779496199.8382711,97,16.3047,1779496199.8219664,False,C1_control_only,C1_control_only,off,off,False,False
1779496199.931474,98,8.9798,1779496199.9224942,False,C1_control_only,C1_control_only,off,off,False,False
1779496200.051274,99,28.4917,1779496200.0227823,False,C1_control_only,C1_control_only,off,off,False,False
1779496200.1306667,100,7.5204,1779496200.1231463,False,C1_control_only,C1_control_only,off,off,False,False
1779496200.2393484,101,15.5704,1779496200.223778,False,C1_control_only,C1_control_only,off,off,False,False
1779496200.3477135,102,23.741,1779496200.3239725,False,C1_control_only,C1_control_only,off,off,False,False
1779496200.4326606,103,8.5344,1779496200.4241261,False,C1_control_only,C1_control_only,off,off,False,False
1779496200.5398233,104,15.5735,1779496200.5242498,False,C1_control_only,C1_control_only,off,off,False,False
1779496200.6469648,105,22.4044,1779496200.6245604,False,C1_control_only,C1_control_only,off,off,False,False
1779496200.7387855,106,14.0216,1779496200.7247639,False,C1_control_only,C1_control_only,off,off,False,False
1779496200.843148,107,18.2695,1779496200.8248785,False,C1_control_only,C1_control_only,off,off,False,False
1779496200.9347897,108,9.6397,1779496200.92515,False,C1_control_only,C1_control_only,off,off,False,False
1779496201.0453148,109,20.1066,1779496201.0252082,False,C1_control_only,C1_control_only,off,off,False,False
1779496201.1833777,110,58.0399,1779496201.1253378,False,C1_control_only,C1_control_only,off,off,False,False
1779496201.2449293,111,19.136,1779496201.2257934,False,C1_control_only,C1_control_only,off,off,False,False
1779496201.3379292,112,11.6367,1779496201.3262925,False,C1_control_only,C1_control_only,off,off,False,False
1779496201.4490635,113,22.634,1779496201.4264295,False,C1_control_only,C1_control_only,off,off,False,False
1779496201.5394473,114,12.5659,1779496201.5268815,False,C1_control_only,C1_control_only,off,off,False,False
1779496201.6411397,115,14.0707,1779496201.627069,False,C1_control_only,C1_control_only,off,off,False,False
1779496201.7422578,116,14.924,1779496201.7273338,False,C1_control_only,C1_control_only,off,off,False,False
1779496201.8438728,117,16.1519,1779496201.8277209,False,C1_control_only,C1_control_only,off,off,False,False
1779496201.9408221,118,12.6557,1779496201.9281664,False,C1_control_only,C1_control_only,off,off,False,False
1779496202.050064,119,21.6367,1779496202.0284274,False,C1_control_only,C1_control_only,off,off,False,False
1779496202.1450398,120,16.2036,1779496202.1288362,False,C1_control_only,C1_control_only,off,off,False,False
1779496202.247137,121,17.5591,1779496202.229578,False,C1_control_only,C1_control_only,off,off,False,False
1779496202.342406,122,12.6488,1779496202.3297572,False,C1_control_only,C1_control_only,off,off,False,False
1779496202.4577305,123,27.3752,1779496202.4303553,False,C1_control_only,C1_control_only,off,off,False,False
1779496202.5443096,124,13.2229,1779496202.5310867,False,C1_control_only,C1_control_only,off,off,False,False
1779496202.6373277,125,6.0592,1779496202.6312685,False,C1_control_only,C1_control_only,off,off,False,False
1779496202.7462847,126,14.7827,1779496202.731502,False,C1_control_only,C1_control_only,off,off,False,False
1779496202.853324,127,21.445,1779496202.831879,False,C1_control_only,C1_control_only,off,off,False,False
1779496202.9489682,128,16.5646,1779496202.9324036,False,C1_control_only,C1_control_only,off,off,False,False
1779496203.053885,129,21.2858,1779496203.0325992,False,C1_control_only,C1_control_only,off,off,False,False
1779496203.1478817,130,14.7448,1779496203.133137,False,C1_control_only,C1_control_only,off,off,False,False
1779496203.2393005,131,5.5895,1779496203.233711,False,C1_control_only,C1_control_only,off,off,False,False
1779496203.3493395,132,15.4417,1779496203.3338978,False,C1_control_only,C1_control_only,off,off,False,False
1779496203.4589105,133,24.4429,1779496203.4344676,False,C1_control_only,C1_control_only,off,off,False,False
1779496203.551147,134,16.5455,1779496203.5346014,False,C1_control_only,C1_control_only,off,off,False,False
1779496203.6442778,135,9.6221,1779496203.6346557,False,C1_control_only,C1_control_only,off,off,False,False
1779496203.7519913,136,16.7615,1779496203.7352297,False,C1_control_only,C1_control_only,off,off,False,False
1779496203.8436375,137,7.5889,1779496203.8360486,False,C1_control_only,C1_control_only,off,off,False,False
1779496203.9524155,138,15.7509,1779496203.9366646,False,C1_control_only,C1_control_only,off,off,False,False
1779496204.044484,139,7.663,1779496204.036821,False,C1_control_only,C1_control_only,off,off,False,False
1779496204.1539154,140,16.8524,1779496204.137063,False,C1_control_only,C1_control_only,off,off,False,False
1779496204.2836316,141,46.1814,1779496204.2374501,False,C1_control_only,C1_control_only,off,off,False,False
1779496204.4053347,142,67.6095,1779496204.3377252,False,C1_control_only,C1_control_only,off,off,False,False
1779496204.5094266,143,71.5632,1779496204.4378633,False,C1_control_only,C1_control_only,off,off,False,False
1779496204.6105711,144,72.129,1779496204.5384421,False,C1_control_only,C1_control_only,off,off,False,False
1779496204.69619,145,57.394,1779496204.638796,False,C1_control_only,C1_control_only,off,off,False,False
1779496204.7807748,146,41.1725,1779496204.7396023,False,C1_control_only,C1_control_only,off,off,False,False
1779496204.867249,147,26.9561,1779496204.840293,False,C1_control_only,C1_control_only,off,off,False,False
1779496204.9526825,148,11.5597,1779496204.9411228,False,C1_control_only,C1_control_only,off,off,False,False
1779496205.050101,149,8.1797,1779496205.0419214,False,C1_control_only,C1_control_only,off,off,False,False
1779496205.1589468,150,16.1586,1779496205.1427882,False,C1_control_only,C1_control_only,off,off,False,False
1779496205.2523236,151,9.0232,1779496205.2433004,False,C1_control_only,C1_control_only,off,off,False,False
1779496205.3619363,152,18.5277,1779496205.3434086,False,C1_control_only,C1_control_only,off,off,False,False
1779496205.4512558,153,6.9497,1779496205.4443061,False,C1_control_only,C1_control_only,off,off,False,False
1779496205.5665634,154,21.4403,1779496205.545123,False,C1_control_only,C1_control_only,off,off,False,False
1779496205.6574247,155,12.068,1779496205.6453567,False,C1_control_only,C1_control_only,off,off,False,False
1779496205.7978046,156,51.9073,1779496205.7458973,False,C1_control_only,C1_control_only,off,off,False,False
1779496205.902673,157,56.7029,1779496205.8459702,False,C1_control_only,C1_control_only,off,off,False,False
1779496205.9954584,158,49.1512,1779496205.9463072,False,C1_control_only,C1_control_only,off,off,False,False
1779496206.106108,159,59.5112,1779496206.0465968,False,C1_control_only,C1_control_only,off,off,False,False
1779496206.1963446,160,49.2773,1779496206.1470673,False,C1_control_only,C1_control_only,off,off,False,False
1779496206.28046,161,33.0756,1779496206.2473843,False,C1_control_only,C1_control_only,off,off,False,False
1779496206.3657153,162,18.1406,1779496206.3475747,False,C1_control_only,C1_control_only,off,off,False,False
1779496206.4605,163,12.3649,1779496206.4481351,False,C1_control_only,C1_control_only,off,off,False,False
1779496206.565517,164,17.2455,1779496206.5482714,False,C1_control_only,C1_control_only,off,off,False,False
1779496206.6687906,165,20.088,1779496206.6487026,False,C1_control_only,C1_control_only,off,off,False,False
1779496206.8048928,166,55.5842,1779496206.7493086,False,C1_control_only,C1_control_only,off,off,False,False
1779496206.8873813,167,37.6296,1779496206.8497517,False,C1_control_only,C1_control_only,off,off,False,False
1779496206.9670398,168,17.0169,1779496206.950023,False,C1_control_only,C1_control_only,off,off,False,False
1779496207.072996,169,22.723,1779496207.050273,False,C1_control_only,C1_control_only,off,off,False,False
1779496207.1700518,170,19.4008,1779496207.150651,False,C1_control_only,C1_control_only,off,off,False,False
1779496207.2658117,171,14.6832,1779496207.2511284,False,C1_control_only,C1_control_only,off,off,False,False
1779496207.3796177,172,27.9901,1779496207.3516276,False,C1_control_only,C1_control_only,off,off,False,False
1779496207.459159,173,7.1688,1779496207.4519901,False,C1_control_only,C1_control_only,off,off,False,False
1779496207.5688934,174,16.5124,1779496207.552381,False,C1_control_only,C1_control_only,off,off,False,False
1779496207.6607625,175,8.0445,1779496207.652718,False,C1_control_only,C1_control_only,off,off,False,False
1779496207.7963166,176,43.1962,1779496207.7531204,False,C1_control_only,C1_control_only,off,off,False,False
1779496207.8781796,177,24.5895,1779496207.85359,False,C1_control_only,C1_control_only,off,off,False,False
1779496207.9718833,178,17.8792,1779496207.954004,False,C1_control_only,C1_control_only,off,off,False,False
1779496208.0642617,179,10.0367,1779496208.054225,False,C1_control_only,C1_control_only,off,off,False,False
1779496208.1804686,180,26.0389,1779496208.1544297,False,C1_control_only,C1_control_only,off,off,False,False
1779496208.272216,181,17.2293,1779496208.2549868,False,C1_control_only,C1_control_only,off,off,False,False
1779496208.3768556,182,21.3673,1779496208.3554883,False,C1_control_only,C1_control_only,off,off,False,False
1779496208.4631379,183,7.5197,1779496208.4556181,False,C1_control_only,C1_control_only,off,off,False,False
1779496208.5668063,184,11.1041,1779496208.5557022,False,C1_control_only,C1_control_only,off,off,False,False
1779496208.6853561,185,29.1162,1779496208.65624,False,C1_control_only,C1_control_only,off,off,False,False
1779496208.7822359,186,25.7716,1779496208.7564642,False,C1_control_only,C1_control_only,off,off,False,False
1779496208.8769193,187,19.887,1779496208.8570323,False,C1_control_only,C1_control_only,off,off,False,False
1779496208.979569,188,22.3484,1779496208.9572206,False,C1_control_only,C1_control_only,off,off,False,False
1779496209.0766537,189,19.155,1779496209.0574987,False,C1_control_only,C1_control_only,off,off,False,False
1779496209.172814,190,15.044,1779496209.15777,False,C1_control_only,C1_control_only,off,off,False,False
1779496209.3025382,191,44.2209,1779496209.2583172,False,C1_control_only,C1_control_only,off,off,False,False
1779496209.3885686,192,29.7439,1779496209.3588247,False,C1_control_only,C1_control_only,off,off,False,False
1779496209.4776442,193,18.734,1779496209.4589102,False,C1_control_only,C1_control_only,off,off,False,False
1779496209.5752847,194,15.9578,1779496209.559327,False,C1_control_only,C1_control_only,off,off,False,False
1779496209.6786187,195,19.1073,1779496209.6595113,False,C1_control_only,C1_control_only,off,off,False,False
1779496209.7794514,196,19.5546,1779496209.7598968,False,C1_control_only,C1_control_only,off,off,False,False
1779496209.891337,197,30.9706,1779496209.8603663,False,C1_control_only,C1_control_only,off,off,False,False
1779496209.9739027,198,13.0293,1779496209.9608734,False,C1_control_only,C1_control_only,off,off,False,False
1779496210.0817509,199,20.3843,1779496210.0613666,False,C1_control_only,C1_control_only,off,off,False,False
1779496210.170322,200,8.5664,1779496210.1617556,False,C1_control_only,C1_control_only,off,off,False,False
1779496210.304031,201,41.6818,1779496210.2623491,False,C1_control_only,C1_control_only,off,off,False,False
1779496210.3728807,202,10.0186,1779496210.362862,False,C1_control_only,C1_control_only,off,off,False,False
1779496210.482688,203,19.4528,1779496210.4632351,False,C1_control_only,C1_control_only,off,off,False,False
1779496210.5836818,204,20.0663,1779496210.5636156,False,C1_control_only,C1_control_only,off,off,False,False
1779496210.6791887,205,15.1074,1779496210.6640813,False,C1_control_only,C1_control_only,off,off,False,False
1779496210.783324,206,18.7221,1779496210.764602,False,C1_control_only,C1_control_only,off,off,False,False
1779496210.8744879,207,9.7106,1779496210.8647773,False,C1_control_only,C1_control_only,off,off,False,False
1779496210.987498,208,22.5716,1779496210.9649265,False,C1_control_only,C1_control_only,off,off,False,False
1779496211.075226,209,10.1767,1779496211.0650494,False,C1_control_only,C1_control_only,off,off,False,False
1779496211.1833637,210,18.0669,1779496211.1652968,False,C1_control_only,C1_control_only,off,off,False,False
1779496211.2739856,211,8.2793,1779496211.2657063,False,C1_control_only,C1_control_only,off,off,False,False
1779496211.3859355,212,19.8467,1779496211.3660889,False,C1_control_only,C1_control_only,off,off,False,False
1779496211.471688,213,5.0638,1779496211.4666243,False,C1_control_only,C1_control_only,off,off,False,False
1779496211.581047,214,13.8216,1779496211.5672255,False,C1_control_only,C1_control_only,off,off,False,False
1779496211.7223098,215,54.3797,1779496211.6679301,False,C1_control_only,C1_control_only,off,off,False,False
1779496211.8065512,216,38.3019,1779496211.7682493,False,C1_control_only,C1_control_only,off,off,False,False
1779496211.8838632,217,15.0743,1779496211.868789,False,C1_control_only,C1_control_only,off,off,False,False
1779496211.9918082,218,22.4741,1779496211.9693341,False,C1_control_only,C1_control_only,off,off,False,False
1779496212.0990481,219,29.4564,1779496212.0695918,False,C1_control_only,C1_control_only,off,off,False,False
1779496212.18258,220,12.4779,1779496212.1701021,False,C1_control_only,C1_control_only,off,off,False,False
1779496212.2847912,221,14.1199,1779496212.2706714,False,C1_control_only,C1_control_only,off,off,False,False
1779496212.3772311,222,6.2592,1779496212.370972,False,C1_control_only,C1_control_only,off,off,False,False
1779496212.5035675,223,32.0897,1779496212.4714777,False,C1_control_only,C1_control_only,off,off,False,False
1779496212.5954163,224,22.9042,1779496212.5725121,False,C1_control_only,C1_control_only,off,off,False,False
1779496212.6871078,225,13.8535,1779496212.6732543,False,C1_control_only,C1_control_only,off,off,False,False
1779496212.7847135,226,10.8619,1779496212.7738516,False,C1_control_only,C1_control_only,off,off,False,False
1779496212.8944077,227,20.0958,1779496212.874312,False,C1_control_only,C1_control_only,off,off,False,False
1779496213.0360022,228,61.4841,1779496212.974518,False,C1_control_only,C1_control_only,off,off,False,False
1779496213.114281,229,39.1421,1779496213.0751388,False,C1_control_only,C1_control_only,off,off,False,False
1779496213.2014427,230,25.8048,1779496213.175638,False,C1_control_only,C1_control_only,off,off,False,False
1779496213.2932804,231,17.2579,1779496213.2760224,False,C1_control_only,C1_control_only,off,off,False,False
1779496213.392191,232,15.419,1779496213.376772,False,C1_control_only,C1_control_only,off,off,False,False
1779496213.4907582,233,13.8574,1779496213.4769008,False,C1_control_only,C1_control_only,off,off,False,False
1779496213.583127,234,5.7151,1779496213.577412,False,C1_control_only,C1_control_only,off,off,False,False
1779496213.700033,235,21.9669,1779496213.678066,False,C1_control_only,C1_control_only,off,off,False,False
1779496213.8011487,236,22.6128,1779496213.7785358,False,C1_control_only,C1_control_only,off,off,False,False
1779496213.8963819,237,16.6919,1779496213.87969,False,C1_control_only,C1_control_only,off,off,False,False
1779496213.9868212,238,6.5608,1779496213.9802604,False,C1_control_only,C1_control_only,off,off,False,False
1779496214.0946672,239,14.2391,1779496214.0804281,False,C1_control_only,C1_control_only,off,off,False,False
1779496214.2041376,240,23.4241,1779496214.1807134,False,C1_control_only,C1_control_only,off,off,False,False
1779496214.2986066,241,17.5591,1779496214.2810476,False,C1_control_only,C1_control_only,off,off,False,False
1779496214.3944886,242,12.8567,1779496214.3816319,False,C1_control_only,C1_control_only,off,off,False,False
1779496214.4973004,243,14.8261,1779496214.4824743,False,C1_control_only,C1_control_only,off,off,False,False
1779496214.5941308,244,11.2121,1779496214.5829186,False,C1_control_only,C1_control_only,off,off,False,False
1779496214.7009983,245,17.6296,1779496214.6833687,False,C1_control_only,C1_control_only,off,off,False,False
1779496214.7987013,246,14.5564,1779496214.7841449,False,C1_control_only,C1_control_only,off,off,False,False
1779496214.8906324,247,5.9438,1779496214.8846886,False,C1_control_only,C1_control_only,off,off,False,False
1779496215.0377488,248,52.3386,1779496214.9854102,False,C1_control_only,C1_control_only,off,off,False,False
1779496215.1232247,249,37.3204,1779496215.0859044,False,C1_control_only,C1_control_only,off,off,False,False
1779496215.2102354,250,23.9217,1779496215.1863136,False,C1_control_only,C1_control_only,off,off,False,False
1779496215.296674,251,9.7196,1779496215.2869544,False,C1_control_only,C1_control_only,off,off,False,False
1779496215.4458601,252,58.1541,1779496215.387706,False,C1_control_only,C1_control_only,off,off,False,False
1779496215.532724,253,44.5447,1779496215.4881792,False,C1_control_only,C1_control_only,off,off,False,False
1779496215.6151912,254,26.4328,1779496215.5887585,False,C1_control_only,C1_control_only,off,off,False,False
1779496215.699953,255,10.7062,1779496215.689247,False,C1_control_only,C1_control_only,off,off,False,False
1779496215.8533535,256,63.2217,1779496215.7901318,False,C1_control_only,C1_control_only,off,off,False,False
1779496215.9389086,257,48.2132,1779496215.8906953,False,C1_control_only,C1_control_only,off,off,False,False
1779496216.0225966,258,31.4212,1779496215.9911754,False,C1_control_only,C1_control_only,off,off,False,False
1779496216.106398,259,14.8036,1779496216.0915945,False,C1_control_only,C1_control_only,off,off,False,False
1779496216.1990123,260,7.1192,1779496216.191893,False,C1_control_only,C1_control_only,off,off,False,False
1779496216.302728,261,10.1671,1779496216.2925608,False,C1_control_only,C1_control_only,off,off,False,False
1779496216.4118392,262,19.0816,1779496216.3927577,False,C1_control_only,C1_control_only,off,off,False,False
1779496216.5066943,263,13.3743,1779496216.49332,False,C1_control_only,C1_control_only,off,off,False,False
1779496216.6029491,264,9.037,1779496216.5939121,False,C1_control_only,C1_control_only,off,off,False,False
1779496216.6982954,265,4.22,1779496216.6940753,False,C1_control_only,C1_control_only,off,off,False,False
1779496216.803537,266,9.1157,1779496216.7944212,False,C1_control_only,C1_control_only,off,off,False,False
1779496216.9211757,267,26.2551,1779496216.8949206,False,C1_control_only,C1_control_only,off,off,False,False
1779496217.01975,268,23.9215,1779496216.9958286,False,C1_control_only,C1_control_only,off,off,False,False
1779496217.1126747,269,16.644,1779496217.0960307,False,C1_control_only,C1_control_only,off,off,False,False
1779496217.220496,270,23.6709,1779496217.196825,False,C1_control_only,C1_control_only,off,off,False,False
1779496217.313129,271,15.9161,1779496217.2972128,False,C1_control_only,C1_control_only,off,off,False,False
1779496217.406536,272,8.6517,1779496217.3978844,False,C1_control_only,C1_control_only,off,off,False,False
1779496217.5119011,273,13.5427,1779496217.4983585,False,C1_control_only,C1_control_only,off,off,False,False
1779496217.6094542,274,10.1659,1779496217.5992882,False,C1_control_only,C1_control_only,off,off,False,False
1779496217.7172875,275,17.4832,1779496217.6998043,False,C1_control_only,C1_control_only,off,off,False,False
1779496217.8111575,276,11.0681,1779496217.8000894,False,C1_control_only,C1_control_only,off,off,False,False
1779496217.91746,277,17.206,1779496217.900254,False,C1_control_only,C1_control_only,off,off,False,False
1779496218.0154922,278,15.1045,1779496218.0003877,False,C1_control_only,C1_control_only,off,off,False,False
1779496218.1252298,279,24.5581,1779496218.1006718,False,C1_control_only,C1_control_only,off,off,False,False
1779496218.2113554,280,10.0551,1779496218.2013004,False,C1_control_only,C1_control_only,off,off,False,False
1779496218.3222322,281,20.7155,1779496218.3015168,False,C1_control_only,C1_control_only,off,off,False,False
1779496218.418775,282,16.8867,1779496218.4018884,False,C1_control_only,C1_control_only,off,off,False,False
1779496218.5150516,283,12.5153,1779496218.5025363,False,C1_control_only,C1_control_only,off,off,False,False
1779496218.61572,284,12.892,1779496218.602828,False,C1_control_only,C1_control_only,off,off,False,False
1779496218.7101262,285,6.5315,1779496218.7035947,False,C1_control_only,C1_control_only,off,off,False,False
1779496218.8186765,286,14.7586,1779496218.803918,False,C1_control_only,C1_control_only,off,off,False,False
1779496218.9156144,287,11.575,1779496218.9040394,False,C1_control_only,C1_control_only,off,off,False,False
1779496219.0350008,288,30.7789,1779496219.004222,False,C1_control_only,C1_control_only,off,off,False,False
1779496219.1146922,289,9.9268,1779496219.1047654,False,C1_control_only,C1_control_only,off,off,False,False
1779496219.2517529,290,46.8357,1779496219.2049172,False,C1_control_only,C1_control_only,off,off,False,False
1779496219.3357816,291,29.9861,1779496219.3057954,False,C1_control_only,C1_control_only,off,off,False,False
1779496219.4249167,292,18.8701,1779496219.4060466,False,C1_control_only,C1_control_only,off,off,False,False
1779496219.5161726,293,9.4733,1779496219.5066993,False,C1_control_only,C1_control_only,off,off,False,False
1779496219.6285741,294,21.5399,1779496219.6070342,False,C1_control_only,C1_control_only,off,off,False,False
1779496219.718078,295,10.3717,1779496219.7077062,False,C1_control_only,C1_control_only,off,off,False,False
1779496219.8289187,296,20.7896,1779496219.808129,False,C1_control_only,C1_control_only,off,off,False,False
1779496219.9228663,297,14.0772,1779496219.9087892,False,C1_control_only,C1_control_only,off,off,False,False
1779496220.0299566,298,20.3946,1779496220.009562,False,C1_control_only,C1_control_only,off,off,False,False
1779496220.124054,299,13.6318,1779496220.1104221,False,C1_control_only,C1_control_only,off,off,False,False
1779496220.2160876,300,5.3048,1779496220.2107828,False,C1_control_only,C1_control_only,off,off,False,False
1779496220.3300893,301,18.6193,1779496220.31147,False,C1_control_only,C1_control_only,off,off,False,False
1779496220.4199622,302,7.7956,1779496220.4121666,False,C1_control_only,C1_control_only,off,off,False,False
1779496220.5687156,303,55.8772,1779496220.5128384,False,C1_control_only,C1_control_only,off,off,False,False
1779496220.659653,304,46.3228,1779496220.6133301,False,C1_control_only,C1_control_only,off,off,False,False
1779496220.7462528,305,32.3999,1779496220.713853,False,C1_control_only,C1_control_only,off,off,False,False
1779496220.830102,306,15.9085,1779496220.8141935,False,C1_control_only,C1_control_only,off,off,False,False
1779496220.9395623,307,24.6806,1779496220.9148817,False,C1_control_only,C1_control_only,off,off,False,False
1779496221.0344415,308,19.0921,1779496221.0153494,False,C1_control_only,C1_control_only,off,off,False,False
1779496221.129307,309,13.4058,1779496221.1159012,False,C1_control_only,C1_control_only,off,off,False,False
1779496221.2292824,310,13.0155,1779496221.2162669,False,C1_control_only,C1_control_only,off,off,False,False
1779496221.33143,311,14.7641,1779496221.316666,False,C1_control_only,C1_control_only,off,off,False,False
1779496221.4228077,312,5.6181,1779496221.4171896,False,C1_control_only,C1_control_only,off,off,False,False
1779496221.5335627,313,15.7475,1779496221.517815,False,C1_control_only,C1_control_only,off,off,False,False
1779496221.689712,314,71.0027,1779496221.6187093,False,C1_control_only,C1_control_only,off,off,False,False
1779496221.7309773,315,11.2867,1779496221.7196906,False,C1_control_only,C1_control_only,off,off,False,False
1779496221.8272367,316,6.7132,1779496221.8205235,False,C1_control_only,C1_control_only,off,off,False,False
1779496221.9362857,317,15.4688,1779496221.920817,False,C1_control_only,C1_control_only,off,off,False,False
1779496222.0299597,318,8.3759,1779496222.0215838,False,C1_control_only,C1_control_only,off,off,False,False
1779496222.1374793,319,15.3608,1779496222.1221185,False,C1_control_only,C1_control_only,off,off,False,False
1779496222.2303112,320,8.0955,1779496222.2222157,False,C1_control_only,C1_control_only,off,off,False,False
1779496222.3368998,321,14.313,1779496222.3225868,False,C1_control_only,C1_control_only,off,off,False,False
1779496222.4431527,322,19.958,1779496222.4231946,False,C1_control_only,C1_control_only,off,off,False,False
1779496222.5400798,323,15.7926,1779496222.5242872,False,C1_control_only,C1_control_only,off,off,False,False
1779496222.7120228,324,87.0779,1779496222.624945,False,C1_control_only,C1_control_only,off,off,False,False
1779496222.7409492,325,14.6873,1779496222.7262619,False,C1_control_only,C1_control_only,off,off,False,False
1779496222.8486197,326,21.7462,1779496222.8268735,False,C1_control_only,C1_control_only,off,off,False,False
1779496222.944289,327,17.1664,1779496222.9271226,False,C1_control_only,C1_control_only,off,off,False,False
1779496223.0351124,328,7.5209,1779496223.0275915,False,C1_control_only,C1_control_only,off,off,False,False
1779496223.1447718,329,16.9621,1779496223.1278098,False,C1_control_only,C1_control_only,off,off,False,False
1779496223.2400525,330,11.6243,1779496223.2284281,False,C1_control_only,C1_control_only,off,off,False,False
1779496223.350461,331,21.7927,1779496223.3286684,False,C1_control_only,C1_control_only,off,off,False,False
1779496223.450788,332,21.6243,1779496223.4291637,False,C1_control_only,C1_control_only,off,off,False,False
1779496223.5402117,333,10.2167,1779496223.529995,False,C1_control_only,C1_control_only,off,off,False,False
1779496223.6460807,334,15.6641,1779496223.6304166,False,C1_control_only,C1_control_only,off,off,False,False
1779496223.742692,335,11.8375,1779496223.7308545,False,C1_control_only,C1_control_only,off,off,False,False
1779496223.8488095,336,17.5223,1779496223.8312871,False,C1_control_only,C1_control_only,off,off,False,False
1779496223.9431522,337,11.4315,1779496223.9317207,False,C1_control_only,C1_control_only,off,off,False,False
1779496224.0509202,338,19.0172,1779496224.031903,False,C1_control_only,C1_control_only,off,off,False,False
1779496224.1678607,339,35.486,1779496224.1323748,False,C1_control_only,C1_control_only,off,off,False,False
1779496224.2619424,340,29.4013,1779496224.232541,False,C1_control_only,C1_control_only,off,off,False,False
1779496224.3460789,341,12.8751,1779496224.3332038,False,C1_control_only,C1_control_only,off,off,False,False
1779496224.4384406,342,4.7131,1779496224.4337275,False,C1_control_only,C1_control_only,off,off,False,False
1779496224.5499997,343,15.4252,1779496224.5345745,False,C1_control_only,C1_control_only,off,off,False,False
1779496224.6554515,344,20.5052,1779496224.6349463,False,C1_control_only,C1_control_only,off,off,False,False
1779496224.782297,345,46.963,1779496224.735334,False,C1_control_only,C1_control_only,off,off,False,False
1779496224.8666859,346,30.8883,1779496224.8357975,False,C1_control_only,C1_control_only,off,off,False,False
1779496224.9535859,347,17.3101,1779496224.9362757,False,C1_control_only,C1_control_only,off,off,False,False
1779496225.0600178,348,23.2031,1779496225.0368147,False,C1_control_only,C1_control_only,off,off,False,False
1779496225.15056,349,13.3946,1779496225.1371653,False,C1_control_only,C1_control_only,off,off,False,False
1779496225.2579277,350,20.5243,1779496225.2374034,False,C1_control_only,C1_control_only,off,off,False,False
1779496225.3507237,351,12.9333,1779496225.3377905,False,C1_control_only,C1_control_only,off,off,False,False
1779496225.443232,352,4.8952,1779496225.4383368,False,C1_control_only,C1_control_only,off,off,False,False
1779496225.5517807,353,12.563,1779496225.5392177,False,C1_control_only,C1_control_only,off,off,False,False
1779496225.664095,354,24.3561,1779496225.6397388,False,C1_control_only,C1_control_only,off,off,False,False
1779496225.7534065,355,13.087,1779496225.7403195,False,C1_control_only,C1_control_only,off,off,False,False
1779496225.847384,356,6.6314,1779496225.8407526,False,C1_control_only,C1_control_only,off,off,False,False
1779496225.9909465,357,49.6669,1779496225.9412796,False,C1_control_only,C1_control_only,off,off,False,False
1779496226.0780125,358,36.0961,1779496226.0419164,False,C1_control_only,C1_control_only,off,off,False,False
1779496226.1634352,359,21.2111,1779496226.142224,False,C1_control_only,C1_control_only,off,off,False,False
1779496226.2544546,360,11.5509,1779496226.2429037,False,C1_control_only,C1_control_only,off,off,False,False
1779496226.3740652,361,30.7386,1779496226.3433266,False,C1_control_only,C1_control_only,off,off,False,False
1779496226.462043,362,18.5649,1779496226.443478,False,C1_control_only,C1_control_only,off,off,False,False
1779496226.5701103,363,26.2341,1779496226.5438762,False,C1_control_only,C1_control_only,off,off,False,False
1779496226.6605823,364,16.3603,1779496226.644222,False,C1_control_only,C1_control_only,off,off,False,False
1779496226.8114672,365,66.4599,1779496226.7450073,False,C1_control_only,C1_control_only,off,off,False,False
1779496226.8969848,366,51.3041,1779496226.8456807,False,C1_control_only,C1_control_only,off,off,False,False
1779496226.9793484,367,33.293,1779496226.9460554,False,C1_control_only,C1_control_only,off,off,False,False
1779496227.0630167,368,16.5379,1779496227.0464787,False,C1_control_only,C1_control_only,off,off,False,False
1779496227.1538126,369,6.6097,1779496227.147203,False,C1_control_only,C1_control_only,off,off,False,False
1779496227.2948835,370,47.1945,1779496227.247689,False,C1_control_only,C1_control_only,off,off,False,False
1779496227.3768435,371,28.5938,1779496227.3482497,False,C1_control_only,C1_control_only,off,off,False,False
1779496227.4655893,372,16.6512,1779496227.4489381,False,C1_control_only,C1_control_only,off,off,False,False
1779496227.5595233,373,10.1795,1779496227.5493438,False,C1_control_only,C1_control_only,off,off,False,False
1779496227.6703029,374,20.2212,1779496227.6500816,False,C1_control_only,C1_control_only,off,off,False,False
1779496227.7638047,375,13.1626,1779496227.750642,False,C1_control_only,C1_control_only,off,off,False,False
1779496227.8716745,376,20.7608,1779496227.8509138,False,C1_control_only,C1_control_only,off,off,False,False
1779496227.9628472,377,11.0619,1779496227.9517853,False,C1_control_only,C1_control_only,off,off,False,False
1779496228.0710843,378,18.9178,1779496228.0521665,False,C1_control_only,C1_control_only,off,off,False,False
1779496228.1653862,379,13.0093,1779496228.152377,False,C1_control_only,C1_control_only,off,off,False,False
1779496228.2576947,380,5.0902,1779496228.2526045,False,C1_control_only,C1_control_only,off,off,False,False
1779496228.3654528,381,12.2089,1779496228.3532438,False,C1_control_only,C1_control_only,off,off,False,False
1779496228.4738863,382,19.9878,1779496228.4538984,False,C1_control_only,C1_control_only,off,off,False,False
1779496228.566321,383,12.1465,1779496228.5541744,False,C1_control_only,C1_control_only,off,off,False,False
1779496228.6906862,384,35.6474,1779496228.6550388,False,C1_control_only,C1_control_only,off,off,False,False
1779496228.7668781,385,11.6286,1779496228.7552495,False,C1_control_only,C1_control_only,off,off,False,False
1779496228.8749812,386,19.0423,1779496228.855939,False,C1_control_only,C1_control_only,off,off,False,False
1779496228.9689536,387,12.3451,1779496228.9566085,False,C1_control_only,C1_control_only,off,off,False,False
1779496229.0773702,388,20.1519,1779496229.0572183,False,C1_control_only,C1_control_only,off,off,False,False
1779496229.1705835,389,12.5699,1779496229.1580136,False,C1_control_only,C1_control_only,off,off,False,False
1779496229.2898407,390,31.059,1779496229.2587817,False,C1_control_only,C1_control_only,off,off,False,False
1779496229.3732004,391,13.6633,1779496229.3595371,False,C1_control_only,C1_control_only,off,off,False,False
1779496229.468475,392,8.5082,1779496229.459967,False,C1_control_only,C1_control_only,off,off,False,False
1779496229.5800338,393,19.1855,1779496229.5608482,False,C1_control_only,C1_control_only,off,off,False,False
1779496229.6709976,394,9.4242,1779496229.6615734,False,C1_control_only,C1_control_only,off,off,False,False
1779496229.7794266,395,17.2868,1779496229.7621398,False,C1_control_only,C1_control_only,off,off,False,False
1779496229.873701,396,10.5739,1779496229.8631272,False,C1_control_only,C1_control_only,off,off,False,False
1779496229.981653,397,18.1677,1779496229.9634852,False,C1_control_only,C1_control_only,off,off,False,False
1779496230.076018,398,12.0568,1779496230.0639613,False,C1_control_only,C1_control_only,off,off,False,False
1779496230.1869686,399,22.8951,1779496230.1640735,False,C1_control_only,C1_control_only,off,off,False,False
1779496230.278315,400,13.8793,1779496230.2644358,False,C1_control_only,C1_control_only,off,off,False,False
1779496230.3718,401,6.5153,1779496230.3652847,False,C1_control_only,C1_control_only,off,off,False,False
1779496230.485542,402,19.7434,1779496230.4657986,False,C1_control_only,C1_control_only,off,off,False,False
1779496230.574751,403,8.8325,1779496230.5659184,False,C1_control_only,C1_control_only,off,off,False,False
1779496230.6813862,404,15.3172,1779496230.666069,False,C1_control_only,C1_control_only,off,off,False,False
1779496230.7742052,405,7.6046,1779496230.7666006,False,C1_control_only,C1_control_only,off,off,False,False
1779496230.882984,406,16.0229,1779496230.866961,False,C1_control_only,C1_control_only,off,off,False,False
1779496230.9817238,407,14.3695,1779496230.9673543,False,C1_control_only,C1_control_only,off,off,False,False
1779496231.0885556,408,20.864,1779496231.0676916,False,C1_control_only,C1_control_only,off,off,False,False
1779496231.1801894,409,12.3081,1779496231.1678813,False,C1_control_only,C1_control_only,off,off,False,False
1779496231.2912722,410,23.1457,1779496231.2681265,False,C1_control_only,C1_control_only,off,off,False,False
1779496231.3806388,411,12.0227,1779496231.368616,False,C1_control_only,C1_control_only,off,off,False,False
1779496231.511491,412,42.6369,1779496231.4688542,False,C1_control_only,C1_control_only,off,off,False,False
1779496231.648031,413,78.4476,1779496231.5695834,False,C1_control_only,C1_control_only,off,off,False,False
1779496231.6797683,414,10.0203,1779496231.669748,False,C1_control_only,C1_control_only,off,off,False,False
1779496231.8505564,415,80.5035,1779496231.770053,False,C1_control_only,C1_control_only,off,off,False,False
1779496231.8827868,416,12.3284,1779496231.8704584,False,C1_control_only,C1_control_only,off,off,False,False
1779496231.9873376,417,15.7213,1779496231.9716163,False,C1_control_only,C1_control_only,off,off,False,False
1779496232.0804074,418,8.6596,1779496232.0717478,False,C1_control_only,C1_control_only,off,off,False,False
1779496232.1905005,419,18.2388,1779496232.1722617,False,C1_control_only,C1_control_only,off,off,False,False
1779496232.2809792,420,8.5242,1779496232.272455,False,C1_control_only,C1_control_only,off,off,False,False
1779496232.389567,421,16.9537,1779496232.3726132,False,C1_control_only,C1_control_only,off,off,False,False
1779496232.4853804,422,12.4428,1779496232.4729376,False,C1_control_only,C1_control_only,off,off,False,False
1779496232.5980601,423,24.5194,1779496232.5735407,False,C1_control_only,C1_control_only,off,off,False,False
1779496232.68513,424,10.9305,1779496232.6741993,False,C1_control_only,C1_control_only,off,off,False,False
1779496232.7910967,425,16.1538,1779496232.7749429,False,C1_control_only,C1_control_only,off,off,False,False
1779496232.8855968,426,9.6869,1779496232.8759098,False,C1_control_only,C1_control_only,off,off,False,False
1779496232.9986517,427,22.3026,1779496232.976349,False,C1_control_only,C1_control_only,off,off,False,False
1779496233.0865743,428,9.5305,1779496233.0770438,False,C1_control_only,C1_control_only,off,off,False,False
1779496233.1932411,429,15.9912,1779496233.17725,False,C1_control_only,C1_control_only,off,off,False,False
1779496233.2850544,430,6.5625,1779496233.278492,False,C1_control_only,C1_control_only,off,off,False,False
1779496233.3960836,431,16.9678,1779496233.3791158,False,C1_control_only,C1_control_only,off,off,False,False
1779496233.493978,432,14.632,1779496233.479346,False,C1_control_only,C1_control_only,off,off,False,False
1779496233.6003141,433,20.3385,1779496233.5799756,False,C1_control_only,C1_control_only,off,off,False,False
1779496233.694569,434,13.5601,1779496233.681009,False,C1_control_only,C1_control_only,off,off,False,False
1779496233.7927616,435,11.1768,1779496233.7815847,False,C1_control_only,C1_control_only,off,off,False,False
1779496233.8957558,436,13.5496,1779496233.8822062,False,C1_control_only,C1_control_only,off,off,False,False
1779496233.993591,437,10.54,1779496233.983051,False,C1_control_only,C1_control_only,off,off,False,False
1779496234.0996392,438,16.2418,1779496234.0833974,False,C1_control_only,C1_control_only,off,off,False,False
1779496234.2427614,439,59.0193,1779496234.183742,False,C1_control_only,C1_control_only,off,off,False,False
1779496234.4114137,440,127.0373,1779496234.2843764,False,C1_control_only,C1_control_only,off,off,False,False
1779496234.4114137,441,26.1219,1779496234.3852918,False,C1_control_only,C1_control_only,off,off,False,False
1779496234.5137072,442,28.1174,1779496234.4855897,False,C1_control_only,C1_control_only,off,off,False,False
1779496234.6169698,443,30.6146,1779496234.5863552,False,C1_control_only,C1_control_only,off,off,False,False
1779496234.7155704,444,28.0981,1779496234.6874723,False,C1_control_only,C1_control_only,off,off,False,False
1779496234.8169355,445,28.9481,1779496234.7879875,False,C1_control_only,C1_control_only,off,off,False,False
1779496234.903389,446,14.7932,1779496234.8885958,False,C1_control_only,C1_control_only,off,off,False,False
1779496235.0100148,447,20.8433,1779496234.9891715,False,C1_control_only,C1_control_only,off,off,False,False
1779496235.102371,448,12.9883,1779496235.0893826,False,C1_control_only,C1_control_only,off,off,False,False
1779496235.2117743,449,22.0807,1779496235.1896937,False,C1_control_only,C1_control_only,off,off,False,False
1779496235.321121,450,30.6826,1779496235.2904384,False,C1_control_only,C1_control_only,off,off,False,False
1779496235.4296238,451,38.7387,1779496235.390885,False,C1_control_only,C1_control_only,off,off,False,False
1779496235.518642,452,27.2675,1779496235.4913745,False,C1_control_only,C1_control_only,off,off,False,False
1779496235.6203523,453,28.4834,1779496235.5918689,False,C1_control_only,C1_control_only,off,off,False,False
1779496235.7051463,454,12.8551,1779496235.6922913,False,C1_control_only,C1_control_only,off,off,False,False
1779496235.8344057,455,41.1038,1779496235.7933018,False,C1_control_only,C1_control_only,off,off,False,False
1779496235.9368093,456,42.9831,1779496235.8938262,False,C1_control_only,C1_control_only,off,off,False,False
1779496236.0209436,457,26.6855,1779496235.9942582,False,C1_control_only,C1_control_only,off,off,False,False
1779496236.121918,458,27.3342,1779496236.0945837,False,C1_control_only,C1_control_only,off,off,False,False
1779496236.206843,459,11.7655,1779496236.1950774,False,C1_control_only,C1_control_only,off,off,False,False
1779496236.3129613,460,17.0734,1779496236.295888,False,C1_control_only,C1_control_only,off,off,False,False
1779496236.404115,461,7.812,1779496236.396303,False,C1_control_only,C1_control_only,off,off,False,False
1779496236.5149198,462,18.0011,1779496236.4969187,False,C1_control_only,C1_control_only,off,off,False,False
1779496236.6109915,463,13.5167,1779496236.5974748,False,C1_control_only,C1_control_only,off,off,False,False
1779496236.7177663,464,20.0264,1779496236.6977398,False,C1_control_only,C1_control_only,off,off,False,False
1779496236.8104236,465,12.1472,1779496236.7982764,False,C1_control_only,C1_control_only,off,off,False,False
1779496236.91881,466,19.989,1779496236.8988209,False,C1_control_only,C1_control_only,off,off,False,False
1779496237.0087767,467,9.5744,1779496236.9992023,False,C1_control_only,C1_control_only,off,off,False,False
1779496237.1168401,468,16.7701,1779496237.10007,False,C1_control_only,C1_control_only,off,off,False,False
1779496237.2270367,469,26.4242,1779496237.2006125,False,C1_control_only,C1_control_only,off,off,False,False
1779496237.3165236,470,15.3477,1779496237.3011758,False,C1_control_only,C1_control_only,off,off,False,False
1779496237.4344058,471,32.9814,1779496237.4014244,False,C1_control_only,C1_control_only,off,off,False,False
1779496237.517063,472,15.1739,1779496237.501889,False,C1_control_only,C1_control_only,off,off,False,False
1779496237.6259081,473,23.8194,1779496237.6020887,False,C1_control_only,C1_control_only,off,off,False,False
1779496237.7155805,474,13.1855,1779496237.702395,False,C1_control_only,C1_control_only,off,off,False,False
1779496237.827904,475,25.1343,1779496237.8027697,False,C1_control_only,C1_control_only,off,off,False,False
1779496237.913603,476,10.6919,1779496237.9029112,False,C1_control_only,C1_control_only,off,off,False,False
1779496238.0241275,477,20.6182,1779496238.0035093,False,C1_control_only,C1_control_only,off,off,False,False
1779496238.1220086,478,18.1293,1779496238.1038792,False,C1_control_only,C1_control_only,off,off,False,False
1779496238.2307992,479,26.0351,1779496238.2047641,False,C1_control_only,C1_control_only,off,off,False,False
1779496238.3234444,480,17.9517,1779496238.3054926,False,C1_control_only,C1_control_only,off,off,False,False
1779496238.4127433,481,6.8495,1779496238.4058938,False,C1_control_only,C1_control_only,off,off,False,False
1779496238.520523,482,13.7339,1779496238.5067892,False,C1_control_only,C1_control_only,off,off,False,False
1779496238.6150594,483,7.3223,1779496238.607737,False,C1_control_only,C1_control_only,off,off,False,False
1779496238.7212377,484,12.9318,1779496238.7083058,False,C1_control_only,C1_control_only,off,off,False,False
1779496238.8331196,485,24.3471,1779496238.8087726,False,C1_control_only,C1_control_only,off,off,False,False
1779496238.92489,486,15.7199,1779496238.9091702,False,C1_control_only,C1_control_only,off,off,False,False
1779496239.0306091,487,21.1093,1779496239.0094998,False,C1_control_only,C1_control_only,off,off,False,False
1779496239.1314974,488,21.1596,1779496239.1103377,False,C1_control_only,C1_control_only,off,off,False,False
1779496239.2215822,489,10.8478,1779496239.2107344,False,C1_control_only,C1_control_only,off,off,False,False
1779496239.3313015,490,20.2389,1779496239.3110626,False,C1_control_only,C1_control_only,off,off,False,False
1779496239.4247053,491,13.1075,1779496239.4115977,False,C1_control_only,C1_control_only,off,off,False,False
1779496239.5302172,492,18.0612,1779496239.512156,False,C1_control_only,C1_control_only,off,off,False,False
1779496239.6253803,493,12.7263,1779496239.612654,False,C1_control_only,C1_control_only,off,off,False,False
1779496239.728742,494,15.7199,1779496239.713022,False,C1_control_only,C1_control_only,off,off,False,False
1779496239.8273752,495,13.5314,1779496239.8138437,False,C1_control_only,C1_control_only,off,off,False,False
1779496239.9366946,496,22.5372,1779496239.9141574,False,C1_control_only,C1_control_only,off,off,False,False
1779496240.0254364,497,10.6411,1779496240.0147953,False,C1_control_only,C1_control_only,off,off,False,False
1779496240.1369154,498,21.8496,1779496240.1150658,False,C1_control_only,C1_control_only,off,off,False,False
1779496240.2268798,499,10.9003,1779496240.2159796,False,C1_control_only,C1_control_only,off,off,False,False
1779496240.3379648,500,21.6653,1779496240.3162994,False,C1_control_only,C1_control_only,off,off,False,False
1779496240.4326642,501,15.7673,1779496240.4168968,False,C1_control_only,C1_control_only,off,off,False,False
1779496240.5377765,502,20.5743,1779496240.5172021,False,C1_control_only,C1_control_only,off,off,False,False
1779496240.6309412,503,13.1443,1779496240.617797,False,C1_control_only,C1_control_only,off,off,False,False
1779496240.7302063,504,11.8234,1779496240.7183828,False,C1_control_only,C1_control_only,off,off,False,False
1779496240.8354425,505,16.8836,1779496240.818559,False,C1_control_only,C1_control_only,off,off,False,False
1779496240.9291873,506,10.427,1779496240.9187603,False,C1_control_only,C1_control_only,off,off,False,False
1779496241.0453775,507,26.2172,1779496241.0191603,False,C1_control_only,C1_control_only,off,off,False,False
1779496241.1294026,508,9.7859,1779496241.1196167,False,C1_control_only,C1_control_only,off,off,False,False
1779496241.229301,509,9.2907,1779496241.2200103,False,C1_control_only,C1_control_only,off,off,False,False
1779496241.328586,510,8.2662,1779496241.32032,False,C1_control_only,C1_control_only,off,off,False,False
1779496241.4362113,511,15.3627,1779496241.4208486,False,C1_control_only,C1_control_only,off,off,False,False
1779496241.5482771,512,26.839,1779496241.5214381,False,C1_control_only,C1_control_only,off,off,False,False
1779496241.6413038,513,19.7062,1779496241.6215975,False,C1_control_only,C1_control_only,off,off,False,False
1779496241.7322118,514,10.2375,1779496241.7219744,False,C1_control_only,C1_control_only,off,off,False,False
1779496241.8747287,515,52.4485,1779496241.8222802,False,C1_control_only,C1_control_only,off,off,False,False
1779496241.9605641,516,37.926,1779496241.9226382,False,C1_control_only,C1_control_only,off,off,False,False
1779496242.0439181,517,21.0946,1779496242.0228236,False,C1_control_only,C1_control_only,off,off,False,False
1779496242.1339421,518,10.2279,1779496242.1237142,False,C1_control_only,C1_control_only,off,off,False,False
1779496242.2462132,519,22.3956,1779496242.2238176,False,C1_control_only,C1_control_only,off,off,False,False
1779496242.336907,520,12.5184,1779496242.3243885,False,C1_control_only,C1_control_only,off,off,False,False
1779496242.4451146,521,20.1883,1779496242.4249263,False,C1_control_only,C1_control_only,off,off,False,False
1779496242.5391953,522,13.9234,1779496242.525272,False,C1_control_only,C1_control_only,off,off,False,False
1779496242.6713645,523,45.5089,1779496242.6258557,False,C1_control_only,C1_control_only,off,off,False,False
1779496242.7443383,524,18.1344,1779496242.726204,False,C1_control_only,C1_control_only,off,off,False,False
1779496242.8344913,525,7.8337,1779496242.8266575,False,C1_control_only,C1_control_only,off,off,False,False
1779496242.9429636,526,16.041,1779496242.9269226,False,C1_control_only,C1_control_only,off,off,False,False
1779496243.0362387,527,8.8084,1779496243.0274303,False,C1_control_only,C1_control_only,off,off,False,False
1779496243.196546,528,68.6493,1779496243.1278968,False,C1_control_only,C1_control_only,off,off,False,False
1779496243.2511892,529,22.5401,1779496243.2286491,False,C1_control_only,C1_control_only,off,off,False,False
1779496243.3441634,530,15.3539,1779496243.3288095,False,C1_control_only,C1_control_only,off,off,False,False
1779496243.4365652,531,7.436,1779496243.4291291,False,C1_control_only,C1_control_only,off,off,False,False
1779496243.545454,532,16.1307,1779496243.5293233,False,C1_control_only,C1_control_only,off,off,False,False
1779496243.6375065,533,7.5686,1779496243.629938,False,C1_control_only,C1_control_only,off,off,False,False
1779496243.746835,534,16.0446,1779496243.7307904,False,C1_control_only,C1_control_only,off,off,False,False
1779496243.8358567,535,4.5867,1779496243.83127,False,C1_control_only,C1_control_only,off,off,False,False
1779496243.946478,536,14.8497,1779496243.9316282,False,C1_control_only,C1_control_only,off,off,False,False
1779496244.0419273,537,9.8021,1779496244.0321252,False,C1_control_only,C1_control_only,off,off,False,False
1779496244.1477184,538,15.2121,1779496244.1325064,False,C1_control_only,C1_control_only,off,off,False,False
1779496244.276212,539,43.1316,1779496244.2330804,False,C1_control_only,C1_control_only,off,off,False,False
1779496244.3633735,540,29.4545,1779496244.333919,False,C1_control_only,C1_control_only,off,off,False,False
1779496244.445619,541,11.4753,1779496244.4341438,False,C1_control_only,C1_control_only,off,off,False,False
1779496244.551728,542,17.3483,1779496244.5343797,False,C1_control_only,C1_control_only,off,off,False,False
1779496244.6441362,543,8.8584,1779496244.6352777,False,C1_control_only,C1_control_only,off,off,False,False
1779496244.7523084,544,16.2356,1779496244.7360728,False,C1_control_only,C1_control_only,off,off,False,False
1779496244.8508823,545,14.0395,1779496244.8368428,False,C1_control_only,C1_control_only,off,off,False,False
1779496244.9562626,546,18.867,1779496244.9373956,False,C1_control_only,C1_control_only,off,off,False,False
1779496245.0453956,547,7.1471,1779496245.0382485,False,C1_control_only,C1_control_only,off,off,False,False
1779496245.154924,548,16.2714,1779496245.1386526,False,C1_control_only,C1_control_only,off,off,False,False
1779496245.248902,549,9.5072,1779496245.239395,False,C1_control_only,C1_control_only,off,off,False,False
1779496245.3568623,550,16.7677,1779496245.3400946,False,C1_control_only,C1_control_only,off,off,False,False
1779496245.4536326,551,13.1183,1779496245.4405143,False,C1_control_only,C1_control_only,off,off,False,False
1779496245.5615728,552,20.8361,1779496245.5407367,False,C1_control_only,C1_control_only,off,off,False,False
1779496245.6505046,553,9.1934,1779496245.6413112,False,C1_control_only,C1_control_only,off,off,False,False
1779496245.757906,554,16.1662,1779496245.7417397,False,C1_control_only,C1_control_only,off,off,False,False
1779496245.8522818,555,9.5446,1779496245.8427372,False,C1_control_only,C1_control_only,off,off,False,False
1779496245.964495,556,21.2021,1779496245.9432929,False,C1_control_only,C1_control_only,off,off,False,False
1779496246.0525472,557,9.0244,1779496246.0435228,False,C1_control_only,C1_control_only,off,off,False,False
1779496246.1624553,558,18.7986,1779496246.1436567,False,C1_control_only,C1_control_only,off,off,False,False
1779496246.251794,559,7.8459,1779496246.2439482,False,C1_control_only,C1_control_only,off,off,False,False
1779496246.3620968,560,17.8306,1779496246.3442662,False,C1_control_only,C1_control_only,off,off,False,False
1779496246.45745,561,12.5978,1779496246.444852,False,C1_control_only,C1_control_only,off,off,False,False
1779496246.5619051,562,16.3012,1779496246.545604,False,C1_control_only,C1_control_only,off,off,False,False
1779496246.655504,563,8.9688,1779496246.6465352,False,C1_control_only,C1_control_only,off,off,False,False
1779496246.7660108,564,18.8205,1779496246.7471902,False,C1_control_only,C1_control_only,off,off,False,False
1779496246.859004,565,11.6849,1779496246.8473191,False,C1_control_only,C1_control_only,off,off,False,False
1779496247.0040073,566,55.6724,1779496246.948335,False,C1_control_only,C1_control_only,off,off,False,False
1779496247.063541,567,14.8172,1779496247.0487237,False,C1_control_only,C1_control_only,off,off,False,False
1779496247.1538076,568,4.6883,1779496247.1491194,False,C1_control_only,C1_control_only,off,off,False,False
1779496247.2637632,569,14.0588,1779496247.2497044,False,C1_control_only,C1_control_only,off,off,False,False
1779496247.3555582,570,5.0201,1779496247.350538,False,C1_control_only,C1_control_only,off,off,False,False
1779496247.4652383,571,14.178,1779496247.4510603,False,C1_control_only,C1_control_only,off,off,False,False
1779496247.55969,572,8.0993,1779496247.5515907,False,C1_control_only,C1_control_only,off,off,False,False
1779496247.670926,573,18.8901,1779496247.652036,False,C1_control_only,C1_control_only,off,off,False,False
1779496247.7617805,574,9.2561,1779496247.7525244,False,C1_control_only,C1_control_only,off,off,False,False
1779496247.8600137,575,6.6524,1779496247.8533614,False,C1_control_only,C1_control_only,off,off,False,False
1779496247.966246,576,12.1195,1779496247.9541264,False,C1_control_only,C1_control_only,off,off,False,False
1779496248.0618773,577,7.1356,1779496248.0547416,False,C1_control_only,C1_control_only,off,off,False,False
1779496248.1709578,578,15.8312,1779496248.1551266,False,C1_control_only,C1_control_only,off,off,False,False
1779496248.2639964,579,8.321,1779496248.2556753,False,C1_control_only,C1_control_only,off,off,False,False
1779496248.3734632,580,17.1471,1779496248.356316,False,C1_control_only,C1_control_only,off,off,False,False
1779496248.464446,581,7.5865,1779496248.4568596,False,C1_control_only,C1_control_only,off,off,False,False
1779496248.572765,582,15.5821,1779496248.557183,False,C1_control_only,C1_control_only,off,off,False,False
1779496248.66798,583,10.2179,1779496248.657762,False,C1_control_only,C1_control_only,off,off,False,False
1779496248.7764225,584,18.096,1779496248.7583265,False,C1_control_only,C1_control_only,off,off,False,False
1779496248.8703413,585,11.719,1779496248.8586223,False,C1_control_only,C1_control_only,off,off,False,False
1779496248.979555,586,19.9196,1779496248.9596353,False,C1_control_only,C1_control_only,off,off,False,False
1779496249.0711205,587,11.2522,1779496249.0598683,False,C1_control_only,C1_control_only,off,off,False,False
1779496249.17779,588,17.7312,1779496249.1600587,False,C1_control_only,C1_control_only,off,off,False,False
1779496249.2842972,589,23.7174,1779496249.2605798,False,C1_control_only,C1_control_only,off,off,False,False
1779496249.3803115,590,19.1834,1779496249.361128,False,C1_control_only,C1_control_only,off,off,False,False
1779496249.475616,591,14.0617,1779496249.4615543,False,C1_control_only,C1_control_only,off,off,False,False
1779496249.5810335,592,19.0878,1779496249.5619457,False,C1_control_only,C1_control_only,off,off,False,False
1779496249.6746259,593,12.0299,1779496249.662596,False,C1_control_only,C1_control_only,off,off,False,False
1779496249.7811928,594,18.0156,1779496249.7631772,False,C1_control_only,C1_control_only,off,off,False,False
1779496249.8730714,595,9.2356,1779496249.8638358,False,C1_control_only,C1_control_only,off,off,False,False
1779496249.9964352,596,31.9901,1779496249.964445,False,C1_control_only,C1_control_only,off,off,False,False
1779496250.075606,597,10.9823,1779496250.0646238,False,C1_control_only,C1_control_only,off,off,False,False
1779496250.1960506,598,31.3025,1779496250.1647482,False,C1_control_only,C1_control_only,off,off,False,False
1779496250.294264,599,28.8894,1779496250.2653747,False,C1_control_only,C1_control_only,off,off,False,False
1779496250.388128,600,22.0988,1779496250.3660293,False,C1_control_only,C1_control_only,off,off,False,False
1779496250.4964182,601,28.9907,1779496250.4674275,False,C1_control_only,C1_control_only,off,off,False,False
1779496250.5906522,602,22.6302,1779496250.568022,False,C1_control_only,C1_control_only,off,off,False,False
1779496250.6941514,603,25.5098,1779496250.6686416,False,C1_control_only,C1_control_only,off,off,False,False
1779496250.7873423,604,18.1181,1779496250.7692242,False,C1_control_only,C1_control_only,off,off,False,False
1779496250.8812215,605,11.8251,1779496250.8693964,False,C1_control_only,C1_control_only,off,off,False,False
1779496250.9882977,606,18.5323,1779496250.9697654,False,C1_control_only,C1_control_only,off,off,False,False
1779496251.0806632,607,10.4349,1779496251.0702283,False,C1_control_only,C1_control_only,off,off,False,False
1779496251.2292323,608,58.8176,1779496251.1704147,False,C1_control_only,C1_control_only,off,off,False,False
1779496251.2857828,609,14.9481,1779496251.2708347,False,C1_control_only,C1_control_only,off,off,False,False
1779496251.3772335,610,5.9433,1779496251.3712902,False,C1_control_only,C1_control_only,off,off,False,False
1779496251.485471,611,13.6275,1779496251.4718435,False,C1_control_only,C1_control_only,off,off,False,False
1779496251.5804064,612,8.3191,1779496251.5720873,False,C1_control_only,C1_control_only,off,off,False,False
1779496251.686883,613,14.6167,1779496251.6722662,False,C1_control_only,C1_control_only,off,off,False,False
1779496251.7798257,614,7.122,1779496251.7727036,False,C1_control_only,C1_control_only,off,off,False,False
1779496251.8974614,615,24.2908,1779496251.8731706,False,C1_control_only,C1_control_only,off,off,False,False
1779496251.9797125,616,6.2971,1779496251.9734154,False,C1_control_only,C1_control_only,off,off,False,False
1779496252.0840857,617,10.1445,1779496252.0739412,False,C1_control_only,C1_control_only,off,off,False,False
1779496252.195857,618,21.2903,1779496252.1745667,False,C1_control_only,C1_control_only,off,off,False,False
1779496252.289077,619,13.7634,1779496252.2753136,False,C1_control_only,C1_control_only,off,off,False,False
1779496252.3976922,620,21.6806,1779496252.3760116,False,C1_control_only,C1_control_only,off,off,False,False
1779496252.4899094,621,13.0975,1779496252.476812,False,C1_control_only,C1_control_only,off,off,False,False
1779496252.582911,622,5.7251,1779496252.5771859,False,C1_control_only,C1_control_only,off,off,False,False
1779496252.692098,623,14.3404,1779496252.6777575,False,C1_control_only,C1_control_only,off,off,False,False
1779496252.7983074,624,20.0164,1779496252.778291,False,C1_control_only,C1_control_only,off,off,False,False
1779496252.8936212,625,14.2269,1779496252.8793943,False,C1_control_only,C1_control_only,off,off,False,False
1779496252.986086,626,6.2723,1779496252.9798136,False,C1_control_only,C1_control_only,off,off,False,False
1779496253.094353,627,14.1463,1779496253.0802066,False,C1_control_only,C1_control_only,off,off,False,False
1779496253.1876755,628,7.0598,1779496253.1806157,False,C1_control_only,C1_control_only,off,off,False,False
1779496253.2937448,629,12.7742,1779496253.2809706,False,C1_control_only,C1_control_only,off,off,False,False
1779496253.3887377,630,7.1127,1779496253.381625,False,C1_control_only,C1_control_only,off,off,False,False
1779496253.5603242,631,77.9247,1779496253.4823995,False,C1_control_only,C1_control_only,off,off,False,False
1779496253.5909803,632,7.9498,1779496253.5830305,False,C1_control_only,C1_control_only,off,off,False,False
1779496253.7018692,633,18.0438,1779496253.6838255,False,C1_control_only,C1_control_only,off,off,False,False
1779496253.7940083,634,9.5718,1779496253.7844365,False,C1_control_only,C1_control_only,off,off,False,False
1779496253.9463494,635,61.6241,1779496253.8847253,False,C1_control_only,C1_control_only,off,off,False,False
1779496254.030955,636,46.0892,1779496253.984866,False,C1_control_only,C1_control_only,off,off,False,False
1779496254.113943,637,28.6109,1779496254.0853322,False,C1_control_only,C1_control_only,off,off,False,False
1779496254.200582,638,14.8118,1779496254.1857703,False,C1_control_only,C1_control_only,off,off,False,False
1779496254.3427486,639,56.6206,1779496254.286128,False,C1_control_only,C1_control_only,off,off,False,False
1779496254.4265256,640,40.1373,1779496254.3863883,False,C1_control_only,C1_control_only,off,off,False,False
1779496254.524377,641,37.6,1779496254.486777,False,C1_control_only,C1_control_only,off,off,False,False
1779496254.6118376,642,24.822,1779496254.5870156,False,C1_control_only,C1_control_only,off,off,False,False
1779496254.6925511,643,5.0182,1779496254.687533,False,C1_control_only,C1_control_only,off,off,False,False
1779496254.7995796,644,11.6684,1779496254.7879112,False,C1_control_only,C1_control_only,off,off,False,False
1779496254.9082088,645,19.9854,1779496254.8882234,False,C1_control_only,C1_control_only,off,off,False,False
1779496254.9991708,646,10.7696,1779496254.9884012,False,C1_control_only,C1_control_only,off,off,False,False
1779496255.1093218,647,20.7412,1779496255.0885806,False,C1_control_only,C1_control_only,off,off,False,False
1779496255.1991117,648,9.8977,1779496255.189214,False,C1_control_only,C1_control_only,off,off,False,False
1779496255.3058453,649,16.4483,1779496255.289397,False,C1_control_only,C1_control_only,off,off,False,False
1779496255.4105842,650,20.3676,1779496255.3902166,False,C1_control_only,C1_control_only,off,off,False,False
1779496255.5050395,651,14.6821,1779496255.4903574,False,C1_control_only,C1_control_only,off,off,False,False
1779496255.5992882,652,8.8181,1779496255.59047,False,C1_control_only,C1_control_only,off,off,False,False
1779496255.7055757,653,14.6146,1779496255.6909611,False,C1_control_only,C1_control_only,off,off,False,False
1779496255.7966237,654,5.2195,1779496255.7914042,False,C1_control_only,C1_control_only,off,off,False,False
1779496255.907633,655,15.5506,1779496255.8920825,False,C1_control_only,C1_control_only,off,off,False,False
1779496255.9981039,656,5.8484,1779496255.9922554,False,C1_control_only,C1_control_only,off,off,False,False
1779496256.107397,657,14.5659,1779496256.0928311,False,C1_control_only,C1_control_only,off,off,False,False
1779496256.2002418,658,6.8133,1779496256.1934285,False,C1_control_only,C1_control_only,off,off,False,False
1779496256.306544,659,12.2499,1779496256.294294,False,C1_control_only,C1_control_only,off,off,False,False
1779496256.4162822,660,21.6434,1779496256.3946388,False,C1_control_only,C1_control_only,off,off,False,False
1779496256.5060964,661,10.5164,1779496256.49558,False,C1_control_only,C1_control_only,off,off,False,False
1779496256.614662,662,18.4741,1779496256.5961878,False,C1_control_only,C1_control_only,off,off,False,False
1779496256.7105246,663,14.1697,1779496256.6963549,False,C1_control_only,C1_control_only,off,off,False,False
1779496256.8386664,664,41.6968,1779496256.7969697,False,C1_control_only,C1_control_only,off,off,False,False
1779496256.922986,665,25.5914,1779496256.8973947,False,C1_control_only,C1_control_only,off,off,False,False
1779496257.0180755,666,20.2119,1779496256.9978635,False,C1_control_only,C1_control_only,off,off,False,False
1779496257.107632,667,9.3617,1779496257.0982702,False,C1_control_only,C1_control_only,off,off,False,False
1779496257.2166333,668,18.2228,1779496257.1984105,False,C1_control_only,C1_control_only,off,off,False,False
1779496257.3484032,669,49.2337,1779496257.2991695,False,C1_control_only,C1_control_only,off,off,False,False
1779496257.433036,670,33.3712,1779496257.3996649,False,C1_control_only,C1_control_only,off,off,False,False
1779496257.5196362,671,19.6328,1779496257.5000033,False,C1_control_only,C1_control_only,off,off,False,False
1779496257.6205254,672,20.0272,1779496257.6004982,False,C1_control_only,C1_control_only,off,off,False,False
1779496257.7118835,673,10.6506,1779496257.701233,False,C1_control_only,C1_control_only,off,off,False,False
1779496257.840323,674,38.9113,1779496257.8014116,False,C1_control_only,C1_control_only,off,off,False,False
1779496257.9189367,675,17.0627,1779496257.901874,False,C1_control_only,C1_control_only,off,off,False,False
1779496258.063347,676,60.8075,1779496258.0025396,False,C1_control_only,C1_control_only,off,off,False,False
1779496258.1488276,677,45.8901,1779496258.1029375,False,C1_control_only,C1_control_only,off,off,False,False
1779496258.2344902,678,31.0872,1779496258.203403,False,C1_control_only,C1_control_only,off,off,False,False
1779496258.3277302,679,23.7429,1779496258.3039873,False,C1_control_only,C1_control_only,off,off,False,False
1779496258.4112911,680,7.163,1779496258.404128,False,C1_control_only,C1_control_only,off,off,False,False
1779496258.5184767,681,14.1089,1779496258.5043678,False,C1_control_only,C1_control_only,off,off,False,False
1779496258.6317255,682,27.2481,1779496258.6044774,False,C1_control_only,C1_control_only,off,off,False,False
1779496258.7238953,683,18.9886,1779496258.7049067,False,C1_control_only,C1_control_only,off,off,False,False
1779496258.8509793,684,45.6221,1779496258.8053572,False,C1_control_only,C1_control_only,off,off,False,False
1779496258.9353518,685,29.475,1779496258.9058769,False,C1_control_only,C1_control_only,off,off,False,False
1779496259.0318065,686,25.104,1779496259.0067024,False,C1_control_only,C1_control_only,off,off,False,False
1779496259.1265888,687,19.4924,1779496259.1070964,False,C1_control_only,C1_control_only,off,off,False,False
1779496259.2183857,688,9.7175,1779496259.2086682,False,C1_control_only,C1_control_only,off,off,False,False
1779496259.3632522,689,54.0543,1779496259.309198,False,C1_control_only,C1_control_only,off,off,False,False
1779496259.4484046,690,38.7423,1779496259.4096622,False,C1_control_only,C1_control_only,off,off,False,False
1779496259.5320091,691,21.5521,1779496259.510457,False,C1_control_only,C1_control_only,off,off,False,False
1779496259.6228535,692,11.9283,1779496259.6109252,False,C1_control_only,C1_control_only,off,off,False,False
1779496259.7306228,693,18.8859,1779496259.711737,False,C1_control_only,C1_control_only,off,off,False,False
1779496259.8624992,694,49.4564,1779496259.8130429,False,C1_control_only,C1_control_only,off,off,False,False
1779496259.9456098,695,31.899,1779496259.9137108,False,C1_control_only,C1_control_only,off,off,False,False
1779496260.029652,696,15.2516,1779496260.0144005,False,C1_control_only,C1_control_only,off,off,False,False
1779496260.1238344,697,9.2525,1779496260.1145818,False,C1_control_only,C1_control_only,off,off,False,False
1779496260.2323277,698,17.1154,1779496260.2152123,False,C1_control_only,C1_control_only,off,off,False,False
1779496260.3765771,699,60.6315,1779496260.3159456,False,C1_control_only,C1_control_only,off,off,False,False
1779496260.4592462,700,42.6683,1779496260.4165778,False,C1_control_only,C1_control_only,off,off,False,False
1779496260.5436022,701,26.433,1779496260.5171692,False,C1_control_only,C1_control_only,off,off,False,False
1779496260.6336331,702,15.8622,1779496260.617771,False,C1_control_only,C1_control_only,off,off,False,False
1779496260.7269714,703,8.7786,1779496260.7181928,False,C1_control_only,C1_control_only,off,off,False,False
1779496260.854191,704,35.8934,1779496260.8182976,False,C1_control_only,C1_control_only,off,off,False,False
1779496260.9305973,705,11.812,1779496260.9187853,False,C1_control_only,C1_control_only,off,off,False,False
1779496261.0332825,706,14.1387,1779496261.0191438,False,C1_control_only,C1_control_only,off,off,False,False
1779496261.1333601,707,13.8242,1779496261.119536,False,C1_control_only,C1_control_only,off,off,False,False
1779496261.2362685,708,16.2656,1779496261.220003,False,C1_control_only,C1_control_only,off,off,False,False
1779496261.337005,709,16.4361,1779496261.3205688,False,C1_control_only,C1_control_only,off,off,False,False
1779496261.4381173,710,16.9208,1779496261.4211965,False,C1_control_only,C1_control_only,off,off,False,False
1779496261.5465217,711,24.8489,1779496261.5216727,False,C1_control_only,C1_control_only,off,off,False,False
1779496261.637395,712,15.0864,1779496261.6223085,False,C1_control_only,C1_control_only,off,off,False,False
1779496261.7409,713,18.259,1779496261.722641,False,C1_control_only,C1_control_only,off,off,False,False
1779496261.843858,714,20.7274,1779496261.8231306,False,C1_control_only,C1_control_only,off,off,False,False
1779496261.933926,715,10.2832,1779496261.9236429,False,C1_control_only,C1_control_only,off,off,False,False
1779496262.0417886,716,17.3347,1779496262.0244539,False,C1_control_only,C1_control_only,off,off,False,False
1779496262.1335592,717,8.4243,1779496262.125135,False,C1_control_only,C1_control_only,off,off,False,False
1779496262.241876,718,16.6383,1779496262.2252376,False,C1_control_only,C1_control_only,off,off,False,False
1779496262.3346252,719,9.2177,1779496262.3254075,False,C1_control_only,C1_control_only,off,off,False,False
1779496262.4449537,720,19.2177,1779496262.425736,False,C1_control_only,C1_control_only,off,off,False,False
1779496262.5365841,721,10.5448,1779496262.5260394,False,C1_control_only,C1_control_only,off,off,False,False
1779496262.645725,722,19.1641,1779496262.626561,False,C1_control_only,C1_control_only,off,off,False,False
1779496262.7502031,723,23.1545,1779496262.7270486,False,C1_control_only,C1_control_only,off,off,False,False
1779496263.0802264,724,252.9306,1779496262.8272958,False,C1_control_only,C1_control_only,off,off,False,False
1779496263.0812657,725,153.5337,1779496262.927732,False,C1_control_only,C1_control_only,off,off,False,False
1779496263.0838122,726,55.9323,1779496263.02788,False,C1_control_only,C1_control_only,off,off,False,False
1779496263.275859,727,147.2151,1779496263.128644,False,C1_control_only,C1_control_only,off,off,False,False
1779496263.2792277,728,50.4622,1779496263.2287655,False,C1_control_only,C1_control_only,off,off,False,False
1779496263.3648424,729,35.1381,1779496263.3297043,False,C1_control_only,C1_control_only,off,off,False,False
1779496263.573655,730,143.3747,1779496263.4302802,False,C1_control_only,C1_control_only,off,off,False,False
1779496263.5961232,731,64.9617,1779496263.5311615,False,C1_control_only,C1_control_only,off,off,False,False
1779496263.681429,732,49.9077,1779496263.6315212,False,C1_control_only,C1_control_only,off,off,False,False
1779496263.770604,733,38.9261,1779496263.7316778,False,C1_control_only,C1_control_only,off,off,False,False
1779496264.108007,734,275.2817,1779496263.8327253,False,C1_control_only,C1_control_only,off,off,False,False
1779496264.108007,735,174.7725,1779496263.9332345,False,C1_control_only,C1_control_only,off,off,False,False
1779496264.1100092,736,76.5531,1779496264.033456,False,C1_control_only,C1_control_only,off,off,False,False
1779496264.2590172,737,125.0262,1779496264.133991,False,C1_control_only,C1_control_only,off,off,False,False
1779496264.283498,738,49.0675,1779496264.2344306,False,C1_control_only,C1_control_only,off,off,False,False
1779496264.3690383,739,33.818,1779496264.3352203,False,C1_control_only,C1_control_only,off,off,False,False
1779496264.54526,740,109.5142,1779496264.4357457,False,C1_control_only,C1_control_only,off,off,False,False
1779496264.5477319,741,11.4708,1779496264.536261,False,C1_control_only,C1_control_only,off,off,False,False
1779496264.720682,742,83.8578,1779496264.6368241,False,C1_control_only,C1_control_only,off,off,False,False
1779496264.805486,743,67.7843,1779496264.7377017,False,C1_control_only,C1_control_only,off,off,False,False
1779496264.9094763,744,71.3532,1779496264.838123,False,C1_control_only,C1_control_only,off,off,False,False
1779496264.995249,745,56.6564,1779496264.9385927,False,C1_control_only,C1_control_only,off,off,False,False
1779496265.1641698,746,125.1988,1779496265.038971,False,C1_control_only,C1_control_only,off,off,False,False
1779496265.1641698,747,24.7819,1779496265.1393878,False,C1_control_only,C1_control_only,off,off,False,False
1779496265.344099,748,103.9636,1779496265.2401354,False,C1_control_only,C1_control_only,off,off,False,False
1779496265.359526,749,18.9745,1779496265.3405514,False,C1_control_only,C1_control_only,off,off,False,False
1779496265.7447824,750,303.5662,1779496265.4412162,False,C1_control_only,C1_control_only,off,off,False,False
1779496265.7447824,751,202.7822,1779496265.5420003,False,C1_control_only,C1_control_only,off,off,False,False
1779496265.7484922,752,105.5133,1779496265.642979,False,C1_control_only,C1_control_only,off,off,False,False
1779496265.752369,753,8.7314,1779496265.7436376,False,C1_control_only,C1_control_only,off,off,False,False
1779496265.9290717,754,85.0043,1779496265.8440673,False,C1_control_only,C1_control_only,off,off,False,False
1779496266.0118866,755,67.4915,1779496265.944395,False,C1_control_only,C1_control_only,off,off,False,False
1779496266.099349,756,54.3919,1779496266.0449572,False,C1_control_only,C1_control_only,off,off,False,False
1779496266.182884,757,37.5781,1779496266.1453059,False,C1_control_only,C1_control_only,off,off,False,False
1779496266.2563233,758,10.5569,1779496266.2457664,False,C1_control_only,C1_control_only,off,off,False,False
1779496266.3650227,759,18.7995,1779496266.346223,False,C1_control_only,C1_control_only,off,off,False,False
1779496266.4633012,760,16.6008,1779496266.4467003,False,C1_control_only,C1_control_only,off,off,False,False
1779496266.5671153,761,20.0438,1779496266.5470715,False,C1_control_only,C1_control_only,off,off,False,False
1779496266.663666,762,16.0367,1779496266.6476293,False,C1_control_only,C1_control_only,off,off,False,False
1779496266.7534802,763,5.5017,1779496266.7479784,False,C1_control_only,C1_control_only,off,off,False,False
1779496266.8639863,764,15.4488,1779496266.8485374,False,C1_control_only,C1_control_only,off,off,False,False
1779496266.95575,765,6.5799,1779496266.94917,False,C1_control_only,C1_control_only,off,off,False,False
1779496267.0739422,766,24.4648,1779496267.0494773,False,C1_control_only,C1_control_only,off,off,False,False
1779496267.176098,767,26.1457,1779496267.1499524,False,C1_control_only,C1_control_only,off,off,False,False
1779496267.2622702,768,11.4019,1779496267.2508683,False,C1_control_only,C1_control_only,off,off,False,False
1779496267.3773768,769,26.3343,1779496267.3510425,False,C1_control_only,C1_control_only,off,off,False,False
1779496267.464289,770,12.6283,1779496267.4516606,False,C1_control_only,C1_control_only,off,off,False,False
1779496267.5691874,771,17.2899,1779496267.5518975,False,C1_control_only,C1_control_only,off,off,False,False
1779496267.6673257,772,14.7777,1779496267.652548,False,C1_control_only,C1_control_only,off,off,False,False
1779496267.7678452,773,14.689,1779496267.7531562,False,C1_control_only,C1_control_only,off,off,False,False
1779496267.859858,774,6.531,1779496267.853327,False,C1_control_only,C1_control_only,off,off,False,False
1779496267.9690003,775,14.9617,1779496267.9540386,False,C1_control_only,C1_control_only,off,off,False,False
1779496268.073189,776,18.8057,1779496268.0543833,False,C1_control_only,C1_control_only,off,off,False,False
1779496268.1653147,777,10.6308,1779496268.1546838,False,C1_control_only,C1_control_only,off,off,False,False
1779496268.2742565,778,19.2006,1779496268.255056,False,C1_control_only,C1_control_only,off,off,False,False
1779496268.368515,779,12.97,1779496268.355545,False,C1_control_only,C1_control_only,off,off,False,False
1779496268.4768035,780,21.0724,1779496268.4557312,False,C1_control_only,C1_control_only,off,off,False,False
1779496268.581309,781,25.0251,1779496268.556284,False,C1_control_only,C1_control_only,off,off,False,False
1779496268.6780107,782,21.5168,1779496268.656494,False,C1_control_only,C1_control_only,off,off,False,False
1779496268.780651,783,23.8528,1779496268.7567983,False,C1_control_only,C1_control_only,off,off,False,False
1779496268.874528,784,17.6668,1779496268.856861,False,C1_control_only,C1_control_only,off,off,False,False
1779496268.966028,785,8.1766,1779496268.9578514,False,C1_control_only,C1_control_only,off,off,False,False
1779496269.0854778,786,27.0839,1779496269.058394,False,C1_control_only,C1_control_only,off,off,False,False
1779496269.167366,787,7.8993,1779496269.1594667,False,C1_control_only,C1_control_only,off,off,False,False
1779496269.2814713,788,21.4796,1779496269.2599916,False,C1_control_only,C1_control_only,off,off,False,False
1779496269.3751497,789,14.4303,1779496269.3607194,False,C1_control_only,C1_control_only,off,off,False,False
1779496269.4668126,790,5.6186,1779496269.461194,False,C1_control_only,C1_control_only,off,off,False,False
1779496269.6170802,791,55.4354,1779496269.5616448,False,C1_control_only,C1_control_only,off,off,False,False
1779496269.701489,792,39.2423,1779496269.6622467,False,C1_control_only,C1_control_only,off,off,False,False
1779496269.7870705,793,24.2615,1779496269.762809,False,C1_control_only,C1_control_only,off,off,False,False
1779496269.8744571,794,11.2619,1779496269.8631952,False,C1_control_only,C1_control_only,off,off,False,False
1779496270.0250978,795,61.3971,1779496269.9637008,False,C1_control_only,C1_control_only,off,off,False,False
1779496270.1129081,796,48.9895,1779496270.0639186,False,C1_control_only,C1_control_only,off,off,False,False
1779496270.196712,797,32.6328,1779496270.1640792,False,C1_control_only,C1_control_only,off,off,False,False
1779496270.279924,798,15.4252,1779496270.2644987,False,C1_control_only,C1_control_only,off,off,False,False
1779496270.3716302,799,6.2742,1779496270.365356,False,C1_control_only,C1_control_only,off,off,False,False
1779496270.4790487,800,13.3822,1779496270.4656665,False,C1_control_only,C1_control_only,off,off,False,False
1779496270.5883524,801,21.7988,1779496270.5665536,False,C1_control_only,C1_control_only,off,off,False,False
1779496270.67799,802,10.7293,1779496270.6672606,False,C1_control_only,C1_control_only,off,off,False,False
1779496270.785413,803,17.6089,1779496270.7678041,False,C1_control_only,C1_control_only,off,off,False,False
1779496270.8791082,804,10.8156,1779496270.8682926,False,C1_control_only,C1_control_only,off,off,False,False
1779496270.9731836,805,4.4823,1779496270.9687014,False,C1_control_only,C1_control_only,off,off,False,False
1779496271.0821726,806,13.3288,1779496271.0688438,False,C1_control_only,C1_control_only,off,off,False,False
1779496271.1738193,807,4.5142,1779496271.169305,False,C1_control_only,C1_control_only,off,off,False,False
1779496271.2812517,808,11.6205,1779496271.2696311,False,C1_control_only,C1_control_only,off,off,False,False
1779496271.3893576,809,19.4266,1779496271.369931,False,C1_control_only,C1_control_only,off,off,False,False
1779496271.4811552,810,10.654,1779496271.4705012,False,C1_control_only,C1_control_only,off,off,False,False
1779496271.587544,811,16.8071,1779496271.570737,False,C1_control_only,C1_control_only,off,off,False,False
1779496271.6798825,812,8.7955,1779496271.671087,False,C1_control_only,C1_control_only,off,off,False,False
1779496271.7889838,813,17.8139,1779496271.77117,False,C1_control_only,C1_control_only,off,off,False,False
1779496271.880382,814,8.7051,1779496271.871677,False,C1_control_only,C1_control_only,off,off,False,False
1779496272.022347,815,50.3457,1779496271.9720013,False,C1_control_only,C1_control_only,off,off,False,False
1779496272.0923402,816,19.9847,1779496272.0723555,False,C1_control_only,C1_control_only,off,off,False,False
1779496272.187966,817,15.1546,1779496272.1728115,False,C1_control_only,C1_control_only,off,off,False,False
1779496272.2803006,818,6.8526,1779496272.273448,False,C1_control_only,C1_control_only,off,off,False,False
1779496272.394468,819,20.5014,1779496272.3739667,False,C1_control_only,C1_control_only,off,off,False,False
1779496272.4834127,820,9.0399,1779496272.4743729,False,C1_control_only,C1_control_only,off,off,False,False
1779496272.5918663,821,16.8412,1779496272.575025,False,C1_control_only,C1_control_only,off,off,False,False
1779496272.6855278,822,9.5999,1779496272.6759279,False,C1_control_only,C1_control_only,off,off,False,False
1779496272.7966557,823,20.3462,1779496272.7763095,False,C1_control_only,C1_control_only,off,off,False,False
1779496272.8909853,824,13.896,1779496272.8770893,False,C1_control_only,C1_control_only,off,off,False,False
1779496273.013971,825,36.4716,1779496272.9774995,False,C1_control_only,C1_control_only,off,off,False,False
1779496273.1044118,826,26.5696,1779496273.0778422,False,C1_control_only,C1_control_only,off,off,False,False
1779496273.1866364,827,8.4789,1779496273.1781576,False,C1_control_only,C1_control_only,off,off,False,False
1779496273.2921703,828,13.4213,1779496273.278749,False,C1_control_only,C1_control_only,off,off,False,False
1779496273.3872032,829,8.137,1779496273.3790662,False,C1_control_only,C1_control_only,off,off,False,False
1779496273.496291,830,16.4621,1779496273.4798288,False,C1_control_only,C1_control_only,off,off,False,False
1779496273.587252,831,6.4561,1779496273.5807958,False,C1_control_only,C1_control_only,off,off,False,False
1779496273.6990411,832,17.9851,1779496273.681056,False,C1_control_only,C1_control_only,off,off,False,False
1779496273.7937326,833,12.2926,1779496273.78144,False,C1_control_only,C1_control_only,off,off,False,False
1779496273.8996613,834,17.657,1779496273.8820043,False,C1_control_only,C1_control_only,off,off,False,False
1779496273.9950078,835,12.2619,1779496273.982746,False,C1_control_only,C1_control_only,off,off,False,False
1779496274.101353,836,17.8571,1779496274.0834959,False,C1_control_only,C1_control_only,off,off,False,False
1779496274.1945603,837,10.4375,1779496274.1841228,False,C1_control_only,C1_control_only,off,off,False,False
1779496274.3056755,838,20.9255,1779496274.28475,False,C1_control_only,C1_control_only,off,off,False,False
1779496274.396466,839,11.5809,1779496274.384885,False,C1_control_only,C1_control_only,off,off,False,False
1779496274.5096235,840,24.0302,1779496274.4855933,False,C1_control_only,C1_control_only,off,off,False,False
1779496274.6003356,841,14.4732,1779496274.5858624,False,C1_control_only,C1_control_only,off,off,False,False
1779496274.6962018,842,9.8996,1779496274.6863022,False,C1_control_only,C1_control_only,off,off,False,False
1779496274.7996147,843,13.0448,1779496274.7865698,False,C1_control_only,C1_control_only,off,off,False,False
1779496274.903333,844,16.3598,1779496274.8869731,False,C1_control_only,C1_control_only,off,off,False,False
1779496275.000406,845,12.8369,1779496274.987569,False,C1_control_only,C1_control_only,off,off,False,False
1779496275.1068943,846,19.1674,1779496275.0877268,False,C1_control_only,C1_control_only,off,off,False,False
1779496275.2350545,847,47.0121,1779496275.1880424,False,C1_control_only,C1_control_only,off,off,False,False
1779496275.3474984,848,58.9004,1779496275.288598,False,C1_control_only,C1_control_only,off,off,False,False
1779496275.4316306,849,42.5997,1779496275.389031,False,C1_control_only,C1_control_only,off,off,False,False
1779496275.5169718,850,27.1776,1779496275.4897943,False,C1_control_only,C1_control_only,off,off,False,False
1779496275.608145,851,17.6165,1779496275.5905285,False,C1_control_only,C1_control_only,off,off,False,False
1779496275.7021394,852,11.2841,1779496275.6908553,False,C1_control_only,C1_control_only,off,off,False,False
1779496275.810164,853,18.7731,1779496275.791391,False,C1_control_only,C1_control_only,off,off,False,False
1779496275.9025776,854,10.6082,1779496275.8919694,False,C1_control_only,C1_control_only,off,off,False,False
1779496276.012636,855,20.0522,1779496275.9925838,False,C1_control_only,C1_control_only,off,off,False,False
1779496276.1037145,856,10.7143,1779496276.0930002,False,C1_control_only,C1_control_only,off,off,False,False
1779496276.1987782,857,5.3782,1779496276.1934,False,C1_control_only,C1_control_only,off,off,False,False
1779496276.319595,858,25.9926,1779496276.2936025,False,C1_control_only,C1_control_only,off,off,False,False
1779496276.4159834,859,22.2712,1779496276.3937123,False,C1_control_only,C1_control_only,off,off,False,False
1779496276.5156841,860,21.6873,1779496276.4939969,False,C1_control_only,C1_control_only,off,off,False,False
1779496276.6783075,861,83.92,1779496276.5943875,False,C1_control_only,C1_control_only,off,off,False,False
1779496276.7113974,862,16.6428,1779496276.6947546,False,C1_control_only,C1_control_only,off,off,False,False
1779496276.8166258,863,21.0214,1779496276.7956045,False,C1_control_only,C1_control_only,off,off,False,False
1779496276.911055,864,15.0356,1779496276.8960195,False,C1_control_only,C1_control_only,off,off,False,False
1779496277.002554,865,6.1374,1779496276.9964166,False,C1_control_only,C1_control_only,off,off,False,False
1779496277.1145759,866,17.9307,1779496277.096645,False,C1_control_only,C1_control_only,off,off,False,False
1779496277.2081635,867,10.8624,1779496277.1973011,False,C1_control_only,C1_control_only,off,off,False,False
1779496277.318476,868,20.3547,1779496277.2981212,False,C1_control_only,C1_control_only,off,off,False,False
1779496277.411117,869,12.6131,1779496277.398504,False,C1_control_only,C1_control_only,off,off,False,False
1779496277.50263,870,3.4435,1779496277.4991865,False,C1_control_only,C1_control_only,off,off,False,False
1779496277.6129704,871,12.8295,1779496277.6001408,False,C1_control_only,C1_control_only,off,off,False,False
1779496277.707121,872,6.5858,1779496277.700535,False,C1_control_only,C1_control_only,off,off,False,False
1779496277.8140721,873,13.1114,1779496277.8009608,False,C1_control_only,C1_control_only,off,off,False,False
1779496277.9100263,874,8.8468,1779496277.9011796,False,C1_control_only,C1_control_only,off,off,False,False
1779496278.03379,875,31.924,1779496278.001866,False,C1_control_only,C1_control_only,off,off,False,False
1779496278.1248143,876,22.6412,1779496278.102173,False,C1_control_only,C1_control_only,off,off,False,False
1779496278.217272,877,14.6177,1779496278.2026544,False,C1_control_only,C1_control_only,off,off,False,False
1779496278.3214223,878,17.6799,1779496278.3037424,False,C1_control_only,C1_control_only,off,off,False,False
1779496278.4155898,879,10.9806,1779496278.4046092,False,C1_control_only,C1_control_only,off,off,False,False
1779496278.523416,880,18.0054,1779496278.5054107,False,C1_control_only,C1_control_only,off,off,False,False
1779496278.6175435,881,11.615,1779496278.6059284,False,C1_control_only,C1_control_only,off,off,False,False
1779496278.723491,882,16.6869,1779496278.706804,False,C1_control_only,C1_control_only,off,off,False,False
1779496278.8348956,883,27.3163,1779496278.8075793,False,C1_control_only,C1_control_only,off,off,False,False
1779496278.9274507,884,19.465,1779496278.9079857,False,C1_control_only,C1_control_only,off,off,False,False
1779496279.0214312,885,13.0017,1779496279.0084295,False,C1_control_only,C1_control_only,off,off,False,False
1779496279.1278934,886,19.2804,1779496279.108613,False,C1_control_only,C1_control_only,off,off,False,False
1779496279.224419,887,15.156,1779496279.209263,False,C1_control_only,C1_control_only,off,off,False,False
1779496279.3166413,888,6.427,1779496279.3102143,False,C1_control_only,C1_control_only,off,off,False,False
1779496279.4276035,889,16.9632,1779496279.4106402,False,C1_control_only,C1_control_only,off,off,False,False
1779496279.5207186,890,9.7072,1779496279.5110114,False,C1_control_only,C1_control_only,off,off,False,False
1779496279.629133,891,17.4587,1779496279.6116743,False,C1_control_only,C1_control_only,off,off,False,False
1779496279.7214653,892,8.9865,1779496279.7124789,False,C1_control_only,C1_control_only,off,off,False,False
1779496279.8317747,893,18.7993,1779496279.8129754,False,C1_control_only,C1_control_only,off,off,False,False
1779496279.9249249,894,11.7354,1779496279.9131894,False,C1_control_only,C1_control_only,off,off,False,False
1779496280.021888,895,8.0597,1779496280.0138283,False,C1_control_only,C1_control_only,off,off,False,False
1779496280.166805,896,52.7389,1779496280.1140661,False,C1_control_only,C1_control_only,off,off,False,False
1779496280.256695,897,42.33,1779496280.214365,False,C1_control_only,C1_control_only,off,off,False,False
1779496280.3534386,898,38.6958,1779496280.3147428,False,C1_control_only,C1_control_only,off,off,False,False
1779496280.4393032,899,24.3812,1779496280.414922,False,C1_control_only,C1_control_only,off,off,False,False
1779496280.5344722,900,19.094,1779496280.5153782,False,C1_control_only,C1_control_only,off,off,False,False
1779496280.626812,901,10.8542,1779496280.6159577,False,C1_control_only,C1_control_only,off,off,False,False
1779496280.7795515,902,63.4112,1779496280.7161403,False,C1_control_only,C1_control_only,off,off,False,False
1779496280.8648322,903,47.9989,1779496280.8168333,False,C1_control_only,C1_control_only,off,off,False,False
1779496280.9539847,904,36.0765,1779496280.9179082,False,C1_control_only,C1_control_only,off,off,False,False
1779496281.0405986,905,22.4242,1779496281.0181744,False,C1_control_only,C1_control_only,off,off,False,False
1779496281.1367207,906,18.2037,1779496281.118517,False,C1_control_only,C1_control_only,off,off,False,False
1779496281.2331731,907,14.0233,1779496281.2191498,False,C1_control_only,C1_control_only,off,off,False,False
1779496281.3731842,908,53.8797,1779496281.3193045,False,C1_control_only,C1_control_only,off,off,False,False
1779496281.4702654,909,50.8296,1779496281.4194357,False,C1_control_only,C1_control_only,off,off,False,False
1779496281.5575542,910,37.4978,1779496281.5200565,False,C1_control_only,C1_control_only,off,off,False,False
1779496281.6417372,911,21.3552,1779496281.620382,False,C1_control_only,C1_control_only,off,off,False,False
1779496281.7376418,912,16.8188,1779496281.720823,False,C1_control_only,C1_control_only,off,off,False,False
1779496281.8711596,913,49.8874,1779496281.8212721,False,C1_control_only,C1_control_only,off,off,False,False
1779496281.956209,914,34.5569,1779496281.921652,False,C1_control_only,C1_control_only,off,off,False,False
1779496282.034602,915,12.1396,1779496282.0224624,False,C1_control_only,C1_control_only,off,off,False,False
1779496282.142249,916,19.5324,1779496282.1227167,False,C1_control_only,C1_control_only,off,off,False,False
1779496282.2363038,917,13.2697,1779496282.2230341,False,C1_control_only,C1_control_only,off,off,False,False
1779496282.3663697,918,43.0837,1779496282.323286,False,C1_control_only,C1_control_only,off,off,False,False
1779496282.4598086,919,36.1896,1779496282.423619,False,C1_control_only,C1_control_only,off,off,False,False
1779496282.5446827,920,20.504,1779496282.5241787,False,C1_control_only,C1_control_only,off,off,False,False
1779496282.6446028,921,20.1397,1779496282.624463,False,C1_control_only,C1_control_only,off,off,False,False
1779496282.734263,922,8.6977,1779496282.7255652,False,C1_control_only,C1_control_only,off,off,False,False
1779496282.875368,923,49.2914,1779496282.8260767,False,C1_control_only,C1_control_only,off,off,False,False
1779496282.9614675,924,34.8327,1779496282.9266348,False,C1_control_only,C1_control_only,off,off,False,False
1779496283.0477557,925,20.9067,1779496283.026849,False,C1_control_only,C1_control_only,off,off,False,False
1779496283.1364844,926,9.1074,1779496283.127377,False,C1_control_only,C1_control_only,off,off,False,False
1779496283.2452314,927,17.0562,1779496283.2281752,False,C1_control_only,C1_control_only,off,off,False,False
1779496283.357763,928,29.4406,1779496283.3283224,False,C1_control_only,C1_control_only,off,off,False,False
1779496283.447182,929,18.3709,1779496283.428811,False,C1_control_only,C1_control_only,off,off,False,False
1779496283.5390418,930,10.061,1779496283.5289807,False,C1_control_only,C1_control_only,off,off,False,False
1779496283.646606,931,17.3335,1779496283.6292725,False,C1_control_only,C1_control_only,off,off,False,False
1779496283.743662,932,13.9501,1779496283.729712,False,C1_control_only,C1_control_only,off,off,False,False
1779496283.871222,933,41.2328,1779496283.8299892,False,C1_control_only,C1_control_only,off,off,False,False
1779496283.9565592,934,26.1686,1779496283.9303906,False,C1_control_only,C1_control_only,off,off,False,False
1779496284.0488033,935,17.8955,1779496284.0309079,False,C1_control_only,C1_control_only,off,off,False,False
1779496284.1488988,936,17.2613,1779496284.1316376,False,C1_control_only,C1_control_only,off,off,False,False
1779496284.2405841,937,8.4252,1779496284.232159,False,C1_control_only,C1_control_only,off,off,False,False
1779496284.3477278,938,15.1839,1779496284.3325438,False,C1_control_only,C1_control_only,off,off,False,False
1779496284.4433372,939,10.1495,1779496284.4331877,False,C1_control_only,C1_control_only,off,off,False,False
1779496284.5522926,940,18.4588,1779496284.5338337,False,C1_control_only,C1_control_only,off,off,False,False
1779496284.6421435,941,7.2258,1779496284.6349177,False,C1_control_only,C1_control_only,off,off,False,False
1779496284.753183,942,17.5271,1779496284.7356558,False,C1_control_only,C1_control_only,off,off,False,False
1779496284.846345,943,10.4487,1779496284.8358963,False,C1_control_only,C1_control_only,off,off,False,False
1779496284.9549608,944,18.4753,1779496284.9364855,False,C1_control_only,C1_control_only,off,off,False,False
1779496285.050514,945,13.4146,1779496285.0370994,False,C1_control_only,C1_control_only,off,off,False,False
1779496285.1556227,946,18.2061,1779496285.1374166,False,C1_control_only,C1_control_only,off,off,False,False
1779496285.249711,947,11.7557,1779496285.2379553,False,C1_control_only,C1_control_only,off,off,False,False
1779496285.3803344,948,41.7793,1779496285.338555,False,C1_control_only,C1_control_only,off,off,False,False
1779496285.4657366,949,26.9258,1779496285.4388108,False,C1_control_only,C1_control_only,off,off,False,False
1779496285.5545027,950,15.1968,1779496285.539306,False,C1_control_only,C1_control_only,off,off,False,False
1779496285.6540935,951,14.5674,1779496285.6395261,False,C1_control_only,C1_control_only,off,off,False,False
1779496285.7462974,952,6.3899,1779496285.7399075,False,C1_control_only,C1_control_only,off,off,False,False
1779496285.874102,953,33.0274,1779496285.8410747,False,C1_control_only,C1_control_only,off,off,False,False
1779496285.9630892,954,21.1949,1779496285.9418943,False,C1_control_only,C1_control_only,off,off,False,False
1779496286.0556736,955,12.8949,1779496286.0427787,False,C1_control_only,C1_control_only,off,off,False,False
1779496286.207236,956,63.679,1779496286.143557,False,C1_control_only,C1_control_only,off,off,False,False
1779496286.2915432,957,47.3402,1779496286.244203,False,C1_control_only,C1_control_only,off,off,False,False
1779496286.37557,958,31.2066,1779496286.3443635,False,C1_control_only,C1_control_only,off,off,False,False
1779496286.4592826,959,14.3387,1779496286.444944,False,C1_control_only,C1_control_only,off,off,False,False
1779496286.5529122,960,7.6845,1779496286.5452278,False,C1_control_only,C1_control_only,off,off,False,False
1779496286.6617398,961,15.801,1779496286.6459389,False,C1_control_only,C1_control_only,off,off,False,False
1779496286.817454,962,71.2457,1779496286.7462084,False,C1_control_only,C1_control_only,off,off,False,False
1779496286.9020703,963,55.301,1779496286.8467693,False,C1_control_only,C1_control_only,off,off,False,False
1779496286.985686,964,38.2195,1779496286.9474666,False,C1_control_only,C1_control_only,off,off,False,False
1779496287.073768,965,25.9109,1779496287.047857,False,C1_control_only,C1_control_only,off,off,False,False
1779496287.159478,966,10.9324,1779496287.1485455,False,C1_control_only,C1_control_only,off,off,False,False
1779496287.2656996,967,15.9881,1779496287.2497115,False,C1_control_only,C1_control_only,off,off,False,False
1779496287.3607342,968,10.323,1779496287.3504112,False,C1_control_only,C1_control_only,off,off,False,False
1779496287.47946,969,28.3089,1779496287.4511511,False,C1_control_only,C1_control_only,off,off,False,False
1779496287.5664592,970,14.8313,1779496287.5516279,False,C1_control_only,C1_control_only,off,off,False,False
1779496287.6730971,971,20.9203,1779496287.6521769,False,C1_control_only,C1_control_only,off,off,False,False
1779496287.7668557,972,14.0064,1779496287.7528493,False,C1_control_only,C1_control_only,off,off,False,False
1779496287.8738112,973,20.7872,1779496287.853024,False,C1_control_only,C1_control_only,off,off,False,False
1779496288.0196307,974,65.841,1779496287.9537897,False,C1_control_only,C1_control_only,off,off,False,False
1779496288.106168,975,51.8124,1779496288.0543556,False,C1_control_only,C1_control_only,off,off,False,False
1779496288.1706214,976,15.5418,1779496288.1550796,False,C1_control_only,C1_control_only,off,off,False,False
1779496288.2625937,977,6.85,1779496288.2557437,False,C1_control_only,C1_control_only,off,off,False,False
1779496288.3902464,978,33.5767,1779496288.3566697,False,C1_control_only,C1_control_only,off,off,False,False
1779496288.4773362,979,20.4797,1779496288.4568565,False,C1_control_only,C1_control_only,off,off,False,False
1779496288.5799031,980,22.2123,1779496288.5576909,False,C1_control_only,C1_control_only,off,off,False,False
1779496288.6655414,981,7.3125,1779496288.6582289,False,C1_control_only,C1_control_only,off,off,False,False
1779496288.7743871,982,15.4161,1779496288.758971,False,C1_control_only,C1_control_only,off,off,False,False
1779496288.8655324,983,6.2346,1779496288.8592978,False,C1_control_only,C1_control_only,off,off,False,False
1779496288.9731483,984,13.1567,1779496288.9599917,False,C1_control_only,C1_control_only,off,off,False,False
1779496289.0673022,985,6.5155,1779496289.0607867,False,C1_control_only,C1_control_only,off,off,False,False
1779496289.1764514,986,15.1689,1779496289.1612825,False,C1_control_only,C1_control_only,off,off,False,False
1779496289.2698934,987,8.1828,1779496289.2617106,False,C1_control_only,C1_control_only,off,off,False,False
1779496289.3774936,988,15.6009,1779496289.3618927,False,C1_control_only,C1_control_only,off,off,False,False
1779496289.470089,989,7.9374,1779496289.4621515,False,C1_control_only,C1_control_only,off,off,False,False
1779496289.577457,990,14.8206,1779496289.5626364,False,C1_control_only,C1_control_only,off,off,False,False
1779496289.6837285,991,20.4351,1779496289.6632934,False,C1_control_only,C1_control_only,off,off,False,False
1779496289.777206,992,13.1979,1779496289.764008,False,C1_control_only,C1_control_only,off,off,False,False
1779496289.8862576,993,21.4503,1779496289.8648074,False,C1_control_only,C1_control_only,off,off,False,False
1779496289.9780416,994,12.3377,1779496289.965704,False,C1_control_only,C1_control_only,off,off,False,False
1779496290.085919,995,19.9976,1779496290.0659213,False,C1_control_only,C1_control_only,off,off,False,False
1779496290.1810029,996,14.4315,1779496290.1665714,False,C1_control_only,C1_control_only,off,off,False,False
1779496290.2771392,997,10.344,1779496290.2667952,False,C1_control_only,C1_control_only,off,off,False,False
1779496290.3836708,998,16.0134,1779496290.3676574,False,C1_control_only,C1_control_only,off,off,False,False
1779496290.4813824,999,12.718,1779496290.4686644,False,C1_control_only,C1_control_only,off,off,False,False
1779496290.585092,1000,15.7099,1779496290.5693822,False,C1_control_only,C1_control_only,off,off,False,False
1779496290.6791463,1001,8.9624,1779496290.670184,False,C1_control_only,C1_control_only,off,off,False,False
1779496290.7789102,1002,8.568,1779496290.770342,False,C1_control_only,C1_control_only,off,off,False,False
1779496290.8797069,1003,8.2529,1779496290.871454,False,C1_control_only,C1_control_only,off,off,False,False
1779496290.9885392,1004,16.5167,1779496290.9720225,False,C1_control_only,C1_control_only,off,off,False,False
1779496291.0807493,1005,8.3556,1779496291.0723937,False,C1_control_only,C1_control_only,off,off,False,False
1779496291.1927564,1006,20.273,1779496291.1724834,False,C1_control_only,C1_control_only,off,off,False,False
1779496291.2785997,1007,6.0005,1779496291.2725992,False,C1_control_only,C1_control_only,off,off,False,False
1779496291.447419,1008,74.4104,1779496291.3730085,False,C1_control_only,C1_control_only,off,off,False,False
1779496291.5493438,1009,75.8641,1779496291.4734797,False,C1_control_only,C1_control_only,off,off,False,False
1779496291.6537595,1010,80.0307,1779496291.5737288,False,C1_control_only,C1_control_only,off,off,False,False
1779496291.6857107,1011,11.2455,1779496291.6744652,False,C1_control_only,C1_control_only,off,off,False,False
1779496291.7945232,1012,19.3617,1779496291.7751615,False,C1_control_only,C1_control_only,off,off,False,False
1779496291.8879273,1013,11.9157,1779496291.8760116,False,C1_control_only,C1_control_only,off,off,False,False
1779496291.9995017,1014,23.3033,1779496291.9761984,False,C1_control_only,C1_control_only,off,off,False,False
1779496292.0897343,1015,12.398,1779496292.0773363,False,C1_control_only,C1_control_only,off,off,False,False
1779496292.1857026,1016,7.4825,1779496292.17822,False,C1_control_only,C1_control_only,off,off,False,False
1779496292.294017,1017,15.2824,1779496292.2787347,False,C1_control_only,C1_control_only,off,off,False,False
1779496292.3894472,1018,10.2737,1779496292.3791735,False,C1_control_only,C1_control_only,off,off,False,False
1779496292.4975197,1019,17.6318,1779496292.479888,False,C1_control_only,C1_control_only,off,off,False,False
1779496292.5939364,1020,13.7498,1779496292.5801866,False,C1_control_only,C1_control_only,off,off,False,False
1779496292.7011845,1021,20.5016,1779496292.680683,False,C1_control_only,C1_control_only,off,off,False,False
1779496292.790213,1022,9.057,1779496292.781156,False,C1_control_only,C1_control_only,off,off,False,False
1779496292.8997052,1023,18.0802,1779496292.881625,False,C1_control_only,C1_control_only,off,off,False,False
1779496292.9908788,1024,8.9991,1779496292.9818797,False,C1_control_only,C1_control_only,off,off,False,False
1779496293.1000273,1025,17.863,1779496293.0821643,False,C1_control_only,C1_control_only,off,off,False,False
1779496293.1925747,1026,9.5701,1779496293.1830046,False,C1_control_only,C1_control_only,off,off,False,False
1779496293.3005261,1027,16.82,1779496293.2837062,False,C1_control_only,C1_control_only,off,off,False,False
1779496293.3927748,1028,8.4674,1779496293.3843074,False,C1_control_only,C1_control_only,off,off,False,False
1779496293.4998438,1029,14.957,1779496293.484887,False,C1_control_only,C1_control_only,off,off,False,False
1779496293.595091,1030,9.8031,1779496293.585288,False,C1_control_only,C1_control_only,off,off,False,False
1779496293.7018075,1031,15.5463,1779496293.6862612,False,C1_control_only,C1_control_only,off,off,False,False
1779496293.7918854,1032,5.497,1779496293.7863884,False,C1_control_only,C1_control_only,off,off,False,False
1779496293.9111948,1033,24.1578,1779496293.887037,False,C1_control_only,C1_control_only,off,off,False,False
1779496293.9974263,1034,10.0989,1779496293.9873273,False,C1_control_only,C1_control_only,off,off,False,False
1779496294.111546,1035,23.9754,1779496294.0875707,False,C1_control_only,C1_control_only,off,off,False,False
1779496294.2129486,1036,25.0928,1779496294.1878557,False,C1_control_only,C1_control_only,off,off,False,False
1779496294.3090816,1037,20.7236,1779496294.288358,False,C1_control_only,C1_control_only,off,off,False,False
1779496294.4006774,1038,11.9157,1779496294.3887618,False,C1_control_only,C1_control_only,off,off,False,False
1779496294.495218,1039,6.1872,1779496294.4890308,False,C1_control_only,C1_control_only,off,off,False,False
1779496294.6046617,1040,14.8506,1779496294.589811,False,C1_control_only,C1_control_only,off,off,False,False
1779496294.7028062,1041,12.5613,1779496294.690245,False,C1_control_only,C1_control_only,off,off,False,False
1779496294.8054662,1042,14.534,1779496294.7909322,False,C1_control_only,C1_control_only,off,off,False,False
1779496294.9009738,1043,9.1584,1779496294.8918154,False,C1_control_only,C1_control_only,off,off,False,False
1779496295.0136082,1044,21.5828,1779496294.9920254,False,C1_control_only,C1_control_only,off,off,False,False
1779496295.1051111,1045,12.2008,1779496295.0929103,False,C1_control_only,C1_control_only,off,off,False,False
1779496295.1970124,1046,3.8176,1779496295.1931949,False,C1_control_only,C1_control_only,off,off,False,False
1779496295.3066225,1047,12.6545,1779496295.293968,False,C1_control_only,C1_control_only,off,off,False,False
1779496295.413758,1048,19.5985,1779496295.3941596,False,C1_control_only,C1_control_only,off,off,False,False
1779496295.5093637,1049,14.3101,1779496295.4950535,False,C1_control_only,C1_control_only,off,off,False,False
1779496295.616988,1050,20.5436,1779496295.5964444,False,C1_control_only,C1_control_only,off,off,False,False
1779496295.7123525,1051,15.3191,1779496295.6970334,False,C1_control_only,C1_control_only,off,off,False,False
1779496295.8176508,1052,20.3311,1779496295.7973197,False,C1_control_only,C1_control_only,off,off,False,False
1779496295.9093568,1053,11.1301,1779496295.8982267,False,C1_control_only,C1_control_only,off,off,False,False
1779496296.0191877,1054,20.2029,1779496295.9989848,False,C1_control_only,C1_control_only,off,off,False,False
1779496296.1103654,1055,10.7245,1779496296.0996408,False,C1_control_only,C1_control_only,off,off,False,False
1779496296.2189562,1056,18.5952,1779496296.200361,False,C1_control_only,C1_control_only,off,off,False,False
1779496296.3151758,1057,14.3027,1779496296.300873,False,C1_control_only,C1_control_only,off,off,False,False
1779496296.4074476,1058,5.9667,1779496296.401481,False,C1_control_only,C1_control_only,off,off,False,False
1779496296.5233383,1059,21.1258,1779496296.5022125,False,C1_control_only,C1_control_only,off,off,False,False
1779496296.6098392,1060,6.7611,1779496296.6030781,False,C1_control_only,C1_control_only,off,off,False,False
1779496296.7189012,1061,15.152,1779496296.7037492,False,C1_control_only,C1_control_only,off,off,False,False
1779496296.812758,1062,8.1611,1779496296.804597,False,C1_control_only,C1_control_only,off,off,False,False
1779496296.9572642,1063,52.3567,1779496296.9049075,False,C1_control_only,C1_control_only,off,off,False,False
1779496297.042896,1064,37.596,1779496297.0053,False,C1_control_only,C1_control_only,off,off,False,False
1779496297.1264553,1065,20.8395,1779496297.1056159,False,C1_control_only,C1_control_only,off,off,False,False
1779496297.2273872,1066,21.3218,1779496297.2060654,False,C1_control_only,C1_control_only,off,off,False,False
1779496297.3185534,1067,12.289,1779496297.3062644,False,C1_control_only,C1_control_only,off,off,False,False
1779496297.4222918,1068,15.4908,1779496297.406801,False,C1_control_only,C1_control_only,off,off,False,False
1779496297.5140173,1069,6.6783,1779496297.507339,False,C1_control_only,C1_control_only,off,off,False,False
1779496297.6227515,1070,14.9291,1779496297.6078224,False,C1_control_only,C1_control_only,off,off,False,False
1779496297.7138803,1071,5.585,1779496297.7082953,False,C1_control_only,C1_control_only,off,off,False,False
1779496297.8243499,1072,15.8961,1779496297.8084538,False,C1_control_only,C1_control_only,off,off,False,False
1779496297.9188929,1073,10.0112,1779496297.9088817,False,C1_control_only,C1_control_only,off,off,False,False
1779496298.0287437,1074,19.14,1779496298.0096037,False,C1_control_only,C1_control_only,off,off,False,False
1779496298.1187415,1075,8.1742,1779496298.1105673,False,C1_control_only,C1_control_only,off,off,False,False
1779496298.226948,1076,15.3842,1779496298.2115638,False,C1_control_only,C1_control_only,off,off,False,False
1779496298.3202317,1077,8.3351,1779496298.3118966,False,C1_control_only,C1_control_only,off,off,False,False
1779496298.4277923,1078,15.7342,1779496298.412058,False,C1_control_only,C1_control_only,off,off,False,False
1779496298.5190723,1079,6.7399,1779496298.5123324,False,C1_control_only,C1_control_only,off,off,False,False
1779496298.6287012,1080,15.4226,1779496298.6132786,False,C1_control_only,C1_control_only,off,off,False,False
1779496298.7204487,1081,6.9222,1779496298.7135265,False,C1_control_only,C1_control_only,off,off,False,False
1779496298.8286602,1082,14.2963,1779496298.814364,False,C1_control_only,C1_control_only,off,off,False,False
1779496298.937627,1083,22.0103,1779496298.9156168,False,C1_control_only,C1_control_only,off,off,False,False
1779496299.0405421,1084,24.3826,1779496299.0161595,False,C1_control_only,C1_control_only,off,off,False,False
1779496299.122813,1085,6.1786,1779496299.1166344,False,C1_control_only,C1_control_only,off,off,False,False
1779496299.2361844,1086,18.9853,1779496299.217199,False,C1_control_only,C1_control_only,off,off,False,False
1779496299.3270528,1087,9.2432,1779496299.3178096,False,C1_control_only,C1_control_only,off,off,False,False
1779496299.435796,1088,17.7193,1779496299.4180768,False,C1_control_only,C1_control_only,off,off,False,False
1779496299.532598,1089,13.684,1779496299.518914,False,C1_control_only,C1_control_only,off,off,False,False
1779496299.6248333,1090,5.7833,1779496299.61905,False,C1_control_only,C1_control_only,off,off,False,False
1779496299.7363398,1091,16.5255,1779496299.7198143,False,C1_control_only,C1_control_only,off,off,False,False
1779496299.8272796,1092,6.5153,1779496299.8207643,False,C1_control_only,C1_control_only,off,off,False,False
1779496299.937085,1093,16.0434,1779496299.9210415,False,C1_control_only,C1_control_only,off,off,False,False
1779496300.0300298,1094,8.2042,1779496300.0218256,False,C1_control_only,C1_control_only,off,off,False,False
1779496300.138272,1095,16.2983,1779496300.1219738,False,C1_control_only,C1_control_only,off,off,False,False
1779496300.2320747,1096,9.666,1779496300.2224088,False,C1_control_only,C1_control_only,off,off,False,False
1779496300.3395143,1097,16.7871,1779496300.3227272,False,C1_control_only,C1_control_only,off,off,False,False
1779496300.4325604,1098,9.1903,1779496300.4233701,False,C1_control_only,C1_control_only,off,off,False,False
1779496300.5422058,1099,18.4948,1779496300.523711,False,C1_control_only,C1_control_only,off,off,False,False
1779496300.632889,1100,8.4636,1779496300.6244254,False,C1_control_only,C1_control_only,off,off,False,False
