unix_ts_recv,seq,rtt_ms,t_send_unix,warmup,test_id,condition,camera_mode,lidar_mode,video_enabled,lidar_enabled
1779496776.8363752,5501,44.359,1779496776.7920163,True,C6_full_detail,C6_full_detail,normal,detail,True,True
1779496776.9018066,5502,9.182,1779496776.8926246,True,C6_full_detail,C6_full_detail,normal,detail,True,True
1779496777.0103512,5503,17.2427,1779496776.9931085,True,C6_full_detail,C6_full_detail,normal,detail,True,True
1779496777.102621,5504,8.8897,1779496777.0937314,True,C6_full_detail,C6_full_detail,normal,detail,True,True
1779496777.2093575,5505,15.2452,1779496777.1941123,True,C6_full_detail,C6_full_detail,normal,detail,True,True
1779496777.3018491,5506,7.3745,1779496777.2944746,True,C6_full_detail,C6_full_detail,normal,detail,True,True
1779496777.4092493,5507,14.4262,1779496777.394823,True,C6_full_detail,C6_full_detail,normal,detail,True,True
1779496777.5023575,5508,7.3814,1779496777.494976,True,C6_full_detail,C6_full_detail,normal,detail,True,True
1779496777.607859,5509,12.4636,1779496777.5953953,True,C6_full_detail,C6_full_detail,normal,detail,True,True
1779496777.7053363,5510,8.8134,1779496777.696523,True,C6_full_detail,C6_full_detail,normal,detail,True,True
1779496777.8092258,5511,11.1468,1779496777.798079,True,C6_full_detail,C6_full_detail,normal,detail,True,True
1779496777.9197593,5512,20.782,1779496777.8989773,True,C6_full_detail,C6_full_detail,normal,detail,True,True
1779496778.0130093,5513,13.0515,1779496777.9999578,True,C6_full_detail,C6_full_detail,normal,detail,True,True
1779496778.121404,5514,20.5076,1779496778.1008964,True,C6_full_detail,C6_full_detail,normal,detail,True,True
1779496778.2097487,5515,8.5583,1779496778.2011905,True,C6_full_detail,C6_full_detail,normal,detail,True,True
1779496778.317427,5516,16.0115,1779496778.3014154,True,C6_full_detail,C6_full_detail,normal,detail,True,True
1779496778.4155009,5517,13.7141,1779496778.4017868,True,C6_full_detail,C6_full_detail,normal,detail,True,True
1779496778.5090067,5518,7.0493,1779496778.5019574,True,C6_full_detail,C6_full_detail,normal,detail,True,True
1779496778.6613715,5519,58.8984,1779496778.602473,True,C6_full_detail,C6_full_detail,normal,detail,True,True
1779496778.7489295,5520,46.0079,1779496778.7029216,True,C6_full_detail,C6_full_detail,normal,detail,True,True
1779496778.8371887,5521,33.4675,1779496778.8037212,True,C6_full_detail,C6_full_detail,normal,detail,True,True
1779496778.9129083,5522,8.2555,1779496778.9046528,True,C6_full_detail,C6_full_detail,normal,detail,True,True
1779496779.0687296,5523,63.7002,1779496779.0050294,True,C6_full_detail,C6_full_detail,normal,detail,True,True
1779496779.169021,5524,63.3359,1779496779.105685,True,C6_full_detail,C6_full_detail,normal,detail,True,True
1779496779.258091,5525,51.9149,1779496779.206176,True,C6_full_detail,C6_full_detail,normal,detail,True,True
1779496779.3453455,5526,38.8057,1779496779.3065398,True,C6_full_detail,C6_full_detail,normal,detail,True,True
1779496779.4272163,5527,20.4806,1779496779.4067357,True,C6_full_detail,C6_full_detail,normal,detail,True,True
1779496779.523927,5528,16.7403,1779496779.5071867,True,C6_full_detail,C6_full_detail,normal,detail,True,True
1779496779.6135857,5529,5.7809,1779496779.6078048,True,C6_full_detail,C6_full_detail,normal,detail,True,True
1779496779.7282722,5530,20.1859,1779496779.7080863,True,C6_full_detail,C6_full_detail,normal,detail,True,True
1779496779.8371801,5531,28.5859,1779496779.8085942,True,C6_full_detail,C6_full_detail,normal,detail,True,True
1779496779.9246073,5532,15.66,1779496779.9089472,True,C6_full_detail,C6_full_detail,normal,detail,True,True
1779496780.0170672,5533,7.9937,1779496780.0090735,True,C6_full_detail,C6_full_detail,normal,detail,True,True
1779496780.1292055,5534,19.7999,1779496780.1094055,True,C6_full_detail,C6_full_detail,normal,detail,True,True
1779496780.2190623,5535,9.095,1779496780.2099674,True,C6_full_detail,C6_full_detail,normal,detail,True,True
1779496780.326813,5536,16.3109,1779496780.310502,True,C6_full_detail,C6_full_detail,normal,detail,True,True
1779496780.4230828,5537,12.0456,1779496780.4110372,True,C6_full_detail,C6_full_detail,normal,detail,True,True
1779496780.5291762,5538,17.5295,1779496780.5116467,True,C6_full_detail,C6_full_detail,normal,detail,True,True
1779496780.6210997,5539,8.7252,1779496780.6123745,True,C6_full_detail,C6_full_detail,normal,detail,True,True
1779496780.7408683,5540,28.2238,1779496780.7126446,True,C6_full_detail,C6_full_detail,normal,detail,True,True
1779496780.8314776,5541,12.3184,1779496780.8191593,True,C6_full_detail,C6_full_detail,normal,detail,True,True
1779496780.9365127,5542,16.4962,1779496780.9200165,True,C6_full_detail,C6_full_detail,normal,detail,True,True
1779496781.039447,5543,19.2528,1779496781.0201943,True,C6_full_detail,C6_full_detail,normal,detail,True,True
1779496781.130513,5544,9.831,1779496781.120682,True,C6_full_detail,C6_full_detail,normal,detail,True,True
1779496781.2987502,5545,77.3675,1779496781.2213826,True,C6_full_detail,C6_full_detail,normal,detail,True,True
1779496781.384943,5546,63.0617,1779496781.3218813,True,C6_full_detail,C6_full_detail,normal,detail,True,True
1779496781.4686434,5547,46.1178,1779496781.4225256,True,C6_full_detail,C6_full_detail,normal,detail,True,True
1779496781.5486724,5548,25.3031,1779496781.5233693,True,C6_full_detail,C6_full_detail,normal,detail,True,True
1779496781.6331913,5549,9.5766,1779496781.6236148,True,C6_full_detail,C6_full_detail,normal,detail,True,True
1779496781.7409334,5550,16.794,1779496781.7241395,True,C6_full_detail,C6_full_detail,normal,detail,True,True
1779496781.833256,5551,7.5021,1779496781.825754,False,C6_full_detail,C6_full_detail,normal,detail,True,True
1779496781.9399881,5552,13.8063,1779496781.9261818,False,C6_full_detail,C6_full_detail,normal,detail,True,True
1779496782.032366,5553,5.2607,1779496782.0271053,False,C6_full_detail,C6_full_detail,normal,detail,True,True
1779496782.1390464,5554,11.7385,1779496782.127308,False,C6_full_detail,C6_full_detail,normal,detail,True,True
1779496782.2339628,5555,6.1548,1779496782.227808,False,C6_full_detail,C6_full_detail,normal,detail,True,True
1779496782.3358018,5556,6.3148,1779496782.329487,False,C6_full_detail,C6_full_detail,normal,detail,True,True
1779496782.4756773,5557,45.4497,1779496782.4302275,False,C6_full_detail,C6_full_detail,normal,detail,True,True
1779496782.5715282,5558,40.8089,1779496782.5307193,False,C6_full_detail,C6_full_detail,normal,detail,True,True
1779496782.6406047,5559,9.4614,1779496782.6311433,False,C6_full_detail,C6_full_detail,normal,detail,True,True
1779496782.7526412,5560,20.7739,1779496782.7318673,False,C6_full_detail,C6_full_detail,normal,detail,True,True
1779496782.8422499,5561,10.1552,1779496782.8320947,False,C6_full_detail,C6_full_detail,normal,detail,True,True
1779496782.9509766,5562,18.4734,1779496782.9325032,False,C6_full_detail,C6_full_detail,normal,detail,True,True
1779496783.0467236,5563,13.6106,1779496783.033113,False,C6_full_detail,C6_full_detail,normal,detail,True,True
1779496783.1624165,5564,29.1288,1779496783.1332877,False,C6_full_detail,C6_full_detail,normal,detail,True,True
1779496783.243975,5565,10.2527,1779496783.2337222,False,C6_full_detail,C6_full_detail,normal,detail,True,True
1779496783.34692,5566,12.2504,1779496783.3346696,False,C6_full_detail,C6_full_detail,normal,detail,True,True
1779496783.484501,5567,49.3174,1779496783.4351835,False,C6_full_detail,C6_full_detail,normal,detail,True,True
1779496783.567869,5568,32.2192,1779496783.5356498,False,C6_full_detail,C6_full_detail,normal,detail,True,True
1779496783.6523433,5569,16.4459,1779496783.6358974,False,C6_full_detail,C6_full_detail,normal,detail,True,True
1779496783.7458222,5570,9.3343,1779496783.7364879,False,C6_full_detail,C6_full_detail,normal,detail,True,True
1779496783.8487484,5571,11.7769,1779496783.8369715,False,C6_full_detail,C6_full_detail,normal,detail,True,True
1779496783.981164,5572,43.9882,1779496783.9371758,False,C6_full_detail,C6_full_detail,normal,detail,True,True
1779496784.0688522,5573,31.0452,1779496784.037807,False,C6_full_detail,C6_full_detail,normal,detail,True,True
1779496784.152595,5574,14.1294,1779496784.1384656,False,C6_full_detail,C6_full_detail,normal,detail,True,True
1779496784.257905,5575,18.8,1779496784.239105,False,C6_full_detail,C6_full_detail,normal,detail,True,True
1779496784.3515363,5576,11.7066,1779496784.3398297,False,C6_full_detail,C6_full_detail,normal,detail,True,True
1779496784.478592,5577,37.8799,1779496784.440712,False,C6_full_detail,C6_full_detail,normal,detail,True,True
1779496784.565962,5578,24.6971,1779496784.541265,False,C6_full_detail,C6_full_detail,normal,detail,True,True
1779496784.653396,5579,11.73,1779496784.641666,False,C6_full_detail,C6_full_detail,normal,detail,True,True
1779496784.7583382,5580,16.2253,1779496784.7421129,False,C6_full_detail,C6_full_detail,normal,detail,True,True
1779496784.8610103,5581,18.5025,1779496784.8425078,False,C6_full_detail,C6_full_detail,normal,detail,True,True
1779496784.9817502,5582,38.6176,1779496784.9431326,False,C6_full_detail,C6_full_detail,normal,detail,True,True
1779496785.0723796,5583,28.6751,1779496785.0437045,False,C6_full_detail,C6_full_detail,normal,detail,True,True
1779496785.2113237,5584,67.101,1779496785.1442227,False,C6_full_detail,C6_full_detail,normal,detail,True,True
1779496785.2976208,5585,53.1619,1779496785.244459,False,C6_full_detail,C6_full_detail,normal,detail,True,True
1779496785.363858,5586,18.7507,1779496785.3451073,False,C6_full_detail,C6_full_detail,normal,detail,True,True
1779496785.4695413,5587,23.9501,1779496785.4455912,False,C6_full_detail,C6_full_detail,normal,detail,True,True
1779496785.5650322,5588,18.5039,1779496785.5465283,False,C6_full_detail,C6_full_detail,normal,detail,True,True
1779496785.6561294,5589,8.9755,1779496785.6471539,False,C6_full_detail,C6_full_detail,normal,detail,True,True
1779496785.763483,5590,15.6555,1779496785.7478275,False,C6_full_detail,C6_full_detail,normal,detail,True,True
1779496785.8712356,5591,23.1953,1779496785.8480403,False,C6_full_detail,C6_full_detail,normal,detail,True,True
1779496785.955567,5592,4.5612,1779496785.9510057,False,C6_full_detail,C6_full_detail,normal,detail,True,True
1779496786.057021,5593,5.5473,1779496786.0514736,False,C6_full_detail,C6_full_detail,normal,detail,True,True
1779496786.1660402,5594,14.1425,1779496786.1518977,False,C6_full_detail,C6_full_detail,normal,detail,True,True
1779496786.2582233,5595,6.0275,1779496786.2521958,False,C6_full_detail,C6_full_detail,normal,detail,True,True
1779496786.3668346,5596,14.2436,1779496786.352591,False,C6_full_detail,C6_full_detail,normal,detail,True,True
1779496786.4660902,5597,11.1747,1779496786.4549155,False,C6_full_detail,C6_full_detail,normal,detail,True,True
1779496786.5702095,5598,13.9933,1779496786.5562162,False,C6_full_detail,C6_full_detail,normal,detail,True,True
1779496786.6859052,5599,29.1784,1779496786.6567268,False,C6_full_detail,C6_full_detail,normal,detail,True,True
1779496786.7693706,5600,11.7786,1779496786.757592,False,C6_full_detail,C6_full_detail,normal,detail,True,True
1779496786.877224,5601,19.1429,1779496786.858081,False,C6_full_detail,C6_full_detail,normal,detail,True,True
1779496787.0068352,5602,48.0239,1779496786.9588113,False,C6_full_detail,C6_full_detail,normal,detail,True,True
1779496787.0794806,5603,20.1001,1779496787.0593805,False,C6_full_detail,C6_full_detail,normal,detail,True,True
1779496787.1724453,5604,12.3258,1779496787.1601195,False,C6_full_detail,C6_full_detail,normal,detail,True,True
1779496787.271151,5605,10.3793,1779496787.2607718,False,C6_full_detail,C6_full_detail,normal,detail,True,True
1779496787.375865,5606,14.5173,1779496787.3613477,False,C6_full_detail,C6_full_detail,normal,detail,True,True
1779496787.4731603,5607,11.313,1779496787.4618473,False,C6_full_detail,C6_full_detail,normal,detail,True,True
1779496787.5776792,5608,15.259,1779496787.5624201,False,C6_full_detail,C6_full_detail,normal,detail,True,True
1779496787.6688523,5609,6.0158,1779496787.6628366,False,C6_full_detail,C6_full_detail,normal,detail,True,True
1779496787.7769556,5610,13.6142,1779496787.7633414,False,C6_full_detail,C6_full_detail,normal,detail,True,True
1779496787.8723772,5611,8.811,1779496787.8635662,False,C6_full_detail,C6_full_detail,normal,detail,True,True
1779496787.9805632,5612,16.3178,1779496787.9642453,False,C6_full_detail,C6_full_detail,normal,detail,True,True
1779496788.070828,5613,6.0287,1779496788.0647993,False,C6_full_detail,C6_full_detail,normal,detail,True,True
1779496788.1795268,5614,14.1866,1779496788.1653402,False,C6_full_detail,C6_full_detail,normal,detail,True,True
1779496788.2773721,5615,11.8237,1779496788.2655485,False,C6_full_detail,C6_full_detail,normal,detail,True,True
1779496788.383095,5616,17.0662,1779496788.3660288,False,C6_full_detail,C6_full_detail,normal,detail,True,True
1779496788.4752693,5617,8.5952,1779496788.466674,False,C6_full_detail,C6_full_detail,normal,detail,True,True
1779496788.5856724,5618,18.4546,1779496788.5672178,False,C6_full_detail,C6_full_detail,normal,detail,True,True
1779496788.6778283,5619,9.9161,1779496788.6679122,False,C6_full_detail,C6_full_detail,normal,detail,True,True
1779496788.7867334,5620,18.2574,1779496788.768476,False,C6_full_detail,C6_full_detail,normal,detail,True,True
1779496788.8807235,5621,11.9452,1779496788.8687782,False,C6_full_detail,C6_full_detail,normal,detail,True,True
1779496788.9751544,5622,6.114,1779496788.9690404,False,C6_full_detail,C6_full_detail,normal,detail,True,True
1779496789.0758944,5623,4.426,1779496789.0714684,False,C6_full_detail,C6_full_detail,normal,detail,True,True
1779496789.1786962,5624,6.5479,1779496789.1721482,False,C6_full_detail,C6_full_detail,normal,detail,True,True
1779496789.2847557,5625,12.0873,1779496789.2726684,False,C6_full_detail,C6_full_detail,normal,detail,True,True
1779496789.383797,5626,10.3273,1779496789.3734696,False,C6_full_detail,C6_full_detail,normal,detail,True,True
1779496789.4955556,5627,21.265,1779496789.4742906,False,C6_full_detail,C6_full_detail,normal,detail,True,True
1779496789.583681,5628,6.2909,1779496789.5773902,False,C6_full_detail,C6_full_detail,normal,detail,True,True
1779496789.6978061,5629,19.5317,1779496789.6782744,False,C6_full_detail,C6_full_detail,normal,detail,True,True
1779496789.7904315,5630,11.5504,1779496789.778881,False,C6_full_detail,C6_full_detail,normal,detail,True,True
1779496789.8863547,5631,7.2763,1779496789.8790784,False,C6_full_detail,C6_full_detail,normal,detail,True,True
1779496790.0022817,5632,22.6052,1779496789.9796765,False,C6_full_detail,C6_full_detail,normal,detail,True,True
1779496790.0882342,5633,7.894,1779496790.0803401,False,C6_full_detail,C6_full_detail,normal,detail,True,True
1779496790.1980188,5634,16.2995,1779496790.1817193,False,C6_full_detail,C6_full_detail,normal,detail,True,True
1779496790.2946455,5635,12.2724,1779496790.2823732,False,C6_full_detail,C6_full_detail,normal,detail,True,True
1779496790.401245,5636,18.4469,1779496790.3827982,False,C6_full_detail,C6_full_detail,normal,detail,True,True
1779496790.4978018,5637,14.6849,1779496790.4831169,False,C6_full_detail,C6_full_detail,normal,detail,True,True
1779496790.592124,5638,7.8795,1779496790.5842445,False,C6_full_detail,C6_full_detail,normal,detail,True,True
1779496790.6931791,5639,8.79,1779496790.684389,False,C6_full_detail,C6_full_detail,normal,detail,True,True
1779496790.8458798,5640,60.9026,1779496790.7849772,False,C6_full_detail,C6_full_detail,normal,detail,True,True
1779496790.9337037,5641,48.5747,1779496790.885129,False,C6_full_detail,C6_full_detail,normal,detail,True,True
1779496791.0242796,5642,38.8391,1779496790.9854405,False,C6_full_detail,C6_full_detail,normal,detail,True,True
1779496791.098001,5643,11.9607,1779496791.0860403,False,C6_full_detail,C6_full_detail,normal,detail,True,True
1779496791.1934783,5644,7.3292,1779496791.1861491,False,C6_full_detail,C6_full_detail,normal,detail,True,True
1779496791.3018599,5645,15.4572,1779496791.2864027,False,C6_full_detail,C6_full_detail,normal,detail,True,True
1779496791.395725,5646,8.4195,1779496791.3873055,False,C6_full_detail,C6_full_detail,normal,detail,True,True
1779496791.509351,5647,21.4415,1779496791.4879096,False,C6_full_detail,C6_full_detail,normal,detail,True,True
1779496791.5995114,5648,10.5305,1779496791.588981,False,C6_full_detail,C6_full_detail,normal,detail,True,True
1779496791.70623,5649,16.8023,1779496791.6894276,False,C6_full_detail,C6_full_detail,normal,detail,True,True
1779496791.8005152,5650,10.3099,1779496791.7902052,False,C6_full_detail,C6_full_detail,normal,detail,True,True
1779496791.907313,5651,16.2435,1779496791.8910697,False,C6_full_detail,C6_full_detail,normal,detail,True,True
1779496792.0003288,5652,8.9765,1779496791.9913523,False,C6_full_detail,C6_full_detail,normal,detail,True,True
1779496792.11715,5653,25.3308,1779496792.0918193,False,C6_full_detail,C6_full_detail,normal,detail,True,True
1779496792.2167652,5654,24.3478,1779496792.1924174,False,C6_full_detail,C6_full_detail,normal,detail,True,True
1779496792.3096745,5655,16.7305,1779496792.292944,False,C6_full_detail,C6_full_detail,normal,detail,True,True
1779496792.4036014,5656,10.1969,1779496792.3934045,False,C6_full_detail,C6_full_detail,normal,detail,True,True
1779496792.5007057,5657,6.9821,1779496792.4937236,False,C6_full_detail,C6_full_detail,normal,detail,True,True
1779496792.6091356,5658,15.1436,1779496792.593992,False,C6_full_detail,C6_full_detail,normal,detail,True,True
1779496792.7133396,5659,19.1665,1779496792.694173,False,C6_full_detail,C6_full_detail,normal,detail,True,True
1779496792.8089037,5660,14.0057,1779496792.794898,False,C6_full_detail,C6_full_detail,normal,detail,True,True
1779496792.9160266,5661,20.8089,1779496792.8952177,False,C6_full_detail,C6_full_detail,normal,detail,True,True
1779496793.0108118,5662,15.4495,1779496792.9953623,False,C6_full_detail,C6_full_detail,normal,detail,True,True
1779496793.1024978,5663,6.7351,1779496793.0957627,False,C6_full_detail,C6_full_detail,normal,detail,True,True
1779496793.2057521,5664,7.8099,1779496793.1979423,False,C6_full_detail,C6_full_detail,normal,detail,True,True
1779496793.3045619,5665,6.1085,1779496793.2984533,False,C6_full_detail,C6_full_detail,normal,detail,True,True
1779496793.417477,5666,18.4987,1779496793.3989782,False,C6_full_detail,C6_full_detail,normal,detail,True,True
1779496793.5263317,5667,26.9465,1779496793.499385,False,C6_full_detail,C6_full_detail,normal,detail,True,True
1779496793.6266546,5668,26.8967,1779496793.599758,False,C6_full_detail,C6_full_detail,normal,detail,True,True
1779496793.7136667,5669,13.6411,1779496793.7000256,False,C6_full_detail,C6_full_detail,normal,detail,True,True
1779496793.838748,5670,38.0855,1779496793.8006625,False,C6_full_detail,C6_full_detail,normal,detail,True,True
1779496793.938991,5671,37.7426,1779496793.9012485,False,C6_full_detail,C6_full_detail,normal,detail,True,True
1779496794.0257394,5672,24.2577,1779496794.0014818,False,C6_full_detail,C6_full_detail,normal,detail,True,True
1779496794.115557,5673,13.7255,1779496794.1018314,False,C6_full_detail,C6_full_detail,normal,detail,True,True
1779496794.2140713,5674,11.853,1779496794.2022183,False,C6_full_detail,C6_full_detail,normal,detail,True,True
1779496794.3168168,5675,14.3247,1779496794.3024921,False,C6_full_detail,C6_full_detail,normal,detail,True,True
1779496794.4107969,5676,8.0216,1779496794.4027753,False,C6_full_detail,C6_full_detail,normal,detail,True,True
1779496794.517952,5677,15.0459,1779496794.502906,False,C6_full_detail,C6_full_detail,normal,detail,True,True
1779496794.6098974,5678,6.8297,1779496794.6030676,False,C6_full_detail,C6_full_detail,normal,detail,True,True
1779496794.7213428,5679,18.1732,1779496794.7031696,False,C6_full_detail,C6_full_detail,normal,detail,True,True
1779496794.8155465,5680,12.1057,1779496794.8034408,False,C6_full_detail,C6_full_detail,normal,detail,True,True
1779496794.919808,5681,15.1799,1779496794.904628,False,C6_full_detail,C6_full_detail,normal,detail,True,True
1779496795.0114174,5682,6.3741,1779496795.0050433,False,C6_full_detail,C6_full_detail,normal,detail,True,True
1779496795.1197677,5683,14.5965,1779496795.1051712,False,C6_full_detail,C6_full_detail,normal,detail,True,True
1779496795.2137234,5684,8.1415,1779496795.205582,False,C6_full_detail,C6_full_detail,normal,detail,True,True
1779496795.311427,5685,4.5915,1779496795.3068357,False,C6_full_detail,C6_full_detail,normal,detail,True,True
1779496795.4151013,5686,7.1316,1779496795.4079697,False,C6_full_detail,C6_full_detail,normal,detail,True,True
1779496795.5249052,5687,16.2041,1779496795.508701,False,C6_full_detail,C6_full_detail,normal,detail,True,True
1779496795.61885,5688,9.9678,1779496795.6088822,False,C6_full_detail,C6_full_detail,normal,detail,True,True
1779496795.7283854,5689,19.2926,1779496795.7090929,False,C6_full_detail,C6_full_detail,normal,detail,True,True
1779496795.81893,5690,9.4159,1779496795.809514,False,C6_full_detail,C6_full_detail,normal,detail,True,True
1779496795.983329,5691,73.1225,1779496795.9102066,False,C6_full_detail,C6_full_detail,normal,detail,True,True
1779496796.068193,5692,57.5728,1779496796.01062,False,C6_full_detail,C6_full_detail,normal,detail,True,True
1779496796.151048,5693,40.0016,1779496796.1110463,False,C6_full_detail,C6_full_detail,normal,detail,True,True
1779496796.2381566,5694,26.4766,1779496796.21168,False,C6_full_detail,C6_full_detail,normal,detail,True,True
1779496796.322675,5695,10.457,1779496796.312218,False,C6_full_detail,C6_full_detail,normal,detail,True,True
1779496796.4261122,5696,13.1867,1779496796.4129255,False,C6_full_detail,C6_full_detail,normal,detail,True,True
1779496796.5317419,5697,18.3983,1779496796.5133436,False,C6_full_detail,C6_full_detail,normal,detail,True,True
1779496796.630498,5698,16.6123,1779496796.6138856,False,C6_full_detail,C6_full_detail,normal,detail,True,True
1779496796.7867885,5699,72.7806,1779496796.7140079,False,C6_full_detail,C6_full_detail,normal,detail,True,True
1779496796.8706782,5700,56.0071,1779496796.814671,False,C6_full_detail,C6_full_detail,normal,detail,True,True
1779496796.93844,5701,23.3693,1779496796.9150708,False,C6_full_detail,C6_full_detail,normal,detail,True,True
1779496797.0422628,5702,27.0755,1779496797.0151873,False,C6_full_detail,C6_full_detail,normal,detail,True,True
1779496797.122475,5703,6.7096,1779496797.1157653,False,C6_full_detail,C6_full_detail,normal,detail,True,True
1779496797.232687,5704,16.5014,1779496797.2161856,False,C6_full_detail,C6_full_detail,normal,detail,True,True
1779496797.3293056,5705,12.7006,1779496797.316605,False,C6_full_detail,C6_full_detail,normal,detail,True,True
1779496797.432859,5706,16.1452,1779496797.4167137,False,C6_full_detail,C6_full_detail,normal,detail,True,True
1779496797.5272453,5707,10.1626,1779496797.5170827,False,C6_full_detail,C6_full_detail,normal,detail,True,True
1779496797.64144,5708,23.5553,1779496797.6178846,False,C6_full_detail,C6_full_detail,normal,detail,True,True
1779496797.7290313,5709,9.9745,1779496797.7190568,False,C6_full_detail,C6_full_detail,normal,detail,True,True
1779496797.83888,5710,19.4325,1779496797.8194475,False,C6_full_detail,C6_full_detail,normal,detail,True,True
1779496797.9294605,5711,9.1414,1779496797.920319,False,C6_full_detail,C6_full_detail,normal,detail,True,True
1779496798.0585022,5712,37.8642,1779496798.020638,False,C6_full_detail,C6_full_detail,normal,detail,True,True
1779496798.1357167,5713,14.4501,1779496798.1212666,False,C6_full_detail,C6_full_detail,normal,detail,True,True
1779496798.241693,5714,19.8617,1779496798.2218313,False,C6_full_detail,C6_full_detail,normal,detail,True,True
1779496798.3368437,5715,14.338,1779496798.3225057,False,C6_full_detail,C6_full_detail,normal,detail,True,True
1779496798.4353347,5716,11.3227,1779496798.424012,False,C6_full_detail,C6_full_detail,normal,detail,True,True
1779496798.5355248,5717,10.1492,1779496798.5253756,False,C6_full_detail,C6_full_detail,normal,detail,True,True
1779496798.643786,5718,17.9586,1779496798.6258273,False,C6_full_detail,C6_full_detail,normal,detail,True,True
1779496798.7309546,5719,4.5011,1779496798.7264535,False,C6_full_detail,C6_full_detail,normal,detail,True,True
1779496798.8417165,5720,14.8485,1779496798.826868,False,C6_full_detail,C6_full_detail,normal,detail,True,True
1779496798.9410114,5721,13.6189,1779496798.9273925,False,C6_full_detail,C6_full_detail,normal,detail,True,True
1779496799.0470908,5722,19.0754,1779496799.0280154,False,C6_full_detail,C6_full_detail,normal,detail,True,True
1779496799.1585226,5723,30.3974,1779496799.1281252,False,C6_full_detail,C6_full_detail,normal,detail,True,True
1779496799.2502387,5724,21.8029,1779496799.2284358,False,C6_full_detail,C6_full_detail,normal,detail,True,True
1779496799.3378806,5725,8.3771,1779496799.3295035,False,C6_full_detail,C6_full_detail,normal,detail,True,True
1779496799.4450173,5726,15.0492,1779496799.429968,False,C6_full_detail,C6_full_detail,normal,detail,True,True
1779496799.5409064,5727,10.4876,1779496799.5304189,False,C6_full_detail,C6_full_detail,normal,detail,True,True
1779496799.6461713,5728,14.8742,1779496799.631297,False,C6_full_detail,C6_full_detail,normal,detail,True,True
1779496799.7395513,5729,8.0228,1779496799.7315285,False,C6_full_detail,C6_full_detail,normal,detail,True,True
1779496799.8622305,5730,30.3602,1779496799.8318703,False,C6_full_detail,C6_full_detail,normal,detail,True,True
1779496799.9420376,5731,9.5105,1779496799.932527,False,C6_full_detail,C6_full_detail,normal,detail,True,True
1779496800.0507376,5732,17.9477,1779496800.03279,False,C6_full_detail,C6_full_detail,normal,detail,True,True
1779496800.143972,5733,10.6256,1779496800.1333463,False,C6_full_detail,C6_full_detail,normal,detail,True,True
1779496800.2508082,5734,16.6738,1779496800.2341344,False,C6_full_detail,C6_full_detail,normal,detail,True,True
1779496800.3419194,5735,7.3254,1779496800.334594,False,C6_full_detail,C6_full_detail,normal,detail,True,True
1779496800.454043,5736,18.9729,1779496800.43507,False,C6_full_detail,C6_full_detail,normal,detail,True,True
1779496800.5652258,5737,29.6245,1779496800.5356014,False,C6_full_detail,C6_full_detail,normal,detail,True,True
1779496800.6540213,5738,17.8537,1779496800.6361675,False,C6_full_detail,C6_full_detail,normal,detail,True,True
1779496800.7478688,5739,11.1501,1779496800.7367187,False,C6_full_detail,C6_full_detail,normal,detail,True,True
1779496800.8415213,5740,4.5629,1779496800.8369584,False,C6_full_detail,C6_full_detail,normal,detail,True,True
1779496800.9554443,5741,17.971,1779496800.9374733,False,C6_full_detail,C6_full_detail,normal,detail,True,True
1779496801.0558891,5742,10.3841,1779496801.045505,False,C6_full_detail,C6_full_detail,normal,detail,True,True
1779496801.1570954,5743,11.2469,1779496801.1458485,False,C6_full_detail,C6_full_detail,normal,detail,True,True
1779496801.2603195,5744,14.076,1779496801.2462435,False,C6_full_detail,C6_full_detail,normal,detail,True,True
1779496801.3563476,5745,9.6803,1779496801.3466673,False,C6_full_detail,C6_full_detail,normal,detail,True,True
1779496801.4859486,5746,38.3425,1779496801.447606,False,C6_full_detail,C6_full_detail,normal,detail,True,True
1779496801.5723522,5747,24.5101,1779496801.547842,False,C6_full_detail,C6_full_detail,normal,detail,True,True
1779496801.6600113,5748,12.0714,1779496801.64794,False,C6_full_detail,C6_full_detail,normal,detail,True,True
1779496801.7631981,5749,15.0905,1779496801.7481077,False,C6_full_detail,C6_full_detail,normal,detail,True,True
1779496801.859197,5750,10.4671,1779496801.8487298,False,C6_full_detail,C6_full_detail,normal,detail,True,True
1779496802.0112028,5751,61.8868,1779496801.949316,False,C6_full_detail,C6_full_detail,normal,detail,True,True
1779496802.0993955,5752,47.7602,1779496802.0516353,False,C6_full_detail,C6_full_detail,normal,detail,True,True
1779496802.1875348,5753,35.4881,1779496802.1520467,False,C6_full_detail,C6_full_detail,normal,detail,True,True
1779496802.2716749,5754,19.4194,1779496802.2522554,False,C6_full_detail,C6_full_detail,normal,detail,True,True
1779496802.3640091,5755,11.5268,1779496802.3524823,False,C6_full_detail,C6_full_detail,normal,detail,True,True
1779496802.4571269,5756,4.5242,1779496802.4526026,False,C6_full_detail,C6_full_detail,normal,detail,True,True
1779496802.560882,5757,7.8952,1779496802.5529869,False,C6_full_detail,C6_full_detail,normal,detail,True,True
1779496802.658214,5758,4.9434,1779496802.6532707,False,C6_full_detail,C6_full_detail,normal,detail,True,True
1779496802.7674267,5759,13.6709,1779496802.7537558,False,C6_full_detail,C6_full_detail,normal,detail,True,True
1779496802.8610723,5760,7.1192,1779496802.8539531,False,C6_full_detail,C6_full_detail,normal,detail,True,True
1779496802.9688256,5761,14.2431,1779496802.9545825,False,C6_full_detail,C6_full_detail,normal,detail,True,True
1779496803.059945,5762,4.5297,1779496803.0554154,False,C6_full_detail,C6_full_detail,normal,detail,True,True
1779496803.1747484,5763,18.5785,1779496803.15617,False,C6_full_detail,C6_full_detail,normal,detail,True,True
1779496803.2764773,5764,19.9089,1779496803.2565684,False,C6_full_detail,C6_full_detail,normal,detail,True,True
1779496803.368722,5765,11.6687,1779496803.3570533,False,C6_full_detail,C6_full_detail,normal,detail,True,True
1779496803.4655728,5766,8.2567,1779496803.4573162,False,C6_full_detail,C6_full_detail,normal,detail,True,True
1779496803.5704663,5767,12.5046,1779496803.5579617,False,C6_full_detail,C6_full_detail,normal,detail,True,True
1779496803.666625,5768,8.496,1779496803.658129,False,C6_full_detail,C6_full_detail,normal,detail,True,True
1779496803.776156,5769,17.8299,1779496803.758326,False,C6_full_detail,C6_full_detail,normal,detail,True,True
1779496803.8710947,5770,12.0955,1779496803.8589993,False,C6_full_detail,C6_full_detail,normal,detail,True,True
1779496804.00923,5771,50.0646,1779496803.9591653,False,C6_full_detail,C6_full_detail,normal,detail,True,True
1779496804.095259,5772,35.7623,1779496804.0594966,False,C6_full_detail,C6_full_detail,normal,detail,True,True
1779496804.1814976,5773,21.3969,1779496804.1601007,False,C6_full_detail,C6_full_detail,normal,detail,True,True
1779496804.2875419,5774,26.8328,1779496804.260709,False,C6_full_detail,C6_full_detail,normal,detail,True,True
1779496804.3800282,5775,18.8041,1779496804.3612242,False,C6_full_detail,C6_full_detail,normal,detail,True,True
1779496804.4692352,5776,7.6108,1779496804.4616244,False,C6_full_detail,C6_full_detail,normal,detail,True,True
1779496804.5786922,5777,16.9518,1779496804.5617404,False,C6_full_detail,C6_full_detail,normal,detail,True,True
1779496804.6847477,5778,21.9407,1779496804.662807,False,C6_full_detail,C6_full_detail,normal,detail,True,True
1779496804.7764492,5779,13.0856,1779496804.7633636,False,C6_full_detail,C6_full_detail,normal,detail,True,True
1779496804.8730407,5780,9.2757,1779496804.863765,False,C6_full_detail,C6_full_detail,normal,detail,True,True
1779496804.9800682,5781,16.1295,1779496804.9639387,False,C6_full_detail,C6_full_detail,normal,detail,True,True
1779496805.0730958,5782,8.2304,1779496805.0648654,False,C6_full_detail,C6_full_detail,normal,detail,True,True
1779496805.1771736,5783,10.5872,1779496805.1665864,False,C6_full_detail,C6_full_detail,normal,detail,True,True
1779496805.2765882,5784,8.1301,1779496805.2684581,False,C6_full_detail,C6_full_detail,normal,detail,True,True
1779496805.3873177,5785,18.4646,1779496805.368853,False,C6_full_detail,C6_full_detail,normal,detail,True,True
1779496805.4775803,5786,8.24,1779496805.4693403,False,C6_full_detail,C6_full_detail,normal,detail,True,True
1779496805.5940237,5787,24.2386,1779496805.569785,False,C6_full_detail,C6_full_detail,normal,detail,True,True
1779496805.681547,5788,11.2164,1779496805.6703305,False,C6_full_detail,C6_full_detail,normal,detail,True,True
1779496805.7889016,5789,18.0068,1779496805.7708948,False,C6_full_detail,C6_full_detail,normal,detail,True,True
1779496805.883175,5790,11.4503,1779496805.8717246,False,C6_full_detail,C6_full_detail,normal,detail,True,True
1779496805.9909608,5791,18.698,1779496805.9722629,False,C6_full_detail,C6_full_detail,normal,detail,True,True
1779496806.0863774,5792,13.6936,1779496806.0726838,False,C6_full_detail,C6_full_detail,normal,detail,True,True
1779496806.189685,5793,16.7902,1779496806.172895,False,C6_full_detail,C6_full_detail,normal,detail,True,True
1779496806.2853057,5794,11.7271,1779496806.2735786,False,C6_full_detail,C6_full_detail,normal,detail,True,True
1779496806.4365387,5795,62.443,1779496806.3740957,False,C6_full_detail,C6_full_detail,normal,detail,True,True
1779496806.5393178,5796,64.4321,1779496806.4748857,False,C6_full_detail,C6_full_detail,normal,detail,True,True
1779496806.636678,5797,61.4963,1779496806.5751817,False,C6_full_detail,C6_full_detail,normal,detail,True,True
1779496806.7416449,5798,66.2293,1779496806.6754155,False,C6_full_detail,C6_full_detail,normal,detail,True,True
1779496806.8435287,5799,67.8868,1779496806.775642,False,C6_full_detail,C6_full_detail,normal,detail,True,True
1779496806.9321136,5800,55.5098,1779496806.8766038,False,C6_full_detail,C6_full_detail,normal,detail,True,True
1779496806.9944506,5801,17.2391,1779496806.9772115,False,C6_full_detail,C6_full_detail,normal,detail,True,True
1779496807.0888684,5802,11.4486,1779496807.0774198,False,C6_full_detail,C6_full_detail,normal,detail,True,True
1779496807.2029383,5803,25.0318,1779496807.1779065,False,C6_full_detail,C6_full_detail,normal,detail,True,True
1779496807.2864227,5804,7.8168,1779496807.278606,False,C6_full_detail,C6_full_detail,normal,detail,True,True
1779496807.3977473,5805,18.9371,1779496807.3788102,False,C6_full_detail,C6_full_detail,normal,detail,True,True
1779496807.489229,5806,9.6066,1779496807.4796224,False,C6_full_detail,C6_full_detail,normal,detail,True,True
1779496807.5949714,5807,14.6182,1779496807.5803533,False,C6_full_detail,C6_full_detail,normal,detail,True,True
1779496807.6954978,5808,14.3497,1779496807.681148,False,C6_full_detail,C6_full_detail,normal,detail,True,True
1779496807.7978263,5809,16.3646,1779496807.7814617,False,C6_full_detail,C6_full_detail,normal,detail,True,True
1779496807.8967562,5810,14.6549,1779496807.8821013,False,C6_full_detail,C6_full_detail,normal,detail,True,True
1779496808.0009766,5811,18.4166,1779496807.98256,False,C6_full_detail,C6_full_detail,normal,detail,True,True
1779496808.094555,5812,11.4565,1779496808.0830984,False,C6_full_detail,C6_full_detail,normal,detail,True,True
1779496808.1912987,5813,7.792,1779496808.1835067,False,C6_full_detail,C6_full_detail,normal,detail,True,True
1779496808.3161025,5814,31.4291,1779496808.2846735,False,C6_full_detail,C6_full_detail,normal,detail,True,True
1779496808.3965228,5815,11.2317,1779496808.385291,False,C6_full_detail,C6_full_detail,normal,detail,True,True
1779496808.5127985,5816,27.1127,1779496808.4856858,False,C6_full_detail,C6_full_detail,normal,detail,True,True
1779496808.5933943,5817,7.5853,1779496808.585809,False,C6_full_detail,C6_full_detail,normal,detail,True,True
1779496808.7058916,5818,19.995,1779496808.6858966,False,C6_full_detail,C6_full_detail,normal,detail,True,True
1779496808.7931943,5819,4.669,1779496808.7885253,False,C6_full_detail,C6_full_detail,normal,detail,True,True
1779496808.905186,5820,16.1142,1779496808.8890717,False,C6_full_detail,C6_full_detail,normal,detail,True,True
1779496808.9971282,5821,7.4539,1779496808.9896743,False,C6_full_detail,C6_full_detail,normal,detail,True,True
1779496809.108659,5822,18.2281,1779496809.090431,False,C6_full_detail,C6_full_detail,normal,detail,True,True
1779496809.2048395,5823,14.231,1779496809.1906085,False,C6_full_detail,C6_full_detail,normal,detail,True,True
1779496809.3001597,5824,9.0828,1779496809.291077,False,C6_full_detail,C6_full_detail,normal,detail,True,True
1779496809.4003994,5825,8.5769,1779496809.3918226,False,C6_full_detail,C6_full_detail,normal,detail,True,True
1779496809.5053988,5826,12.7339,1779496809.4926648,False,C6_full_detail,C6_full_detail,normal,detail,True,True
1779496809.6143126,5827,20.8201,1779496809.5934925,False,C6_full_detail,C6_full_detail,normal,detail,True,True
1779496809.704805,5828,10.7191,1779496809.6940858,False,C6_full_detail,C6_full_detail,normal,detail,True,True
1779496809.8050632,5829,10.4234,1779496809.7946398,False,C6_full_detail,C6_full_detail,normal,detail,True,True
1779496809.9146314,5830,19.8238,1779496809.8948076,False,C6_full_detail,C6_full_detail,normal,detail,True,True
1779496810.0172384,5831,22.2685,1779496809.9949698,False,C6_full_detail,C6_full_detail,normal,detail,True,True
1779496810.1097484,5832,14.308,1779496810.0954404,False,C6_full_detail,C6_full_detail,normal,detail,True,True
1779496810.2047715,5833,8.9035,1779496810.195868,False,C6_full_detail,C6_full_detail,normal,detail,True,True
1779496810.3072336,5834,10.7484,1779496810.2964852,False,C6_full_detail,C6_full_detail,normal,detail,True,True
1779496810.4122853,5835,15.0995,1779496810.3971858,False,C6_full_detail,C6_full_detail,normal,detail,True,True
1779496810.515879,5836,17.8795,1779496810.4979994,False,C6_full_detail,C6_full_detail,normal,detail,True,True
1779496810.605696,5837,7.36,1779496810.598336,False,C6_full_detail,C6_full_detail,normal,detail,True,True
1779496810.7124836,5838,13.7279,1779496810.6987557,False,C6_full_detail,C6_full_detail,normal,detail,True,True
1779496810.8076534,5839,8.383,1779496810.7992704,False,C6_full_detail,C6_full_detail,normal,detail,True,True
1779496810.911396,5840,11.7736,1779496810.8996224,False,C6_full_detail,C6_full_detail,normal,detail,True,True
1779496811.0084455,5841,8.0435,1779496811.000402,False,C6_full_detail,C6_full_detail,normal,detail,True,True
1779496811.1190605,5842,17.6916,1779496811.101369,False,C6_full_detail,C6_full_detail,normal,detail,True,True
1779496811.2130573,5843,11.1935,1779496811.2018638,False,C6_full_detail,C6_full_detail,normal,detail,True,True
1779496811.3208852,5844,18.7078,1779496811.3021774,False,C6_full_detail,C6_full_detail,normal,detail,True,True
1779496811.4102557,5845,7.5088,1779496811.402747,False,C6_full_detail,C6_full_detail,normal,detail,True,True
1779496811.549356,5846,45.8417,1779496811.5035143,False,C6_full_detail,C6_full_detail,normal,detail,True,True
1779496811.6381757,5847,33.8392,1779496811.6043365,False,C6_full_detail,C6_full_detail,normal,detail,True,True
1779496811.7229347,5848,17.8196,1779496811.705115,False,C6_full_detail,C6_full_detail,normal,detail,True,True
1779496811.8631623,5849,57.5907,1779496811.8055716,False,C6_full_detail,C6_full_detail,normal,detail,True,True
1779496811.9565523,5850,50.3325,1779496811.9062197,False,C6_full_detail,C6_full_detail,normal,detail,True,True
1779496812.0419233,5851,34.1015,1779496812.0078218,False,C6_full_detail,C6_full_detail,normal,detail,True,True
1779496812.1294847,5852,21.1828,1779496812.1083019,False,C6_full_detail,C6_full_detail,normal,detail,True,True
1779496812.2651138,5853,56.3781,1779496812.2087357,False,C6_full_detail,C6_full_detail,normal,detail,True,True
1779496812.348175,5854,38.7843,1779496812.3093908,False,C6_full_detail,C6_full_detail,normal,detail,True,True
1779496812.436777,5855,25.491,1779496812.411286,False,C6_full_detail,C6_full_detail,normal,detail,True,True
1779496812.525812,5856,14.0183,1779496812.5117936,False,C6_full_detail,C6_full_detail,normal,detail,True,True
1779496812.6285663,5857,16.4123,1779496812.612154,False,C6_full_detail,C6_full_detail,normal,detail,True,True
1779496812.7244062,5858,11.7815,1779496812.7126248,False,C6_full_detail,C6_full_detail,normal,detail,True,True
1779496812.8371491,5859,23.947,1779496812.8132021,False,C6_full_detail,C6_full_detail,normal,detail,True,True
1779496812.922179,5860,8.6138,1779496812.9135652,False,C6_full_detail,C6_full_detail,normal,detail,True,True
1779496813.033918,5861,19.5594,1779496813.0143585,False,C6_full_detail,C6_full_detail,normal,detail,True,True
1779496813.126774,5862,11.9619,1779496813.1148121,False,C6_full_detail,C6_full_detail,normal,detail,True,True
1779496813.2325041,5863,17.4835,1779496813.2150207,False,C6_full_detail,C6_full_detail,normal,detail,True,True
1779496813.3303409,5864,14.6236,1779496813.3157172,False,C6_full_detail,C6_full_detail,normal,detail,True,True
1779496813.4279938,5865,12.0919,1779496813.415902,False,C6_full_detail,C6_full_detail,normal,detail,True,True
1779496813.530745,5866,14.3962,1779496813.5163488,False,C6_full_detail,C6_full_detail,normal,detail,True,True
1779496813.6232767,5867,6.2745,1779496813.6170022,False,C6_full_detail,C6_full_detail,normal,detail,True,True
1779496813.7847161,5868,67.1413,1779496813.7175748,False,C6_full_detail,C6_full_detail,normal,detail,True,True
1779496813.8711379,5869,52.9709,1779496813.818167,False,C6_full_detail,C6_full_detail,normal,detail,True,True
1779496813.957605,5870,39.2072,1779496813.9183977,False,C6_full_detail,C6_full_detail,normal,detail,True,True
1779496814.0451713,5871,26.5431,1779496814.0186281,False,C6_full_detail,C6_full_detail,normal,detail,True,True
1779496814.1241539,5872,5.2528,1779496814.118901,False,C6_full_detail,C6_full_detail,normal,detail,True,True
1779496814.2327576,5873,13.5593,1779496814.2191982,False,C6_full_detail,C6_full_detail,normal,detail,True,True
1779496814.3293283,5874,9.6731,1779496814.3196552,False,C6_full_detail,C6_full_detail,normal,detail,True,True
1779496814.4381065,5875,18.2214,1779496814.4198852,False,C6_full_detail,C6_full_detail,normal,detail,True,True
1779496814.5456784,5876,24.405,1779496814.5212734,False,C6_full_detail,C6_full_detail,normal,detail,True,True
1779496814.649021,5877,27.0643,1779496814.6219566,False,C6_full_detail,C6_full_detail,normal,detail,True,True
1779496814.7312374,5878,8.2047,1779496814.7230327,False,C6_full_detail,C6_full_detail,normal,detail,True,True
1779496814.8448606,5879,21.4441,1779496814.8234165,False,C6_full_detail,C6_full_detail,normal,detail,True,True
1779496814.933987,5880,10.1383,1779496814.9238486,False,C6_full_detail,C6_full_detail,normal,detail,True,True
1779496815.0340621,5881,4.1044,1779496815.0299578,False,C6_full_detail,C6_full_detail,normal,detail,True,True
1779496815.2004454,5882,70.0705,1779496815.130375,False,C6_full_detail,C6_full_detail,normal,detail,True,True
1779496815.249903,5883,18.9929,1779496815.23091,False,C6_full_detail,C6_full_detail,normal,detail,True,True
1779496815.339947,5884,8.3029,1779496815.331644,False,C6_full_detail,C6_full_detail,normal,detail,True,True
1779496815.4475162,5885,14.9093,1779496815.432607,False,C6_full_detail,C6_full_detail,normal,detail,True,True
1779496815.5427747,5886,9.5818,1779496815.5331929,False,C6_full_detail,C6_full_detail,normal,detail,True,True
1779496815.6502588,5887,16.6547,1779496815.633604,False,C6_full_detail,C6_full_detail,normal,detail,True,True
1779496815.745821,5888,11.4722,1779496815.7343488,False,C6_full_detail,C6_full_detail,normal,detail,True,True
1779496815.8553178,5889,20.4318,1779496815.834886,False,C6_full_detail,C6_full_detail,normal,detail,True,True
1779496815.9534974,5890,18.172,1779496815.9353254,False,C6_full_detail,C6_full_detail,normal,detail,True,True
1779496816.0580888,5891,22.5124,1779496816.0355763,False,C6_full_detail,C6_full_detail,normal,detail,True,True
1779496816.1567862,5892,20.6878,1779496816.1360984,False,C6_full_detail,C6_full_detail,normal,detail,True,True
1779496816.2422795,5893,5.621,1779496816.2366586,False,C6_full_detail,C6_full_detail,normal,detail,True,True
1779496816.3531106,5894,16.0129,1779496816.3370976,False,C6_full_detail,C6_full_detail,normal,detail,True,True
1779496816.4441745,5895,6.9165,1779496816.437258,False,C6_full_detail,C6_full_detail,normal,detail,True,True
1779496816.5456328,5896,6.1791,1779496816.5394537,False,C6_full_detail,C6_full_detail,normal,detail,True,True
1779496816.7156458,5897,75.1655,1779496816.6404803,False,C6_full_detail,C6_full_detail,normal,detail,True,True
1779496816.803303,5898,62.1059,1779496816.741197,False,C6_full_detail,C6_full_detail,normal,detail,True,True
1779496816.8752675,5899,33.8452,1779496816.8414223,False,C6_full_detail,C6_full_detail,normal,detail,True,True
1779496816.9590566,5900,16.8092,1779496816.9422474,False,C6_full_detail,C6_full_detail,normal,detail,True,True
1779496817.0543463,5901,9.0001,1779496817.0453463,False,C6_full_detail,C6_full_detail,normal,detail,True,True
1779496817.1640797,5902,17.6675,1779496817.1464121,False,C6_full_detail,C6_full_detail,normal,detail,True,True
1779496817.2676322,5903,20.7021,1779496817.2469301,False,C6_full_detail,C6_full_detail,normal,detail,True,True
1779496817.3701735,5904,22.8088,1779496817.3473647,False,C6_full_detail,C6_full_detail,normal,detail,True,True
1779496817.4665353,5905,18.7883,1779496817.447747,False,C6_full_detail,C6_full_detail,normal,detail,True,True
1779496817.5562766,5906,6.6192,1779496817.5496573,False,C6_full_detail,C6_full_detail,normal,detail,True,True
1779496817.6856518,5907,35.1541,1779496817.6504977,False,C6_full_detail,C6_full_detail,normal,detail,True,True
1779496817.7686167,5908,17.7271,1779496817.7508895,False,C6_full_detail,C6_full_detail,normal,detail,True,True
1779496817.8750107,5909,23.9801,1779496817.8510306,False,C6_full_detail,C6_full_detail,normal,detail,True,True
1779496817.9706485,5910,19.2018,1779496817.9514468,False,C6_full_detail,C6_full_detail,normal,detail,True,True
1779496818.0755906,5911,23.9716,1779496818.051619,False,C6_full_detail,C6_full_detail,normal,detail,True,True
1779496818.164955,5912,13.0446,1779496818.1519103,False,C6_full_detail,C6_full_detail,normal,detail,True,True
1779496818.2705662,5913,18.4941,1779496818.252072,False,C6_full_detail,C6_full_detail,normal,detail,True,True
1779496818.3632672,5914,10.9015,1779496818.3523657,False,C6_full_detail,C6_full_detail,normal,detail,True,True
1779496818.4718115,5915,19.2063,1779496818.4526052,False,C6_full_detail,C6_full_detail,normal,detail,True,True
1779496818.5674841,5916,14.5509,1779496818.5529332,False,C6_full_detail,C6_full_detail,normal,detail,True,True
1779496818.669914,5917,16.6483,1779496818.6532657,False,C6_full_detail,C6_full_detail,normal,detail,True,True
1779496818.765701,5918,11.8299,1779496818.7538712,False,C6_full_detail,C6_full_detail,normal,detail,True,True
1779496818.8764496,5919,21.7633,1779496818.8546863,False,C6_full_detail,C6_full_detail,normal,detail,True,True
1779496818.965622,5920,10.5522,1779496818.9550698,False,C6_full_detail,C6_full_detail,normal,detail,True,True
1779496819.078652,5921,23.2337,1779496819.0554183,False,C6_full_detail,C6_full_detail,normal,detail,True,True
1779496819.1793063,5922,23.7465,1779496819.1555598,False,C6_full_detail,C6_full_detail,normal,detail,True,True
1779496819.2770371,5923,21.0648,1779496819.2559724,False,C6_full_detail,C6_full_detail,normal,detail,True,True
1779496819.3827178,5924,26.3643,1779496819.3563535,False,C6_full_detail,C6_full_detail,normal,detail,True,True
1779496819.4658988,5925,9.0346,1779496819.456864,False,C6_full_detail,C6_full_detail,normal,detail,True,True
1779496819.6198707,5926,62.742,1779496819.5571287,False,C6_full_detail,C6_full_detail,normal,detail,True,True
1779496819.7033885,5927,45.9321,1779496819.6574564,False,C6_full_detail,C6_full_detail,normal,detail,True,True
1779496819.7876427,5928,29.6848,1779496819.757958,False,C6_full_detail,C6_full_detail,normal,detail,True,True
1779496819.8753073,5929,16.4447,1779496819.8588626,False,C6_full_detail,C6_full_detail,normal,detail,True,True
1779496820.0333552,5930,74.3232,1779496819.959032,False,C6_full_detail,C6_full_detail,normal,detail,True,True
1779496820.1192808,5931,59.4823,1779496820.0597985,False,C6_full_detail,C6_full_detail,normal,detail,True,True
1779496820.2077112,5932,47.8041,1779496820.159907,False,C6_full_detail,C6_full_detail,normal,detail,True,True
1779496820.293885,5933,33.319,1779496820.260566,False,C6_full_detail,C6_full_detail,normal,detail,True,True
1779496820.3844728,5934,23.2635,1779496820.3612094,False,C6_full_detail,C6_full_detail,normal,detail,True,True
1779496820.47925,5935,17.8294,1779496820.4614205,False,C6_full_detail,C6_full_detail,normal,detail,True,True
1779496820.572636,5936,10.9818,1779496820.561654,False,C6_full_detail,C6_full_detail,normal,detail,True,True
1779496820.6720996,5937,10.0343,1779496820.6620653,False,C6_full_detail,C6_full_detail,normal,detail,True,True
1779496820.7785292,5938,16.1955,1779496820.7623336,False,C6_full_detail,C6_full_detail,normal,detail,True,True
1779496820.8680973,5939,5.5199,1779496820.8625774,False,C6_full_detail,C6_full_detail,normal,detail,True,True
1779496820.9799242,5940,16.6683,1779496820.963256,False,C6_full_detail,C6_full_detail,normal,detail,True,True
1779496821.0713253,5941,7.1816,1779496821.0641437,False,C6_full_detail,C6_full_detail,normal,detail,True,True
1779496821.1849737,5942,19.9637,1779496821.16501,False,C6_full_detail,C6_full_detail,normal,detail,True,True
1779496821.2739627,5943,8.2507,1779496821.265712,False,C6_full_detail,C6_full_detail,normal,detail,True,True
1779496821.3839884,5944,18.1146,1779496821.3658738,False,C6_full_detail,C6_full_detail,normal,detail,True,True
1779496821.481014,5945,14.5588,1779496821.4664552,False,C6_full_detail,C6_full_detail,normal,detail,True,True
1779496821.599942,5946,32.7218,1779496821.5672202,False,C6_full_detail,C6_full_detail,normal,detail,True,True
1779496821.6924782,5947,24.617,1779496821.6678612,False,C6_full_detail,C6_full_detail,normal,detail,True,True
1779496821.7852855,5948,16.7518,1779496821.7685337,False,C6_full_detail,C6_full_detail,normal,detail,True,True
1779496821.8773925,5949,8.3134,1779496821.869079,False,C6_full_detail,C6_full_detail,normal,detail,True,True
1779496821.9903328,5950,20.6432,1779496821.9696896,False,C6_full_detail,C6_full_detail,normal,detail,True,True
1779496822.0785344,5951,8.5392,1779496822.0699952,False,C6_full_detail,C6_full_detail,normal,detail,True,True
1779496822.1899688,5952,19.1898,1779496822.170779,False,C6_full_detail,C6_full_detail,normal,detail,True,True
1779496822.2974632,5953,26.2191,1779496822.271244,False,C6_full_detail,C6_full_detail,normal,detail,True,True
1779496822.395018,5954,23.5934,1779496822.3714247,False,C6_full_detail,C6_full_detail,normal,detail,True,True
1779496822.4811554,5955,8.9726,1779496822.4721828,False,C6_full_detail,C6_full_detail,normal,detail,True,True
1779496822.5908916,5956,18.3065,1779496822.572585,False,C6_full_detail,C6_full_detail,normal,detail,True,True
1779496822.684914,5957,11.4496,1779496822.6734645,False,C6_full_detail,C6_full_detail,normal,detail,True,True
1779496822.7900126,5958,15.6455,1779496822.774367,False,C6_full_detail,C6_full_detail,normal,detail,True,True
1779496822.8853385,5959,10.205,1779496822.8751335,False,C6_full_detail,C6_full_detail,normal,detail,True,True
1779496822.999652,5960,24.3173,1779496822.9753346,False,C6_full_detail,C6_full_detail,normal,detail,True,True
1779496823.0874248,5961,11.1766,1779496823.0762482,False,C6_full_detail,C6_full_detail,normal,detail,True,True
1779496823.18679,5962,9.6245,1779496823.1771655,False,C6_full_detail,C6_full_detail,normal,detail,True,True
1779496823.2927527,5963,15.2147,1779496823.277538,False,C6_full_detail,C6_full_detail,normal,detail,True,True
1779496823.3898194,5964,11.8413,1779496823.377978,False,C6_full_detail,C6_full_detail,normal,detail,True,True
1779496823.4990315,5965,20.0205,1779496823.479011,False,C6_full_detail,C6_full_detail,normal,detail,True,True
1779496823.5912807,5966,11.8003,1779496823.5794804,False,C6_full_detail,C6_full_detail,normal,detail,True,True
1779496823.7027354,5967,22.9559,1779496823.6797795,False,C6_full_detail,C6_full_detail,normal,detail,True,True
1779496823.791033,5968,10.3605,1779496823.7806726,False,C6_full_detail,C6_full_detail,normal,detail,True,True
1779496823.9018853,5969,20.7355,1779496823.8811498,False,C6_full_detail,C6_full_detail,normal,detail,True,True
1779496824.03354,5970,51.9269,1779496823.9816132,False,C6_full_detail,C6_full_detail,normal,detail,True,True
1779496824.1236303,5971,41.7161,1779496824.0819142,False,C6_full_detail,C6_full_detail,normal,detail,True,True
1779496824.2157094,5972,33.55,1779496824.1821594,False,C6_full_detail,C6_full_detail,normal,detail,True,True
1779496824.2995906,5973,17.195,1779496824.2823956,False,C6_full_detail,C6_full_detail,normal,detail,True,True
1779496824.4022355,5974,18.78,1779496824.3834555,False,C6_full_detail,C6_full_detail,normal,detail,True,True
1779496824.5330136,5975,49.3541,1779496824.4836595,False,C6_full_detail,C6_full_detail,normal,detail,True,True
1779496824.6181035,5976,33.8097,1779496824.5842938,False,C6_full_detail,C6_full_detail,normal,detail,True,True
1779496824.7047591,5977,20.005,1779496824.6847541,False,C6_full_detail,C6_full_detail,normal,detail,True,True
1779496824.8001208,5978,15.1637,1779496824.7849572,False,C6_full_detail,C6_full_detail,normal,detail,True,True
1779496824.899298,5979,13.5407,1779496824.8857572,False,C6_full_detail,C6_full_detail,normal,detail,True,True
1779496825.0454571,5980,57.662,1779496824.987795,False,C6_full_detail,C6_full_detail,normal,detail,True,True
1779496825.132567,5981,44.4264,1779496825.0881405,False,C6_full_detail,C6_full_detail,normal,detail,True,True
1779496825.2210302,5982,32.4061,1779496825.1886241,False,C6_full_detail,C6_full_detail,normal,detail,True,True
1779496825.3147995,5983,26.0479,1779496825.2887516,False,C6_full_detail,C6_full_detail,normal,detail,True,True
1779496825.40864,5984,19.4044,1779496825.3892355,False,C6_full_detail,C6_full_detail,normal,detail,True,True
1779496825.537053,5985,47.4494,1779496825.4896038,False,C6_full_detail,C6_full_detail,normal,detail,True,True
1779496825.621516,5986,31.2033,1779496825.5903127,False,C6_full_detail,C6_full_detail,normal,detail,True,True
1779496825.7058957,5987,15.3236,1779496825.690572,False,C6_full_detail,C6_full_detail,normal,detail,True,True
1779496825.8104775,5988,19.357,1779496825.7911205,False,C6_full_detail,C6_full_detail,normal,detail,True,True
1779496825.9766383,5989,82.7506,1779496825.8938878,False,C6_full_detail,C6_full_detail,normal,detail,True,True
1779496826.061757,5990,66.8688,1779496825.9948883,False,C6_full_detail,C6_full_detail,normal,detail,True,True
1779496826.1486375,5991,53.2396,1779496826.095398,False,C6_full_detail,C6_full_detail,normal,detail,True,True
1779496826.233849,5992,38.1012,1779496826.1957479,False,C6_full_detail,C6_full_detail,normal,detail,True,True
1779496826.3188405,5993,22.6362,1779496826.2962043,False,C6_full_detail,C6_full_detail,normal,detail,True,True
1779496826.4279022,5994,26.6659,1779496826.4012363,False,C6_full_detail,C6_full_detail,normal,detail,True,True
1779496826.5231104,5995,21.2407,1779496826.5018697,False,C6_full_detail,C6_full_detail,normal,detail,True,True
1779496826.6119199,5996,9.6776,1779496826.6022422,False,C6_full_detail,C6_full_detail,normal,detail,True,True
1779496826.717867,5997,14.5953,1779496826.7032716,False,C6_full_detail,C6_full_detail,normal,detail,True,True
1779496826.8134634,5998,9.6672,1779496826.8037963,False,C6_full_detail,C6_full_detail,normal,detail,True,True
1779496826.9114206,5999,7.3378,1779496826.9040828,False,C6_full_detail,C6_full_detail,normal,detail,True,True
1779496827.0139694,6000,9.6292,1779496827.0043402,False,C6_full_detail,C6_full_detail,normal,detail,True,True
1779496827.1260889,6001,21.21,1779496827.104879,False,C6_full_detail,C6_full_detail,normal,detail,True,True
1779496827.215587,6002,10.2444,1779496827.2053425,False,C6_full_detail,C6_full_detail,normal,detail,True,True
1779496827.3215766,6003,15.7723,1779496827.3058043,False,C6_full_detail,C6_full_detail,normal,detail,True,True
1779496827.4176424,6004,10.4308,1779496827.4072115,False,C6_full_detail,C6_full_detail,normal,detail,True,True
1779496827.5223699,6005,13.9639,1779496827.508406,False,C6_full_detail,C6_full_detail,normal,detail,True,True
1779496827.6223063,6006,13.1679,1779496827.6091385,False,C6_full_detail,C6_full_detail,normal,detail,True,True
1779496827.7313755,6007,21.6963,1779496827.7096791,False,C6_full_detail,C6_full_detail,normal,detail,True,True
1779496827.818671,6008,8.5814,1779496827.8100896,False,C6_full_detail,C6_full_detail,normal,detail,True,True
1779496827.9271157,6009,16.1827,1779496827.910933,False,C6_full_detail,C6_full_detail,normal,detail,True,True
1779496828.0210705,6010,9.12,1779496828.0119505,False,C6_full_detail,C6_full_detail,normal,detail,True,True
1779496828.1485574,6011,36.176,1779496828.1123815,False,C6_full_detail,C6_full_detail,normal,detail,True,True
1779496828.2387218,6012,25.7072,1779496828.2130146,False,C6_full_detail,C6_full_detail,normal,detail,True,True
1779496828.3353992,6013,21.9958,1779496828.3134034,False,C6_full_detail,C6_full_detail,normal,detail,True,True
1779496828.4293368,6014,15.2285,1779496828.4141083,False,C6_full_detail,C6_full_detail,normal,detail,True,True
1779496828.5323346,6015,17.9865,1779496828.514348,False,C6_full_detail,C6_full_detail,normal,detail,True,True
1779496828.6509757,6016,35.9404,1779496828.6150353,False,C6_full_detail,C6_full_detail,normal,detail,True,True
1779496828.7352462,6017,19.3615,1779496828.7158847,False,C6_full_detail,C6_full_detail,normal,detail,True,True
1779496828.8573244,6018,40.8695,1779496828.816455,False,C6_full_detail,C6_full_detail,normal,detail,True,True
1779496828.9443119,6019,27.4296,1779496828.9168823,False,C6_full_detail,C6_full_detail,normal,detail,True,True
1779496829.0317233,6020,14.7262,1779496829.016997,False,C6_full_detail,C6_full_detail,normal,detail,True,True
1779496829.1370752,6021,19.9041,1779496829.117171,False,C6_full_detail,C6_full_detail,normal,detail,True,True
1779496829.227392,6022,9.4104,1779496829.2179816,False,C6_full_detail,C6_full_detail,normal,detail,True,True
1779496829.3343132,6023,15.9943,1779496829.3183188,False,C6_full_detail,C6_full_detail,normal,detail,True,True
1779496829.4287972,6024,9.8953,1779496829.418902,False,C6_full_detail,C6_full_detail,normal,detail,True,True
1779496829.540282,6025,20.8778,1779496829.5194042,False,C6_full_detail,C6_full_detail,normal,detail,True,True
1779496829.6319957,6026,12.0757,1779496829.61992,False,C6_full_detail,C6_full_detail,normal,detail,True,True
1779496829.727875,6027,7.3562,1779496829.7205188,False,C6_full_detail,C6_full_detail,normal,detail,True,True
1779496829.841582,6028,20.2591,1779496829.821323,False,C6_full_detail,C6_full_detail,normal,detail,True,True
1779496829.9310331,6029,8.7903,1779496829.9222429,False,C6_full_detail,C6_full_detail,normal,detail,True,True
1779496830.0421247,6030,19.5587,1779496830.022566,False,C6_full_detail,C6_full_detail,normal,detail,True,True
1779496830.1374009,6031,14.648,1779496830.122753,False,C6_full_detail,C6_full_detail,normal,detail,True,True
1779496830.2429814,6032,19.7432,1779496830.2232382,False,C6_full_detail,C6_full_detail,normal,detail,True,True
1779496830.335413,6033,11.3475,1779496830.3240654,False,C6_full_detail,C6_full_detail,normal,detail,True,True
1779496830.4345746,6034,10.0889,1779496830.4244857,False,C6_full_detail,C6_full_detail,normal,detail,True,True
1779496830.5566318,6035,24.7176,1779496830.5319142,False,C6_full_detail,C6_full_detail,normal,detail,True,True
1779496830.6473162,6036,14.9875,1779496830.6323287,False,C6_full_detail,C6_full_detail,normal,detail,True,True
1779496830.7445536,6037,12.0285,1779496830.732525,False,C6_full_detail,C6_full_detail,normal,detail,True,True
1779496830.8505445,6038,17.1783,1779496830.8333662,False,C6_full_detail,C6_full_detail,normal,detail,True,True
1779496830.9559126,6039,21.935,1779496830.9339776,False,C6_full_detail,C6_full_detail,normal,detail,True,True
1779496831.0417943,6040,7.2715,1779496831.0345228,False,C6_full_detail,C6_full_detail,normal,detail,True,True
1779496831.1924677,6041,57.6861,1779496831.1347816,False,C6_full_detail,C6_full_detail,normal,detail,True,True
1779496831.3130562,6042,77.8933,1779496831.235163,False,C6_full_detail,C6_full_detail,normal,detail,True,True
1779496831.3501296,6043,14.0254,1779496831.3361042,False,C6_full_detail,C6_full_detail,normal,detail,True,True
1779496831.5188355,6044,82.1822,1779496831.4366534,False,C6_full_detail,C6_full_detail,normal,detail,True,True
1779496831.543353,6045,6.0368,1779496831.5373163,False,C6_full_detail,C6_full_detail,normal,detail,True,True
1779496831.666091,6046,27.3576,1779496831.6387334,False,C6_full_detail,C6_full_detail,normal,detail,True,True
1779496831.749297,6047,9.5539,1779496831.739743,False,C6_full_detail,C6_full_detail,normal,detail,True,True
1779496831.8600585,6048,19.7215,1779496831.840337,False,C6_full_detail,C6_full_detail,normal,detail,True,True
1779496831.952737,6049,12.1772,1779496831.9405599,False,C6_full_detail,C6_full_detail,normal,detail,True,True
1779496832.0513668,6050,6.2845,1779496832.0450823,False,C6_full_detail,C6_full_detail,normal,detail,True,True
1779496832.153968,6051,7.5243,1779496832.1464438,False,C6_full_detail,C6_full_detail,normal,detail,True,True
1779496832.265216,6052,18.2872,1779496832.246929,False,C6_full_detail,C6_full_detail,normal,detail,True,True
1779496832.3579426,6053,10.833,1779496832.3471096,False,C6_full_detail,C6_full_detail,normal,detail,True,True
1779496832.4657524,6054,18.3754,1779496832.447377,False,C6_full_detail,C6_full_detail,normal,detail,True,True
1779496832.5548427,6055,4.6997,1779496832.550143,False,C6_full_detail,C6_full_detail,normal,detail,True,True
1779496832.669455,6056,18.4369,1779496832.6510181,False,C6_full_detail,C6_full_detail,normal,detail,True,True
1779496832.7632673,6057,11.7865,1779496832.7514808,False,C6_full_detail,C6_full_detail,normal,detail,True,True
1779496832.8737462,6058,21.5445,1779496832.8522017,False,C6_full_detail,C6_full_detail,normal,detail,True,True
1779496832.9691286,6059,16.5548,1779496832.9525738,False,C6_full_detail,C6_full_detail,normal,detail,True,True
1779496833.0608354,6060,5.4471,1779496833.0553882,False,C6_full_detail,C6_full_detail,normal,detail,True,True
1779496833.184265,6061,27.6034,1779496833.1566615,False,C6_full_detail,C6_full_detail,normal,detail,True,True
1779496833.2887683,6062,31.7121,1779496833.2570562,False,C6_full_detail,C6_full_detail,normal,detail,True,True
1779496833.3705878,6063,12.9187,1779496833.357669,False,C6_full_detail,C6_full_detail,normal,detail,True,True
1779496833.4630148,6064,4.6611,1779496833.4583538,False,C6_full_detail,C6_full_detail,normal,detail,True,True
1779496833.572755,6065,11.9774,1779496833.5607777,False,C6_full_detail,C6_full_detail,normal,detail,True,True
1779496833.6705546,6066,8.9891,1779496833.6615655,False,C6_full_detail,C6_full_detail,normal,detail,True,True
1779496833.7772126,6067,15.3544,1779496833.7618582,False,C6_full_detail,C6_full_detail,normal,detail,True,True
1779496833.8739347,6068,11.7605,1779496833.8621743,False,C6_full_detail,C6_full_detail,normal,detail,True,True
1779496833.974696,6069,11.9247,1779496833.9627712,False,C6_full_detail,C6_full_detail,normal,detail,True,True
1779496834.0751042,6070,5.8463,1779496834.069258,False,C6_full_detail,C6_full_detail,normal,detail,True,True
1779496834.1789486,6071,7.8831,1779496834.1710656,False,C6_full_detail,C6_full_detail,normal,detail,True,True
1779496834.2874992,6072,15.9948,1779496834.2715044,False,C6_full_detail,C6_full_detail,normal,detail,True,True
1779496834.378333,6073,6.2439,1779496834.3720891,False,C6_full_detail,C6_full_detail,normal,detail,True,True
1779496834.4912314,6074,18.085,1779496834.4731464,False,C6_full_detail,C6_full_detail,normal,detail,True,True
1779496834.5976248,6075,23.8848,1779496834.57374,False,C6_full_detail,C6_full_detail,normal,detail,True,True
1779496834.7073457,6076,32.8157,1779496834.67453,False,C6_full_detail,C6_full_detail,normal,detail,True,True
1779496834.793375,6077,18.3988,1779496834.7749763,False,C6_full_detail,C6_full_detail,normal,detail,True,True
1779496834.896811,6078,21.5557,1779496834.8752553,False,C6_full_detail,C6_full_detail,normal,detail,True,True
1779496834.989824,6079,14.0159,1779496834.9758081,False,C6_full_detail,C6_full_detail,normal,detail,True,True
1779496835.0807981,6080,4.6265,1779496835.0761716,False,C6_full_detail,C6_full_detail,normal,detail,True,True
1779496835.1939878,6081,17.081,1779496835.1769068,False,C6_full_detail,C6_full_detail,normal,detail,True,True
1779496835.2864218,6082,9.1586,1779496835.2772632,False,C6_full_detail,C6_full_detail,normal,detail,True,True
1779496835.401985,6083,24.1516,1779496835.3778334,False,C6_full_detail,C6_full_detail,normal,detail,True,True
1779496835.4871197,6084,8.8854,1779496835.4782343,False,C6_full_detail,C6_full_detail,normal,detail,True,True
1779496835.5861619,6085,7.6303,1779496835.5785315,False,C6_full_detail,C6_full_detail,normal,detail,True,True
1779496835.6880386,6086,9.0585,1779496835.67898,False,C6_full_detail,C6_full_detail,normal,detail,True,True
1779496835.8000622,6087,20.5631,1779496835.779499,False,C6_full_detail,C6_full_detail,normal,detail,True,True
1779496835.8920865,6088,12.3909,1779496835.8796957,False,C6_full_detail,C6_full_detail,normal,detail,True,True
1779496836.0017533,6089,21.0702,1779496835.980683,False,C6_full_detail,C6_full_detail,normal,detail,True,True
1779496836.0916257,6090,10.3602,1779496836.0812654,False,C6_full_detail,C6_full_detail,normal,detail,True,True
1779496836.190255,6091,8.4314,1779496836.1818235,False,C6_full_detail,C6_full_detail,normal,detail,True,True
1779496836.2995381,6092,17.271,1779496836.282267,False,C6_full_detail,C6_full_detail,normal,detail,True,True
1779496836.3912704,6093,8.6551,1779496836.3826153,False,C6_full_detail,C6_full_detail,normal,detail,True,True
1779496836.4967442,6094,13.2127,1779496836.4835315,False,C6_full_detail,C6_full_detail,normal,detail,True,True
1779496836.6075237,6095,23.4137,1779496836.58411,False,C6_full_detail,C6_full_detail,normal,detail,True,True
1779496836.7009938,6096,16.1252,1779496836.6848686,False,C6_full_detail,C6_full_detail,normal,detail,True,True
1779496836.806969,6097,21.1854,1779496836.7857835,False,C6_full_detail,C6_full_detail,normal,detail,True,True
1779496836.901322,6098,14.9956,1779496836.8863263,False,C6_full_detail,C6_full_detail,normal,detail,True,True
1779496836.994626,6099,7.7436,1779496836.9868824,False,C6_full_detail,C6_full_detail,normal,detail,True,True
1779496837.1053004,6100,17.8835,1779496837.087417,False,C6_full_detail,C6_full_detail,normal,detail,True,True
1779496837.193714,6101,5.5177,1779496837.1881962,False,C6_full_detail,C6_full_detail,normal,detail,True,True
1779496837.30184,6102,12.8334,1779496837.2890067,False,C6_full_detail,C6_full_detail,normal,detail,True,True
1779496837.4123282,6103,23.0334,1779496837.3892949,False,C6_full_detail,C6_full_detail,normal,detail,True,True
1779496837.5009353,6104,10.4241,1779496837.4905112,False,C6_full_detail,C6_full_detail,normal,detail,True,True
1779496837.6057777,6105,14.8575,1779496837.5909202,False,C6_full_detail,C6_full_detail,normal,detail,True,True
1779496837.7003307,6106,8.8482,1779496837.6914825,False,C6_full_detail,C6_full_detail,normal,detail,True,True
1779496837.8500674,6107,57.9855,1779496837.7920818,False,C6_full_detail,C6_full_detail,normal,detail,True,True
1779496837.9349399,6108,42.5606,1779496837.8923793,False,C6_full_detail,C6_full_detail,normal,detail,True,True
1779496838.0293944,6109,36.375,1779496837.9930193,False,C6_full_detail,C6_full_detail,normal,detail,True,True
1779496838.1141727,6110,20.3705,1779496838.0938022,False,C6_full_detail,C6_full_detail,normal,detail,True,True
1779496838.2200034,6111,25.45,1779496838.1945534,False,C6_full_detail,C6_full_detail,normal,detail,True,True
1779496838.307834,6112,12.7559,1779496838.295078,False,C6_full_detail,C6_full_detail,normal,detail,True,True
1779496838.4600532,6113,64.1062,1779496838.395947,False,C6_full_detail,C6_full_detail,normal,detail,True,True
1779496838.546296,6114,50.2043,1779496838.4960916,False,C6_full_detail,C6_full_detail,normal,detail,True,True
1779496838.6426263,6115,46.2015,1779496838.5964248,False,C6_full_detail,C6_full_detail,normal,detail,True,True
1779496838.7297351,6116,31.2076,1779496838.6985276,False,C6_full_detail,C6_full_detail,normal,detail,True,True
1779496838.819967,6117,20.3598,1779496838.7996073,False,C6_full_detail,C6_full_detail,normal,detail,True,True
1779496838.9157002,6118,15.1095,1779496838.9005907,False,C6_full_detail,C6_full_detail,normal,detail,True,True
1779496839.046873,6119,45.5489,1779496839.0013242,False,C6_full_detail,C6_full_detail,normal,detail,True,True
1779496839.1291182,6120,27.0193,1779496839.102099,False,C6_full_detail,C6_full_detail,normal,detail,True,True
1779496839.2093258,6121,5.8768,1779496839.203449,False,C6_full_detail,C6_full_detail,normal,detail,True,True
1779496839.3168705,6122,12.4874,1779496839.304383,False,C6_full_detail,C6_full_detail,normal,detail,True,True
1779496839.425823,6123,21.3001,1779496839.404523,False,C6_full_detail,C6_full_detail,normal,detail,True,True
1779496839.555822,6124,50.9455,1779496839.5048764,False,C6_full_detail,C6_full_detail,normal,detail,True,True
1779496839.6405492,6125,35.4798,1779496839.6050694,False,C6_full_detail,C6_full_detail,normal,detail,True,True
1779496839.7161622,6126,10.2429,1779496839.7059193,False,C6_full_detail,C6_full_detail,normal,detail,True,True
1779496839.8333912,6127,27.0474,1779496839.8063438,False,C6_full_detail,C6_full_detail,normal,detail,True,True
1779496839.9225807,6128,16.129,1779496839.9064517,False,C6_full_detail,C6_full_detail,normal,detail,True,True
1779496840.0554924,6129,48.6243,1779496840.0068681,False,C6_full_detail,C6_full_detail,normal,detail,True,True
1779496840.143026,6130,35.5849,1779496840.1074412,False,C6_full_detail,C6_full_detail,normal,detail,True,True
1779496840.2273788,6131,19.0647,1779496840.2083142,False,C6_full_detail,C6_full_detail,normal,detail,True,True
1779496840.3279843,6132,19.0523,1779496840.308932,False,C6_full_detail,C6_full_detail,normal,detail,True,True
1779496840.4216123,6133,12.5594,1779496840.4090528,False,C6_full_detail,C6_full_detail,normal,detail,True,True
1779496840.550712,6134,41.4536,1779496840.5092585,False,C6_full_detail,C6_full_detail,normal,detail,True,True
1779496840.6325884,6135,22.5608,1779496840.6100276,False,C6_full_detail,C6_full_detail,normal,detail,True,True
1779496840.727665,6136,17.3614,1779496840.7103035,False,C6_full_detail,C6_full_detail,normal,detail,True,True
1779496840.8185487,6137,7.9219,1779496840.8106267,False,C6_full_detail,C6_full_detail,normal,detail,True,True
1779496840.9260583,6138,14.9274,1779496840.911131,False,C6_full_detail,C6_full_detail,normal,detail,True,True
1779496841.0409803,6139,29.3899,1779496841.0115905,False,C6_full_detail,C6_full_detail,normal,detail,True,True
1779496841.1300316,6140,17.6194,1779496841.1124122,False,C6_full_detail,C6_full_detail,normal,detail,True,True
1779496841.2231758,6141,10.37,1779496841.2128057,False,C6_full_detail,C6_full_detail,normal,detail,True,True
1779496841.3174677,6142,4.1702,1779496841.3132975,False,C6_full_detail,C6_full_detail,normal,detail,True,True
1779496841.4831238,6143,69.0045,1779496841.4141192,False,C6_full_detail,C6_full_detail,normal,detail,True,True
1779496841.5530798,6144,38.6264,1779496841.5144534,False,C6_full_detail,C6_full_detail,normal,detail,True,True
1779496841.6555028,6145,40.2911,1779496841.6152117,False,C6_full_detail,C6_full_detail,normal,detail,True,True
1779496841.7401357,6146,24.5712,1779496841.7155645,False,C6_full_detail,C6_full_detail,normal,detail,True,True
1779496841.832482,6147,16.3088,1779496841.8161733,False,C6_full_detail,C6_full_detail,normal,detail,True,True
1779496841.9323306,6148,15.7158,1779496841.9166148,False,C6_full_detail,C6_full_detail,normal,detail,True,True
1779496842.0676255,6149,50.8442,1779496842.0167813,False,C6_full_detail,C6_full_detail,normal,detail,True,True
1779496842.1573384,6150,39.9318,1779496842.1174066,False,C6_full_detail,C6_full_detail,normal,detail,True,True
1779496842.2394574,6151,21.4856,1779496842.2179718,False,C6_full_detail,C6_full_detail,normal,detail,True,True
1779496842.327063,6152,8.3208,1779496842.3187423,False,C6_full_detail,C6_full_detail,normal,detail,True,True
1779496842.4415329,6153,22.0079,1779496842.419525,False,C6_full_detail,C6_full_detail,normal,detail,True,True
1779496842.5459104,6154,25.4982,1779496842.5204122,False,C6_full_detail,C6_full_detail,normal,detail,True,True
1779496842.6407402,6155,19.6276,1779496842.6211126,False,C6_full_detail,C6_full_detail,normal,detail,True,True
1779496842.7318559,6156,9.8872,1779496842.7219687,False,C6_full_detail,C6_full_detail,normal,detail,True,True
1779496842.8350656,6157,12.6011,1779496842.8224645,False,C6_full_detail,C6_full_detail,normal,detail,True,True
1779496842.9320674,6158,9.0342,1779496842.9230332,False,C6_full_detail,C6_full_detail,normal,detail,True,True
1779496843.059339,6159,35.882,1779496843.023457,False,C6_full_detail,C6_full_detail,normal,detail,True,True
1779496843.144581,6160,20.982,1779496843.123599,False,C6_full_detail,C6_full_detail,normal,detail,True,True
1779496843.2398643,6161,15.697,1779496843.2241673,False,C6_full_detail,C6_full_detail,normal,detail,True,True
1779496843.330427,6162,6.1364,1779496843.3242905,False,C6_full_detail,C6_full_detail,normal,detail,True,True
1779496843.4838066,6163,48.9271,1779496843.4348795,False,C6_full_detail,C6_full_detail,normal,detail,True,True
1779496843.5706775,6164,35.0735,1779496843.535604,False,C6_full_detail,C6_full_detail,normal,detail,True,True
1779496843.656047,6165,20.2796,1779496843.6357675,False,C6_full_detail,C6_full_detail,normal,detail,True,True
1779496843.7670958,6166,30.6752,1779496843.7364206,False,C6_full_detail,C6_full_detail,normal,detail,True,True
1779496843.8551273,6167,18.4941,1779496843.8366332,False,C6_full_detail,C6_full_detail,normal,detail,True,True
1779496843.946729,6168,9.8677,1779496843.9368613,False,C6_full_detail,C6_full_detail,normal,detail,True,True
1779496844.0561738,6169,18.9438,1779496844.03723,False,C6_full_detail,C6_full_detail,normal,detail,True,True
1779496844.1504483,6170,13.0458,1779496844.1374025,False,C6_full_detail,C6_full_detail,normal,detail,True,True
1779496844.2999036,6171,61.6555,1779496844.238248,False,C6_full_detail,C6_full_detail,normal,detail,True,True
1779496844.3913665,6172,52.0194,1779496844.3393471,False,C6_full_detail,C6_full_detail,normal,detail,True,True
1779496844.476545,6173,36.6142,1779496844.439931,False,C6_full_detail,C6_full_detail,normal,detail,True,True
1779496844.5609794,6174,20.4542,1779496844.5405252,False,C6_full_detail,C6_full_detail,normal,detail,True,True
1779496844.6467824,6175,5.7642,1779496844.6410182,False,C6_full_detail,C6_full_detail,normal,detail,True,True
1779496844.75866,6176,17.2975,1779496844.7413626,False,C6_full_detail,C6_full_detail,normal,detail,True,True
1779496844.8509808,6177,9.5038,1779496844.841477,False,C6_full_detail,C6_full_detail,normal,detail,True,True
1779496844.9661705,6178,23.8049,1779496844.9423656,False,C6_full_detail,C6_full_detail,normal,detail,True,True
1779496845.0634983,6179,20.386,1779496845.0431123,False,C6_full_detail,C6_full_detail,normal,detail,True,True
1779496845.1541545,6180,10.5138,1779496845.1436408,False,C6_full_detail,C6_full_detail,normal,detail,True,True
1779496845.2636817,6181,19.6207,1779496845.244061,False,C6_full_detail,C6_full_detail,normal,detail,True,True
1779496845.357475,6182,12.8946,1779496845.3445804,False,C6_full_detail,C6_full_detail,normal,detail,True,True
1779496845.4884512,6183,43.0913,1779496845.44536,False,C6_full_detail,C6_full_detail,normal,detail,True,True
1779496845.5716736,6184,25.1164,1779496845.5465572,False,C6_full_detail,C6_full_detail,normal,detail,True,True
1779496845.7049344,6185,57.8496,1779496845.6470847,False,C6_full_detail,C6_full_detail,normal,detail,True,True
1779496845.7895746,6186,42.2413,1779496845.7473333,False,C6_full_detail,C6_full_detail,normal,detail,True,True
1779496845.8708222,6187,23.1707,1779496845.8476515,False,C6_full_detail,C6_full_detail,normal,detail,True,True
1779496845.9559875,6188,5.0881,1779496845.9508994,False,C6_full_detail,C6_full_detail,normal,detail,True,True
1779496846.0679965,6189,16.1145,1779496846.051882,False,C6_full_detail,C6_full_detail,normal,detail,True,True
1779496846.1661382,6190,13.5171,1779496846.152621,False,C6_full_detail,C6_full_detail,normal,detail,True,True
1779496846.2697654,6191,16.6426,1779496846.2531228,False,C6_full_detail,C6_full_detail,normal,detail,True,True
1779496846.363821,6192,10.5515,1779496846.3532696,False,C6_full_detail,C6_full_detail,normal,detail,True,True
1779496846.4609687,6193,7.1726,1779496846.4537961,False,C6_full_detail,C6_full_detail,normal,detail,True,True
1779496846.564206,6194,8.6977,1779496846.5555081,False,C6_full_detail,C6_full_detail,normal,detail,True,True
1779496846.6911714,6195,35.0249,1779496846.6561465,False,C6_full_detail,C6_full_detail,normal,detail,True,True
1779496846.7761796,6196,19.1944,1779496846.7569852,False,C6_full_detail,C6_full_detail,normal,detail,True,True
1779496846.878146,6197,20.4792,1779496846.8576667,False,C6_full_detail,C6_full_detail,normal,detail,True,True
1779496847.0135648,6198,55.6829,1779496846.957882,False,C6_full_detail,C6_full_detail,normal,detail,True,True
1779496847.0789647,6199,20.3066,1779496847.0586581,False,C6_full_detail,C6_full_detail,normal,detail,True,True
1779496847.1765325,6200,17.158,1779496847.1593745,False,C6_full_detail,C6_full_detail,normal,detail,True,True
1779496847.2660348,6201,6.0198,1779496847.260015,False,C6_full_detail,C6_full_detail,normal,detail,True,True
1779496847.3747177,6202,14.4684,1779496847.3602493,False,C6_full_detail,C6_full_detail,normal,detail,True,True
1779496847.4719012,6203,11.5407,1779496847.4603605,False,C6_full_detail,C6_full_detail,normal,detail,True,True
1779496847.5735688,6204,12.5926,1779496847.5609763,False,C6_full_detail,C6_full_detail,normal,detail,True,True
1779496847.669451,6205,8.0886,1779496847.6613624,False,C6_full_detail,C6_full_detail,normal,detail,True,True
1779496847.7756462,6206,13.8099,1779496847.7618363,False,C6_full_detail,C6_full_detail,normal,detail,True,True
1779496847.8672183,6207,4.6077,1779496847.8626106,False,C6_full_detail,C6_full_detail,normal,detail,True,True
1779496847.9738026,6208,10.715,1779496847.9630876,False,C6_full_detail,C6_full_detail,normal,detail,True,True
1779496848.0864377,6209,22.7823,1779496848.0636554,False,C6_full_detail,C6_full_detail,normal,detail,True,True
1779496848.1763833,6210,12.3336,1779496848.1640496,False,C6_full_detail,C6_full_detail,normal,detail,True,True
1779496848.2858853,6211,21.5247,1779496848.2643607,False,C6_full_detail,C6_full_detail,normal,detail,True,True
1779496848.3783844,6212,13.2868,1779496848.3650975,False,C6_full_detail,C6_full_detail,normal,detail,True,True
1779496848.485049,6213,19.3532,1779496848.4656959,False,C6_full_detail,C6_full_detail,normal,detail,True,True
1779496848.5829809,6214,16.6423,1779496848.5663385,False,C6_full_detail,C6_full_detail,normal,detail,True,True
1779496848.6739295,6215,7.3385,1779496848.666591,False,C6_full_detail,C6_full_detail,normal,detail,True,True
1779496848.78135,6216,14.1735,1779496848.7671764,False,C6_full_detail,C6_full_detail,normal,detail,True,True
1779496848.8763428,6217,8.2943,1779496848.8680484,False,C6_full_detail,C6_full_detail,normal,detail,True,True
1779496848.9947104,6218,25.9864,1779496848.968724,False,C6_full_detail,C6_full_detail,normal,detail,True,True
1779496849.1323357,6219,63.3123,1779496849.0690234,False,C6_full_detail,C6_full_detail,normal,detail,True,True
1779496849.2351758,6220,65.712,1779496849.1694639,False,C6_full_detail,C6_full_detail,normal,detail,True,True
1779496849.3357692,6221,65.8369,1779496849.2699323,False,C6_full_detail,C6_full_detail,normal,detail,True,True
1779496849.4385936,6222,68.4447,1779496849.370149,False,C6_full_detail,C6_full_detail,normal,detail,True,True
1779496849.4874344,6223,17.1437,1779496849.4702907,False,C6_full_detail,C6_full_detail,normal,detail,True,True
1779496849.5938585,6224,22.8748,1779496849.5709836,False,C6_full_detail,C6_full_detail,normal,detail,True,True
1779496849.7008855,6225,28.9037,1779496849.6719818,False,C6_full_detail,C6_full_detail,normal,detail,True,True
1779496849.7855077,6226,12.8474,1779496849.7726603,False,C6_full_detail,C6_full_detail,normal,detail,True,True
1779496849.8882592,6227,15.3418,1779496849.8729174,False,C6_full_detail,C6_full_detail,normal,detail,True,True
1779496849.9819229,6228,8.3923,1779496849.9735305,False,C6_full_detail,C6_full_detail,normal,detail,True,True
1779496850.0813837,6229,3.9296,1779496850.077454,False,C6_full_detail,C6_full_detail,normal,detail,True,True
1779496850.2415955,6230,63.587,1779496850.1780086,False,C6_full_detail,C6_full_detail,normal,detail,True,True
1779496850.3254707,6231,47.281,1779496850.2781897,False,C6_full_detail,C6_full_detail,normal,detail,True,True
1779496850.4198072,6232,41.0566,1779496850.3787506,False,C6_full_detail,C6_full_detail,normal,detail,True,True
1779496850.504388,6233,24.9991,1779496850.479389,False,C6_full_detail,C6_full_detail,normal,detail,True,True
1779496850.5890734,6234,9.0899,1779496850.5799835,False,C6_full_detail,C6_full_detail,normal,detail,True,True
1779496850.6967854,6235,16.4638,1779496850.6803217,False,C6_full_detail,C6_full_detail,normal,detail,True,True
1779496850.789146,6236,8.6079,1779496850.780538,False,C6_full_detail,C6_full_detail,normal,detail,True,True
1779496850.896862,6237,15.7297,1779496850.8811324,False,C6_full_detail,C6_full_detail,normal,detail,True,True
1779496850.9911916,6238,9.8073,1779496850.9813843,False,C6_full_detail,C6_full_detail,normal,detail,True,True
1779496851.099951,6239,14.533,1779496851.085418,False,C6_full_detail,C6_full_detail,normal,detail,True,True
1779496851.195436,6240,9.2094,1779496851.1862266,False,C6_full_detail,C6_full_detail,normal,detail,True,True
1779496851.3024044,6241,15.7795,1779496851.286625,False,C6_full_detail,C6_full_detail,normal,detail,True,True
1779496851.3952675,6242,8.1136,1779496851.3871539,False,C6_full_detail,C6_full_detail,normal,detail,True,True
1779496851.506331,6243,18.7759,1779496851.487555,False,C6_full_detail,C6_full_detail,normal,detail,True,True
1779496851.6109467,6244,23.139,1779496851.5878077,False,C6_full_detail,C6_full_detail,normal,detail,True,True
1779496851.7060401,6245,16.9079,1779496851.6891322,False,C6_full_detail,C6_full_detail,normal,detail,True,True
1779496851.7971392,6246,7.6041,1779496851.789535,False,C6_full_detail,C6_full_detail,normal,detail,True,True
1779496851.9047353,6247,14.8618,1779496851.8898735,False,C6_full_detail,C6_full_detail,normal,detail,True,True
1779496852.000203,6248,9.8245,1779496851.9903784,False,C6_full_detail,C6_full_detail,normal,detail,True,True
1779496852.0988588,6249,4.3082,1779496852.0945506,False,C6_full_detail,C6_full_detail,normal,detail,True,True
1779496852.208044,6250,13.2132,1779496852.194831,False,C6_full_detail,C6_full_detail,normal,detail,True,True
1779496852.3140907,6251,18.7092,1779496852.2953815,False,C6_full_detail,C6_full_detail,normal,detail,True,True
1779496852.4054909,6252,9.8736,1779496852.3956172,False,C6_full_detail,C6_full_detail,normal,detail,True,True
1779496852.5161984,6253,20.0124,1779496852.496186,False,C6_full_detail,C6_full_detail,normal,detail,True,True
1779496852.6043532,6254,8.0442,1779496852.596309,False,C6_full_detail,C6_full_detail,normal,detail,True,True
1779496852.7190037,6255,22.4752,1779496852.6965284,False,C6_full_detail,C6_full_detail,normal,detail,True,True
1779496852.8128827,6256,15.7092,1779496852.7971735,False,C6_full_detail,C6_full_detail,normal,detail,True,True
1779496852.9029467,6257,5.5301,1779496852.8974166,False,C6_full_detail,C6_full_detail,normal,detail,True,True
1779496853.0141737,6258,15.9347,1779496852.998239,False,C6_full_detail,C6_full_detail,normal,detail,True,True
1779496853.1089332,6259,6.0906,1779496853.1028426,False,C6_full_detail,C6_full_detail,normal,detail,True,True
1779496853.265256,6260,61.5141,1779496853.2037418,False,C6_full_detail,C6_full_detail,normal,detail,True,True
1779496853.4348853,6261,130.7514,1779496853.304134,False,C6_full_detail,C6_full_detail,normal,detail,True,True
1779496853.4348853,6262,30.1332,1779496853.404752,False,C6_full_detail,C6_full_detail,normal,detail,True,True
1779496853.5345874,6263,29.6297,1779496853.5049577,False,C6_full_detail,C6_full_detail,normal,detail,True,True
1779496853.6400905,6264,34.0021,1779496853.6060884,False,C6_full_detail,C6_full_detail,normal,detail,True,True
1779496853.776448,6265,69.7548,1779496853.7066932,False,C6_full_detail,C6_full_detail,normal,detail,True,True
1779496853.843304,6266,36.2649,1779496853.807039,False,C6_full_detail,C6_full_detail,normal,detail,True,True
1779496853.9275331,6267,19.9108,1779496853.9076223,False,C6_full_detail,C6_full_detail,normal,detail,True,True
1779496854.0218015,6268,13.5903,1779496854.0082111,False,C6_full_detail,C6_full_detail,normal,detail,True,True
1779496854.1176193,6269,8.9822,1779496854.108637,False,C6_full_detail,C6_full_detail,normal,detail,True,True
1779496854.2221973,6270,12.6157,1779496854.2095816,False,C6_full_detail,C6_full_detail,normal,detail,True,True
1779496854.314785,6271,4.9849,1779496854.3098001,False,C6_full_detail,C6_full_detail,normal,detail,True,True
1779496854.4324987,6272,22.3131,1779496854.4101856,False,C6_full_detail,C6_full_detail,normal,detail,True,True
1779496854.5312119,6273,20.3686,1779496854.5108433,False,C6_full_detail,C6_full_detail,normal,detail,True,True
1779496854.6233442,6274,11.5702,1779496854.611774,False,C6_full_detail,C6_full_detail,normal,detail,True,True
1779496854.7173316,6275,5.0483,1779496854.7122834,False,C6_full_detail,C6_full_detail,normal,detail,True,True
1779496854.825437,6276,12.6061,1779496854.812831,False,C6_full_detail,C6_full_detail,normal,detail,True,True
1779496854.9353406,6277,22.3253,1779496854.9130154,False,C6_full_detail,C6_full_detail,normal,detail,True,True
1779496855.0242467,6278,10.6735,1779496855.0135732,False,C6_full_detail,C6_full_detail,normal,detail,True,True
1779496855.1282623,6279,14.54,1779496855.1137223,False,C6_full_detail,C6_full_detail,normal,detail,True,True
1779496855.224804,6280,10.7958,1779496855.214008,False,C6_full_detail,C6_full_detail,normal,detail,True,True
1779496855.3290217,6281,14.7328,1779496855.3142889,False,C6_full_detail,C6_full_detail,normal,detail,True,True
1779496855.4255564,6282,10.8066,1779496855.4147499,False,C6_full_detail,C6_full_detail,normal,detail,True,True
1779496855.5331137,6283,18.0833,1779496855.5150304,False,C6_full_detail,C6_full_detail,normal,detail,True,True
1779496855.6285977,6284,12.9485,1779496855.6156492,False,C6_full_detail,C6_full_detail,normal,detail,True,True
1779496855.73989,6285,23.5729,1779496855.7163172,False,C6_full_detail,C6_full_detail,normal,detail,True,True
1779496855.8316543,6286,14.5934,1779496855.817061,False,C6_full_detail,C6_full_detail,normal,detail,True,True
1779496855.940583,6287,22.7399,1779496855.917843,False,C6_full_detail,C6_full_detail,normal,detail,True,True
1779496856.0299325,6288,11.1625,1779496856.01877,False,C6_full_detail,C6_full_detail,normal,detail,True,True
1779496856.1996107,6289,80.6534,1779496856.1189573,False,C6_full_detail,C6_full_detail,normal,detail,True,True
1779496856.3002553,6290,79.612,1779496856.2206433,False,C6_full_detail,C6_full_detail,normal,detail,True,True
1779496856.3307848,6291,9.691,1779496856.3210938,False,C6_full_detail,C6_full_detail,normal,detail,True,True
1779496856.4395149,6292,17.8165,1779496856.4216983,False,C6_full_detail,C6_full_detail,normal,detail,True,True
1779496856.5329554,6293,11.1458,1779496856.5218096,False,C6_full_detail,C6_full_detail,normal,detail,True,True
1779496856.6918662,6294,69.4265,1779496856.6224396,False,C6_full_detail,C6_full_detail,normal,detail,True,True
1779496856.7748492,6295,40.3478,1779496856.7345014,False,C6_full_detail,C6_full_detail,normal,detail,True,True
1779496856.8632896,6296,27.7824,1779496856.8355072,False,C6_full_detail,C6_full_detail,normal,detail,True,True
1779496856.94896,6297,12.7482,1779496856.9362118,False,C6_full_detail,C6_full_detail,normal,detail,True,True
1779496857.0804312,6298,43.8473,1779496857.036584,False,C6_full_detail,C6_full_detail,normal,detail,True,True
1779496857.1708589,6299,34.102,1779496857.136757,False,C6_full_detail,C6_full_detail,normal,detail,True,True
1779496857.2574966,6300,20.4127,1779496857.237084,False,C6_full_detail,C6_full_detail,normal,detail,True,True
1779496857.3482857,6301,10.5336,1779496857.337752,False,C6_full_detail,C6_full_detail,normal,detail,True,True
1779496857.4432044,6302,5.0883,1779496857.438116,False,C6_full_detail,C6_full_detail,normal,detail,True,True
1779496857.5883992,6303,49.9165,1779496857.5384827,False,C6_full_detail,C6_full_detail,normal,detail,True,True
1779496857.6783302,6304,38.969,1779496857.6393611,False,C6_full_detail,C6_full_detail,normal,detail,True,True
1779496857.769191,6305,29.0473,1779496857.7401438,False,C6_full_detail,C6_full_detail,normal,detail,True,True
1779496857.8609018,6306,19.8724,1779496857.8410294,False,C6_full_detail,C6_full_detail,normal,detail,True,True
1779496857.9534552,6307,11.4169,1779496857.9420383,False,C6_full_detail,C6_full_detail,normal,detail,True,True
1779496858.0839314,6308,41.441,1779496858.0424905,False,C6_full_detail,C6_full_detail,normal,detail,True,True
1779496858.1680324,6309,25.1176,1779496858.1429148,False,C6_full_detail,C6_full_detail,normal,detail,True,True
1779496858.2642443,6310,18.3105,1779496858.2459338,False,C6_full_detail,C6_full_detail,normal,detail,True,True
1779496858.3573556,6311,10.1557,1779496858.3472,False,C6_full_detail,C6_full_detail,normal,detail,True,True
1779496858.4606104,6312,12.737,1779496858.4478734,False,C6_full_detail,C6_full_detail,normal,detail,True,True
1779496858.5662098,6313,18.1224,1779496858.5480874,False,C6_full_detail,C6_full_detail,normal,detail,True,True
1779496858.6719682,6314,23.1988,1779496858.6487694,False,C6_full_detail,C6_full_detail,normal,detail,True,True
1779496858.7651095,6315,15.6837,1779496858.749426,False,C6_full_detail,C6_full_detail,normal,detail,True,True
1779496858.8570504,6316,7.0794,1779496858.849971,False,C6_full_detail,C6_full_detail,normal,detail,True,True
1779496858.9689336,6317,18.502,1779496858.9504316,False,C6_full_detail,C6_full_detail,normal,detail,True,True
1779496859.0674078,6318,16.0491,1779496859.0513587,False,C6_full_detail,C6_full_detail,normal,detail,True,True
1779496859.1860564,6319,34.0691,1779496859.1519873,False,C6_full_detail,C6_full_detail,normal,detail,True,True
1779496859.271688,6320,16.6187,1779496859.2550693,False,C6_full_detail,C6_full_detail,normal,detail,True,True
1779496859.374836,6321,19.3992,1779496859.3554368,False,C6_full_detail,C6_full_detail,normal,detail,True,True
1779496859.4669921,6322,10.8628,1779496859.4561293,False,C6_full_detail,C6_full_detail,normal,detail,True,True
1779496859.5732853,6323,16.2432,1779496859.5570421,False,C6_full_detail,C6_full_detail,normal,detail,True,True
1779496859.669999,6324,12.3494,1779496859.6576495,False,C6_full_detail,C6_full_detail,normal,detail,True,True
1779496859.7669184,6325,6.1395,1779496859.760779,False,C6_full_detail,C6_full_detail,normal,detail,True,True
1779496859.8692904,6326,6.6674,1779496859.862623,False,C6_full_detail,C6_full_detail,normal,detail,True,True
1779496859.9752476,6327,11.9703,1779496859.9632773,False,C6_full_detail,C6_full_detail,normal,detail,True,True
1779496860.0714483,6328,7.7615,1779496860.0636868,False,C6_full_detail,C6_full_detail,normal,detail,True,True
1779496860.1913426,6329,27.0345,1779496860.164308,False,C6_full_detail,C6_full_detail,normal,detail,True,True
1779496860.2741094,6330,9.5298,1779496860.2645795,False,C6_full_detail,C6_full_detail,normal,detail,True,True
1779496860.3890343,6331,23.3097,1779496860.3657246,False,C6_full_detail,C6_full_detail,normal,detail,True,True
1779496860.4759843,6332,9.752,1779496860.4662323,False,C6_full_detail,C6_full_detail,normal,detail,True,True
1779496860.5843291,6333,17.1683,1779496860.5671608,False,C6_full_detail,C6_full_detail,normal,detail,True,True
1779496860.6785526,6334,11.1709,1779496860.6673818,False,C6_full_detail,C6_full_detail,normal,detail,True,True
1779496860.776513,6335,8.4565,1779496860.7680566,False,C6_full_detail,C6_full_detail,normal,detail,True,True
1779496860.9417825,6336,72.8695,1779496860.868913,False,C6_full_detail,C6_full_detail,normal,detail,True,True
1779496860.9883394,6337,19.098,1779496860.9692414,False,C6_full_detail,C6_full_detail,normal,detail,True,True
1779496861.0807362,6338,11.3716,1779496861.0693645,False,C6_full_detail,C6_full_detail,normal,detail,True,True
1779496861.1889722,6339,18.8363,1779496861.170136,False,C6_full_detail,C6_full_detail,normal,detail,True,True
1779496861.28623,6340,15.8994,1779496861.2703307,False,C6_full_detail,C6_full_detail,normal,detail,True,True
1779496861.388093,6341,17.2131,1779496861.37088,False,C6_full_detail,C6_full_detail,normal,detail,True,True
1779496861.4981427,6342,26.283,1779496861.4718597,False,C6_full_detail,C6_full_detail,normal,detail,True,True
1779496861.5917084,6343,19.5298,1779496861.5721786,False,C6_full_detail,C6_full_detail,normal,detail,True,True
1779496861.684155,6344,11.5123,1779496861.6726427,False,C6_full_detail,C6_full_detail,normal,detail,True,True
1779496861.7949271,6345,22.0854,1779496861.7728417,False,C6_full_detail,C6_full_detail,normal,detail,True,True
1779496861.9011753,6346,27.6303,1779496861.873545,False,C6_full_detail,C6_full_detail,normal,detail,True,True
1779496861.991565,6347,17.6203,1779496861.9739447,False,C6_full_detail,C6_full_detail,normal,detail,True,True
1779496862.0870383,6348,12.5256,1779496862.0745127,False,C6_full_detail,C6_full_detail,normal,detail,True,True
1779496862.1935813,6349,18.5885,1779496862.1749928,False,C6_full_detail,C6_full_detail,normal,detail,True,True
1779496862.2907822,6350,15.2495,1779496862.2755327,False,C6_full_detail,C6_full_detail,normal,detail,True,True
1779496862.381572,6351,5.6212,1779496862.3759508,False,C6_full_detail,C6_full_detail,normal,detail,True,True
1779496862.530074,6352,54.0249,1779496862.476049,False,C6_full_detail,C6_full_detail,normal,detail,True,True
1779496862.613272,6353,36.8557,1779496862.5764163,False,C6_full_detail,C6_full_detail,normal,detail,True,True
1779496862.69915,6354,22.0249,1779496862.6771252,False,C6_full_detail,C6_full_detail,normal,detail,True,True
1779496862.7885022,6355,10.5729,1779496862.7779293,False,C6_full_detail,C6_full_detail,normal,detail,True,True
1779496862.8922784,6356,9.7191,1779496862.8825593,False,C6_full_detail,C6_full_detail,normal,detail,True,True
1779496863.021482,6357,38.3952,1779496862.9830868,False,C6_full_detail,C6_full_detail,normal,detail,True,True
1779496863.105414,6358,21.286,1779496863.084128,False,C6_full_detail,C6_full_detail,normal,detail,True,True
1779496863.203945,6359,19.2204,1779496863.1847246,False,C6_full_detail,C6_full_detail,normal,detail,True,True
1779496863.298138,6360,12.8374,1779496863.2853005,False,C6_full_detail,C6_full_detail,normal,detail,True,True
1779496863.453761,6361,67.9605,1779496863.3858006,False,C6_full_detail,C6_full_detail,normal,detail,True,True
1779496863.5003378,6362,13.5093,1779496863.4868286,False,C6_full_detail,C6_full_detail,normal,detail,True,True
1779496863.5923588,6363,4.6341,1779496863.5877247,False,C6_full_detail,C6_full_detail,normal,detail,True,True
1779496863.7548678,6364,66.9181,1779496863.6879497,False,C6_full_detail,C6_full_detail,normal,detail,True,True
1779496863.8392105,6365,50.6122,1779496863.7885983,False,C6_full_detail,C6_full_detail,normal,detail,True,True
1779496863.9268155,6366,35.5868,1779496863.8912287,False,C6_full_detail,C6_full_detail,normal,detail,True,True
1779496864.0141551,6367,22.048,1779496863.9921072,False,C6_full_detail,C6_full_detail,normal,detail,True,True
1779496864.1068347,6368,14.2596,1779496864.092575,False,C6_full_detail,C6_full_detail,normal,detail,True,True
1779496864.2357342,6369,42.5656,1779496864.1931686,False,C6_full_detail,C6_full_detail,normal,detail,True,True
1779496864.322636,6370,29.3059,1779496864.29333,False,C6_full_detail,C6_full_detail,normal,detail,True,True
1779496864.3993194,6371,4.4625,1779496864.394857,False,C6_full_detail,C6_full_detail,normal,detail,True,True
1779496864.5096335,6372,14.0257,1779496864.4956079,False,C6_full_detail,C6_full_detail,normal,detail,True,True
1779496864.6024117,6373,5.9285,1779496864.5964832,False,C6_full_detail,C6_full_detail,normal,detail,True,True
1779496864.7125385,6374,15.7793,1779496864.6967592,False,C6_full_detail,C6_full_detail,normal,detail,True,True
1779496864.8075304,6375,10.4334,1779496864.797097,False,C6_full_detail,C6_full_detail,normal,detail,True,True
1779496864.9192717,6376,21.2646,1779496864.8980072,False,C6_full_detail,C6_full_detail,normal,detail,True,True
1779496865.0080626,6377,9.0764,1779496864.9989862,False,C6_full_detail,C6_full_detail,normal,detail,True,True
1779496865.1212385,6378,21.6534,1779496865.099585,False,C6_full_detail,C6_full_detail,normal,detail,True,True
1779496865.2276359,6379,27.3318,1779496865.200304,False,C6_full_detail,C6_full_detail,normal,detail,True,True
1779496865.3226724,6380,21.3399,1779496865.3013325,False,C6_full_detail,C6_full_detail,normal,detail,True,True
1779496865.4112048,6381,9.6262,1779496865.4015787,False,C6_full_detail,C6_full_detail,normal,detail,True,True
1779496865.5194004,6382,16.8898,1779496865.5025105,False,C6_full_detail,C6_full_detail,normal,detail,True,True
1779496865.6114829,6383,8.6946,1779496865.6027882,False,C6_full_detail,C6_full_detail,normal,detail,True,True
1779496865.7207685,6384,17.3182,1779496865.7034502,False,C6_full_detail,C6_full_detail,normal,detail,True,True
1779496865.8162053,6385,12.0277,1779496865.8041775,False,C6_full_detail,C6_full_detail,normal,detail,True,True
1779496865.9193058,6386,14.5068,1779496865.904799,False,C6_full_detail,C6_full_detail,normal,detail,True,True
1779496866.0126736,6387,7.4458,1779496866.0052278,False,C6_full_detail,C6_full_detail,normal,detail,True,True
1779496866.1238725,6388,17.998,1779496866.1058745,False,C6_full_detail,C6_full_detail,normal,detail,True,True
1779496866.215519,6389,8.8446,1779496866.2066743,False,C6_full_detail,C6_full_detail,normal,detail,True,True
1779496866.3241272,6390,17.3049,1779496866.3068223,False,C6_full_detail,C6_full_detail,normal,detail,True,True
1779496866.4168046,6391,9.7566,1779496866.407048,False,C6_full_detail,C6_full_detail,normal,detail,True,True
1779496866.5275836,6392,20.4067,1779496866.5071769,False,C6_full_detail,C6_full_detail,normal,detail,True,True
1779496866.641907,6393,34.0407,1779496866.6078663,False,C6_full_detail,C6_full_detail,normal,detail,True,True
1779496866.7364218,6394,27.9984,1779496866.7084234,False,C6_full_detail,C6_full_detail,normal,detail,True,True
1779496866.8234339,6395,14.1511,1779496866.8092828,False,C6_full_detail,C6_full_detail,normal,detail,True,True
1779496866.9357252,6396,25.2516,1779496866.9104736,False,C6_full_detail,C6_full_detail,normal,detail,True,True
1779496867.0254781,6397,14.2586,1779496867.0112195,False,C6_full_detail,C6_full_detail,normal,detail,True,True
1779496867.1341376,6398,22.6617,1779496867.111476,False,C6_full_detail,C6_full_detail,normal,detail,True,True
1779496867.225027,6399,13.3607,1779496867.2116663,False,C6_full_detail,C6_full_detail,normal,detail,True,True
1779496867.330702,6400,18.3103,1779496867.3123918,False,C6_full_detail,C6_full_detail,normal,detail,True,True
1779496867.429368,6401,16.0606,1779496867.4133074,False,C6_full_detail,C6_full_detail,normal,detail,True,True
1779496867.52619,6402,10.6499,1779496867.5155401,False,C6_full_detail,C6_full_detail,normal,detail,True,True
1779496867.6295826,6403,13.0601,1779496867.6165226,False,C6_full_detail,C6_full_detail,normal,detail,True,True
1779496867.7400446,6404,22.7997,1779496867.7172449,False,C6_full_detail,C6_full_detail,normal,detail,True,True
1779496867.8294563,6405,11.5159,1779496867.8179405,False,C6_full_detail,C6_full_detail,normal,detail,True,True
1779496867.9403582,6406,21.8959,1779496867.9184623,False,C6_full_detail,C6_full_detail,normal,detail,True,True
1779496868.0503054,6407,29.192,1779496868.0211134,False,C6_full_detail,C6_full_detail,normal,detail,True,True
1779496868.1366186,6408,14.1609,1779496868.1224577,False,C6_full_detail,C6_full_detail,normal,detail,True,True
1779496868.2377222,6409,14.7374,1779496868.2229848,False,C6_full_detail,C6_full_detail,normal,detail,True,True
1779496868.3386898,6410,15.4142,1779496868.3232756,False,C6_full_detail,C6_full_detail,normal,detail,True,True
1779496868.4424374,6411,18.8291,1779496868.4236083,False,C6_full_detail,C6_full_detail,normal,detail,True,True
1779496868.5465393,6412,22.5132,1779496868.5240262,False,C6_full_detail,C6_full_detail,normal,detail,True,True
1779496868.6415563,6413,16.5548,1779496868.6250014,False,C6_full_detail,C6_full_detail,normal,detail,True,True
1779496868.7340453,6414,8.7824,1779496868.7252629,False,C6_full_detail,C6_full_detail,normal,detail,True,True
1779496868.842746,6415,17.0939,1779496868.8256521,False,C6_full_detail,C6_full_detail,normal,detail,True,True
1779496868.9347908,6416,8.2459,1779496868.926545,False,C6_full_detail,C6_full_detail,normal,detail,True,True
1779496869.0821457,6417,55.0847,1779496869.027061,False,C6_full_detail,C6_full_detail,normal,detail,True,True
1779496869.1821337,6418,54.7001,1779496869.1274335,False,C6_full_detail,C6_full_detail,normal,detail,True,True
1779496869.264377,6419,36.732,1779496869.2276452,False,C6_full_detail,C6_full_detail,normal,detail,True,True
1779496869.3487396,6420,20.7129,1779496869.3280268,False,C6_full_detail,C6_full_detail,normal,detail,True,True
1779496869.4338813,6421,5.6498,1779496869.4282315,False,C6_full_detail,C6_full_detail,normal,detail,True,True
1779496869.5414717,6422,12.9793,1779496869.5284925,False,C6_full_detail,C6_full_detail,normal,detail,True,True
1779496869.638022,6423,9.0044,1779496869.6290176,False,C6_full_detail,C6_full_detail,normal,detail,True,True
1779496869.7953098,6424,65.5782,1779496869.7297316,False,C6_full_detail,C6_full_detail,normal,detail,True,True
1779496869.8814569,6425,51.4503,1779496869.8300066,False,C6_full_detail,C6_full_detail,normal,detail,True,True
1779496869.9673252,6426,36.6678,1779496869.9306574,False,C6_full_detail,C6_full_detail,normal,detail,True,True
1779496870.06831,6427,36.6383,1779496870.0316718,False,C6_full_detail,C6_full_detail,normal,detail,True,True
1779496870.153616,6428,21.3902,1779496870.1322258,False,C6_full_detail,C6_full_detail,normal,detail,True,True
1779496870.2468154,6429,13.8178,1779496870.2329977,False,C6_full_detail,C6_full_detail,normal,detail,True,True
1779496870.3447053,6430,11.1783,1779496870.333527,False,C6_full_detail,C6_full_detail,normal,detail,True,True
1779496870.4499197,6431,16.0923,1779496870.4338274,False,C6_full_detail,C6_full_detail,normal,detail,True,True
1779496870.5483177,6432,14.2064,1779496870.5341113,False,C6_full_detail,C6_full_detail,normal,detail,True,True
1779496870.6553433,6433,20.7479,1779496870.6345954,False,C6_full_detail,C6_full_detail,normal,detail,True,True
1779496870.7406769,6434,5.8312,1779496870.7348456,False,C6_full_detail,C6_full_detail,normal,detail,True,True
1779496870.852219,6435,17.1838,1779496870.8350353,False,C6_full_detail,C6_full_detail,normal,detail,True,True
1779496870.9441564,6436,8.666,1779496870.9354904,False,C6_full_detail,C6_full_detail,normal,detail,True,True
1779496871.0856307,6437,49.7842,1779496871.0358465,False,C6_full_detail,C6_full_detail,normal,detail,True,True
1779496871.1693091,6438,33.0784,1779496871.1362307,False,C6_full_detail,C6_full_detail,normal,detail,True,True
1779496871.2630157,6439,26.6061,1779496871.2364097,False,C6_full_detail,C6_full_detail,normal,detail,True,True
1779496871.3491952,6440,12.3138,1779496871.3368814,False,C6_full_detail,C6_full_detail,normal,detail,True,True
1779496871.453116,6441,15.8222,1779496871.4372938,False,C6_full_detail,C6_full_detail,normal,detail,True,True
1779496871.592222,6442,54.2889,1779496871.537933,False,C6_full_detail,C6_full_detail,normal,detail,True,True
1779496871.6639245,6443,22.6805,1779496871.641244,False,C6_full_detail,C6_full_detail,normal,detail,True,True
1779496871.749534,6444,7.1983,1779496871.7423356,False,C6_full_detail,C6_full_detail,normal,detail,True,True
1779496871.8635929,6445,20.663,1779496871.8429298,False,C6_full_detail,C6_full_detail,normal,detail,True,True
1779496871.9526331,6446,9.1641,1779496871.943469,False,C6_full_detail,C6_full_detail,normal,detail,True,True
1779496872.062105,6447,18.2278,1779496872.0438771,False,C6_full_detail,C6_full_detail,normal,detail,True,True
1779496872.1622305,6448,6.7902,1779496872.1554403,False,C6_full_detail,C6_full_detail,normal,detail,True,True
1779496872.2640965,6449,8.1012,1779496872.2559953,False,C6_full_detail,C6_full_detail,normal,detail,True,True
1779496872.3735409,6450,17.1907,1779496872.3563502,False,C6_full_detail,C6_full_detail,normal,detail,True,True
1779496872.4703343,6451,13.5527,1779496872.4567816,False,C6_full_detail,C6_full_detail,normal,detail,True,True
1779496872.5902402,6452,32.886,1779496872.5573542,False,C6_full_detail,C6_full_detail,normal,detail,True,True
1779496872.6872168,6453,29.0551,1779496872.6581616,False,C6_full_detail,C6_full_detail,normal,detail,True,True
1779496872.7741697,6454,15.543,1779496872.7586267,False,C6_full_detail,C6_full_detail,normal,detail,True,True
1779496872.8741007,6455,14.8067,1779496872.859294,False,C6_full_detail,C6_full_detail,normal,detail,True,True
1779496873.0071766,6456,47.559,1779496872.9596176,False,C6_full_detail,C6_full_detail,normal,detail,True,True
1779496873.0914419,6457,31.7199,1779496873.059722,False,C6_full_detail,C6_full_detail,normal,detail,True,True
1779496873.175483,6458,15.4533,1779496873.1600296,False,C6_full_detail,C6_full_detail,normal,detail,True,True
1779496873.2775292,6459,17.3578,1779496873.2601714,False,C6_full_detail,C6_full_detail,normal,detail,True,True
1779496873.3682044,6460,7.8773,1779496873.360327,False,C6_full_detail,C6_full_detail,normal,detail,True,True
1779496873.4795706,6461,18.3425,1779496873.4612281,False,C6_full_detail,C6_full_detail,normal,detail,True,True
1779496873.5750785,6462,13.5076,1779496873.561571,False,C6_full_detail,C6_full_detail,normal,detail,True,True
1779496873.677982,6463,16.1827,1779496873.6617994,False,C6_full_detail,C6_full_detail,normal,detail,True,True
1779496873.7755737,6464,13.1569,1779496873.7624168,False,C6_full_detail,C6_full_detail,normal,detail,True,True
1779496873.881726,6465,19.0501,1779496873.862676,False,C6_full_detail,C6_full_detail,normal,detail,True,True
1779496873.9784703,6466,15.2626,1779496873.9632077,False,C6_full_detail,C6_full_detail,normal,detail,True,True
1779496874.0769708,6467,12.9523,1779496874.0640185,False,C6_full_detail,C6_full_detail,normal,detail,True,True
1779496874.1810966,6468,16.6774,1779496874.1644192,False,C6_full_detail,C6_full_detail,normal,detail,True,True
1779496874.28587,6469,21.0376,1779496874.2648325,False,C6_full_detail,C6_full_detail,normal,detail,True,True
1779496874.3779497,6470,12.4481,1779496874.3655016,False,C6_full_detail,C6_full_detail,normal,detail,True,True
1779496874.470298,6471,4.2298,1779496874.4660683,False,C6_full_detail,C6_full_detail,normal,detail,True,True
1779496874.601348,6472,35.0168,1779496874.5663311,False,C6_full_detail,C6_full_detail,normal,detail,True,True
1779496874.70939,6473,42.5451,1779496874.6668448,False,C6_full_detail,C6_full_detail,normal,detail,True,True
1779496874.7975454,6474,30.4046,1779496874.7671409,False,C6_full_detail,C6_full_detail,normal,detail,True,True
1779496874.88166,6475,13.6979,1779496874.8679621,False,C6_full_detail,C6_full_detail,normal,detail,True,True
1779496874.98734,6476,19.078,1779496874.968262,False,C6_full_detail,C6_full_detail,normal,detail,True,True
1779496875.081521,6477,12.8558,1779496875.0686653,False,C6_full_detail,C6_full_detail,normal,detail,True,True
1779496875.1784074,6478,9.2854,1779496875.169122,False,C6_full_detail,C6_full_detail,normal,detail,True,True
1779496875.3260636,6479,56.572,1779496875.2694917,False,C6_full_detail,C6_full_detail,normal,detail,True,True
1779496875.4126182,6480,42.3388,1779496875.3702793,False,C6_full_detail,C6_full_detail,normal,detail,True,True
1779496875.4980948,6481,27.6055,1779496875.4704893,False,C6_full_detail,C6_full_detail,normal,detail,True,True
1779496875.5870316,6482,16.1808,1779496875.5708508,False,C6_full_detail,C6_full_detail,normal,detail,True,True
1779496875.686441,6483,15.0466,1779496875.6713943,False,C6_full_detail,C6_full_detail,normal,detail,True,True
1779496875.838005,6484,66.1571,1779496875.771848,False,C6_full_detail,C6_full_detail,normal,detail,True,True
1779496875.924691,6485,52.6614,1779496875.8720295,False,C6_full_detail,C6_full_detail,normal,detail,True,True
1779496876.0114608,6486,38.9218,1779496875.972539,False,C6_full_detail,C6_full_detail,normal,detail,True,True
1779496876.0976908,6487,24.2696,1779496876.0734212,False,C6_full_detail,C6_full_detail,normal,detail,True,True
1779496876.184006,6488,9.9716,1779496876.1740344,False,C6_full_detail,C6_full_detail,normal,detail,True,True
1779496876.2826798,6489,8.0757,1779496876.274604,False,C6_full_detail,C6_full_detail,normal,detail,True,True
1779496876.3825078,6490,6.4619,1779496876.376046,False,C6_full_detail,C6_full_detail,normal,detail,True,True
1779496876.5024626,6491,25.9168,1779496876.4765458,False,C6_full_detail,C6_full_detail,normal,detail,True,True
1779496876.583248,6492,6.1173,1779496876.5771306,False,C6_full_detail,C6_full_detail,normal,detail,True,True
1779496876.6908557,6493,12.8467,1779496876.678009,False,C6_full_detail,C6_full_detail,normal,detail,True,True
1779496876.7850406,6494,4.9314,1779496876.7801092,False,C6_full_detail,C6_full_detail,normal,detail,True,True
1779496876.895675,6495,14.6527,1779496876.8810222,False,C6_full_detail,C6_full_detail,normal,detail,True,True
1779496877.004353,6496,23.0622,1779496876.9812908,False,C6_full_detail,C6_full_detail,normal,detail,True,True
1779496877.0986857,6497,16.978,1779496877.0817077,False,C6_full_detail,C6_full_detail,normal,detail,True,True
1779496877.195137,6498,13.1941,1779496877.181943,False,C6_full_detail,C6_full_detail,normal,detail,True,True
1779496877.3382132,6499,54.97,1779496877.2832432,False,C6_full_detail,C6_full_detail,normal,detail,True,True
1779496877.424486,6500,39.4387,1779496877.3850472,False,C6_full_detail,C6_full_detail,normal,detail,True,True
1779496877.4968648,6501,11.0443,1779496877.4858205,False,C6_full_detail,C6_full_detail,normal,detail,True,True
1779496877.6097012,6502,23.4675,1779496877.5862336,False,C6_full_detail,C6_full_detail,normal,detail,True,True
1779496877.706282,6503,19.6714,1779496877.6866105,False,C6_full_detail,C6_full_detail,normal,detail,True,True
1779496877.7948682,6504,8.0347,1779496877.7868335,False,C6_full_detail,C6_full_detail,normal,detail,True,True
1779496877.8970423,6505,9.8438,1779496877.8871984,False,C6_full_detail,C6_full_detail,normal,detail,True,True
1779496877.9947999,6506,6.5532,1779496877.9882467,False,C6_full_detail,C6_full_detail,normal,detail,True,True
1779496878.094891,6507,6.1319,1779496878.0887592,False,C6_full_detail,C6_full_detail,normal,detail,True,True
1779496878.204428,6508,15.2876,1779496878.1891403,False,C6_full_detail,C6_full_detail,normal,detail,True,True
1779496878.2953541,6509,5.8763,1779496878.2894778,False,C6_full_detail,C6_full_detail,normal,detail,True,True
1779496878.4043071,6510,14.3106,1779496878.3899965,False,C6_full_detail,C6_full_detail,normal,detail,True,True
1779496878.4963336,6511,5.9187,1779496878.4904149,False,C6_full_detail,C6_full_detail,normal,detail,True,True
1779496878.605311,6512,14.2617,1779496878.5910492,False,C6_full_detail,C6_full_detail,normal,detail,True,True
1779496878.6978376,6513,5.9073,1779496878.6919303,False,C6_full_detail,C6_full_detail,normal,detail,True,True
1779496878.8319025,6514,39.1784,1779496878.7927241,False,C6_full_detail,C6_full_detail,normal,detail,True,True
1779496878.9288545,6515,35.4006,1779496878.8934538,False,C6_full_detail,C6_full_detail,normal,detail,True,True
1779496879.0133023,6516,19.5987,1779496878.9937036,False,C6_full_detail,C6_full_detail,normal,detail,True,True
1779496879.104227,6517,10.0415,1779496879.0941856,False,C6_full_detail,C6_full_detail,normal,detail,True,True
1779496879.2154825,6518,20.8697,1779496879.1946127,False,C6_full_detail,C6_full_detail,normal,detail,True,True
1779496879.3071964,6519,11.9994,1779496879.295197,False,C6_full_detail,C6_full_detail,normal,detail,True,True
1779496879.4185421,6520,23.1566,1779496879.3953855,False,C6_full_detail,C6_full_detail,normal,detail,True,True
1779496879.5096936,6521,13.8237,1779496879.4958699,False,C6_full_detail,C6_full_detail,normal,detail,True,True
1779496879.6017172,6522,4.9601,1779496879.5967572,False,C6_full_detail,C6_full_detail,normal,detail,True,True
1779496879.7109363,6523,13.5369,1779496879.6973994,False,C6_full_detail,C6_full_detail,normal,detail,True,True
1779496879.8162158,6524,18.4214,1779496879.7977943,False,C6_full_detail,C6_full_detail,normal,detail,True,True
1779496879.9035444,6525,5.0738,1779496879.8984706,False,C6_full_detail,C6_full_detail,normal,detail,True,True
1779496880.0045116,6526,5.1808,1779496879.9993308,False,C6_full_detail,C6_full_detail,normal,detail,True,True
1779496880.124826,6527,24.8611,1779496880.0999649,False,C6_full_detail,C6_full_detail,normal,detail,True,True
1779496880.2218368,6528,21.1599,1779496880.200677,False,C6_full_detail,C6_full_detail,normal,detail,True,True
1779496880.313197,6529,12.0044,1779496880.3011925,False,C6_full_detail,C6_full_detail,normal,detail,True,True
1779496880.4085011,6530,5.1529,1779496880.4033482,False,C6_full_detail,C6_full_detail,normal,detail,True,True
1779496880.513582,6531,8.8952,1779496880.5046868,False,C6_full_detail,C6_full_detail,normal,detail,True,True
1779496880.626113,6532,20.7717,1779496880.6053412,False,C6_full_detail,C6_full_detail,normal,detail,True,True
1779496880.714103,6533,8.2562,1779496880.7058468,False,C6_full_detail,C6_full_detail,normal,detail,True,True
1779496880.8237476,6534,17.7104,1779496880.8060372,False,C6_full_detail,C6_full_detail,normal,detail,True,True
1779496880.9167807,6535,8.0678,1779496880.9087129,False,C6_full_detail,C6_full_detail,normal,detail,True,True
1779496881.0269403,6536,17.4642,1779496881.0094762,False,C6_full_detail,C6_full_detail,normal,detail,True,True
1779496881.121873,6537,11.8821,1779496881.1099908,False,C6_full_detail,C6_full_detail,normal,detail,True,True
1779496881.2272832,6538,16.3188,1779496881.2109644,False,C6_full_detail,C6_full_detail,normal,detail,True,True
1779496881.3168857,6539,5.4522,1779496881.3114336,False,C6_full_detail,C6_full_detail,normal,detail,True,True
1779496881.4251292,6540,10.4327,1779496881.4146965,False,C6_full_detail,C6_full_detail,normal,detail,True,True
1779496881.5371401,6541,21.8272,1779496881.515313,False,C6_full_detail,C6_full_detail,normal,detail,True,True
1779496881.627072,6542,11.0011,1779496881.616071,False,C6_full_detail,C6_full_detail,normal,detail,True,True
1779496881.7795594,6543,62.4278,1779496881.7171316,False,C6_full_detail,C6_full_detail,normal,detail,True,True
1779496881.8640625,6544,46.1414,1779496881.8179212,False,C6_full_detail,C6_full_detail,normal,detail,True,True
1779496881.9510336,6545,32.8379,1779496881.9181957,False,C6_full_detail,C6_full_detail,normal,detail,True,True
1779496882.0362284,6546,17.3979,1779496882.0188305,False,C6_full_detail,C6_full_detail,normal,detail,True,True
1779496882.1283317,6547,9.3658,1779496882.1189659,False,C6_full_detail,C6_full_detail,normal,detail,True,True
1779496882.2343607,6548,15.146,1779496882.2192147,False,C6_full_detail,C6_full_detail,normal,detail,True,True
1779496882.3286543,6549,9.1748,1779496882.3194795,False,C6_full_detail,C6_full_detail,normal,detail,True,True
1779496882.4353235,6550,15.3713,1779496882.4199522,False,C6_full_detail,C6_full_detail,normal,detail,True,True
1779496882.5326922,6551,11.6832,1779496882.521009,False,C6_full_detail,C6_full_detail,normal,detail,True,True
1779496882.6475554,6552,26.0606,1779496882.6214948,False,C6_full_detail,C6_full_detail,normal,detail,True,True
1779496882.747281,6553,25.5013,1779496882.7217798,False,C6_full_detail,C6_full_detail,normal,detail,True,True
1779496882.8493025,6554,27.2486,1779496882.822054,False,C6_full_detail,C6_full_detail,normal,detail,True,True
1779496882.9333005,6555,11.1024,1779496882.922198,False,C6_full_detail,C6_full_detail,normal,detail,True,True
1779496883.0419438,6556,19.0582,1779496883.0228856,False,C6_full_detail,C6_full_detail,normal,detail,True,True
1779496883.1350925,6557,12.0075,1779496883.123085,False,C6_full_detail,C6_full_detail,normal,detail,True,True
1779496883.2417068,6558,18.3902,1779496883.2233167,False,C6_full_detail,C6_full_detail,normal,detail,True,True
1779496883.3354733,6559,11.729,1779496883.3237443,False,C6_full_detail,C6_full_detail,normal,detail,True,True
1779496883.4461582,6560,22.054,1779496883.4241042,False,C6_full_detail,C6_full_detail,normal,detail,True,True
1779496883.5524416,6561,27.8761,1779496883.5245655,False,C6_full_detail,C6_full_detail,normal,detail,True,True
1779496883.6404538,6562,14.7877,1779496883.6256661,False,C6_full_detail,C6_full_detail,normal,detail,True,True
1779496883.739728,6563,13.2809,1779496883.726447,False,C6_full_detail,C6_full_detail,normal,detail,True,True
1779496883.8411174,6564,14.3607,1779496883.8267567,False,C6_full_detail,C6_full_detail,normal,detail,True,True
1779496883.9352715,6565,7.8497,1779496883.9274218,False,C6_full_detail,C6_full_detail,normal,detail,True,True
1779496884.0362375,6566,8.3923,1779496884.0278451,False,C6_full_detail,C6_full_detail,normal,detail,True,True
1779496884.1373687,6567,7.8962,1779496884.1294725,False,C6_full_detail,C6_full_detail,normal,detail,True,True
1779496884.2586434,6568,28.9023,1779496884.229741,False,C6_full_detail,C6_full_detail,normal,detail,True,True
1779496884.3408122,6569,10.3467,1779496884.3304656,False,C6_full_detail,C6_full_detail,normal,detail,True,True
1779496884.4532073,6570,22.5499,1779496884.4306574,False,C6_full_detail,C6_full_detail,normal,detail,True,True
1779496884.540967,6571,10.0245,1779496884.5309424,False,C6_full_detail,C6_full_detail,normal,detail,True,True
1779496884.6403654,6572,9.0361,1779496884.6313293,False,C6_full_detail,C6_full_detail,normal,detail,True,True
1779496884.7450607,6573,13.4435,1779496884.7316172,False,C6_full_detail,C6_full_detail,normal,detail,True,True
1779496884.8406804,6574,8.7593,1779496884.831921,False,C6_full_detail,C6_full_detail,normal,detail,True,True
1779496884.951988,6575,19.3317,1779496884.9326563,False,C6_full_detail,C6_full_detail,normal,detail,True,True
1779496885.0421612,6576,8.8868,1779496885.0332744,False,C6_full_detail,C6_full_detail,normal,detail,True,True
1779496885.1507406,6577,16.5658,1779496885.1341748,False,C6_full_detail,C6_full_detail,normal,detail,True,True
1779496885.2453456,6578,10.5305,1779496885.2348151,False,C6_full_detail,C6_full_detail,normal,detail,True,True
1779496885.3476782,6579,12.4996,1779496885.3351786,False,C6_full_detail,C6_full_detail,normal,detail,True,True
1779496885.4416564,6580,5.9311,1779496885.4357252,False,C6_full_detail,C6_full_detail,normal,detail,True,True
1779496885.5503223,6581,13.5846,1779496885.5367377,False,C6_full_detail,C6_full_detail,normal,detail,True,True
1779496885.6565876,6582,19.5863,1779496885.6370013,False,C6_full_detail,C6_full_detail,normal,detail,True,True
1779496885.7508845,6583,13.2813,1779496885.7376032,False,C6_full_detail,C6_full_detail,normal,detail,True,True
1779496885.8665192,6584,28.3034,1779496885.8382158,False,C6_full_detail,C6_full_detail,normal,detail,True,True
1779496885.9534848,6585,14.5276,1779496885.9389572,False,C6_full_detail,C6_full_detail,normal,detail,True,True
1779496886.0484352,6586,9.1412,1779496886.039294,False,C6_full_detail,C6_full_detail,normal,detail,True,True
1779496886.1545377,6587,14.853,1779496886.1396847,False,C6_full_detail,C6_full_detail,normal,detail,True,True
1779496886.248327,6588,8.1198,1779496886.2402072,False,C6_full_detail,C6_full_detail,normal,detail,True,True
1779496886.3689606,6589,28.3616,1779496886.340599,False,C6_full_detail,C6_full_detail,normal,detail,True,True
1779496886.4528701,6590,11.8561,1779496886.441014,False,C6_full_detail,C6_full_detail,normal,detail,True,True
1779496886.5592315,6591,17.7269,1779496886.5415046,False,C6_full_detail,C6_full_detail,normal,detail,True,True
1779496886.6600003,6592,14.3077,1779496886.6456926,False,C6_full_detail,C6_full_detail,normal,detail,True,True
1779496886.766092,6593,19.7768,1779496886.7463152,False,C6_full_detail,C6_full_detail,normal,detail,True,True
1779496886.8590531,6594,12.2879,1779496886.8467653,False,C6_full_detail,C6_full_detail,normal,detail,True,True
1779496886.965024,6595,17.5323,1779496886.9474916,False,C6_full_detail,C6_full_detail,normal,detail,True,True
1779496887.0650876,6596,16.9203,1779496887.0481672,False,C6_full_detail,C6_full_detail,normal,detail,True,True
1779496887.157655,6597,8.3301,1779496887.149325,False,C6_full_detail,C6_full_detail,normal,detail,True,True
1779496887.2628005,6598,13.176,1779496887.2496245,False,C6_full_detail,C6_full_detail,normal,detail,True,True
1779496887.3561172,6599,6.1176,1779496887.3499997,False,C6_full_detail,C6_full_detail,normal,detail,True,True
1779496887.511445,6600,60.8792,1779496887.4505658,False,C6_full_detail,C6_full_detail,normal,detail,True,True
