unix_ts_recv,seq,rtt_ms,t_send_unix,warmup,test_id,condition,camera_mode,lidar_mode,video_enabled,lidar_enabled
1779496894.118044,6601,22.8946,1779496894.0951493,True,C7_full_panorama,C7_full_panorama,normal,panorama,True,True
1779496894.2107186,6602,14.7052,1779496894.1960135,True,C7_full_panorama,C7_full_panorama,normal,panorama,True,True
1779496894.3162177,6603,19.6784,1779496894.2965393,True,C7_full_panorama,C7_full_panorama,normal,panorama,True,True
1779496894.4220047,6604,24.9197,1779496894.397085,True,C7_full_panorama,C7_full_panorama,normal,panorama,True,True
1779496894.5166945,6605,18.9738,1779496894.4977207,True,C7_full_panorama,C7_full_panorama,normal,panorama,True,True
1779496894.6063833,6606,8.3966,1779496894.5979867,True,C7_full_panorama,C7_full_panorama,normal,panorama,True,True
1779496894.7148275,6607,16.3922,1779496894.6984353,True,C7_full_panorama,C7_full_panorama,normal,panorama,True,True
1779496894.8091114,6608,10.1709,1779496894.7989404,True,C7_full_panorama,C7_full_panorama,normal,panorama,True,True
1779496894.918702,6609,19.2142,1779496894.8994877,True,C7_full_panorama,C7_full_panorama,normal,panorama,True,True
1779496895.0082235,6610,8.1279,1779496895.0000956,True,C7_full_panorama,C7_full_panorama,normal,panorama,True,True
1779496895.1425233,6611,41.908,1779496895.1006153,True,C7_full_panorama,C7_full_panorama,normal,panorama,True,True
1779496895.2144206,6612,13.2608,1779496895.2011597,True,C7_full_panorama,C7_full_panorama,normal,panorama,True,True
1779496895.3167753,6613,15.3294,1779496895.301446,True,C7_full_panorama,C7_full_panorama,normal,panorama,True,True
1779496895.4234698,6614,21.569,1779496895.4019008,True,C7_full_panorama,C7_full_panorama,normal,panorama,True,True
1779496895.531008,6615,28.5895,1779496895.5024185,True,C7_full_panorama,C7_full_panorama,normal,panorama,True,True
1779496895.6208866,6616,17.9601,1779496895.6029265,True,C7_full_panorama,C7_full_panorama,normal,panorama,True,True
1779496895.7143106,6617,10.8204,1779496895.7034903,True,C7_full_panorama,C7_full_panorama,normal,panorama,True,True
1779496895.8273094,6618,23.6504,1779496895.803659,True,C7_full_panorama,C7_full_panorama,normal,panorama,True,True
1779496895.9139836,6619,10.1635,1779496895.90382,True,C7_full_panorama,C7_full_panorama,normal,panorama,True,True
1779496896.024245,6620,20.1871,1779496896.004058,True,C7_full_panorama,C7_full_panorama,normal,panorama,True,True
1779496896.1156516,6621,11.0955,1779496896.104556,True,C7_full_panorama,C7_full_panorama,normal,panorama,True,True
1779496896.2205126,6622,15.8308,1779496896.2046819,True,C7_full_panorama,C7_full_panorama,normal,panorama,True,True
1779496896.312869,6623,7.9589,1779496896.3049102,True,C7_full_panorama,C7_full_panorama,normal,panorama,True,True
1779496896.4239178,6624,18.5041,1779496896.4054136,True,C7_full_panorama,C7_full_panorama,normal,panorama,True,True
1779496896.5136118,6625,7.8022,1779496896.5058095,True,C7_full_panorama,C7_full_panorama,normal,panorama,True,True
1779496896.6452923,6626,38.8916,1779496896.6064007,True,C7_full_panorama,C7_full_panorama,normal,panorama,True,True
1779496896.7153072,6627,8.4233,1779496896.706884,True,C7_full_panorama,C7_full_panorama,normal,panorama,True,True
1779496896.8232808,6628,15.455,1779496896.8078258,True,C7_full_panorama,C7_full_panorama,normal,panorama,True,True
1779496896.9170356,6629,8.8768,1779496896.9081588,True,C7_full_panorama,C7_full_panorama,normal,panorama,True,True
1779496897.0139751,6630,5.1341,1779496897.008841,True,C7_full_panorama,C7_full_panorama,normal,panorama,True,True
1779496897.163785,6631,54.4636,1779496897.1093214,True,C7_full_panorama,C7_full_panorama,normal,panorama,True,True
1779496897.2300777,6632,20.5038,1779496897.209574,True,C7_full_panorama,C7_full_panorama,normal,panorama,True,True
1779496897.324394,6633,13.7796,1779496897.3106143,True,C7_full_panorama,C7_full_panorama,normal,panorama,True,True
1779496897.4190824,6634,7.8266,1779496897.4112558,True,C7_full_panorama,C7_full_panorama,normal,panorama,True,True
1779496897.5245996,6635,12.8174,1779496897.5117822,True,C7_full_panorama,C7_full_panorama,normal,panorama,True,True
1779496897.6187222,6636,6.4876,1779496897.6122346,True,C7_full_panorama,C7_full_panorama,normal,panorama,True,True
1779496897.7264667,6637,13.6814,1779496897.7127852,True,C7_full_panorama,C7_full_panorama,normal,panorama,True,True
1779496897.8189344,6638,5.3229,1779496897.8136115,True,C7_full_panorama,C7_full_panorama,normal,panorama,True,True
1779496897.9279873,6639,13.9408,1779496897.9140465,True,C7_full_panorama,C7_full_panorama,normal,panorama,True,True
1779496898.0237436,6640,8.8463,1779496898.0148973,True,C7_full_panorama,C7_full_panorama,normal,panorama,True,True
1779496898.1279755,6641,12.3549,1779496898.1156206,True,C7_full_panorama,C7_full_panorama,normal,panorama,True,True
1779496898.225513,6642,9.1753,1779496898.2163377,True,C7_full_panorama,C7_full_panorama,normal,panorama,True,True
1779496898.328014,6643,11.1923,1779496898.3168216,True,C7_full_panorama,C7_full_panorama,normal,panorama,True,True
1779496898.4384434,6644,20.8552,1779496898.4175882,True,C7_full_panorama,C7_full_panorama,normal,panorama,True,True
1779496898.5313764,6645,13.4199,1779496898.5179565,True,C7_full_panorama,C7_full_panorama,normal,panorama,True,True
1779496898.6933045,6646,74.9407,1779496898.6183639,True,C7_full_panorama,C7_full_panorama,normal,panorama,True,True
1779496898.78059,6647,61.8429,1779496898.7187471,True,C7_full_panorama,C7_full_panorama,normal,panorama,True,True
1779496898.8642235,6648,44.8091,1779496898.8194144,True,C7_full_panorama,C7_full_panorama,normal,panorama,True,True
1779496898.9495928,6649,29.4187,1779496898.9201741,True,C7_full_panorama,C7_full_panorama,normal,panorama,True,True
1779496899.0358078,6650,15.0476,1779496899.0207603,True,C7_full_panorama,C7_full_panorama,normal,panorama,True,True
1779496899.1556537,6651,34.3266,1779496899.1213272,False,C7_full_panorama,C7_full_panorama,normal,panorama,True,True
1779496899.2299526,6652,8.2159,1779496899.2217367,False,C7_full_panorama,C7_full_panorama,normal,panorama,True,True
1779496899.3373914,6653,14.8149,1779496899.3225765,False,C7_full_panorama,C7_full_panorama,normal,panorama,True,True
1779496899.4295685,6654,6.1691,1779496899.4233994,False,C7_full_panorama,C7_full_panorama,normal,panorama,True,True
1779496899.5374606,6655,13.5489,1779496899.5239117,False,C7_full_panorama,C7_full_panorama,normal,panorama,True,True
1779496899.6323948,6656,8.1069,1779496899.6242878,False,C7_full_panorama,C7_full_panorama,normal,panorama,True,True
1779496899.7455444,6657,20.7729,1779496899.7247715,False,C7_full_panorama,C7_full_panorama,normal,panorama,True,True
1779496899.836363,6658,11.1461,1779496899.825217,False,C7_full_panorama,C7_full_panorama,normal,panorama,True,True
1779496899.9302769,6659,4.3309,1779496899.925946,False,C7_full_panorama,C7_full_panorama,normal,panorama,True,True
1779496900.0396895,6660,13.4521,1779496900.0262375,False,C7_full_panorama,C7_full_panorama,normal,panorama,True,True
1779496900.208242,6661,81.7947,1779496900.1264472,False,C7_full_panorama,C7_full_panorama,normal,panorama,True,True
1779496900.2414753,6662,14.622,1779496900.2268534,False,C7_full_panorama,C7_full_panorama,normal,panorama,True,True
1779496900.3500526,6663,22.366,1779496900.3276865,False,C7_full_panorama,C7_full_panorama,normal,panorama,True,True
1779496900.4439905,6664,16.0573,1779496900.4279332,False,C7_full_panorama,C7_full_panorama,normal,panorama,True,True
1779496900.5377278,6665,9.0566,1779496900.5286713,False,C7_full_panorama,C7_full_panorama,normal,panorama,True,True
1779496900.7012138,6666,72.175,1779496900.6290388,False,C7_full_panorama,C7_full_panorama,normal,panorama,True,True
1779496900.736054,6667,6.2206,1779496900.7298334,False,C7_full_panorama,C7_full_panorama,normal,panorama,True,True
1779496900.8480296,6668,17.7889,1779496900.8302407,False,C7_full_panorama,C7_full_panorama,normal,panorama,True,True
1779496900.9532313,6669,22.2726,1779496900.9309587,False,C7_full_panorama,C7_full_panorama,normal,panorama,True,True
1779496901.0395756,6670,7.6754,1779496901.0319002,False,C7_full_panorama,C7_full_panorama,normal,panorama,True,True
1779496901.1389768,6671,6.6626,1779496901.1323142,False,C7_full_panorama,C7_full_panorama,normal,panorama,True,True
1779496901.2584589,6672,25.6214,1779496901.2328374,False,C7_full_panorama,C7_full_panorama,normal,panorama,True,True
1779496901.34004,6673,6.7899,1779496901.33325,False,C7_full_panorama,C7_full_panorama,normal,panorama,True,True
1779496901.450351,6674,16.6283,1779496901.4337227,False,C7_full_panorama,C7_full_panorama,normal,panorama,True,True
1779496901.5388324,6675,4.529,1779496901.5343034,False,C7_full_panorama,C7_full_panorama,normal,panorama,True,True
1779496901.7098327,6676,74.909,1779496901.6349237,False,C7_full_panorama,C7_full_panorama,normal,panorama,True,True
1779496901.7907171,6677,55.0661,1779496901.735651,False,C7_full_panorama,C7_full_panorama,normal,panorama,True,True
1779496901.869522,6678,33.308,1779496901.836214,False,C7_full_panorama,C7_full_panorama,normal,panorama,True,True
1779496901.9555376,6679,18.6388,1779496901.9368987,False,C7_full_panorama,C7_full_panorama,normal,panorama,True,True
1779496902.0652556,6680,28.0774,1779496902.0371783,False,C7_full_panorama,C7_full_panorama,normal,panorama,True,True
1779496902.1714158,6681,34.1558,1779496902.13726,False,C7_full_panorama,C7_full_panorama,normal,panorama,True,True
1779496902.2591395,6682,20.9334,1779496902.2382061,False,C7_full_panorama,C7_full_panorama,normal,panorama,True,True
1779496902.354773,6683,16.0201,1779496902.338753,False,C7_full_panorama,C7_full_panorama,normal,panorama,True,True
1779496902.4578946,6684,18.9853,1779496902.4389093,False,C7_full_panorama,C7_full_panorama,normal,panorama,True,True
1779496902.5575695,6685,18.2793,1779496902.5392902,False,C7_full_panorama,C7_full_panorama,normal,panorama,True,True
1779496902.673659,6686,33.998,1779496902.639661,False,C7_full_panorama,C7_full_panorama,normal,panorama,True,True
1779496902.757433,6687,17.5445,1779496902.7398884,False,C7_full_panorama,C7_full_panorama,normal,panorama,True,True
1779496902.8497002,6688,8.9967,1779496902.8407035,False,C7_full_panorama,C7_full_panorama,normal,panorama,True,True
1779496902.9615178,6689,20.3776,1779496902.9411402,False,C7_full_panorama,C7_full_panorama,normal,panorama,True,True
1779496903.0522208,6690,10.6225,1779496903.0415983,False,C7_full_panorama,C7_full_panorama,normal,panorama,True,True
1779496903.1673574,6691,25.2349,1779496903.1421225,False,C7_full_panorama,C7_full_panorama,normal,panorama,True,True
1779496903.2659748,6692,23.3798,1779496903.242595,False,C7_full_panorama,C7_full_panorama,normal,panorama,True,True
1779496903.3565075,6693,13.6552,1779496903.3428524,False,C7_full_panorama,C7_full_panorama,normal,panorama,True,True
1779496903.4543753,6694,11.1752,1779496903.4432,False,C7_full_panorama,C7_full_panorama,normal,panorama,True,True
1779496903.5636375,6695,19.9952,1779496903.5436423,False,C7_full_panorama,C7_full_panorama,normal,panorama,True,True
1779496903.6776059,6696,32.9266,1779496903.6446793,False,C7_full_panorama,C7_full_panorama,normal,panorama,True,True
1779496903.7620618,6697,16.5224,1779496903.7455394,False,C7_full_panorama,C7_full_panorama,normal,panorama,True,True
1779496903.8590746,6698,13.1552,1779496903.8459194,False,C7_full_panorama,C7_full_panorama,normal,panorama,True,True
1779496903.9670281,6699,20.2622,1779496903.946766,False,C7_full_panorama,C7_full_panorama,normal,panorama,True,True
1779496904.0619357,6700,14.0812,1779496904.0478544,False,C7_full_panorama,C7_full_panorama,normal,panorama,True,True
1779496904.2334774,6701,84.697,1779496904.1487803,False,C7_full_panorama,C7_full_panorama,normal,panorama,True,True
1779496904.2623813,6702,13.2856,1779496904.2490957,False,C7_full_panorama,C7_full_panorama,normal,panorama,True,True
1779496904.3691654,6703,19.8483,1779496904.349317,False,C7_full_panorama,C7_full_panorama,normal,panorama,True,True
1779496904.4591358,6704,8.919,1779496904.4502168,False,C7_full_panorama,C7_full_panorama,normal,panorama,True,True
1779496904.5672894,6705,16.2895,1779496904.5509999,False,C7_full_panorama,C7_full_panorama,normal,panorama,True,True
1779496904.7149098,6706,63.4742,1779496904.6514356,False,C7_full_panorama,C7_full_panorama,normal,panorama,True,True
1779496904.798768,6707,47.0614,1779496904.7517066,False,C7_full_panorama,C7_full_panorama,normal,panorama,True,True
1779496904.882382,6708,30.1573,1779496904.8522246,False,C7_full_panorama,C7_full_panorama,normal,panorama,True,True
1779496904.9655292,6709,13.1443,1779496904.952385,False,C7_full_panorama,C7_full_panorama,normal,panorama,True,True
1779496905.0722806,6710,19.5863,1779496905.0526943,False,C7_full_panorama,C7_full_panorama,normal,panorama,True,True
1779496905.2275887,6711,74.471,1779496905.1531177,False,C7_full_panorama,C7_full_panorama,normal,panorama,True,True
1779496905.3144147,6712,60.8907,1779496905.253524,False,C7_full_panorama,C7_full_panorama,normal,panorama,True,True
1779496905.3992217,6713,45.1522,1779496905.3540695,False,C7_full_panorama,C7_full_panorama,normal,panorama,True,True
1779496905.4847536,6714,29.7897,1779496905.454964,False,C7_full_panorama,C7_full_panorama,normal,panorama,True,True
1779496905.57166,6715,16.33,1779496905.55533,False,C7_full_panorama,C7_full_panorama,normal,panorama,True,True
1779496905.6832755,6716,27.7948,1779496905.6554806,False,C7_full_panorama,C7_full_panorama,normal,panorama,True,True
1779496905.778067,6717,21.7414,1779496905.7563257,False,C7_full_panorama,C7_full_panorama,normal,panorama,True,True
1779496905.8712347,6718,14.426,1779496905.8568087,False,C7_full_panorama,C7_full_panorama,normal,panorama,True,True
1779496905.9797196,6719,22.1338,1779496905.9575858,False,C7_full_panorama,C7_full_panorama,normal,panorama,True,True
1779496906.0724094,6720,14.3313,1779496906.058078,False,C7_full_panorama,C7_full_panorama,normal,panorama,True,True
1779496906.182382,6721,23.8523,1779496906.1585298,False,C7_full_panorama,C7_full_panorama,normal,panorama,True,True
1779496906.2730608,6722,13.8364,1779496906.2592244,False,C7_full_panorama,C7_full_panorama,normal,panorama,True,True
1779496906.3770263,6723,17.2253,1779496906.359801,False,C7_full_panorama,C7_full_panorama,normal,panorama,True,True
1779496906.4734738,6724,13.0877,1779496906.460386,False,C7_full_panorama,C7_full_panorama,normal,panorama,True,True
1779496906.566228,6725,5.0089,1779496906.561219,False,C7_full_panorama,C7_full_panorama,normal,panorama,True,True
1779496906.732056,6726,70.3192,1779496906.6617367,False,C7_full_panorama,C7_full_panorama,normal,panorama,True,True
1779496906.8177428,6727,55.1591,1779496906.7625837,False,C7_full_panorama,C7_full_panorama,normal,panorama,True,True
1779496906.8778749,6728,14.6708,1779496906.863204,False,C7_full_panorama,C7_full_panorama,normal,panorama,True,True
1779496906.9822905,6729,18.6641,1779496906.9636264,False,C7_full_panorama,C7_full_panorama,normal,panorama,True,True
1779496907.0761065,6730,12.2008,1779496907.0639057,False,C7_full_panorama,C7_full_panorama,normal,panorama,True,True
1779496907.1914248,6731,27.0884,1779496907.1643364,False,C7_full_panorama,C7_full_panorama,normal,panorama,True,True
1779496907.2779615,6732,13.4299,1779496907.2645316,False,C7_full_panorama,C7_full_panorama,normal,panorama,True,True
1779496907.3851504,6733,20.2358,1779496907.3649147,False,C7_full_panorama,C7_full_panorama,normal,panorama,True,True
1779496907.4771845,6734,12.0943,1779496907.4650903,False,C7_full_panorama,C7_full_panorama,normal,panorama,True,True
1779496907.584233,6735,18.6713,1779496907.5655618,False,C7_full_panorama,C7_full_panorama,normal,panorama,True,True
1779496907.6968489,6736,30.694,1779496907.6661549,False,C7_full_panorama,C7_full_panorama,normal,panorama,True,True
1779496907.7823367,6737,16.0048,1779496907.766332,False,C7_full_panorama,C7_full_panorama,normal,panorama,True,True
1779496907.8789575,6738,12.5375,1779496907.86642,False,C7_full_panorama,C7_full_panorama,normal,panorama,True,True
1779496907.9740698,6739,6.9544,1779496907.9671154,False,C7_full_panorama,C7_full_panorama,normal,panorama,True,True
1779496908.0794857,6740,12.104,1779496908.0673816,False,C7_full_panorama,C7_full_panorama,normal,panorama,True,True
1779496908.1976538,6741,29.3233,1779496908.1683304,False,C7_full_panorama,C7_full_panorama,normal,panorama,True,True
1779496908.2819705,6742,13.0548,1779496908.2689157,False,C7_full_panorama,C7_full_panorama,normal,panorama,True,True
1779496908.4014413,6743,31.9927,1779496908.3694487,False,C7_full_panorama,C7_full_panorama,normal,panorama,True,True
1779496908.4810004,6744,10.8318,1779496908.4701686,False,C7_full_panorama,C7_full_panorama,normal,panorama,True,True
1779496908.5919337,6745,21.6081,1779496908.5703256,False,C7_full_panorama,C7_full_panorama,normal,panorama,True,True
1779496908.7023718,6746,31.0514,1779496908.6713204,False,C7_full_panorama,C7_full_panorama,normal,panorama,True,True
1779496908.7798045,6747,7.489,1779496908.7723155,False,C7_full_panorama,C7_full_panorama,normal,panorama,True,True
1779496908.8897512,6748,16.8996,1779496908.8728516,False,C7_full_panorama,C7_full_panorama,normal,panorama,True,True
1779496908.9805703,6749,6.8998,1779496908.9736705,False,C7_full_panorama,C7_full_panorama,normal,panorama,True,True
1779496909.0871403,6750,12.7237,1779496909.0744166,False,C7_full_panorama,C7_full_panorama,normal,panorama,True,True
1779496909.2018816,6751,27.1831,1779496909.1746986,False,C7_full_panorama,C7_full_panorama,normal,panorama,True,True
1779496909.3447454,6752,69.8061,1779496909.2749393,False,C7_full_panorama,C7_full_panorama,normal,panorama,True,True
1779496909.447249,6753,71.7871,1779496909.3754618,False,C7_full_panorama,C7_full_panorama,normal,panorama,True,True
1779496909.5311038,6754,54.7163,1779496909.4763875,False,C7_full_panorama,C7_full_panorama,normal,panorama,True,True
1779496909.6341197,6755,57.0807,1779496909.577039,False,C7_full_panorama,C7_full_panorama,normal,panorama,True,True
1779496909.7257998,6756,48.2659,1779496909.6775339,False,C7_full_panorama,C7_full_panorama,normal,panorama,True,True
1779496909.8145616,6757,35.8651,1779496909.7786965,False,C7_full_panorama,C7_full_panorama,normal,panorama,True,True
1779496909.9008105,6758,21.301,1779496909.8795094,False,C7_full_panorama,C7_full_panorama,normal,panorama,True,True
1779496909.9936588,6759,13.8886,1779496909.9797702,False,C7_full_panorama,C7_full_panorama,normal,panorama,True,True
1779496910.151167,6760,70.9746,1779496910.0801923,False,C7_full_panorama,C7_full_panorama,normal,panorama,True,True
1779496910.2393627,6761,29.6147,1779496910.209748,False,C7_full_panorama,C7_full_panorama,normal,panorama,True,True
1779496910.3244205,6762,14.1397,1779496910.3102808,False,C7_full_panorama,C7_full_panorama,normal,panorama,True,True
1779496910.4510436,6763,40.102,1779496910.4109416,False,C7_full_panorama,C7_full_panorama,normal,panorama,True,True
1779496910.525336,6764,13.7544,1779496910.5115817,False,C7_full_panorama,C7_full_panorama,normal,panorama,True,True
1779496910.666951,6765,54.6129,1779496910.612338,False,C7_full_panorama,C7_full_panorama,normal,panorama,True,True
1779496910.7515182,6766,38.9411,1779496910.712577,False,C7_full_panorama,C7_full_panorama,normal,panorama,True,True
1779496910.8379128,6767,24.8461,1779496910.8130667,False,C7_full_panorama,C7_full_panorama,normal,panorama,True,True
1779496910.9254243,6768,11.4696,1779496910.9139547,False,C7_full_panorama,C7_full_panorama,normal,panorama,True,True
1779496911.0309937,6769,16.4607,1779496911.014533,False,C7_full_panorama,C7_full_panorama,normal,panorama,True,True
1779496911.1253307,6770,9.8286,1779496911.115502,False,C7_full_panorama,C7_full_panorama,normal,panorama,True,True
1779496911.276666,6771,60.5497,1779496911.2161162,False,C7_full_panorama,C7_full_panorama,normal,panorama,True,True
1779496911.3299685,6772,13.3228,1779496911.3166456,False,C7_full_panorama,C7_full_panorama,normal,panorama,True,True
1779496911.4324653,6773,15.6662,1779496911.416799,False,C7_full_panorama,C7_full_panorama,normal,panorama,True,True
1779496911.527335,6774,10.0195,1779496911.5173154,False,C7_full_panorama,C7_full_panorama,normal,panorama,True,True
1779496911.6374793,6775,19.2137,1779496911.6182656,False,C7_full_panorama,C7_full_panorama,normal,panorama,True,True
1779496911.7300112,6776,11.4279,1779496911.7185833,False,C7_full_panorama,C7_full_panorama,normal,panorama,True,True
1779496911.8395789,6777,20.5481,1779496911.8190308,False,C7_full_panorama,C7_full_panorama,normal,panorama,True,True
1779496911.9333212,6778,13.9735,1779496911.9193478,False,C7_full_panorama,C7_full_panorama,normal,panorama,True,True
1779496912.04054,6779,20.6628,1779496912.0198772,False,C7_full_panorama,C7_full_panorama,normal,panorama,True,True
1779496912.1316721,6780,11.2877,1779496912.1203845,False,C7_full_panorama,C7_full_panorama,normal,panorama,True,True
1779496912.2417326,6781,20.7078,1779496912.2210248,False,C7_full_panorama,C7_full_panorama,normal,panorama,True,True
1779496912.3336627,6782,12.332,1779496912.3213308,False,C7_full_panorama,C7_full_panorama,normal,panorama,True,True
1779496912.4261603,6783,4.1065,1779496912.4220538,False,C7_full_panorama,C7_full_panorama,normal,panorama,True,True
1779496912.5507877,6784,28.0917,1779496912.522696,False,C7_full_panorama,C7_full_panorama,normal,panorama,True,True
1779496912.6440682,6785,20.5038,1779496912.6235645,False,C7_full_panorama,C7_full_panorama,normal,panorama,True,True
1779496912.7384205,6786,14.1234,1779496912.724297,False,C7_full_panorama,C7_full_panorama,normal,panorama,True,True
1779496912.843435,6787,18.8386,1779496912.8245964,False,C7_full_panorama,C7_full_panorama,normal,panorama,True,True
1779496912.9752238,6788,50.1149,1779496912.925109,False,C7_full_panorama,C7_full_panorama,normal,panorama,True,True
1779496913.0483797,6789,22.9113,1779496913.0254683,False,C7_full_panorama,C7_full_panorama,normal,panorama,True,True
1779496913.14568,6790,19.8486,1779496913.1258314,False,C7_full_panorama,C7_full_panorama,normal,panorama,True,True
1779496913.248089,6791,21.2831,1779496913.226806,False,C7_full_panorama,C7_full_panorama,normal,panorama,True,True
1779496913.3376484,6792,10.2174,1779496913.327431,False,C7_full_panorama,C7_full_panorama,normal,panorama,True,True
1779496913.467403,6793,39.3796,1779496913.4280233,False,C7_full_panorama,C7_full_panorama,normal,panorama,True,True
1779496913.5420916,6794,13.4497,1779496913.528642,False,C7_full_panorama,C7_full_panorama,normal,panorama,True,True
1779496913.647273,6795,17.9513,1779496913.6293218,False,C7_full_panorama,C7_full_panorama,normal,panorama,True,True
1779496913.7517009,6796,21.5921,1779496913.7301087,False,C7_full_panorama,C7_full_panorama,normal,panorama,True,True
1779496913.8497849,6797,19.031,1779496913.8307538,False,C7_full_panorama,C7_full_panorama,normal,panorama,True,True
1779496913.9734182,6798,41.9745,1779496913.9314437,False,C7_full_panorama,C7_full_panorama,normal,panorama,True,True
1779496914.0554755,6799,23.6084,1779496914.031867,False,C7_full_panorama,C7_full_panorama,normal,panorama,True,True
1779496914.146408,6800,14.2765,1779496914.1321316,False,C7_full_panorama,C7_full_panorama,normal,panorama,True,True
1779496914.2530189,6801,19.716,1779496914.2333028,False,C7_full_panorama,C7_full_panorama,normal,panorama,True,True
1779496914.3483148,6802,14.7347,1779496914.33358,False,C7_full_panorama,C7_full_panorama,normal,panorama,True,True
1779496914.5147579,6803,80.6725,1779496914.4340854,False,C7_full_panorama,C7_full_panorama,normal,panorama,True,True
1779496914.5431032,6804,8.8522,1779496914.534251,False,C7_full_panorama,C7_full_panorama,normal,panorama,True,True
1779496914.6537042,6805,18.4629,1779496914.6352413,False,C7_full_panorama,C7_full_panorama,normal,panorama,True,True
1779496914.7519329,6806,15.9733,1779496914.7359595,False,C7_full_panorama,C7_full_panorama,normal,panorama,True,True
1779496914.8436985,6807,7.0443,1779496914.8366542,False,C7_full_panorama,C7_full_panorama,normal,panorama,True,True
1779496914.969454,6808,32.1388,1779496914.9373152,False,C7_full_panorama,C7_full_panorama,normal,panorama,True,True
1779496915.044422,6809,7.0295,1779496915.0373924,False,C7_full_panorama,C7_full_panorama,normal,panorama,True,True
1779496915.1627638,6810,24.8291,1779496915.1379347,False,C7_full_panorama,C7_full_panorama,normal,panorama,True,True
1779496915.2830567,6811,44.0457,1779496915.239011,False,C7_full_panorama,C7_full_panorama,normal,panorama,True,True
1779496915.3691673,6812,30.0202,1779496915.339147,False,C7_full_panorama,C7_full_panorama,normal,panorama,True,True
1779496915.499406,6813,59.8457,1779496915.4395604,False,C7_full_panorama,C7_full_panorama,normal,panorama,True,True
1779496915.5568373,6814,16.6631,1779496915.5401742,False,C7_full_panorama,C7_full_panorama,normal,panorama,True,True
1779496915.652122,6815,11.4632,1779496915.6406589,False,C7_full_panorama,C7_full_panorama,normal,panorama,True,True
1779496915.7573907,6816,16.2742,1779496915.7411165,False,C7_full_panorama,C7_full_panorama,normal,panorama,True,True
1779496915.8517003,6817,9.9962,1779496915.8417041,False,C7_full_panorama,C7_full_panorama,normal,panorama,True,True
1779496916.0179694,6818,75.5801,1779496915.9423892,False,C7_full_panorama,C7_full_panorama,normal,panorama,True,True
1779496916.102381,6819,58.9948,1779496916.0433862,False,C7_full_panorama,C7_full_panorama,normal,panorama,True,True
1779496916.1884112,6820,44.4741,1779496916.143937,False,C7_full_panorama,C7_full_panorama,normal,panorama,True,True
1779496916.271381,6821,26.8803,1779496916.2445006,False,C7_full_panorama,C7_full_panorama,normal,panorama,True,True
1779496916.3643045,6822,19.1004,1779496916.345204,False,C7_full_panorama,C7_full_panorama,normal,panorama,True,True
1779496916.479366,6823,33.9725,1779496916.4453936,False,C7_full_panorama,C7_full_panorama,normal,panorama,True,True
1779496916.5538502,6824,8.2626,1779496916.5455875,False,C7_full_panorama,C7_full_panorama,normal,panorama,True,True
1779496916.6653748,6825,18.8026,1779496916.646572,False,C7_full_panorama,C7_full_panorama,normal,panorama,True,True
1779496916.758503,6826,11.3361,1779496916.7471669,False,C7_full_panorama,C7_full_panorama,normal,panorama,True,True
1779496916.8640416,6827,16.3405,1779496916.847701,False,C7_full_panorama,C7_full_panorama,normal,panorama,True,True
1779496916.9573386,6828,9.4597,1779496916.9478788,False,C7_full_panorama,C7_full_panorama,normal,panorama,True,True
1779496917.1059108,6829,57.7564,1779496917.0481544,False,C7_full_panorama,C7_full_panorama,normal,panorama,True,True
1779496917.194834,6830,46.2062,1779496917.1486278,False,C7_full_panorama,C7_full_panorama,normal,panorama,True,True
1779496917.2819753,6831,32.4261,1779496917.2495492,False,C7_full_panorama,C7_full_panorama,normal,panorama,True,True
1779496917.3653388,6832,15.4128,1779496917.349926,False,C7_full_panorama,C7_full_panorama,normal,panorama,True,True
1779496917.5363638,6833,85.9146,1779496917.4504492,False,C7_full_panorama,C7_full_panorama,normal,panorama,True,True
1779496917.5597603,6834,9.1486,1779496917.5506117,False,C7_full_panorama,C7_full_panorama,normal,panorama,True,True
1779496917.6579208,6835,6.4905,1779496917.6514304,False,C7_full_panorama,C7_full_panorama,normal,panorama,True,True
1779496917.811317,6836,59.3092,1779496917.7520077,False,C7_full_panorama,C7_full_panorama,normal,panorama,True,True
1779496917.897357,6837,45.0079,1779496917.852349,False,C7_full_panorama,C7_full_panorama,normal,panorama,True,True
1779496917.985649,6838,32.8395,1779496917.9528096,False,C7_full_panorama,C7_full_panorama,normal,panorama,True,True
1779496918.0587525,6839,5.4486,1779496918.053304,False,C7_full_panorama,C7_full_panorama,normal,panorama,True,True
1779496918.1673512,6840,13.4034,1779496918.1539478,False,C7_full_panorama,C7_full_panorama,normal,panorama,True,True
1779496918.2641652,6841,10.0477,1779496918.2541175,False,C7_full_panorama,C7_full_panorama,normal,panorama,True,True
1779496918.3697188,6842,15.2521,1779496918.3544667,False,C7_full_panorama,C7_full_panorama,normal,panorama,True,True
1779496918.4625616,6843,7.9539,1779496918.4546077,False,C7_full_panorama,C7_full_panorama,normal,panorama,True,True
1779496918.5644763,6844,9.2852,1779496918.555191,False,C7_full_panorama,C7_full_panorama,normal,panorama,True,True
1779496918.6636634,6845,8.0223,1779496918.655641,False,C7_full_panorama,C7_full_panorama,normal,panorama,True,True
1779496918.7706964,6846,14.183,1779496918.7565134,False,C7_full_panorama,C7_full_panorama,normal,panorama,True,True
1779496918.8643043,6847,7.3144,1779496918.8569899,False,C7_full_panorama,C7_full_panorama,normal,panorama,True,True
1779496919.0060418,6848,48.2388,1779496918.957803,False,C7_full_panorama,C7_full_panorama,normal,panorama,True,True
1779496919.0791507,6849,20.8426,1779496919.0583081,False,C7_full_panorama,C7_full_panorama,normal,panorama,True,True
1779496919.1878283,6850,29.0408,1779496919.1587875,False,C7_full_panorama,C7_full_panorama,normal,panorama,True,True
1779496919.2808325,6851,21.7681,1779496919.2590644,False,C7_full_panorama,C7_full_panorama,normal,panorama,True,True
1779496919.3737571,6852,14.0135,1779496919.3597436,False,C7_full_panorama,C7_full_panorama,normal,panorama,True,True
1779496919.541022,6853,80.9588,1779496919.4600632,False,C7_full_panorama,C7_full_panorama,normal,panorama,True,True
1779496919.5763457,6854,16.0086,1779496919.560337,False,C7_full_panorama,C7_full_panorama,normal,panorama,True,True
1779496919.6673837,6855,6.5646,1779496919.660819,False,C7_full_panorama,C7_full_panorama,normal,panorama,True,True
1779496919.774163,6856,12.9309,1779496919.7612321,False,C7_full_panorama,C7_full_panorama,normal,panorama,True,True
1779496919.8733435,6857,11.5583,1779496919.8617852,False,C7_full_panorama,C7_full_panorama,normal,panorama,True,True
1779496920.0459821,6858,83.3158,1779496919.9626663,False,C7_full_panorama,C7_full_panorama,normal,panorama,True,True
1779496920.073917,6859,10.623,1779496920.063294,False,C7_full_panorama,C7_full_panorama,normal,panorama,True,True
1779496920.178873,6860,14.945,1779496920.163928,False,C7_full_panorama,C7_full_panorama,normal,panorama,True,True
1779496920.2842388,6861,19.7792,1779496920.2644596,False,C7_full_panorama,C7_full_panorama,normal,panorama,True,True
1779496920.3754787,6862,10.4127,1779496920.365066,False,C7_full_panorama,C7_full_panorama,normal,panorama,True,True
1779496920.4714854,6863,6.0618,1779496920.4654236,False,C7_full_panorama,C7_full_panorama,normal,panorama,True,True
1779496920.577468,6864,11.4105,1779496920.5660574,False,C7_full_panorama,C7_full_panorama,normal,panorama,True,True
1779496920.6709,6865,4.6811,1779496920.666219,False,C7_full_panorama,C7_full_panorama,normal,panorama,True,True
1779496920.783822,6866,16.207,1779496920.767615,False,C7_full_panorama,C7_full_panorama,normal,panorama,True,True
1779496920.8773563,6867,9.4891,1779496920.8678672,False,C7_full_panorama,C7_full_panorama,normal,panorama,True,True
1779496921.0432723,6868,74.7938,1779496920.9684784,False,C7_full_panorama,C7_full_panorama,normal,panorama,True,True
1779496921.0765011,6869,7.8089,1779496921.0686922,False,C7_full_panorama,C7_full_panorama,normal,panorama,True,True
1779496921.186801,6870,17.4849,1779496921.169316,False,C7_full_panorama,C7_full_panorama,normal,panorama,True,True
1779496921.2816656,6871,12.2557,1779496921.26941,False,C7_full_panorama,C7_full_panorama,normal,panorama,True,True
1779496921.3755834,6872,5.3794,1779496921.370204,False,C7_full_panorama,C7_full_panorama,normal,panorama,True,True
1779496921.530897,6873,60.0774,1779496921.4708195,False,C7_full_panorama,C7_full_panorama,normal,panorama,True,True
1779496921.583383,6874,12.1925,1779496921.5711906,False,C7_full_panorama,C7_full_panorama,normal,panorama,True,True
1779496921.6865914,6875,14.9083,1779496921.671683,False,C7_full_panorama,C7_full_panorama,normal,panorama,True,True
1779496921.7811587,6876,8.5416,1779496921.772617,False,C7_full_panorama,C7_full_panorama,normal,panorama,True,True
1779496921.8873606,6877,14.5245,1779496921.872836,False,C7_full_panorama,C7_full_panorama,normal,panorama,True,True
1779496921.999158,6878,25.7823,1779496921.9733756,False,C7_full_panorama,C7_full_panorama,normal,panorama,True,True
1779496922.0917394,6879,17.5338,1779496922.0742056,False,C7_full_panorama,C7_full_panorama,normal,panorama,True,True
1779496922.1884444,6880,13.9072,1779496922.1745372,False,C7_full_panorama,C7_full_panorama,normal,panorama,True,True
1779496922.294397,6881,19.2347,1779496922.2751625,False,C7_full_panorama,C7_full_panorama,normal,panorama,True,True
1779496922.3913715,6882,15.2912,1779496922.3760803,False,C7_full_panorama,C7_full_panorama,normal,panorama,True,True
1779496922.555406,6883,78.589,1779496922.4768171,False,C7_full_panorama,C7_full_panorama,normal,panorama,True,True
1779496922.5925543,6884,15.4867,1779496922.5770676,False,C7_full_panorama,C7_full_panorama,normal,panorama,True,True
1779496922.6867259,6885,8.8739,1779496922.677852,False,C7_full_panorama,C7_full_panorama,normal,panorama,True,True
1779496922.7934859,6886,15.3596,1779496922.7781262,False,C7_full_panorama,C7_full_panorama,normal,panorama,True,True
1779496922.8817935,6887,3.5574,1779496922.878236,False,C7_full_panorama,C7_full_panorama,normal,panorama,True,True
1779496923.0478075,6888,68.5911,1779496922.9792163,False,C7_full_panorama,C7_full_panorama,normal,panorama,True,True
1779496923.1491215,6889,69.4637,1779496923.0796578,False,C7_full_panorama,C7_full_panorama,normal,panorama,True,True
1779496923.2563577,6890,76.0317,1779496923.180326,False,C7_full_panorama,C7_full_panorama,normal,panorama,True,True
1779496923.3201914,6891,39.2113,1779496923.28098,False,C7_full_panorama,C7_full_panorama,normal,panorama,True,True
1779496923.4040222,6892,22.4535,1779496923.3815687,False,C7_full_panorama,C7_full_panorama,normal,panorama,True,True
1779496923.5597978,6893,77.9119,1779496923.481886,False,C7_full_panorama,C7_full_panorama,normal,panorama,True,True
1779496923.5969396,6894,14.4744,1779496923.5824652,False,C7_full_panorama,C7_full_panorama,normal,panorama,True,True
1779496923.6955817,6895,12.306,1779496923.6832757,False,C7_full_panorama,C7_full_panorama,normal,panorama,True,True
1779496923.800679,6896,17.0476,1779496923.7836313,False,C7_full_panorama,C7_full_panorama,normal,panorama,True,True
1779496923.8948004,6897,10.2987,1779496923.8845017,False,C7_full_panorama,C7_full_panorama,normal,panorama,True,True
1779496924.070226,6898,55.9359,1779496924.01429,False,C7_full_panorama,C7_full_panorama,normal,panorama,True,True
1779496924.1531017,6899,38.4679,1779496924.1146338,False,C7_full_panorama,C7_full_panorama,normal,panorama,True,True
1779496924.2628798,6900,47.7209,1779496924.215159,False,C7_full_panorama,C7_full_panorama,normal,panorama,True,True
1779496924.33482,6901,19.2175,1779496924.3156025,False,C7_full_panorama,C7_full_panorama,normal,panorama,True,True
1779496924.4277916,6902,11.4491,1779496924.4163425,False,C7_full_panorama,C7_full_panorama,normal,panorama,True,True
1779496924.583831,6903,66.9105,1779496924.5169206,False,C7_full_panorama,C7_full_panorama,normal,panorama,True,True
1779496924.667667,6904,50.1482,1779496924.6175187,False,C7_full_panorama,C7_full_panorama,normal,panorama,True,True
1779496924.7671611,6905,48.8851,1779496924.718276,False,C7_full_panorama,C7_full_panorama,normal,panorama,True,True
1779496924.8371844,6906,18.3935,1779496924.818791,False,C7_full_panorama,C7_full_panorama,normal,panorama,True,True
1779496924.946621,6907,27.1149,1779496924.919506,False,C7_full_panorama,C7_full_panorama,normal,panorama,True,True
1779496925.029696,6908,9.4261,1779496925.0202699,False,C7_full_panorama,C7_full_panorama,normal,panorama,True,True
1779496925.1274981,6909,6.366,1779496925.1211321,False,C7_full_panorama,C7_full_panorama,normal,panorama,True,True
1779496925.2343402,6910,12.5277,1779496925.2218125,False,C7_full_panorama,C7_full_panorama,normal,panorama,True,True
1779496925.3481867,6911,25.6433,1779496925.3225434,False,C7_full_panorama,C7_full_panorama,normal,panorama,True,True
1779496925.4333954,6912,10.3438,1779496925.4230516,False,C7_full_panorama,C7_full_panorama,normal,panorama,True,True
1779496925.5455296,6913,22.2771,1779496925.5232525,False,C7_full_panorama,C7_full_panorama,normal,panorama,True,True
1779496925.6546736,6914,30.8919,1779496925.6237817,False,C7_full_panorama,C7_full_panorama,normal,panorama,True,True
1779496925.7619827,6915,37.4241,1779496925.7245586,False,C7_full_panorama,C7_full_panorama,normal,panorama,True,True
1779496925.8395026,6916,14.2646,1779496925.825238,False,C7_full_panorama,C7_full_panorama,normal,panorama,True,True
1779496925.935174,6917,9.1765,1779496925.9259975,False,C7_full_panorama,C7_full_panorama,normal,panorama,True,True
1779496926.0418332,6918,15.3494,1779496926.0264838,False,C7_full_panorama,C7_full_panorama,normal,panorama,True,True
1779496926.1697571,6919,42.6142,1779496926.127143,False,C7_full_panorama,C7_full_panorama,normal,panorama,True,True
1779496926.2810504,6920,53.4472,1779496926.2276032,False,C7_full_panorama,C7_full_panorama,normal,panorama,True,True
1779496926.361216,6921,33.3977,1779496926.3278184,False,C7_full_panorama,C7_full_panorama,normal,panorama,True,True
1779496926.4519846,6922,23.5474,1779496926.4284372,False,C7_full_panorama,C7_full_panorama,normal,panorama,True,True
1779496926.5497866,6923,20.515,1779496926.5292716,False,C7_full_panorama,C7_full_panorama,normal,panorama,True,True
1779496926.6866684,6924,57.1487,1779496926.6295197,False,C7_full_panorama,C7_full_panorama,normal,panorama,True,True
1779496926.7815924,6925,51.475,1779496926.7301173,False,C7_full_panorama,C7_full_panorama,normal,panorama,True,True
1779496926.8581629,6926,27.2968,1779496926.830866,False,C7_full_panorama,C7_full_panorama,normal,panorama,True,True
1779496926.9506946,6927,19.1867,1779496926.9315078,False,C7_full_panorama,C7_full_panorama,normal,panorama,True,True
1779496927.0382535,6928,6.4316,1779496927.031822,False,C7_full_panorama,C7_full_panorama,normal,panorama,True,True
1779496927.1672397,6929,34.744,1779496927.1324956,False,C7_full_panorama,C7_full_panorama,normal,panorama,True,True
1779496927.2664626,6930,33.6125,1779496927.23285,False,C7_full_panorama,C7_full_panorama,normal,panorama,True,True
1779496927.3496976,6931,16.4416,1779496927.333256,False,C7_full_panorama,C7_full_panorama,normal,panorama,True,True
1779496927.4434335,6932,9.1996,1779496927.434234,False,C7_full_panorama,C7_full_panorama,normal,panorama,True,True
1779496927.5505285,6933,15.7912,1779496927.5347373,False,C7_full_panorama,C7_full_panorama,normal,panorama,True,True
1779496927.6734006,6934,37.9748,1779496927.6354258,False,C7_full_panorama,C7_full_panorama,normal,panorama,True,True
1779496927.7641215,6935,28.3427,1779496927.7357788,False,C7_full_panorama,C7_full_panorama,normal,panorama,True,True
1779496927.8512144,6936,14.9488,1779496927.8362656,False,C7_full_panorama,C7_full_panorama,normal,panorama,True,True
1779496927.9513507,6937,14.5998,1779496927.936751,False,C7_full_panorama,C7_full_panorama,normal,panorama,True,True
1779496928.0444033,6938,7.1995,1779496928.0372038,False,C7_full_panorama,C7_full_panorama,normal,panorama,True,True
1779496928.1878846,6939,50.2987,1779496928.1375859,False,C7_full_panorama,C7_full_panorama,normal,panorama,True,True
1779496928.2720556,6940,34.0531,1779496928.2380025,False,C7_full_panorama,C7_full_panorama,normal,panorama,True,True
1779496928.356818,6941,18.3947,1779496928.3384233,False,C7_full_panorama,C7_full_panorama,normal,panorama,True,True
1779496928.4519615,6942,13.3958,1779496928.4385657,False,C7_full_panorama,C7_full_panorama,normal,panorama,True,True
1779496928.5588615,6943,4.8327,1779496928.5540287,False,C7_full_panorama,C7_full_panorama,normal,panorama,True,True
1779496928.665273,6944,10.1771,1779496928.6550958,False,C7_full_panorama,C7_full_panorama,normal,panorama,True,True
1779496928.7731476,6945,4.5853,1779496928.7685623,False,C7_full_panorama,C7_full_panorama,normal,panorama,True,True
1779496928.8977542,6946,28.4979,1779496928.8692563,False,C7_full_panorama,C7_full_panorama,normal,panorama,True,True
1779496928.9880304,6947,18.6775,1779496928.969353,False,C7_full_panorama,C7_full_panorama,normal,panorama,True,True
1779496929.097592,6948,27.9465,1779496929.0696456,False,C7_full_panorama,C7_full_panorama,normal,panorama,True,True
1779496929.1964216,6949,25.852,1779496929.1705697,False,C7_full_panorama,C7_full_panorama,normal,panorama,True,True
1779496929.279704,6950,6.5062,1779496929.273198,False,C7_full_panorama,C7_full_panorama,normal,panorama,True,True
1779496929.3898227,6951,16.336,1779496929.3734868,False,C7_full_panorama,C7_full_panorama,normal,panorama,True,True
1779496929.4935274,6952,19.2759,1779496929.4742515,False,C7_full_panorama,C7_full_panorama,normal,panorama,True,True
1779496929.5894032,6953,14.8075,1779496929.5745957,False,C7_full_panorama,C7_full_panorama,normal,panorama,True,True
1779496929.6814442,6954,6.5744,1779496929.6748698,False,C7_full_panorama,C7_full_panorama,normal,panorama,True,True
1779496929.7917912,6955,16.7444,1779496929.7750468,False,C7_full_panorama,C7_full_panorama,normal,panorama,True,True
1779496929.8879657,6956,12.3718,1779496929.875594,False,C7_full_panorama,C7_full_panorama,normal,panorama,True,True
1779496929.9960175,6957,19.7561,1779496929.9762614,False,C7_full_panorama,C7_full_panorama,normal,panorama,True,True
1779496930.0902717,6958,13.8645,1779496930.0764072,False,C7_full_panorama,C7_full_panorama,normal,panorama,True,True
1779496930.1979816,6959,20.8035,1779496930.1771781,False,C7_full_panorama,C7_full_panorama,normal,panorama,True,True
1779496930.293371,6960,15.4183,1779496930.2779527,False,C7_full_panorama,C7_full_panorama,normal,panorama,True,True
1779496930.3926075,6961,14.2336,1779496930.3783739,False,C7_full_panorama,C7_full_panorama,normal,panorama,True,True
1779496930.4977136,6962,19.0976,1779496930.478616,False,C7_full_panorama,C7_full_panorama,normal,panorama,True,True
1779496930.5905058,6963,11.3976,1779496930.5791082,False,C7_full_panorama,C7_full_panorama,normal,panorama,True,True
1779496930.697401,6964,17.7982,1779496930.6796029,False,C7_full_panorama,C7_full_panorama,normal,panorama,True,True
1779496930.7895977,6965,9.5489,1779496930.7800488,False,C7_full_panorama,C7_full_panorama,normal,panorama,True,True
1779496930.8999689,6966,19.3126,1779496930.8806562,False,C7_full_panorama,C7_full_panorama,normal,panorama,True,True
1779496930.9956732,6967,14.6029,1779496930.9810703,False,C7_full_panorama,C7_full_panorama,normal,panorama,True,True
1779496931.0856724,6968,4.0486,1779496931.0816238,False,C7_full_panorama,C7_full_panorama,normal,panorama,True,True
1779496931.237913,6969,55.4895,1779496931.1824234,False,C7_full_panorama,C7_full_panorama,normal,panorama,True,True
1779496931.327491,6970,44.7752,1779496931.2827158,False,C7_full_panorama,C7_full_panorama,normal,panorama,True,True
1779496931.413725,6971,30.2019,1779496931.383523,False,C7_full_panorama,C7_full_panorama,normal,panorama,True,True
1779496931.5022016,6972,18.3127,1779496931.4838889,False,C7_full_panorama,C7_full_panorama,normal,panorama,True,True
1779496931.6011727,6973,16.5157,1779496931.584657,False,C7_full_panorama,C7_full_panorama,normal,panorama,True,True
1779496931.6927266,6974,7.0074,1779496931.6857193,False,C7_full_panorama,C7_full_panorama,normal,panorama,True,True
1779496931.8519444,6975,65.773,1779496931.7861714,False,C7_full_panorama,C7_full_panorama,normal,panorama,True,True
1779496931.943265,6976,56.2475,1779496931.8870175,False,C7_full_panorama,C7_full_panorama,normal,panorama,True,True
1779496932.0402403,6977,52.8767,1779496931.9873636,False,C7_full_panorama,C7_full_panorama,normal,panorama,True,True
1779496932.1212575,6978,33.0415,1779496932.088216,False,C7_full_panorama,C7_full_panorama,normal,panorama,True,True
1779496932.208678,6979,20.1185,1779496932.1885595,False,C7_full_panorama,C7_full_panorama,normal,panorama,True,True
1779496932.3047743,6980,15.8975,1779496932.2888768,False,C7_full_panorama,C7_full_panorama,normal,panorama,True,True
1779496932.3996649,6981,10.3116,1779496932.3893533,False,C7_full_panorama,C7_full_panorama,normal,panorama,True,True
1779496932.5294852,6982,39.8586,1779496932.4896266,False,C7_full_panorama,C7_full_panorama,normal,panorama,True,True
1779496932.6025596,6983,12.5256,1779496932.590034,False,C7_full_panorama,C7_full_panorama,normal,panorama,True,True
1779496932.7113342,6984,21.1082,1779496932.690226,False,C7_full_panorama,C7_full_panorama,normal,panorama,True,True
1779496932.8038845,6985,13.4091,1779496932.7904754,False,C7_full_panorama,C7_full_panorama,normal,panorama,True,True
1779496932.9139495,6986,23.2944,1779496932.890655,False,C7_full_panorama,C7_full_panorama,normal,panorama,True,True
1779496933.0060484,6987,15.1739,1779496932.9908745,False,C7_full_panorama,C7_full_panorama,normal,panorama,True,True
1779496933.0999455,6988,8.5907,1779496933.0913548,False,C7_full_panorama,C7_full_panorama,normal,panorama,True,True
1779496933.2112932,6989,19.3658,1779496933.1919274,False,C7_full_panorama,C7_full_panorama,normal,panorama,True,True
1779496933.3015716,6990,9.2189,1779496933.2923527,False,C7_full_panorama,C7_full_panorama,normal,panorama,True,True
1779496933.406541,6991,13.751,1779496933.39279,False,C7_full_panorama,C7_full_panorama,normal,panorama,True,True
1779496933.5112133,6992,17.8201,1779496933.4933932,False,C7_full_panorama,C7_full_panorama,normal,panorama,True,True
1779496933.605662,6993,11.8752,1779496933.593787,False,C7_full_panorama,C7_full_panorama,normal,panorama,True,True
1779496933.7178133,6994,23.5503,1779496933.694263,False,C7_full_panorama,C7_full_panorama,normal,panorama,True,True
1779496933.8114147,6995,16.4299,1779496933.7949848,False,C7_full_panorama,C7_full_panorama,normal,panorama,True,True
1779496933.9013462,6996,6.0565,1779496933.8952897,False,C7_full_panorama,C7_full_panorama,normal,panorama,True,True
1779496934.0131314,6997,16.9988,1779496933.9961326,False,C7_full_panorama,C7_full_panorama,normal,panorama,True,True
1779496934.102287,6998,5.8291,1779496934.096458,False,C7_full_panorama,C7_full_panorama,normal,panorama,True,True
1779496934.213778,6999,17.0648,1779496934.1967132,False,C7_full_panorama,C7_full_panorama,normal,panorama,True,True
1779496934.303636,7000,6.5467,1779496934.2970893,False,C7_full_panorama,C7_full_panorama,normal,panorama,True,True
1779496934.4141717,7001,16.4185,1779496934.3977532,False,C7_full_panorama,C7_full_panorama,normal,panorama,True,True
1779496934.5060172,7002,8.0934,1779496934.4979239,False,C7_full_panorama,C7_full_panorama,normal,panorama,True,True
1779496934.615484,7003,17.1189,1779496934.598365,False,C7_full_panorama,C7_full_panorama,normal,panorama,True,True
1779496934.7052534,7004,5.9941,1779496934.6992593,False,C7_full_panorama,C7_full_panorama,normal,panorama,True,True
1779496934.818819,7005,18.6582,1779496934.800161,False,C7_full_panorama,C7_full_panorama,normal,panorama,True,True
1779496934.910226,7006,9.7203,1779496934.9005058,False,C7_full_panorama,C7_full_panorama,normal,panorama,True,True
1779496935.0190554,7007,17.8809,1779496935.0011744,False,C7_full_panorama,C7_full_panorama,normal,panorama,True,True
1779496935.1119127,7008,9.829,1779496935.1020837,False,C7_full_panorama,C7_full_panorama,normal,panorama,True,True
1779496935.2224424,7009,19.7835,1779496935.202659,False,C7_full_panorama,C7_full_panorama,normal,panorama,True,True
1779496935.3145933,7010,11.5237,1779496935.3030696,False,C7_full_panorama,C7_full_panorama,normal,panorama,True,True
1779496935.4207182,7011,17.0903,1779496935.4036279,False,C7_full_panorama,C7_full_panorama,normal,panorama,True,True
1779496935.5139563,7012,10.1271,1779496935.5038292,False,C7_full_panorama,C7_full_panorama,normal,panorama,True,True
1779496935.6228886,7013,18.929,1779496935.6039596,False,C7_full_panorama,C7_full_panorama,normal,panorama,True,True
1779496935.7171042,7014,12.9409,1779496935.7041633,False,C7_full_panorama,C7_full_panorama,normal,panorama,True,True
1779496935.8099365,7015,5.091,1779496935.8048456,False,C7_full_panorama,C7_full_panorama,normal,panorama,True,True
1779496935.9207067,7016,15.3968,1779496935.90531,False,C7_full_panorama,C7_full_panorama,normal,panorama,True,True
1779496936.017781,7017,11.8265,1779496936.0059545,False,C7_full_panorama,C7_full_panorama,normal,panorama,True,True
1779496936.1726372,7018,65.6686,1779496936.1069686,False,C7_full_panorama,C7_full_panorama,normal,panorama,True,True
1779496936.2556334,7019,48.559,1779496936.2070744,False,C7_full_panorama,C7_full_panorama,normal,panorama,True,True
1779496936.3389738,7020,30.9093,1779496936.3080645,False,C7_full_panorama,C7_full_panorama,normal,panorama,True,True
1779496936.4253485,7021,16.6731,1779496936.4086754,False,C7_full_panorama,C7_full_panorama,normal,panorama,True,True
1779496936.5447414,7022,35.3475,1779496936.509394,False,C7_full_panorama,C7_full_panorama,normal,panorama,True,True
1779496936.622811,7023,12.6879,1779496936.6101232,False,C7_full_panorama,C7_full_panorama,normal,panorama,True,True
1779496936.7678905,7024,57.4937,1779496936.7103968,False,C7_full_panorama,C7_full_panorama,normal,panorama,True,True
1779496936.852928,7025,41.9333,1779496936.8109946,False,C7_full_panorama,C7_full_panorama,normal,panorama,True,True
1779496936.937438,7026,26.0575,1779496936.9113805,False,C7_full_panorama,C7_full_panorama,normal,panorama,True,True
1779496937.0464737,7027,34.559,1779496937.0119147,False,C7_full_panorama,C7_full_panorama,normal,panorama,True,True
1779496937.1208394,7028,8.7299,1779496937.1121094,False,C7_full_panorama,C7_full_panorama,normal,panorama,True,True
1779496937.230313,7029,17.544,1779496937.212769,False,C7_full_panorama,C7_full_panorama,normal,panorama,True,True
1779496937.3248785,7030,11.5731,1779496937.3133054,False,C7_full_panorama,C7_full_panorama,normal,panorama,True,True
1779496937.4349318,7031,20.9038,1779496937.414028,False,C7_full_panorama,C7_full_panorama,normal,panorama,True,True
1779496937.5478923,7032,32.8634,1779496937.515029,False,C7_full_panorama,C7_full_panorama,normal,panorama,True,True
1779496937.6210182,7033,5.2691,1779496937.6157491,False,C7_full_panorama,C7_full_panorama,normal,panorama,True,True
1779496937.7308478,7034,14.7228,1779496937.716125,False,C7_full_panorama,C7_full_panorama,normal,panorama,True,True
1779496937.8242974,7035,7.8692,1779496937.8164282,False,C7_full_panorama,C7_full_panorama,normal,panorama,True,True
1779496937.928381,7036,11.776,1779496937.916605,False,C7_full_panorama,C7_full_panorama,normal,panorama,True,True
1779496938.0962853,7037,79.3869,1779496938.0168984,False,C7_full_panorama,C7_full_panorama,normal,panorama,True,True
1779496938.180089,7038,62.7844,1779496938.1173046,False,C7_full_panorama,C7_full_panorama,normal,panorama,True,True
1779496938.2648141,7039,47.0834,1779496938.2177308,False,C7_full_panorama,C7_full_panorama,normal,panorama,True,True
1779496938.3497918,7040,30.9241,1779496938.3188677,False,C7_full_panorama,C7_full_panorama,normal,panorama,True,True
1779496938.4248343,7041,5.5323,1779496938.419302,False,C7_full_panorama,C7_full_panorama,normal,panorama,True,True
1779496938.595562,7042,76.1008,1779496938.5194612,False,C7_full_panorama,C7_full_panorama,normal,panorama,True,True
1779496938.6792932,7043,59.6514,1779496938.6196418,False,C7_full_panorama,C7_full_panorama,normal,panorama,True,True
1779496938.7649975,7044,44.8525,1779496938.720145,False,C7_full_panorama,C7_full_panorama,normal,panorama,True,True
1779496938.8320901,7045,11.5218,1779496938.8205683,False,C7_full_panorama,C7_full_panorama,normal,panorama,True,True
1779496938.9416854,7046,20.8013,1779496938.9208841,False,C7_full_panorama,C7_full_panorama,normal,panorama,True,True
1779496939.0549803,7047,33.534,1779496939.0214462,False,C7_full_panorama,C7_full_panorama,normal,panorama,True,True
1779496939.1950285,7048,72.7377,1779496939.1222908,False,C7_full_panorama,C7_full_panorama,normal,panorama,True,True
1779496939.2692943,7049,45.9347,1779496939.2233596,False,C7_full_panorama,C7_full_panorama,normal,panorama,True,True
1779496939.3464806,7050,22.5773,1779496939.3239033,False,C7_full_panorama,C7_full_panorama,normal,panorama,True,True
1779496939.4433455,7051,19.1684,1779496939.4241772,False,C7_full_panorama,C7_full_panorama,normal,panorama,True,True
1779496939.5564165,7052,31.4837,1779496939.5249329,False,C7_full_panorama,C7_full_panorama,normal,panorama,True,True
1779496939.6449585,7053,19.5787,1779496939.6253798,False,C7_full_panorama,C7_full_panorama,normal,panorama,True,True
1779496939.7355464,7054,9.5775,1779496939.7259688,False,C7_full_panorama,C7_full_panorama,normal,panorama,True,True
1779496939.8605464,7055,34.1115,1779496939.8264349,False,C7_full_panorama,C7_full_panorama,normal,panorama,True,True
1779496939.9453177,7056,18.477,1779496939.9268408,False,C7_full_panorama,C7_full_panorama,normal,panorama,True,True
1779496940.1116521,7057,84.3863,1779496940.0272658,False,C7_full_panorama,C7_full_panorama,normal,panorama,True,True
1779496940.1381016,7058,10.442,1779496940.1276596,False,C7_full_panorama,C7_full_panorama,normal,panorama,True,True
1779496940.2489593,7059,20.9267,1779496940.2280326,False,C7_full_panorama,C7_full_panorama,normal,panorama,True,True
1779496940.3411787,7060,12.6932,1779496940.3284855,False,C7_full_panorama,C7_full_panorama,normal,panorama,True,True
1779496940.436681,7061,7.5221,1779496940.429159,False,C7_full_panorama,C7_full_panorama,normal,panorama,True,True
1779496940.6014678,7062,71.9452,1779496940.5295227,False,C7_full_panorama,C7_full_panorama,normal,panorama,True,True
1779496940.6839821,7063,54.0295,1779496940.6299527,False,C7_full_panorama,C7_full_panorama,normal,panorama,True,True
1779496940.7455215,7064,15.053,1779496940.7304685,False,C7_full_panorama,C7_full_panorama,normal,panorama,True,True
1779496940.8432908,7065,12.5251,1779496940.8307657,False,C7_full_panorama,C7_full_panorama,normal,panorama,True,True
1779496940.9526505,7066,21.1129,1779496940.9315376,False,C7_full_panorama,C7_full_panorama,normal,panorama,True,True
1779496941.069535,7067,37.6618,1779496941.0318732,False,C7_full_panorama,C7_full_panorama,normal,panorama,True,True
1779496941.1528955,7068,20.6811,1779496941.1322143,False,C7_full_panorama,C7_full_panorama,normal,panorama,True,True
1779496941.2428107,7069,10.3581,1779496941.2324526,False,C7_full_panorama,C7_full_panorama,normal,panorama,True,True
1779496941.3487334,7070,16.032,1779496941.3327014,False,C7_full_panorama,C7_full_panorama,normal,panorama,True,True
1779496941.4481273,7071,14.9491,1779496941.4331782,False,C7_full_panorama,C7_full_panorama,normal,panorama,True,True
1779496941.5728607,7072,39.1874,1779496941.5336733,False,C7_full_panorama,C7_full_panorama,normal,panorama,True,True
1779496941.6526248,7073,18.1203,1779496941.6345046,False,C7_full_panorama,C7_full_panorama,normal,panorama,True,True
1779496941.7443683,7074,9.5289,1779496941.7348394,False,C7_full_panorama,C7_full_panorama,normal,panorama,True,True
1779496941.8489769,7075,13.5624,1779496941.8354144,False,C7_full_panorama,C7_full_panorama,normal,panorama,True,True
1779496941.949412,7076,13.2637,1779496941.9361484,False,C7_full_panorama,C7_full_panorama,normal,panorama,True,True
1779496942.1120443,7077,75.1474,1779496942.036897,False,C7_full_panorama,C7_full_panorama,normal,panorama,True,True
1779496942.196297,7078,58.5976,1779496942.1376994,False,C7_full_panorama,C7_full_panorama,normal,panorama,True,True
1779496942.2805784,7079,42.6202,1779496942.2379582,False,C7_full_panorama,C7_full_panorama,normal,panorama,True,True
1779496942.36472,7080,26.0336,1779496942.3386865,False,C7_full_panorama,C7_full_panorama,normal,panorama,True,True
1779496942.45977,7081,20.4239,1779496942.439346,False,C7_full_panorama,C7_full_panorama,normal,panorama,True,True
1779496942.6227343,7082,82.7882,1779496942.539946,False,C7_full_panorama,C7_full_panorama,normal,panorama,True,True
1779496942.7074573,7083,66.9072,1779496942.6405501,False,C7_full_panorama,C7_full_panorama,normal,panorama,True,True
1779496942.8132899,7084,72.346,1779496942.740944,False,C7_full_panorama,C7_full_panorama,normal,panorama,True,True
1779496942.8805602,7085,39.2807,1779496942.8412795,False,C7_full_panorama,C7_full_panorama,normal,panorama,True,True
1779496942.9675422,7086,25.1575,1779496942.9423847,False,C7_full_panorama,C7_full_panorama,normal,panorama,True,True
1779496943.1188583,7087,75.5892,1779496943.0432692,False,C7_full_panorama,C7_full_panorama,normal,panorama,True,True
1779496943.202945,7088,58.9204,1779496943.1440246,False,C7_full_panorama,C7_full_panorama,normal,panorama,True,True
1779496943.2890751,7089,44.1236,1779496943.2449515,False,C7_full_panorama,C7_full_panorama,normal,panorama,True,True
1779496943.378727,7090,33.067,1779496943.34566,False,C7_full_panorama,C7_full_panorama,normal,panorama,True,True
1779496943.4584844,7091,12.4125,1779496943.4460719,False,C7_full_panorama,C7_full_panorama,normal,panorama,True,True
1779496943.5690389,7092,4.3845,1779496943.5646544,False,C7_full_panorama,C7_full_panorama,normal,panorama,True,True
1779496943.674031,7093,8.8661,1779496943.665165,False,C7_full_panorama,C7_full_panorama,normal,panorama,True,True
1779496943.7788496,7094,12.9795,1779496943.76587,False,C7_full_panorama,C7_full_panorama,normal,panorama,True,True
1779496943.8735297,7095,7.2722,1779496943.8662574,False,C7_full_panorama,C7_full_panorama,normal,panorama,True,True
1779496943.984051,7096,17.6241,1779496943.9664268,False,C7_full_panorama,C7_full_panorama,normal,panorama,True,True
1779496944.0718057,7097,5.0862,1779496944.0667195,False,C7_full_panorama,C7_full_panorama,normal,panorama,True,True
1779496944.2067602,7098,39.8555,1779496944.1669047,False,C7_full_panorama,C7_full_panorama,normal,panorama,True,True
1779496944.2905293,7099,23.2952,1779496944.267234,False,C7_full_panorama,C7_full_panorama,normal,panorama,True,True
1779496944.385133,7100,17.5309,1779496944.367602,False,C7_full_panorama,C7_full_panorama,normal,panorama,True,True
1779496944.4813924,7101,13.0434,1779496944.468349,False,C7_full_panorama,C7_full_panorama,normal,panorama,True,True
1779496944.5891535,7102,20.4117,1779496944.5687418,False,C7_full_panorama,C7_full_panorama,normal,panorama,True,True
1779496944.6843708,7103,15.1799,1779496944.669191,False,C7_full_panorama,C7_full_panorama,normal,panorama,True,True
1779496944.776605,7104,6.9838,1779496944.7696211,False,C7_full_panorama,C7_full_panorama,normal,panorama,True,True
1779496944.88566,7105,15.388,1779496944.870272,False,C7_full_panorama,C7_full_panorama,normal,panorama,True,True
1779496944.9779203,7106,7.1676,1779496944.9707527,False,C7_full_panorama,C7_full_panorama,normal,panorama,True,True
1779496945.0828745,7107,9.1207,1779496945.0737538,False,C7_full_panorama,C7_full_panorama,normal,panorama,True,True
1779496945.1838064,7108,8.5602,1779496945.1752462,False,C7_full_panorama,C7_full_panorama,normal,panorama,True,True
1779496945.291414,7109,15.6834,1779496945.2757306,False,C7_full_panorama,C7_full_panorama,normal,panorama,True,True
1779496945.3949642,7110,18.7635,1779496945.3762007,False,C7_full_panorama,C7_full_panorama,normal,panorama,True,True
1779496945.4909747,7111,13.8416,1779496945.477133,False,C7_full_panorama,C7_full_panorama,normal,panorama,True,True
1779496945.599329,7112,10.8397,1779496945.5884893,False,C7_full_panorama,C7_full_panorama,normal,panorama,True,True
1779496945.7082846,7113,19.3417,1779496945.688943,False,C7_full_panorama,C7_full_panorama,normal,panorama,True,True
1779496945.7993503,7114,9.752,1779496945.7895982,False,C7_full_panorama,C7_full_panorama,normal,panorama,True,True
1779496945.9113293,7115,21.0905,1779496945.8902388,False,C7_full_panorama,C7_full_panorama,normal,panorama,True,True
1779496946.005946,7116,15.1038,1779496945.990842,False,C7_full_panorama,C7_full_panorama,normal,panorama,True,True
1779496946.0961692,7117,5.0378,1779496946.0911314,False,C7_full_panorama,C7_full_panorama,normal,panorama,True,True
1779496946.2671661,7118,75.8097,1779496946.1913564,False,C7_full_panorama,C7_full_panorama,normal,panorama,True,True
1779496946.3554919,7119,63.6029,1779496946.291889,False,C7_full_panorama,C7_full_panorama,normal,panorama,True,True
1779496946.4421747,7120,49.6893,1779496946.3924854,False,C7_full_panorama,C7_full_panorama,normal,panorama,True,True
1779496946.5165102,7121,23.4733,1779496946.493037,False,C7_full_panorama,C7_full_panorama,normal,panorama,True,True
1779496946.6146789,7122,20.7171,1779496946.5939617,False,C7_full_panorama,C7_full_panorama,normal,panorama,True,True
1779496946.7021677,7123,7.4437,1779496946.694724,False,C7_full_panorama,C7_full_panorama,normal,panorama,True,True
1779496946.8420358,7124,46.6163,1779496946.7954195,False,C7_full_panorama,C7_full_panorama,normal,panorama,True,True
1779496946.9047074,7125,8.4448,1779496946.8962626,False,C7_full_panorama,C7_full_panorama,normal,panorama,True,True
1779496947.0121107,7126,15.4889,1779496946.9966218,False,C7_full_panorama,C7_full_panorama,normal,panorama,True,True
1779496947.1096876,7127,12.6534,1779496947.0970342,False,C7_full_panorama,C7_full_panorama,normal,panorama,True,True
1779496947.2164102,7128,18.5995,1779496947.1978106,False,C7_full_panorama,C7_full_panorama,normal,panorama,True,True
1779496947.310759,7129,12.3737,1779496947.2983854,False,C7_full_panorama,C7_full_panorama,normal,panorama,True,True
1779496947.406574,7130,7.5057,1779496947.3990684,False,C7_full_panorama,C7_full_panorama,normal,panorama,True,True
1779496947.51907,7131,19.6621,1779496947.4994078,False,C7_full_panorama,C7_full_panorama,normal,panorama,True,True
1779496947.6245012,7132,24.065,1779496947.6004362,False,C7_full_panorama,C7_full_panorama,normal,panorama,True,True
1779496947.7183459,7133,17.5662,1779496947.7007797,False,C7_full_panorama,C7_full_panorama,normal,panorama,True,True
1779496947.811811,7134,10.6831,1779496947.801128,False,C7_full_panorama,C7_full_panorama,normal,panorama,True,True
1779496947.9211633,7135,19.6142,1779496947.901549,False,C7_full_panorama,C7_full_panorama,normal,panorama,True,True
1779496948.0143561,7136,12.326,1779496948.0020301,False,C7_full_panorama,C7_full_panorama,normal,panorama,True,True
1779496948.1231327,7137,20.834,1779496948.1022987,False,C7_full_panorama,C7_full_panorama,normal,panorama,True,True
1779496948.2188795,7138,16.0718,1779496948.2028077,False,C7_full_panorama,C7_full_panorama,normal,panorama,True,True
1779496948.4015162,7139,97.5044,1779496948.3040118,False,C7_full_panorama,C7_full_panorama,normal,panorama,True,True
1779496948.4167175,7140,11.9963,1779496948.4047213,False,C7_full_panorama,C7_full_panorama,normal,panorama,True,True
1779496948.528231,7141,23.1092,1779496948.5051217,False,C7_full_panorama,C7_full_panorama,normal,panorama,True,True
1779496948.6199374,7142,14.421,1779496948.6055164,False,C7_full_panorama,C7_full_panorama,normal,panorama,True,True
1779496948.728954,7143,23.2017,1779496948.7057524,False,C7_full_panorama,C7_full_panorama,normal,panorama,True,True
1779496948.8174207,7144,10.5302,1779496948.8068905,False,C7_full_panorama,C7_full_panorama,normal,panorama,True,True
1779496948.9145234,7145,7.0202,1779496948.9075031,False,C7_full_panorama,C7_full_panorama,normal,panorama,True,True
1779496949.0256221,7146,17.3271,1779496949.008295,False,C7_full_panorama,C7_full_panorama,normal,panorama,True,True
1779496949.1299965,7147,21.173,1779496949.1088235,False,C7_full_panorama,C7_full_panorama,normal,panorama,True,True
1779496949.2239263,7148,14.3847,1779496949.2095416,False,C7_full_panorama,C7_full_panorama,normal,panorama,True,True
1779496949.3174975,7149,7.6516,1779496949.309846,False,C7_full_panorama,C7_full_panorama,normal,panorama,True,True
1779496949.4244587,7150,14.3628,1779496949.410096,False,C7_full_panorama,C7_full_panorama,normal,panorama,True,True
1779496949.520699,7151,10.2313,1779496949.5104678,False,C7_full_panorama,C7_full_panorama,normal,panorama,True,True
1779496949.628255,7152,17.1683,1779496949.6110866,False,C7_full_panorama,C7_full_panorama,normal,panorama,True,True
1779496949.719446,7153,7.91,1779496949.711536,False,C7_full_panorama,C7_full_panorama,normal,panorama,True,True
1779496949.8536303,7154,41.6551,1779496949.8119752,False,C7_full_panorama,C7_full_panorama,normal,panorama,True,True
1779496949.9199593,7155,7.3247,1779496949.9126346,False,C7_full_panorama,C7_full_panorama,normal,panorama,True,True
1779496950.027745,7156,14.3178,1779496950.0134273,False,C7_full_panorama,C7_full_panorama,normal,panorama,True,True
1779496950.122528,7157,8.5516,1779496950.1139765,False,C7_full_panorama,C7_full_panorama,normal,panorama,True,True
1779496950.2296746,7158,15.5396,1779496950.214135,False,C7_full_panorama,C7_full_panorama,normal,panorama,True,True
1779496950.3453772,7159,30.6728,1779496950.3147044,False,C7_full_panorama,C7_full_panorama,normal,panorama,True,True
1779496950.4326158,7160,17.6065,1779496950.4150093,False,C7_full_panorama,C7_full_panorama,normal,panorama,True,True
1779496950.528613,7161,12.789,1779496950.515824,False,C7_full_panorama,C7_full_panorama,normal,panorama,True,True
1779496950.6363413,7162,19.9103,1779496950.616431,False,C7_full_panorama,C7_full_panorama,normal,panorama,True,True
1779496950.726309,7163,9.0744,1779496950.7172346,False,C7_full_panorama,C7_full_panorama,normal,panorama,True,True
1779496950.8557878,7164,37.8308,1779496950.817957,False,C7_full_panorama,C7_full_panorama,normal,panorama,True,True
1779496950.9364834,7165,18.1859,1779496950.9182975,False,C7_full_panorama,C7_full_panorama,normal,panorama,True,True
1779496951.0224764,7166,4.0152,1779496951.0184612,False,C7_full_panorama,C7_full_panorama,normal,panorama,True,True
1779496951.1314769,7167,12.6696,1779496951.1188073,False,C7_full_panorama,C7_full_panorama,normal,panorama,True,True
1779496951.2255228,7168,6.1538,1779496951.219369,False,C7_full_panorama,C7_full_panorama,normal,panorama,True,True
1779496951.3914635,7169,71.3687,1779496951.3200948,False,C7_full_panorama,C7_full_panorama,normal,panorama,True,True
1779496951.5392046,7170,118.6714,1779496951.4205332,False,C7_full_panorama,C7_full_panorama,normal,panorama,True,True
1779496951.5392046,7171,17.7596,1779496951.521445,False,C7_full_panorama,C7_full_panorama,normal,panorama,True,True
1779496951.635866,7172,13.2511,1779496951.6226149,False,C7_full_panorama,C7_full_panorama,normal,panorama,True,True
1779496951.7403297,7173,17.1421,1779496951.7231877,False,C7_full_panorama,C7_full_panorama,normal,panorama,True,True
1779496951.849969,7174,26.1364,1779496951.8238325,False,C7_full_panorama,C7_full_panorama,normal,panorama,True,True
1779496951.9461687,7175,21.7795,1779496951.9243891,False,C7_full_panorama,C7_full_panorama,normal,panorama,True,True
1779496952.0419464,7176,17.4356,1779496952.0245109,False,C7_full_panorama,C7_full_panorama,normal,panorama,True,True
1779496952.1342347,7177,8.9984,1779496952.1252363,False,C7_full_panorama,C7_full_panorama,normal,panorama,True,True
1779496952.2453992,7178,19.5706,1779496952.2258286,False,C7_full_panorama,C7_full_panorama,normal,panorama,True,True
1779496952.3546014,7179,27.854,1779496952.3267474,False,C7_full_panorama,C7_full_panorama,normal,panorama,True,True
1779496952.4500923,7180,23.1259,1779496952.4269664,False,C7_full_panorama,C7_full_panorama,normal,panorama,True,True
1779496952.5392122,7181,12.1112,1779496952.527101,False,C7_full_panorama,C7_full_panorama,normal,panorama,True,True
1779496952.634056,7182,6.3975,1779496952.6276586,False,C7_full_panorama,C7_full_panorama,normal,panorama,True,True
1779496952.7434902,7183,15.0213,1779496952.728469,False,C7_full_panorama,C7_full_panorama,normal,panorama,True,True
1779496952.8633704,7184,34.2736,1779496952.8290968,False,C7_full_panorama,C7_full_panorama,normal,panorama,True,True
1779496952.9411788,7185,11.622,1779496952.9295568,False,C7_full_panorama,C7_full_panorama,normal,panorama,True,True
1779496953.0508375,7186,20.4158,1779496953.0304217,False,C7_full_panorama,C7_full_panorama,normal,panorama,True,True
1779496953.149983,7187,19.2511,1779496953.1307318,False,C7_full_panorama,C7_full_panorama,normal,panorama,True,True
1779496953.2418623,7188,10.7763,1779496953.231086,False,C7_full_panorama,C7_full_panorama,normal,panorama,True,True
1779496953.3628654,7189,31.1041,1779496953.3317614,False,C7_full_panorama,C7_full_panorama,normal,panorama,True,True
1779496953.442166,7190,9.4702,1779496953.4326959,False,C7_full_panorama,C7_full_panorama,normal,panorama,True,True
1779496953.5629818,7191,29.5541,1779496953.5334277,False,C7_full_panorama,C7_full_panorama,normal,panorama,True,True
1779496953.6468825,7192,12.9125,1779496953.63397,False,C7_full_panorama,C7_full_panorama,normal,panorama,True,True
1779496953.7534478,7193,19.2571,1779496953.7341907,False,C7_full_panorama,C7_full_panorama,normal,panorama,True,True
1779496953.861214,7194,26.5286,1779496953.8346853,False,C7_full_panorama,C7_full_panorama,normal,panorama,True,True
1779496953.9448762,7195,9.702,1779496953.9351742,False,C7_full_panorama,C7_full_panorama,normal,panorama,True,True
1779496954.0746374,7196,38.7547,1779496954.0358827,False,C7_full_panorama,C7_full_panorama,normal,panorama,True,True
1779496954.1985557,7197,62.5894,1779496954.1359663,False,C7_full_panorama,C7_full_panorama,normal,panorama,True,True
1779496954.3027468,7198,66.468,1779496954.2362788,False,C7_full_panorama,C7_full_panorama,normal,panorama,True,True
1779496954.400864,7199,63.6959,1779496954.337168,False,C7_full_panorama,C7_full_panorama,normal,panorama,True,True
1779496954.505674,7200,67.5824,1779496954.4380915,False,C7_full_panorama,C7_full_panorama,normal,panorama,True,True
1779496954.6300929,7201,90.492,1779496954.5396008,False,C7_full_panorama,C7_full_panorama,normal,panorama,True,True
1779496954.6781983,7202,37.8451,1779496954.6403532,False,C7_full_panorama,C7_full_panorama,normal,panorama,True,True
1779496954.761421,7203,20.7086,1779496954.7407124,False,C7_full_panorama,C7_full_panorama,normal,panorama,True,True
1779496954.8667886,7204,25.5475,1779496954.8412411,False,C7_full_panorama,C7_full_panorama,normal,panorama,True,True
1779496954.955736,7205,13.9017,1779496954.9418342,False,C7_full_panorama,C7_full_panorama,normal,panorama,True,True
1779496955.0533116,7206,10.9656,1779496955.042346,False,C7_full_panorama,C7_full_panorama,normal,panorama,True,True
1779496955.1586423,7207,15.7652,1779496955.142877,False,C7_full_panorama,C7_full_panorama,normal,panorama,True,True
1779496955.300763,7208,57.2307,1779496955.2435322,False,C7_full_panorama,C7_full_panorama,normal,panorama,True,True
1779496955.3884943,7209,23.8006,1779496955.3646936,False,C7_full_panorama,C7_full_panorama,normal,panorama,True,True
1779496955.4848142,7210,19.2242,1779496955.46559,False,C7_full_panorama,C7_full_panorama,normal,panorama,True,True
1779496955.5798862,7211,13.3717,1779496955.5665145,False,C7_full_panorama,C7_full_panorama,normal,panorama,True,True
1779496955.674847,7212,7.9346,1779496955.6669123,False,C7_full_panorama,C7_full_panorama,normal,panorama,True,True
1779496955.781712,7213,14.2875,1779496955.7674246,False,C7_full_panorama,C7_full_panorama,normal,panorama,True,True
1779496955.8774529,7214,9.588,1779496955.8678648,False,C7_full_panorama,C7_full_panorama,normal,panorama,True,True
1779496955.982666,7215,13.9825,1779496955.9686835,False,C7_full_panorama,C7_full_panorama,normal,panorama,True,True
1779496956.0772882,7216,8.4882,1779496956.0688,False,C7_full_panorama,C7_full_panorama,normal,panorama,True,True
1779496956.1855907,7217,16.3505,1779496956.1692402,False,C7_full_panorama,C7_full_panorama,normal,panorama,True,True
1779496956.2808466,7218,11.1814,1779496956.2696652,False,C7_full_panorama,C7_full_panorama,normal,panorama,True,True
1779496956.3810403,7219,10.7727,1779496956.3702676,False,C7_full_panorama,C7_full_panorama,normal,panorama,True,True
1779496956.5339482,7220,62.2592,1779496956.471689,False,C7_full_panorama,C7_full_panorama,normal,panorama,True,True
1779496956.6186025,7221,46.478,1779496956.5721245,False,C7_full_panorama,C7_full_panorama,normal,panorama,True,True
1779496956.6824281,7222,9.6838,1779496956.6727443,False,C7_full_panorama,C7_full_panorama,normal,panorama,True,True
1779496956.8017647,7223,28.6264,1779496956.7731383,False,C7_full_panorama,C7_full_panorama,normal,panorama,True,True
1779496956.893406,7224,7.0519,1779496956.886354,False,C7_full_panorama,C7_full_panorama,normal,panorama,True,True
1779496957.046542,7225,58.033,1779496956.988509,False,C7_full_panorama,C7_full_panorama,normal,panorama,True,True
1779496957.1295888,7226,40.7259,1779496957.088863,False,C7_full_panorama,C7_full_panorama,normal,panorama,True,True
1779496957.1971219,7227,7.7095,1779496957.1894124,False,C7_full_panorama,C7_full_panorama,normal,panorama,True,True
1779496957.3504884,7228,60.5946,1779496957.2898939,False,C7_full_panorama,C7_full_panorama,normal,panorama,True,True
1779496957.4372666,7229,46.8116,1779496957.390455,False,C7_full_panorama,C7_full_panorama,normal,panorama,True,True
1779496957.524319,7230,33.3028,1779496957.4910161,False,C7_full_panorama,C7_full_panorama,normal,panorama,True,True
1779496957.6299696,7231,38.26,1779496957.5917096,False,C7_full_panorama,C7_full_panorama,normal,panorama,True,True
1779496957.6963131,7232,4.1864,1779496957.6921268,False,C7_full_panorama,C7_full_panorama,normal,panorama,True,True
1779496957.806338,7233,13.6352,1779496957.792703,False,C7_full_panorama,C7_full_panorama,normal,panorama,True,True
1779496957.9356143,7234,42.6147,1779496957.8929996,False,C7_full_panorama,C7_full_panorama,normal,panorama,True,True
1779496958.018596,7235,24.9755,1779496957.9936204,False,C7_full_panorama,C7_full_panorama,normal,panorama,True,True
1779496958.122367,7236,28.4863,1779496958.0938807,False,C7_full_panorama,C7_full_panorama,normal,panorama,True,True
1779496958.2099788,7237,15.9771,1779496958.1940017,False,C7_full_panorama,C7_full_panorama,normal,panorama,True,True
1779496958.3057404,7238,11.1287,1779496958.2946117,False,C7_full_panorama,C7_full_panorama,normal,panorama,True,True
1779496958.4127734,7239,17.3731,1779496958.3954003,False,C7_full_panorama,C7_full_panorama,normal,panorama,True,True
1779496958.5058188,7240,10.1726,1779496958.4956462,False,C7_full_panorama,C7_full_panorama,normal,panorama,True,True
1779496958.6859226,7241,89.8848,1779496958.5960379,False,C7_full_panorama,C7_full_panorama,normal,panorama,True,True
1779496958.7701411,7242,73.5393,1779496958.6966019,False,C7_full_panorama,C7_full_panorama,normal,panorama,True,True
1779496958.876056,7243,79.3645,1779496958.7966914,False,C7_full_panorama,C7_full_panorama,normal,panorama,True,True
1779496958.9405644,7244,43.6602,1779496958.8969042,False,C7_full_panorama,C7_full_panorama,normal,panorama,True,True
1779496959.011189,7245,14.214,1779496958.996975,False,C7_full_panorama,C7_full_panorama,normal,panorama,True,True
1779496959.1267538,7246,29.1679,1779496959.097586,False,C7_full_panorama,C7_full_panorama,normal,panorama,True,True
1779496959.220321,7247,22.3475,1779496959.1979735,False,C7_full_panorama,C7_full_panorama,normal,panorama,True,True
1779496959.312041,7248,13.2914,1779496959.2987497,False,C7_full_panorama,C7_full_panorama,normal,panorama,True,True
1779496959.4189975,7249,19.5343,1779496959.3994632,False,C7_full_panorama,C7_full_panorama,normal,panorama,True,True
1779496959.5118737,7250,11.6701,1779496959.5002036,False,C7_full_panorama,C7_full_panorama,normal,panorama,True,True
1779496959.680107,7251,79.8018,1779496959.6003053,False,C7_full_panorama,C7_full_panorama,normal,panorama,True,True
1779496959.7635915,7252,62.8834,1779496959.7007082,False,C7_full_panorama,C7_full_panorama,normal,panorama,True,True
1779496959.8475404,7253,46.0453,1779496959.801495,False,C7_full_panorama,C7_full_panorama,normal,panorama,True,True
1779496959.9330015,7254,30.0534,1779496959.9029481,False,C7_full_panorama,C7_full_panorama,normal,panorama,True,True
1779496960.020087,7255,16.6996,1779496960.0033875,False,C7_full_panorama,C7_full_panorama,normal,panorama,True,True
1779496960.1858594,7256,82.3033,1779496960.1035562,False,C7_full_panorama,C7_full_panorama,normal,panorama,True,True
1779496960.2144468,7257,10.3745,1779496960.2040722,False,C7_full_panorama,C7_full_panorama,normal,panorama,True,True
1779496960.3207295,7258,16.0589,1779496960.3046706,False,C7_full_panorama,C7_full_panorama,normal,panorama,True,True
1779496960.4150376,7259,10.2279,1779496960.4048097,False,C7_full_panorama,C7_full_panorama,normal,panorama,True,True
1779496960.5137713,7260,8.3489,1779496960.5054224,False,C7_full_panorama,C7_full_panorama,normal,panorama,True,True
1779496960.6540956,7261,48.1899,1779496960.6059058,False,C7_full_panorama,C7_full_panorama,normal,panorama,True,True
1779496960.7285137,7262,22.258,1779496960.7062557,False,C7_full_panorama,C7_full_panorama,normal,panorama,True,True
1779496960.8204849,7263,13.8519,1779496960.806633,False,C7_full_panorama,C7_full_panorama,normal,panorama,True,True
1779496960.9140618,7264,6.7902,1779496960.9072716,False,C7_full_panorama,C7_full_panorama,normal,panorama,True,True
1779496961.0274234,7265,19.7072,1779496961.0077162,False,C7_full_panorama,C7_full_panorama,normal,panorama,True,True
1779496961.1361444,7266,27.5843,1779496961.10856,False,C7_full_panorama,C7_full_panorama,normal,panorama,True,True
1779496961.2314916,7267,22.4924,1779496961.2089992,False,C7_full_panorama,C7_full_panorama,normal,panorama,True,True
1779496961.318587,7268,9.285,1779496961.309302,False,C7_full_panorama,C7_full_panorama,normal,panorama,True,True
1779496961.4306042,7269,20.5419,1779496961.4100623,False,C7_full_panorama,C7_full_panorama,normal,panorama,True,True
1779496961.5261521,7270,15.3337,1779496961.5108185,False,C7_full_panorama,C7_full_panorama,normal,panorama,True,True
1779496961.6367588,7271,25.1014,1779496961.6116574,False,C7_full_panorama,C7_full_panorama,normal,panorama,True,True
1779496961.770186,7272,57.4882,1779496961.7126977,False,C7_full_panorama,C7_full_panorama,normal,panorama,True,True
1779496961.8537128,7273,40.5688,1779496961.813144,False,C7_full_panorama,C7_full_panorama,normal,panorama,True,True
1779496961.9385464,7274,24.6828,1779496961.9138637,False,C7_full_panorama,C7_full_panorama,normal,panorama,True,True
1779496962.0276837,7275,12.9836,1779496962.0147002,False,C7_full_panorama,C7_full_panorama,normal,panorama,True,True
1779496962.1863222,7276,70.8179,1779496962.1155043,False,C7_full_panorama,C7_full_panorama,normal,panorama,True,True
1779496962.2268114,7277,10.74,1779496962.2160714,False,C7_full_panorama,C7_full_panorama,normal,panorama,True,True
1779496962.3347473,7278,18.5258,1779496962.3162215,False,C7_full_panorama,C7_full_panorama,normal,panorama,True,True
1779496962.4304307,7279,13.8643,1779496962.4165664,False,C7_full_panorama,C7_full_panorama,normal,panorama,True,True
1779496962.5430136,7280,25.9025,1779496962.517111,False,C7_full_panorama,C7_full_panorama,normal,panorama,True,True
1779496962.697946,7281,80.3368,1779496962.6176093,False,C7_full_panorama,C7_full_panorama,normal,panorama,True,True
1779496962.7253451,7282,7.0188,1779496962.7183263,False,C7_full_panorama,C7_full_panorama,normal,panorama,True,True
1779496962.8355856,7283,16.2151,1779496962.8193705,False,C7_full_panorama,C7_full_panorama,normal,panorama,True,True
1779496962.9280124,7284,8.2607,1779496962.9197516,False,C7_full_panorama,C7_full_panorama,normal,panorama,True,True
1779496963.0610507,7285,40.4489,1779496963.0206017,False,C7_full_panorama,C7_full_panorama,normal,panorama,True,True
1779496963.175104,7286,53.8363,1779496963.1212676,False,C7_full_panorama,C7_full_panorama,normal,panorama,True,True
1779496963.263259,7287,41.5623,1779496963.2216966,False,C7_full_panorama,C7_full_panorama,normal,panorama,True,True
1779496963.3726742,7288,50.5342,1779496963.32214,False,C7_full_panorama,C7_full_panorama,normal,panorama,True,True
1779496963.4593906,7289,36.8254,1779496963.4225652,False,C7_full_panorama,C7_full_panorama,normal,panorama,True,True
1779496963.5448623,7290,22.145,1779496963.5227172,False,C7_full_panorama,C7_full_panorama,normal,panorama,True,True
1779496963.7001512,7291,76.8669,1779496963.6232843,False,C7_full_panorama,C7_full_panorama,normal,panorama,True,True
1779496963.7829847,7292,59.2024,1779496963.7237823,False,C7_full_panorama,C7_full_panorama,normal,panorama,True,True
1779496963.868824,7293,44.8351,1779496963.823989,False,C7_full_panorama,C7_full_panorama,normal,panorama,True,True
1779496963.9530795,7294,27.9303,1779496963.9251492,False,C7_full_panorama,C7_full_panorama,normal,panorama,True,True
1779496964.0475154,7295,22.0664,1779496964.025449,False,C7_full_panorama,C7_full_panorama,normal,panorama,True,True
1779496964.2115407,7296,85.4826,1779496964.126058,False,C7_full_panorama,C7_full_panorama,normal,panorama,True,True
1779496964.2953172,7297,68.856,1779496964.2264612,False,C7_full_panorama,C7_full_panorama,normal,panorama,True,True
1779496964.398661,7298,71.4576,1779496964.3272033,False,C7_full_panorama,C7_full_panorama,normal,panorama,True,True
1779496964.4678872,7299,40.0736,1779496964.4278135,False,C7_full_panorama,C7_full_panorama,normal,panorama,True,True
1779496964.5516374,7300,23.4456,1779496964.5281918,False,C7_full_panorama,C7_full_panorama,normal,panorama,True,True
1779496964.659907,7301,31.2068,1779496964.6287003,False,C7_full_panorama,C7_full_panorama,normal,panorama,True,True
1779496964.7443836,7302,15.1834,1779496964.7292001,False,C7_full_panorama,C7_full_panorama,normal,panorama,True,True
1779496964.8398292,7303,10.252,1779496964.8295772,False,C7_full_panorama,C7_full_panorama,normal,panorama,True,True
1779496964.9470596,7304,16.8562,1779496964.9302034,False,C7_full_panorama,C7_full_panorama,normal,panorama,True,True
1779496965.0445702,7305,13.9234,1779496965.0306468,False,C7_full_panorama,C7_full_panorama,normal,panorama,True,True
1779496965.2101436,7306,79.2372,1779496965.1309063,False,C7_full_panorama,C7_full_panorama,normal,panorama,True,True
1779496965.2469723,7307,15.1846,1779496965.2317877,False,C7_full_panorama,C7_full_panorama,normal,panorama,True,True
1779496965.3528585,7308,20.4821,1779496965.3323765,False,C7_full_panorama,C7_full_panorama,normal,panorama,True,True
1779496965.4500687,7309,16.9621,1779496965.4331067,False,C7_full_panorama,C7_full_panorama,normal,panorama,True,True
1779496965.553164,7310,19.5746,1779496965.5335894,False,C7_full_panorama,C7_full_panorama,normal,panorama,True,True
1779496965.6581004,7311,6.7081,1779496965.6513922,False,C7_full_panorama,C7_full_panorama,normal,panorama,True,True
1779496965.7904434,7312,37.6701,1779496965.7527733,False,C7_full_panorama,C7_full_panorama,normal,panorama,True,True
1779496965.8711586,7313,17.5421,1779496965.8536165,False,C7_full_panorama,C7_full_panorama,normal,panorama,True,True
1779496965.9714162,7314,17.1576,1779496965.9542587,False,C7_full_panorama,C7_full_panorama,normal,panorama,True,True
1779496966.0652807,7315,10.6034,1779496966.0546772,False,C7_full_panorama,C7_full_panorama,normal,panorama,True,True
1779496966.2112157,7316,55.7561,1779496966.1554596,False,C7_full_panorama,C7_full_panorama,normal,panorama,True,True
1779496966.2654967,7317,9.9046,1779496966.255592,False,C7_full_panorama,C7_full_panorama,normal,panorama,True,True
1779496966.3753104,7318,19.4778,1779496966.3558326,False,C7_full_panorama,C7_full_panorama,normal,panorama,True,True
1779496966.4682436,7319,11.6661,1779496966.4565775,False,C7_full_panorama,C7_full_panorama,normal,panorama,True,True
1779496966.5882888,7320,31.285,1779496966.5570037,False,C7_full_panorama,C7_full_panorama,normal,panorama,True,True
1779496966.6914437,7321,33.7431,1779496966.6577005,False,C7_full_panorama,C7_full_panorama,normal,panorama,True,True
1779496966.7832718,7322,25.4216,1779496966.7578502,False,C7_full_panorama,C7_full_panorama,normal,panorama,True,True
1779496966.8744504,7323,15.6317,1779496966.8588188,False,C7_full_panorama,C7_full_panorama,normal,panorama,True,True
1779496966.9798365,7324,20.2825,1779496966.959554,False,C7_full_panorama,C7_full_panorama,normal,panorama,True,True
1779496967.0726352,7325,12.5289,1779496967.0601063,False,C7_full_panorama,C7_full_panorama,normal,panorama,True,True
1779496967.1703446,7326,4.9574,1779496967.1653872,False,C7_full_panorama,C7_full_panorama,normal,panorama,True,True
1779496967.275552,7327,9.5186,1779496967.2660334,False,C7_full_panorama,C7_full_panorama,normal,panorama,True,True
1779496967.4090514,7328,42.7184,1779496967.366333,False,C7_full_panorama,C7_full_panorama,normal,panorama,True,True
1779496967.4794781,7329,12.5968,1779496967.4668813,False,C7_full_panorama,C7_full_panorama,normal,panorama,True,True
1779496967.5759335,7330,8.4765,1779496967.567457,False,C7_full_panorama,C7_full_panorama,normal,panorama,True,True
1779496967.684256,7331,16.2804,1779496967.6679757,False,C7_full_panorama,C7_full_panorama,normal,panorama,True,True
1779496967.7804163,7332,12.2736,1779496967.7681427,False,C7_full_panorama,C7_full_panorama,normal,panorama,True,True
1779496967.8857431,7333,17.333,1779496967.86841,False,C7_full_panorama,C7_full_panorama,normal,panorama,True,True
1779496967.977661,7334,9.1422,1779496967.9685187,False,C7_full_panorama,C7_full_panorama,normal,panorama,True,True
1779496968.0884998,7335,19.3782,1779496968.0691216,False,C7_full_panorama,C7_full_panorama,normal,panorama,True,True
1779496968.1985955,7336,28.758,1779496968.1698375,False,C7_full_panorama,C7_full_panorama,normal,panorama,True,True
1779496968.2913659,7337,20.8735,1779496968.2704923,False,C7_full_panorama,C7_full_panorama,normal,panorama,True,True
1779496968.382299,7338,11.6708,1779496968.370628,False,C7_full_panorama,C7_full_panorama,normal,panorama,True,True
1779496968.4882796,7339,17.4115,1779496968.470868,False,C7_full_panorama,C7_full_panorama,normal,panorama,True,True
1779496968.5823255,7340,11.0869,1779496968.5712385,False,C7_full_panorama,C7_full_panorama,normal,panorama,True,True
1779496968.6826794,7341,10.89,1779496968.6717894,False,C7_full_panorama,C7_full_panorama,normal,panorama,True,True
1779496968.784584,7342,12.6059,1779496968.7719781,False,C7_full_panorama,C7_full_panorama,normal,panorama,True,True
1779496968.889936,7343,17.0741,1779496968.8728619,False,C7_full_panorama,C7_full_panorama,normal,panorama,True,True
1779496968.9834628,7344,10.0715,1779496968.9733913,False,C7_full_panorama,C7_full_panorama,normal,panorama,True,True
1779496969.1283646,7345,54.8153,1779496969.0735493,False,C7_full_panorama,C7_full_panorama,normal,panorama,True,True
1779496969.2518318,7346,77.5182,1779496969.1743135,False,C7_full_panorama,C7_full_panorama,normal,panorama,True,True
1779496969.3519683,7347,77.2223,1779496969.274746,False,C7_full_panorama,C7_full_panorama,normal,panorama,True,True
1779496969.3855155,7348,10.4499,1779496969.3750656,False,C7_full_panorama,C7_full_panorama,normal,panorama,True,True
1779496969.5569906,7349,81.7428,1779496969.4752479,False,C7_full_panorama,C7_full_panorama,normal,panorama,True,True
1779496969.6440349,7350,68.5382,1779496969.5754967,False,C7_full_panorama,C7_full_panorama,normal,panorama,True,True
1779496969.7279038,7351,37.6995,1779496969.6902044,False,C7_full_panorama,C7_full_panorama,normal,panorama,True,True
1779496969.8149648,7352,23.2487,1779496969.791716,False,C7_full_panorama,C7_full_panorama,normal,panorama,True,True
1779496969.9403722,7353,48.1186,1779496969.8922536,False,C7_full_panorama,C7_full_panorama,normal,panorama,True,True
1779496970.0107753,7354,17.621,1779496969.9931543,False,C7_full_panorama,C7_full_panorama,normal,panorama,True,True
1779496970.1048615,7355,11.0984,1779496970.093763,False,C7_full_panorama,C7_full_panorama,normal,panorama,True,True
1779496970.2112243,7356,17.1146,1779496970.1941097,False,C7_full_panorama,C7_full_panorama,normal,panorama,True,True
1779496970.3045676,7357,9.9616,1779496970.294606,False,C7_full_panorama,C7_full_panorama,normal,panorama,True,True
1779496970.4613707,7358,65.4631,1779496970.3959076,False,C7_full_panorama,C7_full_panorama,normal,panorama,True,True
1779496970.5498397,7359,53.3273,1779496970.4965124,False,C7_full_panorama,C7_full_panorama,normal,panorama,True,True
1779496970.639046,7360,42.228,1779496970.596818,False,C7_full_panorama,C7_full_panorama,normal,panorama,True,True
1779496970.7263181,7361,29.161,1779496970.6971571,False,C7_full_panorama,C7_full_panorama,normal,panorama,True,True
1779496970.8135483,7362,15.897,1779496970.7976513,False,C7_full_panorama,C7_full_panorama,normal,panorama,True,True
1779496970.9405096,7363,42.3932,1779496970.8981164,False,C7_full_panorama,C7_full_panorama,normal,panorama,True,True
1779496971.0154777,7364,16.3152,1779496970.9991624,False,C7_full_panorama,C7_full_panorama,normal,panorama,True,True
1779496971.1076565,7365,8.2386,1779496971.099418,False,C7_full_panorama,C7_full_panorama,normal,panorama,True,True
1779496971.22133,7366,21.0106,1779496971.2003193,False,C7_full_panorama,C7_full_panorama,normal,panorama,True,True
1779496971.3107853,7367,9.5065,1779496971.3012788,False,C7_full_panorama,C7_full_panorama,normal,panorama,True,True
1779496971.4296036,7368,5.331,1779496971.4242725,False,C7_full_panorama,C7_full_panorama,normal,panorama,True,True
1779496971.5528848,7369,27.8957,1779496971.5249891,False,C7_full_panorama,C7_full_panorama,normal,panorama,True,True
1779496971.6353815,7370,10.1421,1779496971.6252394,False,C7_full_panorama,C7_full_panorama,normal,panorama,True,True
1779496971.7411532,7371,15.3916,1779496971.7257617,False,C7_full_panorama,C7_full_panorama,normal,panorama,True,True
1779496971.8382947,7372,11.7276,1779496971.8265672,False,C7_full_panorama,C7_full_panorama,normal,panorama,True,True
1779496971.9465098,7373,19.3341,1779496971.9271758,False,C7_full_panorama,C7_full_panorama,normal,panorama,True,True
1779496972.040243,7374,12.4862,1779496972.0277567,False,C7_full_panorama,C7_full_panorama,normal,panorama,True,True
1779496972.1448004,7375,16.5365,1779496972.128264,False,C7_full_panorama,C7_full_panorama,normal,panorama,True,True
1779496972.2366867,7376,8.0998,1779496972.228587,False,C7_full_panorama,C7_full_panorama,normal,panorama,True,True
1779496972.3447232,7377,15.6794,1779496972.3290439,False,C7_full_panorama,C7_full_panorama,normal,panorama,True,True
1779496972.4416013,7378,4.6079,1779496972.4369934,False,C7_full_panorama,C7_full_panorama,normal,panorama,True,True
1779496972.5509732,7379,12.8274,1779496972.5381458,False,C7_full_panorama,C7_full_panorama,normal,panorama,True,True
1779496972.674209,7380,35.8586,1779496972.6383505,False,C7_full_panorama,C7_full_panorama,normal,panorama,True,True
1779496972.7527626,7381,13.979,1779496972.7387836,False,C7_full_panorama,C7_full_panorama,normal,panorama,True,True
1779496972.8487568,7382,9.4266,1779496972.8393302,False,C7_full_panorama,C7_full_panorama,normal,panorama,True,True
1779496972.9565878,7383,16.9861,1779496972.9396017,False,C7_full_panorama,C7_full_panorama,normal,panorama,True,True
1779496973.0488908,7384,9.0163,1779496973.0398746,False,C7_full_panorama,C7_full_panorama,normal,panorama,True,True
1779496973.1792145,7385,38.8644,1779496973.14035,False,C7_full_panorama,C7_full_panorama,normal,panorama,True,True
1779496973.2540712,7386,13.3317,1779496973.2407396,False,C7_full_panorama,C7_full_panorama,normal,panorama,True,True
1779496973.346488,7387,5.1627,1779496973.3413253,False,C7_full_panorama,C7_full_panorama,normal,panorama,True,True
1779496973.459829,7388,7.5922,1779496973.452237,False,C7_full_panorama,C7_full_panorama,normal,panorama,True,True
1779496973.5735757,7389,19.9823,1779496973.5535934,False,C7_full_panorama,C7_full_panorama,normal,panorama,True,True
1779496973.7365825,7390,82.2697,1779496973.6543128,False,C7_full_panorama,C7_full_panorama,normal,panorama,True,True
1779496973.763012,7391,7.8058,1779496973.755206,False,C7_full_panorama,C7_full_panorama,normal,panorama,True,True
1779496973.868724,7392,12.9802,1779496973.855744,False,C7_full_panorama,C7_full_panorama,normal,panorama,True,True
1779496973.962025,7393,5.7571,1779496973.9562678,False,C7_full_panorama,C7_full_panorama,normal,panorama,True,True
1779496974.072555,7394,15.378,1779496974.057177,False,C7_full_panorama,C7_full_panorama,normal,panorama,True,True
1779496974.1834438,7395,25.4128,1779496974.158031,False,C7_full_panorama,C7_full_panorama,normal,panorama,True,True
1779496974.2740953,7396,15.5683,1779496974.258527,False,C7_full_panorama,C7_full_panorama,normal,panorama,True,True
1779496974.3637965,7397,5.1239,1779496974.3586726,False,C7_full_panorama,C7_full_panorama,normal,panorama,True,True
1779496974.4789343,7398,20.1108,1779496974.4588234,False,C7_full_panorama,C7_full_panorama,normal,panorama,True,True
1779496974.5746412,7399,15.383,1779496974.5592582,False,C7_full_panorama,C7_full_panorama,normal,panorama,True,True
1779496974.713823,7400,54.1241,1779496974.659699,False,C7_full_panorama,C7_full_panorama,normal,panorama,True,True
1779496974.7750273,7401,14.2372,1779496974.76079,False,C7_full_panorama,C7_full_panorama,normal,panorama,True,True
1779496974.8856242,7402,24.1661,1779496974.861458,False,C7_full_panorama,C7_full_panorama,normal,panorama,True,True
1779496974.977548,7403,15.9643,1779496974.9615836,False,C7_full_panorama,C7_full_panorama,normal,panorama,True,True
1779496975.0682821,7404,5.9087,1779496975.0623734,False,C7_full_panorama,C7_full_panorama,normal,panorama,True,True
1779496975.2372403,7405,74.5487,1779496975.1626916,False,C7_full_panorama,C7_full_panorama,normal,panorama,True,True
1779496975.2698853,7406,6.8715,1779496975.2630138,False,C7_full_panorama,C7_full_panorama,normal,panorama,True,True
1779496975.379092,7407,15.5568,1779496975.3635352,False,C7_full_panorama,C7_full_panorama,normal,panorama,True,True
1779496975.4763477,7408,12.4373,1779496975.4639103,False,C7_full_panorama,C7_full_panorama,normal,panorama,True,True
1779496975.589358,7409,24.9653,1779496975.5643928,False,C7_full_panorama,C7_full_panorama,normal,panorama,True,True
1779496975.6932247,7410,28.2314,1779496975.6649933,False,C7_full_panorama,C7_full_panorama,normal,panorama,True,True
1779496975.806502,7411,40.916,1779496975.7655861,False,C7_full_panorama,C7_full_panorama,normal,panorama,True,True
1779496975.9014788,7412,35.6843,1779496975.8657944,False,C7_full_panorama,C7_full_panorama,normal,panorama,True,True
1779496975.987191,7413,20.5145,1779496975.9666765,False,C7_full_panorama,C7_full_panorama,normal,panorama,True,True
1779496976.0838034,7414,16.5951,1779496976.0672083,False,C7_full_panorama,C7_full_panorama,normal,panorama,True,True
1779496976.2033308,7415,35.5976,1779496976.1677332,False,C7_full_panorama,C7_full_panorama,normal,panorama,True,True
1779496976.2821462,7416,14.1678,1779496976.2679784,False,C7_full_panorama,C7_full_panorama,normal,panorama,True,True
1779496976.375086,7417,6.8371,1779496976.368249,False,C7_full_panorama,C7_full_panorama,normal,panorama,True,True
1779496976.4845345,7418,15.2802,1779496976.4692543,False,C7_full_panorama,C7_full_panorama,normal,panorama,True,True
1779496976.5785866,7419,9.2123,1779496976.5693743,False,C7_full_panorama,C7_full_panorama,normal,panorama,True,True
1779496976.7247164,7420,54.9579,1779496976.6697586,False,C7_full_panorama,C7_full_panorama,normal,panorama,True,True
1779496976.80909,7421,38.1231,1779496976.7709668,False,C7_full_panorama,C7_full_panorama,normal,panorama,True,True
1779496976.8981156,7422,26.7019,1779496976.8714137,False,C7_full_panorama,C7_full_panorama,normal,panorama,True,True
1779496976.9798307,7423,7.9238,1779496976.971907,False,C7_full_panorama,C7_full_panorama,normal,panorama,True,True
1779496977.091834,7424,19.29,1779496977.072544,False,C7_full_panorama,C7_full_panorama,normal,panorama,True,True
1779496977.2052183,7425,6.9132,1779496977.1983051,False,C7_full_panorama,C7_full_panorama,normal,panorama,True,True
1779496977.308025,7426,9.32,1779496977.2987049,False,C7_full_panorama,C7_full_panorama,normal,panorama,True,True
1779496977.4134834,7427,13.9916,1779496977.3994918,False,C7_full_panorama,C7_full_panorama,normal,panorama,True,True
1779496977.5090294,7428,8.7903,1779496977.5002391,False,C7_full_panorama,C7_full_panorama,normal,panorama,True,True
1779496977.6175764,7429,17.1142,1779496977.6004622,False,C7_full_panorama,C7_full_panorama,normal,panorama,True,True
1779496977.712961,7430,7.8549,1779496977.705106,False,C7_full_panorama,C7_full_panorama,normal,panorama,True,True
1779496977.8182917,7431,11.8589,1779496977.8064327,False,C7_full_panorama,C7_full_panorama,normal,panorama,True,True
1779496977.948358,7432,41.5978,1779496977.9067602,False,C7_full_panorama,C7_full_panorama,normal,panorama,True,True
1779496978.055496,7433,48.5301,1779496978.0069659,False,C7_full_panorama,C7_full_panorama,normal,panorama,True,True
1779496978.142568,7434,35.3913,1779496978.1071768,False,C7_full_panorama,C7_full_panorama,normal,panorama,True,True
1779496978.2270555,7435,19.2087,1779496978.2078469,False,C7_full_panorama,C7_full_panorama,normal,panorama,True,True
1779496978.3167188,7436,8.22,1779496978.3084989,False,C7_full_panorama,C7_full_panorama,normal,panorama,True,True
1779496978.4262104,7437,17.4875,1779496978.4087229,False,C7_full_panorama,C7_full_panorama,normal,panorama,True,True
1779496978.520938,7438,11.3118,1779496978.5096262,False,C7_full_panorama,C7_full_panorama,normal,panorama,True,True
1779496978.6301794,7439,19.9509,1779496978.6102285,False,C7_full_panorama,C7_full_panorama,normal,panorama,True,True
1779496978.7212822,7440,10.7753,1779496978.710507,False,C7_full_panorama,C7_full_panorama,normal,panorama,True,True
1779496978.8340247,7441,23.3684,1779496978.8106563,False,C7_full_panorama,C7_full_panorama,normal,panorama,True,True
1779496978.92392,7442,12.7459,1779496978.911174,False,C7_full_panorama,C7_full_panorama,normal,panorama,True,True
1779496979.017953,7443,6.1891,1779496979.0117638,False,C7_full_panorama,C7_full_panorama,normal,panorama,True,True
1779496979.1647685,7444,52.3484,1779496979.11242,False,C7_full_panorama,C7_full_panorama,normal,panorama,True,True
1779496979.2495046,7445,36.6821,1779496979.2128224,False,C7_full_panorama,C7_full_panorama,normal,panorama,True,True
1779496979.3334486,7446,20.5114,1779496979.3129373,False,C7_full_panorama,C7_full_panorama,normal,panorama,True,True
1779496979.419807,7447,6.0782,1779496979.4137287,False,C7_full_panorama,C7_full_panorama,normal,panorama,True,True
1779496979.5721362,7448,58.1796,1779496979.5139565,False,C7_full_panorama,C7_full_panorama,normal,panorama,True,True
1779496979.6720817,7449,57.9889,1779496979.6140928,False,C7_full_panorama,C7_full_panorama,normal,panorama,True,True
1779496979.7555478,7450,41.2107,1779496979.714337,False,C7_full_panorama,C7_full_panorama,normal,panorama,True,True
1779496979.8401566,7451,25.5284,1779496979.8146281,False,C7_full_panorama,C7_full_panorama,normal,panorama,True,True
1779496979.9751196,7452,60.3671,1779496979.9147525,False,C7_full_panorama,C7_full_panorama,normal,panorama,True,True
1779496980.0298865,7453,14.7538,1779496980.0151327,False,C7_full_panorama,C7_full_panorama,normal,panorama,True,True
1779496980.121492,7454,5.8789,1779496980.115613,False,C7_full_panorama,C7_full_panorama,normal,panorama,True,True
1779496980.2244277,7455,8.2603,1779496980.2161674,False,C7_full_panorama,C7_full_panorama,normal,panorama,True,True
1779496980.3224041,7456,5.6202,1779496980.316784,False,C7_full_panorama,C7_full_panorama,normal,panorama,True,True
1779496980.431815,7457,14.241,1779496980.417574,False,C7_full_panorama,C7_full_panorama,normal,panorama,True,True
1779496980.5233097,7458,5.1067,1779496980.518203,False,C7_full_panorama,C7_full_panorama,normal,panorama,True,True
1779496980.6364026,7459,17.8747,1779496980.618528,False,C7_full_panorama,C7_full_panorama,normal,panorama,True,True
1779496980.7291548,7460,10.4973,1779496980.7186575,False,C7_full_panorama,C7_full_panorama,normal,panorama,True,True
1779496980.8384187,7461,19.5017,1779496980.818917,False,C7_full_panorama,C7_full_panorama,normal,panorama,True,True
1779496980.9313545,7462,12.2478,1779496980.9191067,False,C7_full_panorama,C7_full_panorama,normal,panorama,True,True
1779496981.0325594,7463,12.7115,1779496981.0198479,False,C7_full_panorama,C7_full_panorama,normal,panorama,True,True
1779496981.138341,7464,17.6852,1779496981.1206558,False,C7_full_panorama,C7_full_panorama,normal,panorama,True,True
1779496981.2288098,7465,7.6501,1779496981.2211597,False,C7_full_panorama,C7_full_panorama,normal,panorama,True,True
1779496981.3409262,7466,19.4378,1779496981.3214884,False,C7_full_panorama,C7_full_panorama,normal,panorama,True,True
1779496981.4300115,7467,7.6106,1779496981.422401,False,C7_full_panorama,C7_full_panorama,normal,panorama,True,True
1779496981.539986,7468,17.1347,1779496981.5228512,False,C7_full_panorama,C7_full_panorama,normal,panorama,True,True
1779496981.6357448,7469,12.5437,1779496981.6232011,False,C7_full_panorama,C7_full_panorama,normal,panorama,True,True
1779496981.7296877,7470,6.1624,1779496981.7235253,False,C7_full_panorama,C7_full_panorama,normal,panorama,True,True
1779496981.8354483,7471,11.2255,1779496981.8242228,False,C7_full_panorama,C7_full_panorama,normal,panorama,True,True
1779496981.9607136,7472,36.0596,1779496981.924654,False,C7_full_panorama,C7_full_panorama,normal,panorama,True,True
1779496982.051486,7473,26.6657,1779496982.0248203,False,C7_full_panorama,C7_full_panorama,normal,panorama,True,True
1779496982.1472752,7474,21.9631,1779496982.125312,False,C7_full_panorama,C7_full_panorama,normal,panorama,True,True
1779496982.239467,7475,13.2563,1779496982.2262106,False,C7_full_panorama,C7_full_panorama,normal,panorama,True,True
1779496982.333173,7476,6.4533,1779496982.3267198,False,C7_full_panorama,C7_full_panorama,normal,panorama,True,True
1779496982.4654107,7477,37.894,1779496982.4275167,False,C7_full_panorama,C7_full_panorama,normal,panorama,True,True
1779496982.533956,7478,5.9378,1779496982.5280182,False,C7_full_panorama,C7_full_panorama,normal,panorama,True,True
1779496982.6461623,7479,17.4093,1779496982.628753,False,C7_full_panorama,C7_full_panorama,normal,panorama,True,True
1779496982.7508636,7480,21.5178,1779496982.7293458,False,C7_full_panorama,C7_full_panorama,normal,panorama,True,True
1779496982.8425255,7481,12.7335,1779496982.829792,False,C7_full_panorama,C7_full_panorama,normal,panorama,True,True
1779496982.937531,7482,7.1695,1779496982.9303615,False,C7_full_panorama,C7_full_panorama,normal,panorama,True,True
1779496983.0480225,7483,17.2188,1779496983.0308037,False,C7_full_panorama,C7_full_panorama,normal,panorama,True,True
1779496983.1465366,7484,15.2128,1779496983.1313238,False,C7_full_panorama,C7_full_panorama,normal,panorama,True,True
1779496983.2505436,7485,18.5673,1779496983.2319763,False,C7_full_panorama,C7_full_panorama,normal,panorama,True,True
1779496983.3433976,7486,11.0385,1779496983.332359,False,C7_full_panorama,C7_full_panorama,normal,panorama,True,True
1779496983.4847586,7487,51.6236,1779496983.433135,False,C7_full_panorama,C7_full_panorama,normal,panorama,True,True
1779496983.5688126,7488,35.145,1779496983.5336676,False,C7_full_panorama,C7_full_panorama,normal,panorama,True,True
1779496983.6564918,7489,22.5546,1779496983.6339371,False,C7_full_panorama,C7_full_panorama,normal,panorama,True,True
1779496983.74473,7490,10.113,1779496983.734617,False,C7_full_panorama,C7_full_panorama,normal,panorama,True,True
1779496983.8547342,7491,19.5725,1779496983.8351617,False,C7_full_panorama,C7_full_panorama,normal,panorama,True,True
1779496983.9770467,7492,41.1401,1779496983.9359066,False,C7_full_panorama,C7_full_panorama,normal,panorama,True,True
1779496984.0565636,7493,20.1182,1779496984.0364454,False,C7_full_panorama,C7_full_panorama,normal,panorama,True,True
1779496984.1515124,7494,14.5555,1779496984.136957,False,C7_full_panorama,C7_full_panorama,normal,panorama,True,True
1779496984.2442577,7495,7.0615,1779496984.2371962,False,C7_full_panorama,C7_full_panorama,normal,panorama,True,True
1779496984.3555057,7496,17.7042,1779496984.3378015,False,C7_full_panorama,C7_full_panorama,normal,panorama,True,True
1779496984.469139,7497,30.8363,1779496984.4383028,False,C7_full_panorama,C7_full_panorama,normal,panorama,True,True
1779496984.5579417,7498,19.249,1779496984.5386927,False,C7_full_panorama,C7_full_panorama,normal,panorama,True,True
1779496984.6473901,7499,8.1093,1779496984.6392808,False,C7_full_panorama,C7_full_panorama,normal,panorama,True,True
1779496984.7645695,7500,24.5948,1779496984.7399747,False,C7_full_panorama,C7_full_panorama,normal,panorama,True,True
1779496984.8510048,7501,10.1252,1779496984.8408797,False,C7_full_panorama,C7_full_panorama,normal,panorama,True,True
1779496985.0190725,7502,77.9245,1779496984.941148,False,C7_full_panorama,C7_full_panorama,normal,panorama,True,True
1779496985.0616114,7503,19.8147,1779496985.0417967,False,C7_full_panorama,C7_full_panorama,normal,panorama,True,True
1779496985.1705437,7504,28.0313,1779496985.1425123,False,C7_full_panorama,C7_full_panorama,normal,panorama,True,True
1779496985.248376,7505,4.5879,1779496985.243788,False,C7_full_panorama,C7_full_panorama,normal,panorama,True,True
1779496985.410421,7506,65.1789,1779496985.345242,False,C7_full_panorama,C7_full_panorama,normal,panorama,True,True
1779496985.4941843,7507,48.1579,1779496985.4460263,False,C7_full_panorama,C7_full_panorama,normal,panorama,True,True
1779496985.5813184,7508,34.4269,1779496985.5468915,False,C7_full_panorama,C7_full_panorama,normal,panorama,True,True
1779496985.667714,7509,20.2425,1779496985.6474717,False,C7_full_panorama,C7_full_panorama,normal,panorama,True,True
1779496985.7623515,7510,14.3251,1779496985.7480264,False,C7_full_panorama,C7_full_panorama,normal,panorama,True,True
1779496985.8537266,7511,5.2152,1779496985.8485115,False,C7_full_panorama,C7_full_panorama,normal,panorama,True,True
1779496986.0218043,7512,72.6919,1779496985.9491124,False,C7_full_panorama,C7_full_panorama,normal,panorama,True,True
1779496986.0558782,7513,5.9774,1779496986.0499008,False,C7_full_panorama,C7_full_panorama,normal,panorama,True,True
1779496986.1604226,7514,9.8951,1779496986.1505275,False,C7_full_panorama,C7_full_panorama,normal,panorama,True,True
1779496986.333807,7515,82.978,1779496986.250829,False,C7_full_panorama,C7_full_panorama,normal,panorama,True,True
1779496986.3636892,7516,12.3014,1779496986.3513877,False,C7_full_panorama,C7_full_panorama,normal,panorama,True,True
1779496986.4754353,7517,23.8755,1779496986.4515598,False,C7_full_panorama,C7_full_panorama,normal,panorama,True,True
1779496986.5826948,7518,30.9415,1779496986.5517533,False,C7_full_panorama,C7_full_panorama,normal,panorama,True,True
1779496986.6624048,7519,10.4399,1779496986.651965,False,C7_full_panorama,C7_full_panorama,normal,panorama,True,True
1779496986.7688208,7520,16.51,1779496986.7523108,False,C7_full_panorama,C7_full_panorama,normal,panorama,True,True
1779496986.862623,7521,9.7208,1779496986.8529022,False,C7_full_panorama,C7_full_panorama,normal,panorama,True,True
1779496986.9723253,7522,18.5146,1779496986.9538107,False,C7_full_panorama,C7_full_panorama,normal,panorama,True,True
1779496987.1290362,7523,75.0062,1779496987.05403,False,C7_full_panorama,C7_full_panorama,normal,panorama,True,True
1779496987.2367215,7524,82.129,1779496987.1545925,False,C7_full_panorama,C7_full_panorama,normal,panorama,True,True
1779496987.2987764,7525,43.7086,1779496987.2550678,False,C7_full_panorama,C7_full_panorama,normal,panorama,True,True
1779496987.374498,7526,18.8694,1779496987.3556285,False,C7_full_panorama,C7_full_panorama,normal,panorama,True,True
1779496987.4843066,7527,7.6079,1779496987.4766986,False,C7_full_panorama,C7_full_panorama,normal,panorama,True,True
1779496987.584026,7528,6.2113,1779496987.5778148,False,C7_full_panorama,C7_full_panorama,normal,panorama,True,True
1779496987.6946967,7529,16.0611,1779496987.6786356,False,C7_full_panorama,C7_full_panorama,normal,panorama,True,True
1779496987.7868867,7530,7.3977,1779496987.779489,False,C7_full_panorama,C7_full_panorama,normal,panorama,True,True
1779496987.9527292,7531,72.9587,1779496987.8797705,False,C7_full_panorama,C7_full_panorama,normal,panorama,True,True
1779496988.0380785,7532,57.4839,1779496987.9805946,False,C7_full_panorama,C7_full_panorama,normal,panorama,True,True
1779496988.130472,7533,49.4075,1779496988.0810645,False,C7_full_panorama,C7_full_panorama,normal,panorama,True,True
1779496988.226702,7534,45.2483,1779496988.1814537,False,C7_full_panorama,C7_full_panorama,normal,panorama,True,True
1779496988.2967649,7535,14.9741,1779496988.2817907,False,C7_full_panorama,C7_full_panorama,normal,panorama,True,True
1779496988.405652,7536,23.4323,1779496988.3822198,False,C7_full_panorama,C7_full_panorama,normal,panorama,True,True
1779496988.500149,7537,16.1943,1779496988.4839547,False,C7_full_panorama,C7_full_panorama,normal,panorama,True,True
1779496988.6208432,7538,35.7459,1779496988.5850973,False,C7_full_panorama,C7_full_panorama,normal,panorama,True,True
1779496988.7066371,7539,21.0483,1779496988.6855888,False,C7_full_panorama,C7_full_panorama,normal,panorama,True,True
1779496988.7920976,7540,5.9993,1779496988.7860982,False,C7_full_panorama,C7_full_panorama,normal,panorama,True,True
1779496988.901019,7541,14.384,1779496988.886635,False,C7_full_panorama,C7_full_panorama,normal,panorama,True,True
1779496988.9921756,7542,5.1775,1779496988.986998,False,C7_full_panorama,C7_full_panorama,normal,panorama,True,True
1779496989.1012633,7543,13.7265,1779496989.0875368,False,C7_full_panorama,C7_full_panorama,normal,panorama,True,True
1779496989.1969583,7544,8.7581,1779496989.1882002,False,C7_full_panorama,C7_full_panorama,normal,panorama,True,True
1779496989.3008711,7545,12.0504,1779496989.2888207,False,C7_full_panorama,C7_full_panorama,normal,panorama,True,True
1779496989.3945343,7546,5.4901,1779496989.3890443,False,C7_full_panorama,C7_full_panorama,normal,panorama,True,True
1779496989.5065517,7547,17.0398,1779496989.489512,False,C7_full_panorama,C7_full_panorama,normal,panorama,True,True
1779496989.6020236,7548,11.5671,1779496989.5904565,False,C7_full_panorama,C7_full_panorama,normal,panorama,True,True
1779496989.7079132,7549,16.9575,1779496989.6909556,False,C7_full_panorama,C7_full_panorama,normal,panorama,True,True
1779496989.833547,7550,42.2447,1779496989.7913024,False,C7_full_panorama,C7_full_panorama,normal,panorama,True,True
1779496989.91787,7551,25.8079,1779496989.8920622,False,C7_full_panorama,C7_full_panorama,normal,panorama,True,True
1779496990.0060933,7552,13.8655,1779496989.9922278,False,C7_full_panorama,C7_full_panorama,normal,panorama,True,True
1779496990.0999784,7553,7.0412,1779496990.0929372,False,C7_full_panorama,C7_full_panorama,normal,panorama,True,True
1779496990.2063062,7554,12.6452,1779496990.193661,False,C7_full_panorama,C7_full_panorama,normal,panorama,True,True
1779496990.2991421,7555,5.1239,1779496990.2940183,False,C7_full_panorama,C7_full_panorama,normal,panorama,True,True
1779496990.4114833,7556,17.0336,1779496990.3944497,False,C7_full_panorama,C7_full_panorama,normal,panorama,True,True
1779496990.5343025,7557,39.6256,1779496990.4946768,False,C7_full_panorama,C7_full_panorama,normal,panorama,True,True
1779496990.6191556,7558,23.8607,1779496990.595295,False,C7_full_panorama,C7_full_panorama,normal,panorama,True,True
1779496990.7050028,7559,9.0151,1779496990.6959877,False,C7_full_panorama,C7_full_panorama,normal,panorama,True,True
1779496990.8155668,7560,18.7135,1779496990.7968533,False,C7_full_panorama,C7_full_panorama,normal,panorama,True,True
1779496990.912691,7561,15.3451,1779496990.897346,False,C7_full_panorama,C7_full_panorama,normal,panorama,True,True
1779496991.0080135,7562,9.9401,1779496990.9980733,False,C7_full_panorama,C7_full_panorama,normal,panorama,True,True
1779496991.1111872,7563,12.3301,1779496991.0988572,False,C7_full_panorama,C7_full_panorama,normal,panorama,True,True
1779496991.218229,7564,18.9273,1779496991.1993017,False,C7_full_panorama,C7_full_panorama,normal,panorama,True,True
1779496991.310949,7565,10.8514,1779496991.3000977,False,C7_full_panorama,C7_full_panorama,normal,panorama,True,True
1779496991.4232287,7566,22.2504,1779496991.4009783,False,C7_full_panorama,C7_full_panorama,normal,panorama,True,True
1779496991.5119457,7567,6.0663,1779496991.5058794,False,C7_full_panorama,C7_full_panorama,normal,panorama,True,True
1779496991.6227705,7568,16.3367,1779496991.6064339,False,C7_full_panorama,C7_full_panorama,normal,panorama,True,True
1779496991.7167268,7569,9.2576,1779496991.7074692,False,C7_full_panorama,C7_full_panorama,normal,panorama,True,True
1779496991.8669147,7570,58.8942,1779496991.8080206,False,C7_full_panorama,C7_full_panorama,normal,panorama,True,True
1779496991.9495375,7571,40.7748,1779496991.9087627,False,C7_full_panorama,C7_full_panorama,normal,panorama,True,True
1779496992.0366404,7572,27.0014,1779496992.009639,False,C7_full_panorama,C7_full_panorama,normal,panorama,True,True
1779496992.123068,7573,12.9778,1779496992.1100903,False,C7_full_panorama,C7_full_panorama,normal,panorama,True,True
1779496992.2202177,7574,9.6262,1779496992.2105916,False,C7_full_panorama,C7_full_panorama,normal,panorama,True,True
1779496992.3766804,7575,65.3546,1779496992.3113258,False,C7_full_panorama,C7_full_panorama,normal,panorama,True,True
1779496992.4608188,7576,48.9178,1779496992.411901,False,C7_full_panorama,C7_full_panorama,normal,panorama,True,True
1779496992.545017,7577,32.3653,1779496992.5126517,False,C7_full_panorama,C7_full_panorama,normal,panorama,True,True
1779496992.6316113,7578,18.3325,1779496992.6132789,False,C7_full_panorama,C7_full_panorama,normal,panorama,True,True
1779496992.7466125,7579,32.8736,1779496992.713739,False,C7_full_panorama,C7_full_panorama,normal,panorama,True,True
1779496992.8187525,7580,4.5679,1779496992.8141847,False,C7_full_panorama,C7_full_panorama,normal,panorama,True,True
1779496992.930166,7581,15.6839,1779496992.914482,False,C7_full_panorama,C7_full_panorama,normal,panorama,True,True
1779496993.0214875,7582,6.7284,1779496993.014759,False,C7_full_panorama,C7_full_panorama,normal,panorama,True,True
1779496993.1308563,7583,15.7464,1779496993.11511,False,C7_full_panorama,C7_full_panorama,normal,panorama,True,True
1779496993.2221334,7584,6.6335,1779496993.2154999,False,C7_full_panorama,C7_full_panorama,normal,panorama,True,True
1779496993.3504496,7585,34.8074,1779496993.315642,False,C7_full_panorama,C7_full_panorama,normal,panorama,True,True
1779496993.441133,7586,24.9271,1779496993.416206,False,C7_full_panorama,C7_full_panorama,normal,panorama,True,True
1779496993.5321488,7587,15.7623,1779496993.5163865,False,C7_full_panorama,C7_full_panorama,normal,panorama,True,True
1779496993.6291254,7588,12.26,1779496993.6168654,False,C7_full_panorama,C7_full_panorama,normal,panorama,True,True
1779496993.7968097,7589,79.1781,1779496993.7176316,False,C7_full_panorama,C7_full_panorama,normal,panorama,True,True
1779496993.8344376,7590,16.2072,1779496993.8182304,False,C7_full_panorama,C7_full_panorama,normal,panorama,True,True
1779496993.925829,7591,7.4286,1779496993.9184003,False,C7_full_panorama,C7_full_panorama,normal,panorama,True,True
1779496994.0358016,7592,17.087,1779496994.0187147,False,C7_full_panorama,C7_full_panorama,normal,panorama,True,True
1779496994.1295576,7593,10.6101,1779496994.1189475,False,C7_full_panorama,C7_full_panorama,normal,panorama,True,True
1779496994.2962885,7594,76.6077,1779496994.2196808,False,C7_full_panorama,C7_full_panorama,normal,panorama,True,True
1779496994.3850272,7595,64.8108,1779496994.3202164,False,C7_full_panorama,C7_full_panorama,normal,panorama,True,True
1779496994.4638338,7596,42.6736,1779496994.4211602,False,C7_full_panorama,C7_full_panorama,normal,panorama,True,True
1779496994.5417006,7597,19.5601,1779496994.5221405,False,C7_full_panorama,C7_full_panorama,normal,panorama,True,True
1779496994.644035,7598,21.1666,1779496994.6228685,False,C7_full_panorama,C7_full_panorama,normal,panorama,True,True
1779496994.753234,7599,30.0581,1779496994.7231758,False,C7_full_panorama,C7_full_panorama,normal,panorama,True,True
1779496994.8798137,7600,56.2007,1779496994.823613,False,C7_full_panorama,C7_full_panorama,normal,panorama,True,True
1779496994.9549317,7601,29.9449,1779496994.9249868,False,C7_full_panorama,C7_full_panorama,normal,panorama,True,True
1779496995.0444846,7602,19.062,1779496995.0254226,False,C7_full_panorama,C7_full_panorama,normal,panorama,True,True
1779496995.1419253,7603,16.0992,1779496995.1258261,False,C7_full_panorama,C7_full_panorama,normal,panorama,True,True
1779496995.3125257,7604,86.1988,1779496995.226327,False,C7_full_panorama,C7_full_panorama,normal,panorama,True,True
1779496995.3401566,7605,13.5198,1779496995.3266368,False,C7_full_panorama,C7_full_panorama,normal,panorama,True,True
1779496995.4321892,7606,5.0933,1779496995.427096,False,C7_full_panorama,C7_full_panorama,normal,panorama,True,True
1779496995.5407271,7607,13.4737,1779496995.5272534,False,C7_full_panorama,C7_full_panorama,normal,panorama,True,True
1779496995.6354816,7608,7.7393,1779496995.6277423,False,C7_full_panorama,C7_full_panorama,normal,panorama,True,True
1779496995.7972972,7609,68.959,1779496995.7283382,False,C7_full_panorama,C7_full_panorama,normal,panorama,True,True
1779496995.8376834,7610,8.9259,1779496995.8287575,False,C7_full_panorama,C7_full_panorama,normal,panorama,True,True
1779496995.9479287,7611,18.8429,1779496995.9290857,False,C7_full_panorama,C7_full_panorama,normal,panorama,True,True
1779496996.045168,7612,15.1193,1779496996.0300486,False,C7_full_panorama,C7_full_panorama,normal,panorama,True,True
1779496996.1833758,7613,53.1533,1779496996.1302226,False,C7_full_panorama,C7_full_panorama,normal,panorama,True,True
1779496996.263182,7614,32.4945,1779496996.2306874,False,C7_full_panorama,C7_full_panorama,normal,panorama,True,True
1779496996.3506892,7615,19.5193,1779496996.3311698,False,C7_full_panorama,C7_full_panorama,normal,panorama,True,True
1779496996.4480383,7616,15.883,1779496996.4321554,False,C7_full_panorama,C7_full_panorama,normal,panorama,True,True
1779496996.5513005,7617,18.7483,1779496996.5325522,False,C7_full_panorama,C7_full_panorama,normal,panorama,True,True
1779496996.647268,7618,14.4141,1779496996.632854,False,C7_full_panorama,C7_full_panorama,normal,panorama,True,True
1779496996.7721395,7619,38.8315,1779496996.733308,False,C7_full_panorama,C7_full_panorama,normal,panorama,True,True
1779496996.8466616,7620,13.1004,1779496996.8335612,False,C7_full_panorama,C7_full_panorama,normal,panorama,True,True
1779496996.9391184,7621,5.3282,1779496996.9337902,False,C7_full_panorama,C7_full_panorama,normal,panorama,True,True
1779496997.0540736,7622,19.8972,1779496997.0341763,False,C7_full_panorama,C7_full_panorama,normal,panorama,True,True
1779496997.1445737,7623,9.7537,1779496997.13482,False,C7_full_panorama,C7_full_panorama,normal,panorama,True,True
1779496997.276957,7624,41.9209,1779496997.2350361,False,C7_full_panorama,C7_full_panorama,normal,panorama,True,True
1779496997.3436894,7625,8.2538,1779496997.3354356,False,C7_full_panorama,C7_full_panorama,normal,panorama,True,True
1779496997.4516492,7626,15.6894,1779496997.4359598,False,C7_full_panorama,C7_full_panorama,normal,panorama,True,True
1779496997.5489967,7627,12.9118,1779496997.536085,False,C7_full_panorama,C7_full_panorama,normal,panorama,True,True
1779496997.651327,7628,15.0125,1779496997.6363144,False,C7_full_panorama,C7_full_panorama,normal,panorama,True,True
1779496997.7618244,7629,24.5843,1779496997.73724,False,C7_full_panorama,C7_full_panorama,normal,panorama,True,True
1779496997.852396,7630,14.7202,1779496997.8376758,False,C7_full_panorama,C7_full_panorama,normal,panorama,True,True
1779496997.9476726,7631,9.6693,1779496997.9380033,False,C7_full_panorama,C7_full_panorama,normal,panorama,True,True
1779496998.05281,7632,14.6933,1779496998.0381167,False,C7_full_panorama,C7_full_panorama,normal,panorama,True,True
1779496998.1470234,7633,8.4343,1779496998.1385891,False,C7_full_panorama,C7_full_panorama,normal,panorama,True,True
1779496998.284716,7634,45.6071,1779496998.2391088,False,C7_full_panorama,C7_full_panorama,normal,panorama,True,True
1779496998.3517272,7635,12.2206,1779496998.3395066,False,C7_full_panorama,C7_full_panorama,normal,panorama,True,True
1779496998.4575365,7636,17.6005,1779496998.439936,False,C7_full_panorama,C7_full_panorama,normal,panorama,True,True
1779496998.5553749,7637,14.5416,1779496998.5408332,False,C7_full_panorama,C7_full_panorama,normal,panorama,True,True
1779496998.6606722,7638,19.4204,1779496998.6412518,False,C7_full_panorama,C7_full_panorama,normal,panorama,True,True
1779496998.7713895,7639,29.5184,1779496998.741871,False,C7_full_panorama,C7_full_panorama,normal,panorama,True,True
1779496998.8981807,7640,55.845,1779496998.8423357,False,C7_full_panorama,C7_full_panorama,normal,panorama,True,True
1779496998.9830441,7641,40.1917,1779496998.9428525,False,C7_full_panorama,C7_full_panorama,normal,panorama,True,True
1779496999.0625284,7642,19.0921,1779496999.0434363,False,C7_full_panorama,C7_full_panorama,normal,panorama,True,True
1779496999.152618,7643,8.3499,1779496999.144268,False,C7_full_panorama,C7_full_panorama,normal,panorama,True,True
1779496999.319999,7644,75.28,1779496999.244719,False,C7_full_panorama,C7_full_panorama,normal,panorama,True,True
1779496999.406743,7645,61.8038,1779496999.3449392,False,C7_full_panorama,C7_full_panorama,normal,panorama,True,True
1779496999.494972,7646,49.5069,1779496999.445465,False,C7_full_panorama,C7_full_panorama,normal,panorama,True,True
1779496999.5609396,7647,14.8809,1779496999.5460587,False,C7_full_panorama,C7_full_panorama,normal,panorama,True,True
1779496999.6686015,7648,21.893,1779496999.6467085,False,C7_full_panorama,C7_full_panorama,normal,panorama,True,True
1779496999.8423867,7649,95.0692,1779496999.7473176,False,C7_full_panorama,C7_full_panorama,normal,panorama,True,True
1779496999.8541,7650,6.2995,1779496999.8478005,False,C7_full_panorama,C7_full_panorama,normal,panorama,True,True
1779496999.9658287,7651,17.2732,1779496999.9485555,False,C7_full_panorama,C7_full_panorama,normal,panorama,True,True
1779497000.0576134,7652,8.4903,1779497000.049123,False,C7_full_panorama,C7_full_panorama,normal,panorama,True,True
1779497000.172805,7653,23.3202,1779497000.1494849,False,C7_full_panorama,C7_full_panorama,normal,panorama,True,True
1779497000.2742643,7654,24.3058,1779497000.2499585,False,C7_full_panorama,C7_full_panorama,normal,panorama,True,True
1779497000.3881266,7655,37.3447,1779497000.350782,False,C7_full_panorama,C7_full_panorama,normal,panorama,True,True
1779497000.476232,7656,24.9448,1779497000.4512873,False,C7_full_panorama,C7_full_panorama,normal,panorama,True,True
1779497000.5706532,7657,19.145,1779497000.5515082,False,C7_full_panorama,C7_full_panorama,normal,panorama,True,True
1779497000.6628263,7658,10.8352,1779497000.6519911,False,C7_full_panorama,C7_full_panorama,normal,panorama,True,True
1779497000.83719,7659,85.0182,1779497000.7521718,False,C7_full_panorama,C7_full_panorama,normal,panorama,True,True
1779497000.8636465,7660,11.0276,1779497000.852619,False,C7_full_panorama,C7_full_panorama,normal,panorama,True,True
1779497000.960463,7661,7.1738,1779497000.9532893,False,C7_full_panorama,C7_full_panorama,normal,panorama,True,True
1779497001.066141,7662,12.0227,1779497001.0541182,False,C7_full_panorama,C7_full_panorama,normal,panorama,True,True
1779497001.1617434,7663,7.4108,1779497001.1543326,False,C7_full_panorama,C7_full_panorama,normal,panorama,True,True
1779497001.3014965,7664,46.8328,1779497001.2546637,False,C7_full_panorama,C7_full_panorama,normal,panorama,True,True
1779497001.3861513,7665,31.3952,1779497001.354756,False,C7_full_panorama,C7_full_panorama,normal,panorama,True,True
1779497001.4755373,7666,20.6194,1779497001.454918,False,C7_full_panorama,C7_full_panorama,normal,panorama,True,True
1779497001.565818,7667,10.0296,1779497001.5557885,False,C7_full_panorama,C7_full_panorama,normal,panorama,True,True
1779497001.6789978,7668,22.5201,1779497001.6564777,False,C7_full_panorama,C7_full_panorama,normal,panorama,True,True
1779497001.7856483,7669,28.6014,1779497001.757047,False,C7_full_panorama,C7_full_panorama,normal,panorama,True,True
1779497001.882396,7670,24.7571,1779497001.8576388,False,C7_full_panorama,C7_full_panorama,normal,panorama,True,True
1779497001.9714146,7671,13.0835,1779497001.958331,False,C7_full_panorama,C7_full_panorama,normal,panorama,True,True
1779497002.0830102,7672,23.9658,1779497002.0590444,False,C7_full_panorama,C7_full_panorama,normal,panorama,True,True
1779497002.1700969,7673,10.8945,1779497002.1592023,False,C7_full_panorama,C7_full_panorama,normal,panorama,True,True
1779497002.3248568,7674,65.2747,1779497002.259582,False,C7_full_panorama,C7_full_panorama,normal,panorama,True,True
1779497002.4137654,7675,53.7832,1779497002.3599823,False,C7_full_panorama,C7_full_panorama,normal,panorama,True,True
1779497002.4990058,7676,38.8539,1779497002.460152,False,C7_full_panorama,C7_full_panorama,normal,panorama,True,True
1779497002.5836465,7677,22.5508,1779497002.5610957,False,C7_full_panorama,C7_full_panorama,normal,panorama,True,True
1779497002.6818123,7678,19.8193,1779497002.661993,False,C7_full_panorama,C7_full_panorama,normal,panorama,True,True
1779497002.7864454,7679,23.7267,1779497002.7627187,False,C7_full_panorama,C7_full_panorama,normal,panorama,True,True
1779497002.8951495,7680,31.8406,1779497002.863309,False,C7_full_panorama,C7_full_panorama,normal,panorama,True,True
1779497002.9803674,7681,16.1917,1779497002.9641757,False,C7_full_panorama,C7_full_panorama,normal,panorama,True,True
1779497003.0845625,7682,20.0491,1779497003.0645134,False,C7_full_panorama,C7_full_panorama,normal,panorama,True,True
1779497003.179447,7683,14.7693,1779497003.1646776,False,C7_full_panorama,C7_full_panorama,normal,panorama,True,True
1779497003.2937438,7684,6.5274,1779497003.2872164,False,C7_full_panorama,C7_full_panorama,normal,panorama,True,True
1779497003.3922508,7685,4.5564,1779497003.3876944,False,C7_full_panorama,C7_full_panorama,normal,panorama,True,True
1779497003.5025403,7686,14.4172,1779497003.4881232,False,C7_full_panorama,C7_full_panorama,normal,panorama,True,True
1779497003.5948036,7687,6.1324,1779497003.5886712,False,C7_full_panorama,C7_full_panorama,normal,panorama,True,True
1779497003.7381866,7688,49.0839,1779497003.6891026,False,C7_full_panorama,C7_full_panorama,normal,panorama,True,True
1779497003.8248494,7689,34.4861,1779497003.7903633,False,C7_full_panorama,C7_full_panorama,normal,panorama,True,True
1779497003.910842,7690,20.143,1779497003.890699,False,C7_full_panorama,C7_full_panorama,normal,panorama,True,True
1779497003.9982736,7691,6.7468,1779497003.9915268,False,C7_full_panorama,C7_full_panorama,normal,panorama,True,True
1779497004.149622,7692,57.4872,1779497004.0921347,False,C7_full_panorama,C7_full_panorama,normal,panorama,True,True
1779497004.2352448,7693,42.4533,1779497004.1927915,False,C7_full_panorama,C7_full_panorama,normal,panorama,True,True
1779497004.3205545,7694,27.18,1779497004.2933745,False,C7_full_panorama,C7_full_panorama,normal,panorama,True,True
1779497004.4041266,7695,10.1993,1779497004.3939273,False,C7_full_panorama,C7_full_panorama,normal,panorama,True,True
1779497004.5578773,7696,63.5519,1779497004.4943254,False,C7_full_panorama,C7_full_panorama,normal,panorama,True,True
1779497004.6498528,7697,55.0523,1779497004.5948005,False,C7_full_panorama,C7_full_panorama,normal,panorama,True,True
1779497004.7348645,7698,39.5164,1779497004.695348,False,C7_full_panorama,C7_full_panorama,normal,panorama,True,True
1779497004.8191464,7699,16.0689,1779497004.8030775,False,C7_full_panorama,C7_full_panorama,normal,panorama,True,True
1779497004.916574,7700,12.3968,1779497004.9041772,False,C7_full_panorama,C7_full_panorama,normal,panorama,True,True
