unix_ts,event,topic,seq,test_id,condition,payload_bytes,active_camera_mode,active_lidar_mode,video_enabled,lidar_enabled,notes
1779496190.275984,ack_recv,latency_ack,1,C1_control_only,C1_control_only,88,off,off,False,False,rtt=91.31ms
1779496190.2959342,ack_recv,latency_ack,2,C1_control_only,C1_control_only,88,off,off,False,False,rtt=10.57ms
1779496190.405021,ack_recv,latency_ack,3,C1_control_only,C1_control_only,88,off,off,False,False,rtt=19.33ms
1779496190.5009253,ack_recv,latency_ack,4,C1_control_only,C1_control_only,88,off,off,False,False,rtt=14.62ms
1779496190.6018429,ack_recv,latency_ack,5,C1_control_only,C1_control_only,88,off,off,False,False,rtt=15.29ms
1779496190.6940997,ack_recv,latency_ack,6,C1_control_only,C1_control_only,88,off,off,False,False,rtt=7.03ms
1779496190.8022184,ack_recv,latency_ack,7,C1_control_only,C1_control_only,88,off,off,False,False,rtt=14.79ms
1779496190.8948905,ack_recv,latency_ack,8,C1_control_only,C1_control_only,88,off,off,False,False,rtt=6.06ms
1779496191.003963,ack_recv,latency_ack,9,C1_control_only,C1_control_only,88,off,off,False,False,rtt=15.97ms
1779496191.1403737,ack_recv,latency_ack,10,C1_control_only,C1_control_only,89,off,off,False,False,rtt=51.82ms
1779496191.207898,ack_recv,latency_ack,11,C1_control_only,C1_control_only,89,off,off,False,False,rtt=19.19ms
1779496191.2984133,ack_recv,latency_ack,12,C1_control_only,C1_control_only,89,off,off,False,False,rtt=9.22ms
1779496191.410811,ack_recv,latency_ack,13,C1_control_only,C1_control_only,89,off,off,False,False,rtt=21.11ms
1779496191.4988763,ack_recv,latency_ack,14,C1_control_only,C1_control_only,89,off,off,False,False,rtt=8.87ms
1779496191.607304,ack_recv,latency_ack,15,C1_control_only,C1_control_only,89,off,off,False,False,rtt=16.78ms
1779496191.704615,ack_recv,latency_ack,16,C1_control_only,C1_control_only,89,off,off,False,False,rtt=13.96ms
1779496191.8050756,ack_recv,latency_ack,17,C1_control_only,C1_control_only,89,off,off,False,False,rtt=14.00ms
1779496191.8990211,ack_recv,latency_ack,18,C1_control_only,C1_control_only,89,off,off,False,False,rtt=7.52ms
1779496192.0241578,ack_recv,latency_ack,19,C1_control_only,C1_control_only,89,off,off,False,False,rtt=31.78ms
1779496192.115216,ack_recv,latency_ack,20,C1_control_only,C1_control_only,89,off,off,False,False,rtt=22.45ms
1779496192.2047193,ack_recv,latency_ack,21,C1_control_only,C1_control_only,89,off,off,False,False,rtt=11.70ms
1779496192.311861,ack_recv,latency_ack,22,C1_control_only,C1_control_only,89,off,off,False,False,rtt=18.45ms
1779496192.4014227,ack_recv,latency_ack,23,C1_control_only,C1_control_only,89,off,off,False,False,rtt=7.59ms
1779496192.5089595,ack_recv,latency_ack,24,C1_control_only,C1_control_only,89,off,off,False,False,rtt=14.77ms
1779496192.6010327,ack_recv,latency_ack,25,C1_control_only,C1_control_only,89,off,off,False,False,rtt=6.52ms
1779496192.7107942,ack_recv,latency_ack,26,C1_control_only,C1_control_only,89,off,off,False,False,rtt=15.86ms
1779496192.801996,ack_recv,latency_ack,27,C1_control_only,C1_control_only,89,off,off,False,False,rtt=6.51ms
1779496192.911225,ack_recv,latency_ack,28,C1_control_only,C1_control_only,89,off,off,False,False,rtt=15.61ms
1779496193.005345,ack_recv,latency_ack,29,C1_control_only,C1_control_only,89,off,off,False,False,rtt=9.27ms
1779496193.1167169,ack_recv,latency_ack,30,C1_control_only,C1_control_only,89,off,off,False,False,rtt=20.38ms
1779496193.2173405,ack_recv,latency_ack,31,C1_control_only,C1_control_only,89,off,off,False,False,rtt=20.29ms
1779496193.3165367,ack_recv,latency_ack,32,C1_control_only,C1_control_only,89,off,off,False,False,rtt=19.23ms
1779496193.4079945,ack_recv,latency_ack,33,C1_control_only,C1_control_only,89,off,off,False,False,rtt=10.08ms
1779496193.55665,ack_recv,latency_ack,34,C1_control_only,C1_control_only,89,off,off,False,False,rtt=58.16ms
1779496193.6541073,ack_recv,latency_ack,35,C1_control_only,C1_control_only,89,off,off,False,False,rtt=55.26ms
1779496193.7061365,ack_recv,latency_ack,36,C1_control_only,C1_control_only,89,off,off,False,False,rtt=6.63ms
1779496193.8174534,ack_recv,latency_ack,37,C1_control_only,C1_control_only,89,off,off,False,False,rtt=17.80ms
1779496193.9071674,ack_recv,latency_ack,38,C1_control_only,C1_control_only,89,off,off,False,False,rtt=6.97ms
1779496194.0158467,ack_recv,latency_ack,39,C1_control_only,C1_control_only,89,off,off,False,False,rtt=14.93ms
1779496194.1091976,ack_recv,latency_ack,40,C1_control_only,C1_control_only,89,off,off,False,False,rtt=8.05ms
1779496194.2173543,ack_recv,latency_ack,41,C1_control_only,C1_control_only,89,off,off,False,False,rtt=15.54ms
1779496194.3131237,ack_recv,latency_ack,42,C1_control_only,C1_control_only,89,off,off,False,False,rtt=11.04ms
1779496194.4190044,ack_recv,latency_ack,43,C1_control_only,C1_control_only,89,off,off,False,False,rtt=16.73ms
1779496194.5098155,ack_recv,latency_ack,44,C1_control_only,C1_control_only,89,off,off,False,False,rtt=7.06ms
1779496194.6586046,ack_recv,latency_ack,45,C1_control_only,C1_control_only,89,off,off,False,False,rtt=55.48ms
1779496194.725083,ack_recv,latency_ack,46,C1_control_only,C1_control_only,89,off,off,False,False,rtt=21.63ms
1779496194.817349,ack_recv,latency_ack,47,C1_control_only,C1_control_only,89,off,off,False,False,rtt=13.57ms
1779496194.9629996,ack_recv,latency_ack,48,C1_control_only,C1_control_only,89,off,off,False,False,rtt=59.02ms
1779496195.0479672,ack_recv,latency_ack,49,C1_control_only,C1_control_only,89,off,off,False,False,rtt=43.29ms
1779496195.1308062,ack_recv,latency_ack,50,C1_control_only,C1_control_only,89,off,off,False,False,rtt=25.61ms
1779496195.2188067,ack_recv,latency_ack,51,C1_control_only,C1_control_only,89,off,off,False,False,rtt=13.40ms
1779496195.3822675,ack_recv,latency_ack,52,C1_control_only,C1_control_only,89,off,off,False,False,rtt=75.06ms
1779496195.4630988,ack_recv,latency_ack,53,C1_control_only,C1_control_only,89,off,off,False,False,rtt=56.93ms
1779496195.5499845,ack_recv,latency_ack,54,C1_control_only,C1_control_only,89,off,off,False,False,rtt=43.08ms
1779496195.6361988,ack_recv,latency_ack,55,C1_control_only,C1_control_only,89,off,off,False,False,rtt=28.95ms
1779496195.7247293,ack_recv,latency_ack,56,C1_control_only,C1_control_only,89,off,off,False,False,rtt=17.11ms
1779496195.8226373,ack_recv,latency_ack,57,C1_control_only,C1_control_only,89,off,off,False,False,rtt=14.92ms
1779496195.9269423,ack_recv,latency_ack,58,C1_control_only,C1_control_only,89,off,off,False,False,rtt=19.10ms
1779496196.0167518,ack_recv,latency_ack,59,C1_control_only,C1_control_only,89,off,off,False,False,rtt=8.69ms
1779496196.1240187,ack_recv,latency_ack,60,C1_control_only,C1_control_only,89,off,off,False,False,rtt=15.44ms
1779496196.243099,ack_recv,latency_ack,61,C1_control_only,C1_control_only,89,off,off,False,False,rtt=33.96ms
1779496196.3263443,ack_recv,latency_ack,62,C1_control_only,C1_control_only,89,off,off,False,False,rtt=16.98ms
1779496196.417314,ack_recv,latency_ack,63,C1_control_only,C1_control_only,89,off,off,False,False,rtt=7.41ms
1779496196.524449,ack_recv,latency_ack,64,C1_control_only,C1_control_only,89,off,off,False,False,rtt=14.05ms
1779496196.6303244,ack_recv,latency_ack,65,C1_control_only,C1_control_only,89,off,off,False,False,rtt=19.36ms
1779496196.723544,ack_recv,latency_ack,66,C1_control_only,C1_control_only,89,off,off,False,False,rtt=12.28ms
1779496196.8204925,ack_recv,latency_ack,67,C1_control_only,C1_control_only,89,off,off,False,False,rtt=8.71ms
1779496196.9247816,ack_recv,latency_ack,68,C1_control_only,C1_control_only,89,off,off,False,False,rtt=12.57ms
1779496197.018791,ack_recv,latency_ack,69,C1_control_only,C1_control_only,89,off,off,False,False,rtt=6.14ms
1779496197.1848295,ack_recv,latency_ack,70,C1_control_only,C1_control_only,89,off,off,False,False,rtt=71.90ms
1779496197.272451,ack_recv,latency_ack,71,C1_control_only,C1_control_only,89,off,off,False,False,rtt=58.90ms
1779496197.3554945,ack_recv,latency_ack,72,C1_control_only,C1_control_only,89,off,off,False,False,rtt=41.61ms
1779496197.4499204,ack_recv,latency_ack,73,C1_control_only,C1_control_only,89,off,off,False,False,rtt=35.32ms
1779496197.5396142,ack_recv,latency_ack,74,C1_control_only,C1_control_only,89,off,off,False,False,rtt=24.59ms
1779496197.6231647,ack_recv,latency_ack,75,C1_control_only,C1_control_only,89,off,off,False,False,rtt=7.87ms
1779496197.729828,ack_recv,latency_ack,76,C1_control_only,C1_control_only,89,off,off,False,False,rtt=14.37ms
1779496197.8233922,ack_recv,latency_ack,77,C1_control_only,C1_control_only,89,off,off,False,False,rtt=7.77ms
1779496197.9322848,ack_recv,latency_ack,78,C1_control_only,C1_control_only,89,off,off,False,False,rtt=16.42ms
1779496198.0580854,ack_recv,latency_ack,79,C1_control_only,C1_control_only,89,off,off,False,False,rtt=41.79ms
1779496198.1604846,ack_recv,latency_ack,80,C1_control_only,C1_control_only,89,off,off,False,False,rtt=44.11ms
1779496198.2409034,ack_recv,latency_ack,81,C1_control_only,C1_control_only,89,off,off,False,False,rtt=23.99ms
1779496198.3324144,ack_recv,latency_ack,82,C1_control_only,C1_control_only,89,off,off,False,False,rtt=15.12ms
1779496198.43488,ack_recv,latency_ack,83,C1_control_only,C1_control_only,89,off,off,False,False,rtt=17.27ms
1779496198.5490773,ack_recv,latency_ack,84,C1_control_only,C1_control_only,89,off,off,False,False,rtt=31.02ms
1779496198.6469784,ack_recv,latency_ack,85,C1_control_only,C1_control_only,89,off,off,False,False,rtt=28.58ms
1779496198.7312198,ack_recv,latency_ack,86,C1_control_only,C1_control_only,89,off,off,False,False,rtt=12.56ms
1779496198.8414433,ack_recv,latency_ack,87,C1_control_only,C1_control_only,89,off,off,False,False,rtt=22.57ms
1779496198.9400449,ack_recv,latency_ack,88,C1_control_only,C1_control_only,89,off,off,False,False,rtt=20.71ms
1779496199.0604146,ack_recv,latency_ack,89,C1_control_only,C1_control_only,89,off,off,False,False,rtt=40.71ms
1779496199.1386175,ack_recv,latency_ack,90,C1_control_only,C1_control_only,89,off,off,False,False,rtt=18.72ms
1779496199.2291455,ack_recv,latency_ack,91,C1_control_only,C1_control_only,89,off,off,False,False,rtt=8.90ms
1779496199.3491027,ack_recv,latency_ack,92,C1_control_only,C1_control_only,89,off,off,False,False,rtt=28.57ms
1779496199.4411983,ack_recv,latency_ack,93,C1_control_only,C1_control_only,89,off,off,False,False,rtt=20.57ms
1779496199.5327172,ack_recv,latency_ack,94,C1_control_only,C1_control_only,89,off,off,False,False,rtt=11.89ms
1779496199.639181,ack_recv,latency_ack,95,C1_control_only,C1_control_only,89,off,off,False,False,rtt=18.00ms
1779496199.7329493,ack_recv,latency_ack,96,C1_control_only,C1_control_only,89,off,off,False,False,rtt=11.39ms
1779496199.8382711,ack_recv,latency_ack,97,C1_control_only,C1_control_only,89,off,off,False,False,rtt=16.30ms
1779496199.931474,ack_recv,latency_ack,98,C1_control_only,C1_control_only,89,off,off,False,False,rtt=8.98ms
1779496200.051274,ack_recv,latency_ack,99,C1_control_only,C1_control_only,89,off,off,False,False,rtt=28.49ms
1779496200.1306667,ack_recv,latency_ack,100,C1_control_only,C1_control_only,90,off,off,False,False,rtt=7.52ms
1779496200.2393484,ack_recv,latency_ack,101,C1_control_only,C1_control_only,90,off,off,False,False,rtt=15.57ms
1779496200.3477135,ack_recv,latency_ack,102,C1_control_only,C1_control_only,90,off,off,False,False,rtt=23.74ms
1779496200.4326606,ack_recv,latency_ack,103,C1_control_only,C1_control_only,90,off,off,False,False,rtt=8.53ms
1779496200.5398233,ack_recv,latency_ack,104,C1_control_only,C1_control_only,90,off,off,False,False,rtt=15.57ms
1779496200.6469648,ack_recv,latency_ack,105,C1_control_only,C1_control_only,90,off,off,False,False,rtt=22.40ms
1779496200.7387855,ack_recv,latency_ack,106,C1_control_only,C1_control_only,90,off,off,False,False,rtt=14.02ms
1779496200.843148,ack_recv,latency_ack,107,C1_control_only,C1_control_only,90,off,off,False,False,rtt=18.27ms
1779496200.9347897,ack_recv,latency_ack,108,C1_control_only,C1_control_only,90,off,off,False,False,rtt=9.64ms
1779496201.0453148,ack_recv,latency_ack,109,C1_control_only,C1_control_only,90,off,off,False,False,rtt=20.11ms
1779496201.1833777,ack_recv,latency_ack,110,C1_control_only,C1_control_only,90,off,off,False,False,rtt=58.04ms
1779496201.2449293,ack_recv,latency_ack,111,C1_control_only,C1_control_only,90,off,off,False,False,rtt=19.14ms
1779496201.3379292,ack_recv,latency_ack,112,C1_control_only,C1_control_only,90,off,off,False,False,rtt=11.64ms
1779496201.4490635,ack_recv,latency_ack,113,C1_control_only,C1_control_only,90,off,off,False,False,rtt=22.63ms
1779496201.5394473,ack_recv,latency_ack,114,C1_control_only,C1_control_only,90,off,off,False,False,rtt=12.57ms
1779496201.6411397,ack_recv,latency_ack,115,C1_control_only,C1_control_only,90,off,off,False,False,rtt=14.07ms
1779496201.7422578,ack_recv,latency_ack,116,C1_control_only,C1_control_only,90,off,off,False,False,rtt=14.92ms
1779496201.8438728,ack_recv,latency_ack,117,C1_control_only,C1_control_only,90,off,off,False,False,rtt=16.15ms
1779496201.9408221,ack_recv,latency_ack,118,C1_control_only,C1_control_only,90,off,off,False,False,rtt=12.66ms
1779496202.050064,ack_recv,latency_ack,119,C1_control_only,C1_control_only,90,off,off,False,False,rtt=21.64ms
1779496202.1450398,ack_recv,latency_ack,120,C1_control_only,C1_control_only,90,off,off,False,False,rtt=16.20ms
1779496202.247137,ack_recv,latency_ack,121,C1_control_only,C1_control_only,90,off,off,False,False,rtt=17.56ms
1779496202.342406,ack_recv,latency_ack,122,C1_control_only,C1_control_only,90,off,off,False,False,rtt=12.65ms
1779496202.4577305,ack_recv,latency_ack,123,C1_control_only,C1_control_only,90,off,off,False,False,rtt=27.38ms
1779496202.5443096,ack_recv,latency_ack,124,C1_control_only,C1_control_only,90,off,off,False,False,rtt=13.22ms
1779496202.6373277,ack_recv,latency_ack,125,C1_control_only,C1_control_only,90,off,off,False,False,rtt=6.06ms
1779496202.7462847,ack_recv,latency_ack,126,C1_control_only,C1_control_only,90,off,off,False,False,rtt=14.78ms
1779496202.8542917,ack_recv,latency_ack,127,C1_control_only,C1_control_only,90,off,off,False,False,rtt=21.45ms
1779496202.9489682,ack_recv,latency_ack,128,C1_control_only,C1_control_only,90,off,off,False,False,rtt=16.56ms
1779496203.053885,ack_recv,latency_ack,129,C1_control_only,C1_control_only,90,off,off,False,False,rtt=21.29ms
1779496203.1478817,ack_recv,latency_ack,130,C1_control_only,C1_control_only,90,off,off,False,False,rtt=14.74ms
1779496203.2393005,ack_recv,latency_ack,131,C1_control_only,C1_control_only,90,off,off,False,False,rtt=5.59ms
1779496203.3493395,ack_recv,latency_ack,132,C1_control_only,C1_control_only,90,off,off,False,False,rtt=15.44ms
1779496203.4589105,ack_recv,latency_ack,133,C1_control_only,C1_control_only,90,off,off,False,False,rtt=24.44ms
1779496203.551147,ack_recv,latency_ack,134,C1_control_only,C1_control_only,90,off,off,False,False,rtt=16.55ms
1779496203.6442778,ack_recv,latency_ack,135,C1_control_only,C1_control_only,90,off,off,False,False,rtt=9.62ms
1779496203.7519913,ack_recv,latency_ack,136,C1_control_only,C1_control_only,90,off,off,False,False,rtt=16.76ms
1779496203.8436375,ack_recv,latency_ack,137,C1_control_only,C1_control_only,90,off,off,False,False,rtt=7.59ms
1779496203.9524155,ack_recv,latency_ack,138,C1_control_only,C1_control_only,90,off,off,False,False,rtt=15.75ms
1779496204.044484,ack_recv,latency_ack,139,C1_control_only,C1_control_only,90,off,off,False,False,rtt=7.66ms
1779496204.1539154,ack_recv,latency_ack,140,C1_control_only,C1_control_only,90,off,off,False,False,rtt=16.85ms
1779496204.2836316,ack_recv,latency_ack,141,C1_control_only,C1_control_only,90,off,off,False,False,rtt=46.18ms
1779496204.4053347,ack_recv,latency_ack,142,C1_control_only,C1_control_only,90,off,off,False,False,rtt=67.61ms
1779496204.5094266,ack_recv,latency_ack,143,C1_control_only,C1_control_only,90,off,off,False,False,rtt=71.56ms
1779496204.6105711,ack_recv,latency_ack,144,C1_control_only,C1_control_only,90,off,off,False,False,rtt=72.13ms
1779496204.69619,ack_recv,latency_ack,145,C1_control_only,C1_control_only,90,off,off,False,False,rtt=57.39ms
1779496204.7807748,ack_recv,latency_ack,146,C1_control_only,C1_control_only,90,off,off,False,False,rtt=41.17ms
1779496204.867249,ack_recv,latency_ack,147,C1_control_only,C1_control_only,90,off,off,False,False,rtt=26.96ms
1779496204.9526825,ack_recv,latency_ack,148,C1_control_only,C1_control_only,90,off,off,False,False,rtt=11.56ms
1779496205.050101,ack_recv,latency_ack,149,C1_control_only,C1_control_only,90,off,off,False,False,rtt=8.18ms
1779496205.1589468,ack_recv,latency_ack,150,C1_control_only,C1_control_only,90,off,off,False,False,rtt=16.16ms
1779496205.2523236,ack_recv,latency_ack,151,C1_control_only,C1_control_only,90,off,off,False,False,rtt=9.02ms
1779496205.3619363,ack_recv,latency_ack,152,C1_control_only,C1_control_only,90,off,off,False,False,rtt=18.53ms
1779496205.4512558,ack_recv,latency_ack,153,C1_control_only,C1_control_only,90,off,off,False,False,rtt=6.95ms
1779496205.5665634,ack_recv,latency_ack,154,C1_control_only,C1_control_only,90,off,off,False,False,rtt=21.44ms
1779496205.6574247,ack_recv,latency_ack,155,C1_control_only,C1_control_only,90,off,off,False,False,rtt=12.07ms
1779496205.7978046,ack_recv,latency_ack,156,C1_control_only,C1_control_only,90,off,off,False,False,rtt=51.91ms
1779496205.902673,ack_recv,latency_ack,157,C1_control_only,C1_control_only,90,off,off,False,False,rtt=56.70ms
1779496205.9954584,ack_recv,latency_ack,158,C1_control_only,C1_control_only,90,off,off,False,False,rtt=49.15ms
1779496206.106108,ack_recv,latency_ack,159,C1_control_only,C1_control_only,90,off,off,False,False,rtt=59.51ms
1779496206.1963446,ack_recv,latency_ack,160,C1_control_only,C1_control_only,90,off,off,False,False,rtt=49.28ms
1779496206.28046,ack_recv,latency_ack,161,C1_control_only,C1_control_only,90,off,off,False,False,rtt=33.08ms
1779496206.3657153,ack_recv,latency_ack,162,C1_control_only,C1_control_only,90,off,off,False,False,rtt=18.14ms
1779496206.4605,ack_recv,latency_ack,163,C1_control_only,C1_control_only,90,off,off,False,False,rtt=12.36ms
1779496206.565517,ack_recv,latency_ack,164,C1_control_only,C1_control_only,90,off,off,False,False,rtt=17.25ms
1779496206.6699893,ack_recv,latency_ack,165,C1_control_only,C1_control_only,90,off,off,False,False,rtt=20.09ms
1779496206.8048928,ack_recv,latency_ack,166,C1_control_only,C1_control_only,90,off,off,False,False,rtt=55.58ms
1779496206.8888874,ack_recv,latency_ack,167,C1_control_only,C1_control_only,90,off,off,False,False,rtt=37.63ms
1779496206.9670398,ack_recv,latency_ack,168,C1_control_only,C1_control_only,90,off,off,False,False,rtt=17.02ms
1779496207.072996,ack_recv,latency_ack,169,C1_control_only,C1_control_only,90,off,off,False,False,rtt=22.72ms
1779496207.1700518,ack_recv,latency_ack,170,C1_control_only,C1_control_only,90,off,off,False,False,rtt=19.40ms
1779496207.2658117,ack_recv,latency_ack,171,C1_control_only,C1_control_only,90,off,off,False,False,rtt=14.68ms
1779496207.3796177,ack_recv,latency_ack,172,C1_control_only,C1_control_only,90,off,off,False,False,rtt=27.99ms
1779496207.459159,ack_recv,latency_ack,173,C1_control_only,C1_control_only,90,off,off,False,False,rtt=7.17ms
1779496207.5688934,ack_recv,latency_ack,174,C1_control_only,C1_control_only,90,off,off,False,False,rtt=16.51ms
1779496207.6607625,ack_recv,latency_ack,175,C1_control_only,C1_control_only,90,off,off,False,False,rtt=8.04ms
1779496207.7963166,ack_recv,latency_ack,176,C1_control_only,C1_control_only,90,off,off,False,False,rtt=43.20ms
1779496207.8781796,ack_recv,latency_ack,177,C1_control_only,C1_control_only,90,off,off,False,False,rtt=24.59ms
1779496207.9718833,ack_recv,latency_ack,178,C1_control_only,C1_control_only,90,off,off,False,False,rtt=17.88ms
1779496208.0642617,ack_recv,latency_ack,179,C1_control_only,C1_control_only,90,off,off,False,False,rtt=10.04ms
1779496208.1804686,ack_recv,latency_ack,180,C1_control_only,C1_control_only,90,off,off,False,False,rtt=26.04ms
1779496208.2732158,ack_recv,latency_ack,181,C1_control_only,C1_control_only,90,off,off,False,False,rtt=17.23ms
1779496208.3768556,ack_recv,latency_ack,182,C1_control_only,C1_control_only,90,off,off,False,False,rtt=21.37ms
1779496208.4631379,ack_recv,latency_ack,183,C1_control_only,C1_control_only,90,off,off,False,False,rtt=7.52ms
1779496208.5668063,ack_recv,latency_ack,184,C1_control_only,C1_control_only,90,off,off,False,False,rtt=11.10ms
1779496208.6853561,ack_recv,latency_ack,185,C1_control_only,C1_control_only,90,off,off,False,False,rtt=29.12ms
1779496208.7822359,ack_recv,latency_ack,186,C1_control_only,C1_control_only,90,off,off,False,False,rtt=25.77ms
1779496208.8769193,ack_recv,latency_ack,187,C1_control_only,C1_control_only,90,off,off,False,False,rtt=19.89ms
1779496208.979569,ack_recv,latency_ack,188,C1_control_only,C1_control_only,90,off,off,False,False,rtt=22.35ms
1779496209.0766537,ack_recv,latency_ack,189,C1_control_only,C1_control_only,90,off,off,False,False,rtt=19.16ms
1779496209.172814,ack_recv,latency_ack,190,C1_control_only,C1_control_only,90,off,off,False,False,rtt=15.04ms
1779496209.3025382,ack_recv,latency_ack,191,C1_control_only,C1_control_only,90,off,off,False,False,rtt=44.22ms
1779496209.3885686,ack_recv,latency_ack,192,C1_control_only,C1_control_only,90,off,off,False,False,rtt=29.74ms
1779496209.4776442,ack_recv,latency_ack,193,C1_control_only,C1_control_only,90,off,off,False,False,rtt=18.73ms
1779496209.5752847,ack_recv,latency_ack,194,C1_control_only,C1_control_only,90,off,off,False,False,rtt=15.96ms
1779496209.6786187,ack_recv,latency_ack,195,C1_control_only,C1_control_only,90,off,off,False,False,rtt=19.11ms
1779496209.7794514,ack_recv,latency_ack,196,C1_control_only,C1_control_only,90,off,off,False,False,rtt=19.55ms
1779496209.891337,ack_recv,latency_ack,197,C1_control_only,C1_control_only,90,off,off,False,False,rtt=30.97ms
1779496209.9739027,ack_recv,latency_ack,198,C1_control_only,C1_control_only,90,off,off,False,False,rtt=13.03ms
1779496210.0817509,ack_recv,latency_ack,199,C1_control_only,C1_control_only,90,off,off,False,False,rtt=20.38ms
1779496210.170322,ack_recv,latency_ack,200,C1_control_only,C1_control_only,90,off,off,False,False,rtt=8.57ms
1779496210.304031,ack_recv,latency_ack,201,C1_control_only,C1_control_only,90,off,off,False,False,rtt=41.68ms
1779496210.3728807,ack_recv,latency_ack,202,C1_control_only,C1_control_only,90,off,off,False,False,rtt=10.02ms
1779496210.482688,ack_recv,latency_ack,203,C1_control_only,C1_control_only,90,off,off,False,False,rtt=19.45ms
1779496210.5836818,ack_recv,latency_ack,204,C1_control_only,C1_control_only,90,off,off,False,False,rtt=20.07ms
1779496210.6791887,ack_recv,latency_ack,205,C1_control_only,C1_control_only,90,off,off,False,False,rtt=15.11ms
1779496210.783324,ack_recv,latency_ack,206,C1_control_only,C1_control_only,90,off,off,False,False,rtt=18.72ms
1779496210.8744879,ack_recv,latency_ack,207,C1_control_only,C1_control_only,90,off,off,False,False,rtt=9.71ms
1779496210.987498,ack_recv,latency_ack,208,C1_control_only,C1_control_only,90,off,off,False,False,rtt=22.57ms
1779496211.075226,ack_recv,latency_ack,209,C1_control_only,C1_control_only,90,off,off,False,False,rtt=10.18ms
1779496211.1833637,ack_recv,latency_ack,210,C1_control_only,C1_control_only,90,off,off,False,False,rtt=18.07ms
1779496211.2739856,ack_recv,latency_ack,211,C1_control_only,C1_control_only,90,off,off,False,False,rtt=8.28ms
1779496211.3859355,ack_recv,latency_ack,212,C1_control_only,C1_control_only,90,off,off,False,False,rtt=19.85ms
1779496211.471688,ack_recv,latency_ack,213,C1_control_only,C1_control_only,90,off,off,False,False,rtt=5.06ms
1779496211.581047,ack_recv,latency_ack,214,C1_control_only,C1_control_only,90,off,off,False,False,rtt=13.82ms
1779496211.7223098,ack_recv,latency_ack,215,C1_control_only,C1_control_only,90,off,off,False,False,rtt=54.38ms
1779496211.8065512,ack_recv,latency_ack,216,C1_control_only,C1_control_only,90,off,off,False,False,rtt=38.30ms
1779496211.8838632,ack_recv,latency_ack,217,C1_control_only,C1_control_only,90,off,off,False,False,rtt=15.07ms
1779496211.9918082,ack_recv,latency_ack,218,C1_control_only,C1_control_only,90,off,off,False,False,rtt=22.47ms
1779496212.0990481,ack_recv,latency_ack,219,C1_control_only,C1_control_only,90,off,off,False,False,rtt=29.46ms
1779496212.18258,ack_recv,latency_ack,220,C1_control_only,C1_control_only,90,off,off,False,False,rtt=12.48ms
1779496212.2847912,ack_recv,latency_ack,221,C1_control_only,C1_control_only,90,off,off,False,False,rtt=14.12ms
1779496212.3772311,ack_recv,latency_ack,222,C1_control_only,C1_control_only,90,off,off,False,False,rtt=6.26ms
1779496212.5035675,ack_recv,latency_ack,223,C1_control_only,C1_control_only,90,off,off,False,False,rtt=32.09ms
1779496212.5954163,ack_recv,latency_ack,224,C1_control_only,C1_control_only,90,off,off,False,False,rtt=22.90ms
1779496212.6871078,ack_recv,latency_ack,225,C1_control_only,C1_control_only,90,off,off,False,False,rtt=13.85ms
1779496212.7847135,ack_recv,latency_ack,226,C1_control_only,C1_control_only,90,off,off,False,False,rtt=10.86ms
1779496212.8944077,ack_recv,latency_ack,227,C1_control_only,C1_control_only,90,off,off,False,False,rtt=20.10ms
1779496213.0360022,ack_recv,latency_ack,228,C1_control_only,C1_control_only,90,off,off,False,False,rtt=61.48ms
1779496213.114281,ack_recv,latency_ack,229,C1_control_only,C1_control_only,90,off,off,False,False,rtt=39.14ms
1779496213.2014427,ack_recv,latency_ack,230,C1_control_only,C1_control_only,90,off,off,False,False,rtt=25.80ms
1779496213.2932804,ack_recv,latency_ack,231,C1_control_only,C1_control_only,90,off,off,False,False,rtt=17.26ms
1779496213.392191,ack_recv,latency_ack,232,C1_control_only,C1_control_only,90,off,off,False,False,rtt=15.42ms
1779496213.4917188,ack_recv,latency_ack,233,C1_control_only,C1_control_only,90,off,off,False,False,rtt=13.86ms
1779496213.583127,ack_recv,latency_ack,234,C1_control_only,C1_control_only,90,off,off,False,False,rtt=5.72ms
1779496213.700033,ack_recv,latency_ack,235,C1_control_only,C1_control_only,90,off,off,False,False,rtt=21.97ms
1779496213.8011487,ack_recv,latency_ack,236,C1_control_only,C1_control_only,90,off,off,False,False,rtt=22.61ms
1779496213.8963819,ack_recv,latency_ack,237,C1_control_only,C1_control_only,90,off,off,False,False,rtt=16.69ms
1779496213.9868212,ack_recv,latency_ack,238,C1_control_only,C1_control_only,90,off,off,False,False,rtt=6.56ms
1779496214.0956314,ack_recv,latency_ack,239,C1_control_only,C1_control_only,90,off,off,False,False,rtt=14.24ms
1779496214.2041376,ack_recv,latency_ack,240,C1_control_only,C1_control_only,90,off,off,False,False,rtt=23.42ms
1779496214.2986066,ack_recv,latency_ack,241,C1_control_only,C1_control_only,90,off,off,False,False,rtt=17.56ms
1779496214.3944886,ack_recv,latency_ack,242,C1_control_only,C1_control_only,90,off,off,False,False,rtt=12.86ms
1779496214.4973004,ack_recv,latency_ack,243,C1_control_only,C1_control_only,90,off,off,False,False,rtt=14.83ms
1779496214.5941308,ack_recv,latency_ack,244,C1_control_only,C1_control_only,90,off,off,False,False,rtt=11.21ms
1779496214.7009983,ack_recv,latency_ack,245,C1_control_only,C1_control_only,90,off,off,False,False,rtt=17.63ms
1779496214.7987013,ack_recv,latency_ack,246,C1_control_only,C1_control_only,90,off,off,False,False,rtt=14.56ms
1779496214.8906324,ack_recv,latency_ack,247,C1_control_only,C1_control_only,90,off,off,False,False,rtt=5.94ms
1779496215.0377488,ack_recv,latency_ack,248,C1_control_only,C1_control_only,90,off,off,False,False,rtt=52.34ms
1779496215.1232247,ack_recv,latency_ack,249,C1_control_only,C1_control_only,90,off,off,False,False,rtt=37.32ms
1779496215.2102354,ack_recv,latency_ack,250,C1_control_only,C1_control_only,90,off,off,False,False,rtt=23.92ms
1779496215.2977278,ack_recv,latency_ack,251,C1_control_only,C1_control_only,90,off,off,False,False,rtt=9.72ms
1779496215.4458601,ack_recv,latency_ack,252,C1_control_only,C1_control_only,90,off,off,False,False,rtt=58.15ms
1779496215.532724,ack_recv,latency_ack,253,C1_control_only,C1_control_only,90,off,off,False,False,rtt=44.54ms
1779496215.6151912,ack_recv,latency_ack,254,C1_control_only,C1_control_only,90,off,off,False,False,rtt=26.43ms
1779496215.699953,ack_recv,latency_ack,255,C1_control_only,C1_control_only,90,off,off,False,False,rtt=10.71ms
1779496215.8533535,ack_recv,latency_ack,256,C1_control_only,C1_control_only,90,off,off,False,False,rtt=63.22ms
1779496215.9389086,ack_recv,latency_ack,257,C1_control_only,C1_control_only,90,off,off,False,False,rtt=48.21ms
1779496216.0225966,ack_recv,latency_ack,258,C1_control_only,C1_control_only,90,off,off,False,False,rtt=31.42ms
1779496216.106398,ack_recv,latency_ack,259,C1_control_only,C1_control_only,90,off,off,False,False,rtt=14.80ms
1779496216.1990123,ack_recv,latency_ack,260,C1_control_only,C1_control_only,90,off,off,False,False,rtt=7.12ms
1779496216.302728,ack_recv,latency_ack,261,C1_control_only,C1_control_only,90,off,off,False,False,rtt=10.17ms
1779496216.4118392,ack_recv,latency_ack,262,C1_control_only,C1_control_only,90,off,off,False,False,rtt=19.08ms
1779496216.5066943,ack_recv,latency_ack,263,C1_control_only,C1_control_only,90,off,off,False,False,rtt=13.37ms
1779496216.6029491,ack_recv,latency_ack,264,C1_control_only,C1_control_only,90,off,off,False,False,rtt=9.04ms
1779496216.6982954,ack_recv,latency_ack,265,C1_control_only,C1_control_only,90,off,off,False,False,rtt=4.22ms
1779496216.803537,ack_recv,latency_ack,266,C1_control_only,C1_control_only,90,off,off,False,False,rtt=9.12ms
1779496216.9211757,ack_recv,latency_ack,267,C1_control_only,C1_control_only,90,off,off,False,False,rtt=26.26ms
1779496217.01975,ack_recv,latency_ack,268,C1_control_only,C1_control_only,90,off,off,False,False,rtt=23.92ms
1779496217.1126747,ack_recv,latency_ack,269,C1_control_only,C1_control_only,90,off,off,False,False,rtt=16.64ms
1779496217.220496,ack_recv,latency_ack,270,C1_control_only,C1_control_only,90,off,off,False,False,rtt=23.67ms
1779496217.3141212,ack_recv,latency_ack,271,C1_control_only,C1_control_only,90,off,off,False,False,rtt=15.92ms
1779496217.406536,ack_recv,latency_ack,272,C1_control_only,C1_control_only,90,off,off,False,False,rtt=8.65ms
1779496217.5119011,ack_recv,latency_ack,273,C1_control_only,C1_control_only,90,off,off,False,False,rtt=13.54ms
1779496217.6094542,ack_recv,latency_ack,274,C1_control_only,C1_control_only,90,off,off,False,False,rtt=10.17ms
1779496217.7172875,ack_recv,latency_ack,275,C1_control_only,C1_control_only,90,off,off,False,False,rtt=17.48ms
1779496217.8111575,ack_recv,latency_ack,276,C1_control_only,C1_control_only,90,off,off,False,False,rtt=11.07ms
1779496217.91746,ack_recv,latency_ack,277,C1_control_only,C1_control_only,90,off,off,False,False,rtt=17.21ms
1779496218.0154922,ack_recv,latency_ack,278,C1_control_only,C1_control_only,90,off,off,False,False,rtt=15.10ms
1779496218.1252298,ack_recv,latency_ack,279,C1_control_only,C1_control_only,90,off,off,False,False,rtt=24.56ms
1779496218.2113554,ack_recv,latency_ack,280,C1_control_only,C1_control_only,90,off,off,False,False,rtt=10.06ms
1779496218.3222322,ack_recv,latency_ack,281,C1_control_only,C1_control_only,90,off,off,False,False,rtt=20.72ms
1779496218.418775,ack_recv,latency_ack,282,C1_control_only,C1_control_only,90,off,off,False,False,rtt=16.89ms
1779496218.5150516,ack_recv,latency_ack,283,C1_control_only,C1_control_only,90,off,off,False,False,rtt=12.52ms
1779496218.61572,ack_recv,latency_ack,284,C1_control_only,C1_control_only,90,off,off,False,False,rtt=12.89ms
1779496218.7101262,ack_recv,latency_ack,285,C1_control_only,C1_control_only,90,off,off,False,False,rtt=6.53ms
1779496218.8186765,ack_recv,latency_ack,286,C1_control_only,C1_control_only,90,off,off,False,False,rtt=14.76ms
1779496218.9156144,ack_recv,latency_ack,287,C1_control_only,C1_control_only,90,off,off,False,False,rtt=11.57ms
1779496219.0350008,ack_recv,latency_ack,288,C1_control_only,C1_control_only,90,off,off,False,False,rtt=30.78ms
1779496219.1146922,ack_recv,latency_ack,289,C1_control_only,C1_control_only,90,off,off,False,False,rtt=9.93ms
1779496219.2517529,ack_recv,latency_ack,290,C1_control_only,C1_control_only,90,off,off,False,False,rtt=46.84ms
1779496219.3357816,ack_recv,latency_ack,291,C1_control_only,C1_control_only,90,off,off,False,False,rtt=29.99ms
1779496219.4249167,ack_recv,latency_ack,292,C1_control_only,C1_control_only,90,off,off,False,False,rtt=18.87ms
1779496219.5161726,ack_recv,latency_ack,293,C1_control_only,C1_control_only,90,off,off,False,False,rtt=9.47ms
1779496219.6285741,ack_recv,latency_ack,294,C1_control_only,C1_control_only,90,off,off,False,False,rtt=21.54ms
1779496219.718078,ack_recv,latency_ack,295,C1_control_only,C1_control_only,90,off,off,False,False,rtt=10.37ms
1779496219.8289187,ack_recv,latency_ack,296,C1_control_only,C1_control_only,90,off,off,False,False,rtt=20.79ms
1779496219.9228663,ack_recv,latency_ack,297,C1_control_only,C1_control_only,90,off,off,False,False,rtt=14.08ms
1779496220.0299566,ack_recv,latency_ack,298,C1_control_only,C1_control_only,90,off,off,False,False,rtt=20.39ms
1779496220.124054,ack_recv,latency_ack,299,C1_control_only,C1_control_only,90,off,off,False,False,rtt=13.63ms
1779496220.2160876,ack_recv,latency_ack,300,C1_control_only,C1_control_only,90,off,off,False,False,rtt=5.30ms
1779496220.3300893,ack_recv,latency_ack,301,C1_control_only,C1_control_only,90,off,off,False,False,rtt=18.62ms
1779496220.4199622,ack_recv,latency_ack,302,C1_control_only,C1_control_only,90,off,off,False,False,rtt=7.80ms
1779496220.5687156,ack_recv,latency_ack,303,C1_control_only,C1_control_only,90,off,off,False,False,rtt=55.88ms
1779496220.660617,ack_recv,latency_ack,304,C1_control_only,C1_control_only,90,off,off,False,False,rtt=46.32ms
1779496220.7462528,ack_recv,latency_ack,305,C1_control_only,C1_control_only,90,off,off,False,False,rtt=32.40ms
1779496220.830102,ack_recv,latency_ack,306,C1_control_only,C1_control_only,90,off,off,False,False,rtt=15.91ms
1779496220.9395623,ack_recv,latency_ack,307,C1_control_only,C1_control_only,90,off,off,False,False,rtt=24.68ms
1779496221.0344415,ack_recv,latency_ack,308,C1_control_only,C1_control_only,90,off,off,False,False,rtt=19.09ms
1779496221.129307,ack_recv,latency_ack,309,C1_control_only,C1_control_only,90,off,off,False,False,rtt=13.41ms
1779496221.2302852,ack_recv,latency_ack,310,C1_control_only,C1_control_only,90,off,off,False,False,rtt=13.02ms
1779496221.33143,ack_recv,latency_ack,311,C1_control_only,C1_control_only,90,off,off,False,False,rtt=14.76ms
1779496221.4228077,ack_recv,latency_ack,312,C1_control_only,C1_control_only,90,off,off,False,False,rtt=5.62ms
1779496221.5335627,ack_recv,latency_ack,313,C1_control_only,C1_control_only,90,off,off,False,False,rtt=15.75ms
1779496221.690033,ack_recv,latency_ack,314,C1_control_only,C1_control_only,90,off,off,False,False,rtt=71.00ms
1779496221.7309773,ack_recv,latency_ack,315,C1_control_only,C1_control_only,90,off,off,False,False,rtt=11.29ms
1779496221.8272367,ack_recv,latency_ack,316,C1_control_only,C1_control_only,90,off,off,False,False,rtt=6.71ms
1779496221.9362857,ack_recv,latency_ack,317,C1_control_only,C1_control_only,90,off,off,False,False,rtt=15.47ms
1779496222.0299597,ack_recv,latency_ack,318,C1_control_only,C1_control_only,90,off,off,False,False,rtt=8.38ms
1779496222.1374793,ack_recv,latency_ack,319,C1_control_only,C1_control_only,90,off,off,False,False,rtt=15.36ms
1779496222.2303112,ack_recv,latency_ack,320,C1_control_only,C1_control_only,90,off,off,False,False,rtt=8.10ms
1779496222.3368998,ack_recv,latency_ack,321,C1_control_only,C1_control_only,90,off,off,False,False,rtt=14.31ms
1779496222.4431527,ack_recv,latency_ack,322,C1_control_only,C1_control_only,90,off,off,False,False,rtt=19.96ms
1779496222.5400798,ack_recv,latency_ack,323,C1_control_only,C1_control_only,90,off,off,False,False,rtt=15.79ms
1779496222.7120228,ack_recv,latency_ack,324,C1_control_only,C1_control_only,90,off,off,False,False,rtt=87.08ms
1779496222.7409492,ack_recv,latency_ack,325,C1_control_only,C1_control_only,90,off,off,False,False,rtt=14.69ms
1779496222.8486197,ack_recv,latency_ack,326,C1_control_only,C1_control_only,90,off,off,False,False,rtt=21.75ms
1779496222.944289,ack_recv,latency_ack,327,C1_control_only,C1_control_only,90,off,off,False,False,rtt=17.17ms
1779496223.0351124,ack_recv,latency_ack,328,C1_control_only,C1_control_only,90,off,off,False,False,rtt=7.52ms
1779496223.1447718,ack_recv,latency_ack,329,C1_control_only,C1_control_only,90,off,off,False,False,rtt=16.96ms
1779496223.2400525,ack_recv,latency_ack,330,C1_control_only,C1_control_only,90,off,off,False,False,rtt=11.62ms
1779496223.350461,ack_recv,latency_ack,331,C1_control_only,C1_control_only,90,off,off,False,False,rtt=21.79ms
1779496223.4516318,ack_recv,latency_ack,332,C1_control_only,C1_control_only,90,off,off,False,False,rtt=21.62ms
1779496223.5402117,ack_recv,latency_ack,333,C1_control_only,C1_control_only,90,off,off,False,False,rtt=10.22ms
1779496223.6460807,ack_recv,latency_ack,334,C1_control_only,C1_control_only,90,off,off,False,False,rtt=15.66ms
1779496223.742692,ack_recv,latency_ack,335,C1_control_only,C1_control_only,90,off,off,False,False,rtt=11.84ms
1779496223.8488095,ack_recv,latency_ack,336,C1_control_only,C1_control_only,90,off,off,False,False,rtt=17.52ms
1779496223.9431522,ack_recv,latency_ack,337,C1_control_only,C1_control_only,90,off,off,False,False,rtt=11.43ms
1779496224.0509202,ack_recv,latency_ack,338,C1_control_only,C1_control_only,90,off,off,False,False,rtt=19.02ms
1779496224.1678607,ack_recv,latency_ack,339,C1_control_only,C1_control_only,90,off,off,False,False,rtt=35.49ms
1779496224.2619424,ack_recv,latency_ack,340,C1_control_only,C1_control_only,90,off,off,False,False,rtt=29.40ms
1779496224.3460789,ack_recv,latency_ack,341,C1_control_only,C1_control_only,90,off,off,False,False,rtt=12.88ms
1779496224.4384406,ack_recv,latency_ack,342,C1_control_only,C1_control_only,90,off,off,False,False,rtt=4.71ms
1779496224.5499997,ack_recv,latency_ack,343,C1_control_only,C1_control_only,90,off,off,False,False,rtt=15.43ms
1779496224.6554515,ack_recv,latency_ack,344,C1_control_only,C1_control_only,90,off,off,False,False,rtt=20.51ms
1779496224.782297,ack_recv,latency_ack,345,C1_control_only,C1_control_only,90,off,off,False,False,rtt=46.96ms
1779496224.8666859,ack_recv,latency_ack,346,C1_control_only,C1_control_only,90,off,off,False,False,rtt=30.89ms
1779496224.9535859,ack_recv,latency_ack,347,C1_control_only,C1_control_only,90,off,off,False,False,rtt=17.31ms
1779496225.0600178,ack_recv,latency_ack,348,C1_control_only,C1_control_only,90,off,off,False,False,rtt=23.20ms
1779496225.15056,ack_recv,latency_ack,349,C1_control_only,C1_control_only,90,off,off,False,False,rtt=13.39ms
1779496225.2579277,ack_recv,latency_ack,350,C1_control_only,C1_control_only,90,off,off,False,False,rtt=20.52ms
1779496225.3507237,ack_recv,latency_ack,351,C1_control_only,C1_control_only,90,off,off,False,False,rtt=12.93ms
1779496225.443232,ack_recv,latency_ack,352,C1_control_only,C1_control_only,90,off,off,False,False,rtt=4.90ms
1779496225.5517807,ack_recv,latency_ack,353,C1_control_only,C1_control_only,90,off,off,False,False,rtt=12.56ms
1779496225.664095,ack_recv,latency_ack,354,C1_control_only,C1_control_only,90,off,off,False,False,rtt=24.36ms
1779496225.7534065,ack_recv,latency_ack,355,C1_control_only,C1_control_only,90,off,off,False,False,rtt=13.09ms
1779496225.847384,ack_recv,latency_ack,356,C1_control_only,C1_control_only,90,off,off,False,False,rtt=6.63ms
1779496225.9909465,ack_recv,latency_ack,357,C1_control_only,C1_control_only,90,off,off,False,False,rtt=49.67ms
1779496226.0780125,ack_recv,latency_ack,358,C1_control_only,C1_control_only,90,off,off,False,False,rtt=36.10ms
1779496226.1634352,ack_recv,latency_ack,359,C1_control_only,C1_control_only,90,off,off,False,False,rtt=21.21ms
1779496226.2544546,ack_recv,latency_ack,360,C1_control_only,C1_control_only,90,off,off,False,False,rtt=11.55ms
1779496226.3740652,ack_recv,latency_ack,361,C1_control_only,C1_control_only,90,off,off,False,False,rtt=30.74ms
1779496226.4631329,ack_recv,latency_ack,362,C1_control_only,C1_control_only,90,off,off,False,False,rtt=18.56ms
1779496226.5701103,ack_recv,latency_ack,363,C1_control_only,C1_control_only,90,off,off,False,False,rtt=26.23ms
1779496226.6605823,ack_recv,latency_ack,364,C1_control_only,C1_control_only,90,off,off,False,False,rtt=16.36ms
1779496226.8120205,ack_recv,latency_ack,365,C1_control_only,C1_control_only,90,off,off,False,False,rtt=66.46ms
1779496226.8969848,ack_recv,latency_ack,366,C1_control_only,C1_control_only,90,off,off,False,False,rtt=51.30ms
1779496226.9793484,ack_recv,latency_ack,367,C1_control_only,C1_control_only,90,off,off,False,False,rtt=33.29ms
1779496227.0630167,ack_recv,latency_ack,368,C1_control_only,C1_control_only,90,off,off,False,False,rtt=16.54ms
1779496227.1538126,ack_recv,latency_ack,369,C1_control_only,C1_control_only,90,off,off,False,False,rtt=6.61ms
1779496227.2948835,ack_recv,latency_ack,370,C1_control_only,C1_control_only,90,off,off,False,False,rtt=47.19ms
1779496227.3787968,ack_recv,latency_ack,371,C1_control_only,C1_control_only,90,off,off,False,False,rtt=28.59ms
1779496227.4655893,ack_recv,latency_ack,372,C1_control_only,C1_control_only,90,off,off,False,False,rtt=16.65ms
1779496227.5595233,ack_recv,latency_ack,373,C1_control_only,C1_control_only,90,off,off,False,False,rtt=10.18ms
1779496227.6703029,ack_recv,latency_ack,374,C1_control_only,C1_control_only,90,off,off,False,False,rtt=20.22ms
1779496227.7638047,ack_recv,latency_ack,375,C1_control_only,C1_control_only,90,off,off,False,False,rtt=13.16ms
1779496227.8716745,ack_recv,latency_ack,376,C1_control_only,C1_control_only,90,off,off,False,False,rtt=20.76ms
1779496227.9628472,ack_recv,latency_ack,377,C1_control_only,C1_control_only,90,off,off,False,False,rtt=11.06ms
1779496228.0710843,ack_recv,latency_ack,378,C1_control_only,C1_control_only,90,off,off,False,False,rtt=18.92ms
1779496228.1653862,ack_recv,latency_ack,379,C1_control_only,C1_control_only,90,off,off,False,False,rtt=13.01ms
1779496228.2576947,ack_recv,latency_ack,380,C1_control_only,C1_control_only,90,off,off,False,False,rtt=5.09ms
1779496228.3654528,ack_recv,latency_ack,381,C1_control_only,C1_control_only,90,off,off,False,False,rtt=12.21ms
1779496228.4738863,ack_recv,latency_ack,382,C1_control_only,C1_control_only,90,off,off,False,False,rtt=19.99ms
1779496228.566321,ack_recv,latency_ack,383,C1_control_only,C1_control_only,90,off,off,False,False,rtt=12.15ms
1779496228.6906862,ack_recv,latency_ack,384,C1_control_only,C1_control_only,90,off,off,False,False,rtt=35.65ms
1779496228.7668781,ack_recv,latency_ack,385,C1_control_only,C1_control_only,90,off,off,False,False,rtt=11.63ms
1779496228.8749812,ack_recv,latency_ack,386,C1_control_only,C1_control_only,90,off,off,False,False,rtt=19.04ms
1779496228.9689536,ack_recv,latency_ack,387,C1_control_only,C1_control_only,90,off,off,False,False,rtt=12.35ms
1779496229.0773702,ack_recv,latency_ack,388,C1_control_only,C1_control_only,90,off,off,False,False,rtt=20.15ms
1779496229.1705835,ack_recv,latency_ack,389,C1_control_only,C1_control_only,90,off,off,False,False,rtt=12.57ms
1779496229.2898407,ack_recv,latency_ack,390,C1_control_only,C1_control_only,90,off,off,False,False,rtt=31.06ms
1779496229.374079,ack_recv,latency_ack,391,C1_control_only,C1_control_only,90,off,off,False,False,rtt=13.66ms
1779496229.468475,ack_recv,latency_ack,392,C1_control_only,C1_control_only,90,off,off,False,False,rtt=8.51ms
1779496229.5800338,ack_recv,latency_ack,393,C1_control_only,C1_control_only,90,off,off,False,False,rtt=19.19ms
1779496229.6709976,ack_recv,latency_ack,394,C1_control_only,C1_control_only,90,off,off,False,False,rtt=9.42ms
1779496229.7794266,ack_recv,latency_ack,395,C1_control_only,C1_control_only,90,off,off,False,False,rtt=17.29ms
1779496229.873701,ack_recv,latency_ack,396,C1_control_only,C1_control_only,90,off,off,False,False,rtt=10.57ms
1779496229.981653,ack_recv,latency_ack,397,C1_control_only,C1_control_only,90,off,off,False,False,rtt=18.17ms
1779496230.076018,ack_recv,latency_ack,398,C1_control_only,C1_control_only,90,off,off,False,False,rtt=12.06ms
1779496230.1869686,ack_recv,latency_ack,399,C1_control_only,C1_control_only,90,off,off,False,False,rtt=22.90ms
1779496230.2788613,ack_recv,latency_ack,400,C1_control_only,C1_control_only,90,off,off,False,False,rtt=13.88ms
1779496230.3718,ack_recv,latency_ack,401,C1_control_only,C1_control_only,90,off,off,False,False,rtt=6.52ms
1779496230.485542,ack_recv,latency_ack,402,C1_control_only,C1_control_only,90,off,off,False,False,rtt=19.74ms
1779496230.574751,ack_recv,latency_ack,403,C1_control_only,C1_control_only,90,off,off,False,False,rtt=8.83ms
1779496230.6813862,ack_recv,latency_ack,404,C1_control_only,C1_control_only,90,off,off,False,False,rtt=15.32ms
1779496230.7742052,ack_recv,latency_ack,405,C1_control_only,C1_control_only,90,off,off,False,False,rtt=7.60ms
1779496230.882984,ack_recv,latency_ack,406,C1_control_only,C1_control_only,90,off,off,False,False,rtt=16.02ms
1779496230.9817238,ack_recv,latency_ack,407,C1_control_only,C1_control_only,90,off,off,False,False,rtt=14.37ms
1779496231.0885556,ack_recv,latency_ack,408,C1_control_only,C1_control_only,90,off,off,False,False,rtt=20.86ms
1779496231.1801894,ack_recv,latency_ack,409,C1_control_only,C1_control_only,90,off,off,False,False,rtt=12.31ms
1779496231.2912722,ack_recv,latency_ack,410,C1_control_only,C1_control_only,90,off,off,False,False,rtt=23.15ms
1779496231.3806388,ack_recv,latency_ack,411,C1_control_only,C1_control_only,90,off,off,False,False,rtt=12.02ms
1779496231.511491,ack_recv,latency_ack,412,C1_control_only,C1_control_only,90,off,off,False,False,rtt=42.64ms
1779496231.648031,ack_recv,latency_ack,413,C1_control_only,C1_control_only,90,off,off,False,False,rtt=78.45ms
1779496231.6797683,ack_recv,latency_ack,414,C1_control_only,C1_control_only,90,off,off,False,False,rtt=10.02ms
1779496231.8505564,ack_recv,latency_ack,415,C1_control_only,C1_control_only,90,off,off,False,False,rtt=80.50ms
1779496231.8827868,ack_recv,latency_ack,416,C1_control_only,C1_control_only,90,off,off,False,False,rtt=12.33ms
1779496231.9873376,ack_recv,latency_ack,417,C1_control_only,C1_control_only,90,off,off,False,False,rtt=15.72ms
1779496232.0804074,ack_recv,latency_ack,418,C1_control_only,C1_control_only,90,off,off,False,False,rtt=8.66ms
1779496232.1905005,ack_recv,latency_ack,419,C1_control_only,C1_control_only,90,off,off,False,False,rtt=18.24ms
1779496232.2809792,ack_recv,latency_ack,420,C1_control_only,C1_control_only,90,off,off,False,False,rtt=8.52ms
1779496232.389567,ack_recv,latency_ack,421,C1_control_only,C1_control_only,90,off,off,False,False,rtt=16.95ms
1779496232.4853804,ack_recv,latency_ack,422,C1_control_only,C1_control_only,90,off,off,False,False,rtt=12.44ms
1779496232.5980601,ack_recv,latency_ack,423,C1_control_only,C1_control_only,90,off,off,False,False,rtt=24.52ms
1779496232.68513,ack_recv,latency_ack,424,C1_control_only,C1_control_only,90,off,off,False,False,rtt=10.93ms
1779496232.7910967,ack_recv,latency_ack,425,C1_control_only,C1_control_only,90,off,off,False,False,rtt=16.15ms
1779496232.8855968,ack_recv,latency_ack,426,C1_control_only,C1_control_only,90,off,off,False,False,rtt=9.69ms
1779496232.9986517,ack_recv,latency_ack,427,C1_control_only,C1_control_only,90,off,off,False,False,rtt=22.30ms
1779496233.0865743,ack_recv,latency_ack,428,C1_control_only,C1_control_only,90,off,off,False,False,rtt=9.53ms
1779496233.1932411,ack_recv,latency_ack,429,C1_control_only,C1_control_only,90,off,off,False,False,rtt=15.99ms
1779496233.2850544,ack_recv,latency_ack,430,C1_control_only,C1_control_only,90,off,off,False,False,rtt=6.56ms
1779496233.396779,ack_recv,latency_ack,431,C1_control_only,C1_control_only,90,off,off,False,False,rtt=16.97ms
1779496233.493978,ack_recv,latency_ack,432,C1_control_only,C1_control_only,90,off,off,False,False,rtt=14.63ms
1779496233.6003141,ack_recv,latency_ack,433,C1_control_only,C1_control_only,90,off,off,False,False,rtt=20.34ms
1779496233.694569,ack_recv,latency_ack,434,C1_control_only,C1_control_only,90,off,off,False,False,rtt=13.56ms
1779496233.7927616,ack_recv,latency_ack,435,C1_control_only,C1_control_only,90,off,off,False,False,rtt=11.18ms
1779496233.8957558,ack_recv,latency_ack,436,C1_control_only,C1_control_only,90,off,off,False,False,rtt=13.55ms
1779496233.993591,ack_recv,latency_ack,437,C1_control_only,C1_control_only,90,off,off,False,False,rtt=10.54ms
1779496234.0996392,ack_recv,latency_ack,438,C1_control_only,C1_control_only,90,off,off,False,False,rtt=16.24ms
1779496234.2427614,ack_recv,latency_ack,439,C1_control_only,C1_control_only,90,off,off,False,False,rtt=59.02ms
1779496234.4114137,ack_recv,latency_ack,440,C1_control_only,C1_control_only,90,off,off,False,False,rtt=127.04ms
1779496234.4114137,ack_recv,latency_ack,441,C1_control_only,C1_control_only,90,off,off,False,False,rtt=26.12ms
1779496234.5137072,ack_recv,latency_ack,442,C1_control_only,C1_control_only,90,off,off,False,False,rtt=28.12ms
1779496234.6169698,ack_recv,latency_ack,443,C1_control_only,C1_control_only,90,off,off,False,False,rtt=30.61ms
1779496234.7155704,ack_recv,latency_ack,444,C1_control_only,C1_control_only,90,off,off,False,False,rtt=28.10ms
1779496234.8169355,ack_recv,latency_ack,445,C1_control_only,C1_control_only,90,off,off,False,False,rtt=28.95ms
1779496234.903389,ack_recv,latency_ack,446,C1_control_only,C1_control_only,90,off,off,False,False,rtt=14.79ms
1779496235.0108037,ack_recv,latency_ack,447,C1_control_only,C1_control_only,90,off,off,False,False,rtt=20.84ms
1779496235.102371,ack_recv,latency_ack,448,C1_control_only,C1_control_only,90,off,off,False,False,rtt=12.99ms
1779496235.2117743,ack_recv,latency_ack,449,C1_control_only,C1_control_only,90,off,off,False,False,rtt=22.08ms
1779496235.321121,ack_recv,latency_ack,450,C1_control_only,C1_control_only,90,off,off,False,False,rtt=30.68ms
1779496235.4296238,ack_recv,latency_ack,451,C1_control_only,C1_control_only,90,off,off,False,False,rtt=38.74ms
1779496235.518642,ack_recv,latency_ack,452,C1_control_only,C1_control_only,90,off,off,False,False,rtt=27.27ms
1779496235.6203523,ack_recv,latency_ack,453,C1_control_only,C1_control_only,90,off,off,False,False,rtt=28.48ms
1779496235.7051463,ack_recv,latency_ack,454,C1_control_only,C1_control_only,90,off,off,False,False,rtt=12.86ms
1779496235.8344057,ack_recv,latency_ack,455,C1_control_only,C1_control_only,90,off,off,False,False,rtt=41.10ms
1779496235.9368093,ack_recv,latency_ack,456,C1_control_only,C1_control_only,90,off,off,False,False,rtt=42.98ms
1779496236.0209436,ack_recv,latency_ack,457,C1_control_only,C1_control_only,90,off,off,False,False,rtt=26.69ms
1779496236.121918,ack_recv,latency_ack,458,C1_control_only,C1_control_only,90,off,off,False,False,rtt=27.33ms
1779496236.206843,ack_recv,latency_ack,459,C1_control_only,C1_control_only,90,off,off,False,False,rtt=11.77ms
1779496236.3145182,ack_recv,latency_ack,460,C1_control_only,C1_control_only,90,off,off,False,False,rtt=17.07ms
1779496236.404115,ack_recv,latency_ack,461,C1_control_only,C1_control_only,90,off,off,False,False,rtt=7.81ms
1779496236.5149198,ack_recv,latency_ack,462,C1_control_only,C1_control_only,90,off,off,False,False,rtt=18.00ms
1779496236.6109915,ack_recv,latency_ack,463,C1_control_only,C1_control_only,90,off,off,False,False,rtt=13.52ms
1779496236.7177663,ack_recv,latency_ack,464,C1_control_only,C1_control_only,90,off,off,False,False,rtt=20.03ms
1779496236.8104236,ack_recv,latency_ack,465,C1_control_only,C1_control_only,90,off,off,False,False,rtt=12.15ms
1779496236.91881,ack_recv,latency_ack,466,C1_control_only,C1_control_only,90,off,off,False,False,rtt=19.99ms
1779496237.0087767,ack_recv,latency_ack,467,C1_control_only,C1_control_only,90,off,off,False,False,rtt=9.57ms
1779496237.1168401,ack_recv,latency_ack,468,C1_control_only,C1_control_only,90,off,off,False,False,rtt=16.77ms
1779496237.2270367,ack_recv,latency_ack,469,C1_control_only,C1_control_only,90,off,off,False,False,rtt=26.42ms
1779496237.3175297,ack_recv,latency_ack,470,C1_control_only,C1_control_only,90,off,off,False,False,rtt=15.35ms
1779496237.4344058,ack_recv,latency_ack,471,C1_control_only,C1_control_only,90,off,off,False,False,rtt=32.98ms
1779496237.517063,ack_recv,latency_ack,472,C1_control_only,C1_control_only,90,off,off,False,False,rtt=15.17ms
1779496237.6259081,ack_recv,latency_ack,473,C1_control_only,C1_control_only,90,off,off,False,False,rtt=23.82ms
1779496237.7155805,ack_recv,latency_ack,474,C1_control_only,C1_control_only,90,off,off,False,False,rtt=13.19ms
1779496237.827904,ack_recv,latency_ack,475,C1_control_only,C1_control_only,90,off,off,False,False,rtt=25.13ms
1779496237.913603,ack_recv,latency_ack,476,C1_control_only,C1_control_only,90,off,off,False,False,rtt=10.69ms
1779496238.0241275,ack_recv,latency_ack,477,C1_control_only,C1_control_only,90,off,off,False,False,rtt=20.62ms
1779496238.1220086,ack_recv,latency_ack,478,C1_control_only,C1_control_only,90,off,off,False,False,rtt=18.13ms
1779496238.2307992,ack_recv,latency_ack,479,C1_control_only,C1_control_only,90,off,off,False,False,rtt=26.04ms
1779496238.3234444,ack_recv,latency_ack,480,C1_control_only,C1_control_only,90,off,off,False,False,rtt=17.95ms
1779496238.4127433,ack_recv,latency_ack,481,C1_control_only,C1_control_only,90,off,off,False,False,rtt=6.85ms
1779496238.520523,ack_recv,latency_ack,482,C1_control_only,C1_control_only,90,off,off,False,False,rtt=13.73ms
1779496238.6150594,ack_recv,latency_ack,483,C1_control_only,C1_control_only,90,off,off,False,False,rtt=7.32ms
1779496238.7212377,ack_recv,latency_ack,484,C1_control_only,C1_control_only,90,off,off,False,False,rtt=12.93ms
1779496238.8331196,ack_recv,latency_ack,485,C1_control_only,C1_control_only,90,off,off,False,False,rtt=24.35ms
1779496238.92489,ack_recv,latency_ack,486,C1_control_only,C1_control_only,90,off,off,False,False,rtt=15.72ms
1779496239.0306091,ack_recv,latency_ack,487,C1_control_only,C1_control_only,90,off,off,False,False,rtt=21.11ms
1779496239.1314974,ack_recv,latency_ack,488,C1_control_only,C1_control_only,90,off,off,False,False,rtt=21.16ms
1779496239.2215822,ack_recv,latency_ack,489,C1_control_only,C1_control_only,90,off,off,False,False,rtt=10.85ms
1779496239.3313015,ack_recv,latency_ack,490,C1_control_only,C1_control_only,90,off,off,False,False,rtt=20.24ms
1779496239.4247053,ack_recv,latency_ack,491,C1_control_only,C1_control_only,90,off,off,False,False,rtt=13.11ms
1779496239.5313458,ack_recv,latency_ack,492,C1_control_only,C1_control_only,90,off,off,False,False,rtt=18.06ms
1779496239.6253803,ack_recv,latency_ack,493,C1_control_only,C1_control_only,90,off,off,False,False,rtt=12.73ms
1779496239.728742,ack_recv,latency_ack,494,C1_control_only,C1_control_only,90,off,off,False,False,rtt=15.72ms
1779496239.8273752,ack_recv,latency_ack,495,C1_control_only,C1_control_only,90,off,off,False,False,rtt=13.53ms
1779496239.9366946,ack_recv,latency_ack,496,C1_control_only,C1_control_only,90,off,off,False,False,rtt=22.54ms
1779496240.0254364,ack_recv,latency_ack,497,C1_control_only,C1_control_only,90,off,off,False,False,rtt=10.64ms
1779496240.1369154,ack_recv,latency_ack,498,C1_control_only,C1_control_only,90,off,off,False,False,rtt=21.85ms
1779496240.2268798,ack_recv,latency_ack,499,C1_control_only,C1_control_only,90,off,off,False,False,rtt=10.90ms
1779496240.3379648,ack_recv,latency_ack,500,C1_control_only,C1_control_only,90,off,off,False,False,rtt=21.67ms
1779496240.4326642,ack_recv,latency_ack,501,C1_control_only,C1_control_only,90,off,off,False,False,rtt=15.77ms
1779496240.5377765,ack_recv,latency_ack,502,C1_control_only,C1_control_only,90,off,off,False,False,rtt=20.57ms
1779496240.6309412,ack_recv,latency_ack,503,C1_control_only,C1_control_only,90,off,off,False,False,rtt=13.14ms
1779496240.7302063,ack_recv,latency_ack,504,C1_control_only,C1_control_only,90,off,off,False,False,rtt=11.82ms
1779496240.8354425,ack_recv,latency_ack,505,C1_control_only,C1_control_only,90,off,off,False,False,rtt=16.88ms
1779496240.9291873,ack_recv,latency_ack,506,C1_control_only,C1_control_only,90,off,off,False,False,rtt=10.43ms
1779496241.0453775,ack_recv,latency_ack,507,C1_control_only,C1_control_only,90,off,off,False,False,rtt=26.22ms
1779496241.1306744,ack_recv,latency_ack,508,C1_control_only,C1_control_only,90,off,off,False,False,rtt=9.79ms
1779496241.229301,ack_recv,latency_ack,509,C1_control_only,C1_control_only,90,off,off,False,False,rtt=9.29ms
1779496241.328586,ack_recv,latency_ack,510,C1_control_only,C1_control_only,90,off,off,False,False,rtt=8.27ms
1779496241.4362113,ack_recv,latency_ack,511,C1_control_only,C1_control_only,90,off,off,False,False,rtt=15.36ms
1779496241.5482771,ack_recv,latency_ack,512,C1_control_only,C1_control_only,90,off,off,False,False,rtt=26.84ms
1779496241.6418166,ack_recv,latency_ack,513,C1_control_only,C1_control_only,90,off,off,False,False,rtt=19.71ms
1779496241.7322118,ack_recv,latency_ack,514,C1_control_only,C1_control_only,90,off,off,False,False,rtt=10.24ms
1779496241.8747287,ack_recv,latency_ack,515,C1_control_only,C1_control_only,90,off,off,False,False,rtt=52.45ms
1779496241.9605641,ack_recv,latency_ack,516,C1_control_only,C1_control_only,90,off,off,False,False,rtt=37.93ms
1779496242.0439181,ack_recv,latency_ack,517,C1_control_only,C1_control_only,90,off,off,False,False,rtt=21.09ms
1779496242.1339421,ack_recv,latency_ack,518,C1_control_only,C1_control_only,90,off,off,False,False,rtt=10.23ms
1779496242.2462132,ack_recv,latency_ack,519,C1_control_only,C1_control_only,90,off,off,False,False,rtt=22.40ms
1779496242.336907,ack_recv,latency_ack,520,C1_control_only,C1_control_only,90,off,off,False,False,rtt=12.52ms
1779496242.4451146,ack_recv,latency_ack,521,C1_control_only,C1_control_only,90,off,off,False,False,rtt=20.19ms
1779496242.5391953,ack_recv,latency_ack,522,C1_control_only,C1_control_only,90,off,off,False,False,rtt=13.92ms
1779496242.6713645,ack_recv,latency_ack,523,C1_control_only,C1_control_only,90,off,off,False,False,rtt=45.51ms
1779496242.7443383,ack_recv,latency_ack,524,C1_control_only,C1_control_only,90,off,off,False,False,rtt=18.13ms
1779496242.8344913,ack_recv,latency_ack,525,C1_control_only,C1_control_only,90,off,off,False,False,rtt=7.83ms
1779496242.9429636,ack_recv,latency_ack,526,C1_control_only,C1_control_only,90,off,off,False,False,rtt=16.04ms
1779496243.0362387,ack_recv,latency_ack,527,C1_control_only,C1_control_only,90,off,off,False,False,rtt=8.81ms
1779496243.196546,ack_recv,latency_ack,528,C1_control_only,C1_control_only,90,off,off,False,False,rtt=68.65ms
1779496243.2511892,ack_recv,latency_ack,529,C1_control_only,C1_control_only,90,off,off,False,False,rtt=22.54ms
1779496243.3441634,ack_recv,latency_ack,530,C1_control_only,C1_control_only,90,off,off,False,False,rtt=15.35ms
1779496243.4365652,ack_recv,latency_ack,531,C1_control_only,C1_control_only,90,off,off,False,False,rtt=7.44ms
1779496243.545454,ack_recv,latency_ack,532,C1_control_only,C1_control_only,90,off,off,False,False,rtt=16.13ms
1779496243.6375065,ack_recv,latency_ack,533,C1_control_only,C1_control_only,90,off,off,False,False,rtt=7.57ms
1779496243.746835,ack_recv,latency_ack,534,C1_control_only,C1_control_only,90,off,off,False,False,rtt=16.04ms
1779496243.8358567,ack_recv,latency_ack,535,C1_control_only,C1_control_only,90,off,off,False,False,rtt=4.59ms
1779496243.946478,ack_recv,latency_ack,536,C1_control_only,C1_control_only,90,off,off,False,False,rtt=14.85ms
1779496244.0419273,ack_recv,latency_ack,537,C1_control_only,C1_control_only,90,off,off,False,False,rtt=9.80ms
1779496244.1477184,ack_recv,latency_ack,538,C1_control_only,C1_control_only,90,off,off,False,False,rtt=15.21ms
1779496244.276212,ack_recv,latency_ack,539,C1_control_only,C1_control_only,90,off,off,False,False,rtt=43.13ms
1779496244.3633735,ack_recv,latency_ack,540,C1_control_only,C1_control_only,90,off,off,False,False,rtt=29.45ms
1779496244.445619,ack_recv,latency_ack,541,C1_control_only,C1_control_only,90,off,off,False,False,rtt=11.48ms
1779496244.551728,ack_recv,latency_ack,542,C1_control_only,C1_control_only,90,off,off,False,False,rtt=17.35ms
1779496244.6441362,ack_recv,latency_ack,543,C1_control_only,C1_control_only,90,off,off,False,False,rtt=8.86ms
1779496244.7523084,ack_recv,latency_ack,544,C1_control_only,C1_control_only,90,off,off,False,False,rtt=16.24ms
1779496244.8508823,ack_recv,latency_ack,545,C1_control_only,C1_control_only,90,off,off,False,False,rtt=14.04ms
1779496244.956786,ack_recv,latency_ack,546,C1_control_only,C1_control_only,90,off,off,False,False,rtt=18.87ms
1779496245.0453956,ack_recv,latency_ack,547,C1_control_only,C1_control_only,90,off,off,False,False,rtt=7.15ms
1779496245.1560829,ack_recv,latency_ack,548,C1_control_only,C1_control_only,90,off,off,False,False,rtt=16.27ms
1779496245.248902,ack_recv,latency_ack,549,C1_control_only,C1_control_only,90,off,off,False,False,rtt=9.51ms
1779496245.3568623,ack_recv,latency_ack,550,C1_control_only,C1_control_only,90,off,off,False,False,rtt=16.77ms
1779496245.4536326,ack_recv,latency_ack,551,C1_control_only,C1_control_only,90,off,off,False,False,rtt=13.12ms
1779496245.5615728,ack_recv,latency_ack,552,C1_control_only,C1_control_only,90,off,off,False,False,rtt=20.84ms
1779496245.6505046,ack_recv,latency_ack,553,C1_control_only,C1_control_only,90,off,off,False,False,rtt=9.19ms
1779496245.758557,ack_recv,latency_ack,554,C1_control_only,C1_control_only,90,off,off,False,False,rtt=16.17ms
1779496245.8522818,ack_recv,latency_ack,555,C1_control_only,C1_control_only,90,off,off,False,False,rtt=9.54ms
1779496245.964495,ack_recv,latency_ack,556,C1_control_only,C1_control_only,90,off,off,False,False,rtt=21.20ms
1779496246.0525472,ack_recv,latency_ack,557,C1_control_only,C1_control_only,90,off,off,False,False,rtt=9.02ms
1779496246.1624553,ack_recv,latency_ack,558,C1_control_only,C1_control_only,90,off,off,False,False,rtt=18.80ms
1779496246.251794,ack_recv,latency_ack,559,C1_control_only,C1_control_only,90,off,off,False,False,rtt=7.85ms
1779496246.3620968,ack_recv,latency_ack,560,C1_control_only,C1_control_only,90,off,off,False,False,rtt=17.83ms
1779496246.45745,ack_recv,latency_ack,561,C1_control_only,C1_control_only,90,off,off,False,False,rtt=12.60ms
1779496246.5619051,ack_recv,latency_ack,562,C1_control_only,C1_control_only,90,off,off,False,False,rtt=16.30ms
1779496246.655504,ack_recv,latency_ack,563,C1_control_only,C1_control_only,90,off,off,False,False,rtt=8.97ms
1779496246.7660108,ack_recv,latency_ack,564,C1_control_only,C1_control_only,90,off,off,False,False,rtt=18.82ms
1779496246.859004,ack_recv,latency_ack,565,C1_control_only,C1_control_only,90,off,off,False,False,rtt=11.68ms
1779496247.0049658,ack_recv,latency_ack,566,C1_control_only,C1_control_only,90,off,off,False,False,rtt=55.67ms
1779496247.063541,ack_recv,latency_ack,567,C1_control_only,C1_control_only,90,off,off,False,False,rtt=14.82ms
1779496247.1549575,ack_recv,latency_ack,568,C1_control_only,C1_control_only,90,off,off,False,False,rtt=4.69ms
1779496247.2637632,ack_recv,latency_ack,569,C1_control_only,C1_control_only,90,off,off,False,False,rtt=14.06ms
1779496247.3555582,ack_recv,latency_ack,570,C1_control_only,C1_control_only,90,off,off,False,False,rtt=5.02ms
1779496247.4652383,ack_recv,latency_ack,571,C1_control_only,C1_control_only,90,off,off,False,False,rtt=14.18ms
1779496247.55969,ack_recv,latency_ack,572,C1_control_only,C1_control_only,90,off,off,False,False,rtt=8.10ms
1779496247.670926,ack_recv,latency_ack,573,C1_control_only,C1_control_only,90,off,off,False,False,rtt=18.89ms
1779496247.7617805,ack_recv,latency_ack,574,C1_control_only,C1_control_only,90,off,off,False,False,rtt=9.26ms
1779496247.8600137,ack_recv,latency_ack,575,C1_control_only,C1_control_only,90,off,off,False,False,rtt=6.65ms
1779496247.966246,ack_recv,latency_ack,576,C1_control_only,C1_control_only,90,off,off,False,False,rtt=12.12ms
1779496248.0618773,ack_recv,latency_ack,577,C1_control_only,C1_control_only,90,off,off,False,False,rtt=7.14ms
1779496248.1709578,ack_recv,latency_ack,578,C1_control_only,C1_control_only,90,off,off,False,False,rtt=15.83ms
1779496248.2639964,ack_recv,latency_ack,579,C1_control_only,C1_control_only,90,off,off,False,False,rtt=8.32ms
1779496248.3734632,ack_recv,latency_ack,580,C1_control_only,C1_control_only,90,off,off,False,False,rtt=17.15ms
1779496248.464446,ack_recv,latency_ack,581,C1_control_only,C1_control_only,90,off,off,False,False,rtt=7.59ms
1779496248.572765,ack_recv,latency_ack,582,C1_control_only,C1_control_only,90,off,off,False,False,rtt=15.58ms
1779496248.66798,ack_recv,latency_ack,583,C1_control_only,C1_control_only,90,off,off,False,False,rtt=10.22ms
1779496248.7764225,ack_recv,latency_ack,584,C1_control_only,C1_control_only,90,off,off,False,False,rtt=18.10ms
1779496248.8703413,ack_recv,latency_ack,585,C1_control_only,C1_control_only,90,off,off,False,False,rtt=11.72ms
1779496248.979555,ack_recv,latency_ack,586,C1_control_only,C1_control_only,90,off,off,False,False,rtt=19.92ms
1779496249.0711205,ack_recv,latency_ack,587,C1_control_only,C1_control_only,90,off,off,False,False,rtt=11.25ms
1779496249.17779,ack_recv,latency_ack,588,C1_control_only,C1_control_only,90,off,off,False,False,rtt=17.73ms
1779496249.2842972,ack_recv,latency_ack,589,C1_control_only,C1_control_only,90,off,off,False,False,rtt=23.72ms
1779496249.3803115,ack_recv,latency_ack,590,C1_control_only,C1_control_only,90,off,off,False,False,rtt=19.18ms
1779496249.475616,ack_recv,latency_ack,591,C1_control_only,C1_control_only,90,off,off,False,False,rtt=14.06ms
1779496249.5810335,ack_recv,latency_ack,592,C1_control_only,C1_control_only,90,off,off,False,False,rtt=19.09ms
1779496249.6746259,ack_recv,latency_ack,593,C1_control_only,C1_control_only,90,off,off,False,False,rtt=12.03ms
1779496249.7811928,ack_recv,latency_ack,594,C1_control_only,C1_control_only,90,off,off,False,False,rtt=18.02ms
1779496249.8730714,ack_recv,latency_ack,595,C1_control_only,C1_control_only,90,off,off,False,False,rtt=9.24ms
1779496249.9964352,ack_recv,latency_ack,596,C1_control_only,C1_control_only,90,off,off,False,False,rtt=31.99ms
1779496250.075606,ack_recv,latency_ack,597,C1_control_only,C1_control_only,90,off,off,False,False,rtt=10.98ms
1779496250.1960506,ack_recv,latency_ack,598,C1_control_only,C1_control_only,90,off,off,False,False,rtt=31.30ms
1779496250.294264,ack_recv,latency_ack,599,C1_control_only,C1_control_only,90,off,off,False,False,rtt=28.89ms
1779496250.388128,ack_recv,latency_ack,600,C1_control_only,C1_control_only,90,off,off,False,False,rtt=22.10ms
1779496250.4964182,ack_recv,latency_ack,601,C1_control_only,C1_control_only,90,off,off,False,False,rtt=28.99ms
1779496250.5906522,ack_recv,latency_ack,602,C1_control_only,C1_control_only,90,off,off,False,False,rtt=22.63ms
1779496250.6941514,ack_recv,latency_ack,603,C1_control_only,C1_control_only,90,off,off,False,False,rtt=25.51ms
1779496250.7873423,ack_recv,latency_ack,604,C1_control_only,C1_control_only,90,off,off,False,False,rtt=18.12ms
1779496250.8812215,ack_recv,latency_ack,605,C1_control_only,C1_control_only,90,off,off,False,False,rtt=11.83ms
1779496250.9882977,ack_recv,latency_ack,606,C1_control_only,C1_control_only,90,off,off,False,False,rtt=18.53ms
1779496251.0806632,ack_recv,latency_ack,607,C1_control_only,C1_control_only,90,off,off,False,False,rtt=10.43ms
1779496251.2292323,ack_recv,latency_ack,608,C1_control_only,C1_control_only,90,off,off,False,False,rtt=58.82ms
1779496251.2857828,ack_recv,latency_ack,609,C1_control_only,C1_control_only,90,off,off,False,False,rtt=14.95ms
1779496251.3772335,ack_recv,latency_ack,610,C1_control_only,C1_control_only,90,off,off,False,False,rtt=5.94ms
1779496251.485471,ack_recv,latency_ack,611,C1_control_only,C1_control_only,90,off,off,False,False,rtt=13.63ms
1779496251.5804064,ack_recv,latency_ack,612,C1_control_only,C1_control_only,90,off,off,False,False,rtt=8.32ms
1779496251.686883,ack_recv,latency_ack,613,C1_control_only,C1_control_only,90,off,off,False,False,rtt=14.62ms
1779496251.7798257,ack_recv,latency_ack,614,C1_control_only,C1_control_only,90,off,off,False,False,rtt=7.12ms
1779496251.8974614,ack_recv,latency_ack,615,C1_control_only,C1_control_only,90,off,off,False,False,rtt=24.29ms
1779496251.9797125,ack_recv,latency_ack,616,C1_control_only,C1_control_only,90,off,off,False,False,rtt=6.30ms
1779496252.0840857,ack_recv,latency_ack,617,C1_control_only,C1_control_only,90,off,off,False,False,rtt=10.14ms
1779496252.195857,ack_recv,latency_ack,618,C1_control_only,C1_control_only,90,off,off,False,False,rtt=21.29ms
1779496252.289077,ack_recv,latency_ack,619,C1_control_only,C1_control_only,90,off,off,False,False,rtt=13.76ms
1779496252.3976922,ack_recv,latency_ack,620,C1_control_only,C1_control_only,90,off,off,False,False,rtt=21.68ms
1779496252.4899094,ack_recv,latency_ack,621,C1_control_only,C1_control_only,90,off,off,False,False,rtt=13.10ms
1779496252.582911,ack_recv,latency_ack,622,C1_control_only,C1_control_only,90,off,off,False,False,rtt=5.73ms
1779496252.692098,ack_recv,latency_ack,623,C1_control_only,C1_control_only,90,off,off,False,False,rtt=14.34ms
1779496252.7983074,ack_recv,latency_ack,624,C1_control_only,C1_control_only,90,off,off,False,False,rtt=20.02ms
1779496252.8936212,ack_recv,latency_ack,625,C1_control_only,C1_control_only,90,off,off,False,False,rtt=14.23ms
1779496252.986086,ack_recv,latency_ack,626,C1_control_only,C1_control_only,90,off,off,False,False,rtt=6.27ms
1779496253.094353,ack_recv,latency_ack,627,C1_control_only,C1_control_only,90,off,off,False,False,rtt=14.15ms
1779496253.1876755,ack_recv,latency_ack,628,C1_control_only,C1_control_only,90,off,off,False,False,rtt=7.06ms
1779496253.2937448,ack_recv,latency_ack,629,C1_control_only,C1_control_only,90,off,off,False,False,rtt=12.77ms
1779496253.3887377,ack_recv,latency_ack,630,C1_control_only,C1_control_only,90,off,off,False,False,rtt=7.11ms
1779496253.5603242,ack_recv,latency_ack,631,C1_control_only,C1_control_only,90,off,off,False,False,rtt=77.92ms
1779496253.5909803,ack_recv,latency_ack,632,C1_control_only,C1_control_only,90,off,off,False,False,rtt=7.95ms
1779496253.7018692,ack_recv,latency_ack,633,C1_control_only,C1_control_only,90,off,off,False,False,rtt=18.04ms
1779496253.7940083,ack_recv,latency_ack,634,C1_control_only,C1_control_only,90,off,off,False,False,rtt=9.57ms
1779496253.9463494,ack_recv,latency_ack,635,C1_control_only,C1_control_only,90,off,off,False,False,rtt=61.62ms
1779496254.030955,ack_recv,latency_ack,636,C1_control_only,C1_control_only,90,off,off,False,False,rtt=46.09ms
1779496254.113943,ack_recv,latency_ack,637,C1_control_only,C1_control_only,90,off,off,False,False,rtt=28.61ms
1779496254.200582,ack_recv,latency_ack,638,C1_control_only,C1_control_only,90,off,off,False,False,rtt=14.81ms
1779496254.3427486,ack_recv,latency_ack,639,C1_control_only,C1_control_only,90,off,off,False,False,rtt=56.62ms
1779496254.4265256,ack_recv,latency_ack,640,C1_control_only,C1_control_only,90,off,off,False,False,rtt=40.14ms
1779496254.524377,ack_recv,latency_ack,641,C1_control_only,C1_control_only,90,off,off,False,False,rtt=37.60ms
1779496254.6128438,ack_recv,latency_ack,642,C1_control_only,C1_control_only,90,off,off,False,False,rtt=24.82ms
1779496254.6925511,ack_recv,latency_ack,643,C1_control_only,C1_control_only,90,off,off,False,False,rtt=5.02ms
1779496254.7995796,ack_recv,latency_ack,644,C1_control_only,C1_control_only,90,off,off,False,False,rtt=11.67ms
1779496254.9082088,ack_recv,latency_ack,645,C1_control_only,C1_control_only,90,off,off,False,False,rtt=19.99ms
1779496254.9991708,ack_recv,latency_ack,646,C1_control_only,C1_control_only,90,off,off,False,False,rtt=10.77ms
1779496255.1093218,ack_recv,latency_ack,647,C1_control_only,C1_control_only,90,off,off,False,False,rtt=20.74ms
1779496255.1991117,ack_recv,latency_ack,648,C1_control_only,C1_control_only,90,off,off,False,False,rtt=9.90ms
1779496255.3058453,ack_recv,latency_ack,649,C1_control_only,C1_control_only,90,off,off,False,False,rtt=16.45ms
1779496255.4105842,ack_recv,latency_ack,650,C1_control_only,C1_control_only,90,off,off,False,False,rtt=20.37ms
1779496255.5050395,ack_recv,latency_ack,651,C1_control_only,C1_control_only,90,off,off,False,False,rtt=14.68ms
1779496255.5992882,ack_recv,latency_ack,652,C1_control_only,C1_control_only,90,off,off,False,False,rtt=8.82ms
1779496255.7055757,ack_recv,latency_ack,653,C1_control_only,C1_control_only,90,off,off,False,False,rtt=14.61ms
1779496255.7966237,ack_recv,latency_ack,654,C1_control_only,C1_control_only,90,off,off,False,False,rtt=5.22ms
1779496255.909138,ack_recv,latency_ack,655,C1_control_only,C1_control_only,90,off,off,False,False,rtt=15.55ms
1779496255.9981039,ack_recv,latency_ack,656,C1_control_only,C1_control_only,90,off,off,False,False,rtt=5.85ms
1779496256.107397,ack_recv,latency_ack,657,C1_control_only,C1_control_only,90,off,off,False,False,rtt=14.57ms
1779496256.2002418,ack_recv,latency_ack,658,C1_control_only,C1_control_only,90,off,off,False,False,rtt=6.81ms
1779496256.306544,ack_recv,latency_ack,659,C1_control_only,C1_control_only,90,off,off,False,False,rtt=12.25ms
1779496256.4162822,ack_recv,latency_ack,660,C1_control_only,C1_control_only,90,off,off,False,False,rtt=21.64ms
1779496256.5060964,ack_recv,latency_ack,661,C1_control_only,C1_control_only,90,off,off,False,False,rtt=10.52ms
1779496256.614662,ack_recv,latency_ack,662,C1_control_only,C1_control_only,90,off,off,False,False,rtt=18.47ms
1779496256.7105246,ack_recv,latency_ack,663,C1_control_only,C1_control_only,90,off,off,False,False,rtt=14.17ms
1779496256.8386664,ack_recv,latency_ack,664,C1_control_only,C1_control_only,90,off,off,False,False,rtt=41.70ms
1779496256.922986,ack_recv,latency_ack,665,C1_control_only,C1_control_only,90,off,off,False,False,rtt=25.59ms
1779496257.0180755,ack_recv,latency_ack,666,C1_control_only,C1_control_only,90,off,off,False,False,rtt=20.21ms
1779496257.107632,ack_recv,latency_ack,667,C1_control_only,C1_control_only,90,off,off,False,False,rtt=9.36ms
1779496257.2166333,ack_recv,latency_ack,668,C1_control_only,C1_control_only,90,off,off,False,False,rtt=18.22ms
1779496257.3484032,ack_recv,latency_ack,669,C1_control_only,C1_control_only,90,off,off,False,False,rtt=49.23ms
1779496257.433036,ack_recv,latency_ack,670,C1_control_only,C1_control_only,90,off,off,False,False,rtt=33.37ms
1779496257.5196362,ack_recv,latency_ack,671,C1_control_only,C1_control_only,90,off,off,False,False,rtt=19.63ms
1779496257.6205254,ack_recv,latency_ack,672,C1_control_only,C1_control_only,90,off,off,False,False,rtt=20.03ms
1779496257.7118835,ack_recv,latency_ack,673,C1_control_only,C1_control_only,90,off,off,False,False,rtt=10.65ms
1779496257.840323,ack_recv,latency_ack,674,C1_control_only,C1_control_only,90,off,off,False,False,rtt=38.91ms
1779496257.9189367,ack_recv,latency_ack,675,C1_control_only,C1_control_only,90,off,off,False,False,rtt=17.06ms
1779496258.063347,ack_recv,latency_ack,676,C1_control_only,C1_control_only,90,off,off,False,False,rtt=60.81ms
1779496258.1498423,ack_recv,latency_ack,677,C1_control_only,C1_control_only,90,off,off,False,False,rtt=45.89ms
1779496258.2344902,ack_recv,latency_ack,678,C1_control_only,C1_control_only,90,off,off,False,False,rtt=31.09ms
1779496258.3277302,ack_recv,latency_ack,679,C1_control_only,C1_control_only,90,off,off,False,False,rtt=23.74ms
1779496258.4112911,ack_recv,latency_ack,680,C1_control_only,C1_control_only,90,off,off,False,False,rtt=7.16ms
1779496258.5184767,ack_recv,latency_ack,681,C1_control_only,C1_control_only,90,off,off,False,False,rtt=14.11ms
1779496258.6317255,ack_recv,latency_ack,682,C1_control_only,C1_control_only,90,off,off,False,False,rtt=27.25ms
1779496258.7238953,ack_recv,latency_ack,683,C1_control_only,C1_control_only,90,off,off,False,False,rtt=18.99ms
1779496258.8509793,ack_recv,latency_ack,684,C1_control_only,C1_control_only,90,off,off,False,False,rtt=45.62ms
1779496258.9353518,ack_recv,latency_ack,685,C1_control_only,C1_control_only,90,off,off,False,False,rtt=29.47ms
1779496259.0318065,ack_recv,latency_ack,686,C1_control_only,C1_control_only,90,off,off,False,False,rtt=25.10ms
1779496259.1265888,ack_recv,latency_ack,687,C1_control_only,C1_control_only,90,off,off,False,False,rtt=19.49ms
1779496259.2183857,ack_recv,latency_ack,688,C1_control_only,C1_control_only,90,off,off,False,False,rtt=9.72ms
1779496259.3632522,ack_recv,latency_ack,689,C1_control_only,C1_control_only,90,off,off,False,False,rtt=54.05ms
1779496259.4484046,ack_recv,latency_ack,690,C1_control_only,C1_control_only,90,off,off,False,False,rtt=38.74ms
1779496259.5320091,ack_recv,latency_ack,691,C1_control_only,C1_control_only,90,off,off,False,False,rtt=21.55ms
1779496259.6228535,ack_recv,latency_ack,692,C1_control_only,C1_control_only,90,off,off,False,False,rtt=11.93ms
1779496259.7306228,ack_recv,latency_ack,693,C1_control_only,C1_control_only,90,off,off,False,False,rtt=18.89ms
1779496259.8624992,ack_recv,latency_ack,694,C1_control_only,C1_control_only,90,off,off,False,False,rtt=49.46ms
1779496259.9456098,ack_recv,latency_ack,695,C1_control_only,C1_control_only,90,off,off,False,False,rtt=31.90ms
1779496260.029652,ack_recv,latency_ack,696,C1_control_only,C1_control_only,90,off,off,False,False,rtt=15.25ms
1779496260.1238344,ack_recv,latency_ack,697,C1_control_only,C1_control_only,90,off,off,False,False,rtt=9.25ms
1779496260.2323277,ack_recv,latency_ack,698,C1_control_only,C1_control_only,90,off,off,False,False,rtt=17.12ms
1779496260.3765771,ack_recv,latency_ack,699,C1_control_only,C1_control_only,90,off,off,False,False,rtt=60.63ms
1779496260.4592462,ack_recv,latency_ack,700,C1_control_only,C1_control_only,90,off,off,False,False,rtt=42.67ms
1779496260.5436022,ack_recv,latency_ack,701,C1_control_only,C1_control_only,90,off,off,False,False,rtt=26.43ms
1779496260.6336331,ack_recv,latency_ack,702,C1_control_only,C1_control_only,90,off,off,False,False,rtt=15.86ms
1779496260.7269714,ack_recv,latency_ack,703,C1_control_only,C1_control_only,90,off,off,False,False,rtt=8.78ms
1779496260.854191,ack_recv,latency_ack,704,C1_control_only,C1_control_only,90,off,off,False,False,rtt=35.89ms
1779496260.9305973,ack_recv,latency_ack,705,C1_control_only,C1_control_only,90,off,off,False,False,rtt=11.81ms
1779496261.0332825,ack_recv,latency_ack,706,C1_control_only,C1_control_only,90,off,off,False,False,rtt=14.14ms
1779496261.1333601,ack_recv,latency_ack,707,C1_control_only,C1_control_only,90,off,off,False,False,rtt=13.82ms
1779496261.2362685,ack_recv,latency_ack,708,C1_control_only,C1_control_only,90,off,off,False,False,rtt=16.27ms
1779496261.337005,ack_recv,latency_ack,709,C1_control_only,C1_control_only,90,off,off,False,False,rtt=16.44ms
1779496261.4381173,ack_recv,latency_ack,710,C1_control_only,C1_control_only,90,off,off,False,False,rtt=16.92ms
1779496261.5465217,ack_recv,latency_ack,711,C1_control_only,C1_control_only,90,off,off,False,False,rtt=24.85ms
1779496261.637395,ack_recv,latency_ack,712,C1_control_only,C1_control_only,90,off,off,False,False,rtt=15.09ms
1779496261.7409,ack_recv,latency_ack,713,C1_control_only,C1_control_only,90,off,off,False,False,rtt=18.26ms
1779496261.843858,ack_recv,latency_ack,714,C1_control_only,C1_control_only,90,off,off,False,False,rtt=20.73ms
1779496261.933926,ack_recv,latency_ack,715,C1_control_only,C1_control_only,90,off,off,False,False,rtt=10.28ms
1779496262.0427582,ack_recv,latency_ack,716,C1_control_only,C1_control_only,90,off,off,False,False,rtt=17.33ms
1779496262.1335592,ack_recv,latency_ack,717,C1_control_only,C1_control_only,90,off,off,False,False,rtt=8.42ms
1779496262.241876,ack_recv,latency_ack,718,C1_control_only,C1_control_only,90,off,off,False,False,rtt=16.64ms
1779496262.3346252,ack_recv,latency_ack,719,C1_control_only,C1_control_only,90,off,off,False,False,rtt=9.22ms
1779496262.4449537,ack_recv,latency_ack,720,C1_control_only,C1_control_only,90,off,off,False,False,rtt=19.22ms
1779496262.5365841,ack_recv,latency_ack,721,C1_control_only,C1_control_only,90,off,off,False,False,rtt=10.54ms
1779496262.645725,ack_recv,latency_ack,722,C1_control_only,C1_control_only,90,off,off,False,False,rtt=19.16ms
1779496262.7502031,ack_recv,latency_ack,723,C1_control_only,C1_control_only,90,off,off,False,False,rtt=23.15ms
1779496263.0812657,ack_recv,latency_ack,724,C1_control_only,C1_control_only,90,off,off,False,False,rtt=252.93ms
1779496263.0812657,ack_recv,latency_ack,725,C1_control_only,C1_control_only,90,off,off,False,False,rtt=153.53ms
1779496263.0838122,ack_recv,latency_ack,726,C1_control_only,C1_control_only,90,off,off,False,False,rtt=55.93ms
1779496263.275859,ack_recv,latency_ack,727,C1_control_only,C1_control_only,90,off,off,False,False,rtt=147.22ms
1779496263.2797344,ack_recv,latency_ack,728,C1_control_only,C1_control_only,90,off,off,False,False,rtt=50.46ms
1779496263.3648424,ack_recv,latency_ack,729,C1_control_only,C1_control_only,90,off,off,False,False,rtt=35.14ms
1779496263.573655,ack_recv,latency_ack,730,C1_control_only,C1_control_only,90,off,off,False,False,rtt=143.37ms
1779496263.5961232,ack_recv,latency_ack,731,C1_control_only,C1_control_only,90,off,off,False,False,rtt=64.96ms
1779496263.6830094,ack_recv,latency_ack,732,C1_control_only,C1_control_only,90,off,off,False,False,rtt=49.91ms
1779496263.770604,ack_recv,latency_ack,733,C1_control_only,C1_control_only,90,off,off,False,False,rtt=38.93ms
1779496264.108007,ack_recv,latency_ack,734,C1_control_only,C1_control_only,90,off,off,False,False,rtt=275.28ms
1779496264.108007,ack_recv,latency_ack,735,C1_control_only,C1_control_only,90,off,off,False,False,rtt=174.77ms
1779496264.1100092,ack_recv,latency_ack,736,C1_control_only,C1_control_only,90,off,off,False,False,rtt=76.55ms
1779496264.2590172,ack_recv,latency_ack,737,C1_control_only,C1_control_only,90,off,off,False,False,rtt=125.03ms
1779496264.283498,ack_recv,latency_ack,738,C1_control_only,C1_control_only,90,off,off,False,False,rtt=49.07ms
1779496264.3690383,ack_recv,latency_ack,739,C1_control_only,C1_control_only,90,off,off,False,False,rtt=33.82ms
1779496264.54526,ack_recv,latency_ack,740,C1_control_only,C1_control_only,90,off,off,False,False,rtt=109.51ms
1779496264.5477319,ack_recv,latency_ack,741,C1_control_only,C1_control_only,90,off,off,False,False,rtt=11.47ms
1779496264.720682,ack_recv,latency_ack,742,C1_control_only,C1_control_only,90,off,off,False,False,rtt=83.86ms
1779496264.805486,ack_recv,latency_ack,743,C1_control_only,C1_control_only,90,off,off,False,False,rtt=67.78ms
1779496264.9094763,ack_recv,latency_ack,744,C1_control_only,C1_control_only,90,off,off,False,False,rtt=71.35ms
1779496264.995249,ack_recv,latency_ack,745,C1_control_only,C1_control_only,90,off,off,False,False,rtt=56.66ms
1779496265.1641698,ack_recv,latency_ack,746,C1_control_only,C1_control_only,90,off,off,False,False,rtt=125.20ms
1779496265.1641698,ack_recv,latency_ack,747,C1_control_only,C1_control_only,90,off,off,False,False,rtt=24.78ms
1779496265.344099,ack_recv,latency_ack,748,C1_control_only,C1_control_only,90,off,off,False,False,rtt=103.96ms
1779496265.360543,ack_recv,latency_ack,749,C1_control_only,C1_control_only,90,off,off,False,False,rtt=18.97ms
1779496265.7447824,ack_recv,latency_ack,750,C1_control_only,C1_control_only,90,off,off,False,False,rtt=303.57ms
1779496265.7447824,ack_recv,latency_ack,751,C1_control_only,C1_control_only,90,off,off,False,False,rtt=202.78ms
1779496265.7484922,ack_recv,latency_ack,752,C1_control_only,C1_control_only,90,off,off,False,False,rtt=105.51ms
1779496265.752369,ack_recv,latency_ack,753,C1_control_only,C1_control_only,90,off,off,False,False,rtt=8.73ms
1779496265.9290717,ack_recv,latency_ack,754,C1_control_only,C1_control_only,90,off,off,False,False,rtt=85.00ms
1779496266.0118866,ack_recv,latency_ack,755,C1_control_only,C1_control_only,90,off,off,False,False,rtt=67.49ms
1779496266.099349,ack_recv,latency_ack,756,C1_control_only,C1_control_only,90,off,off,False,False,rtt=54.39ms
1779496266.182884,ack_recv,latency_ack,757,C1_control_only,C1_control_only,90,off,off,False,False,rtt=37.58ms
1779496266.2563233,ack_recv,latency_ack,758,C1_control_only,C1_control_only,90,off,off,False,False,rtt=10.56ms
1779496266.3650227,ack_recv,latency_ack,759,C1_control_only,C1_control_only,90,off,off,False,False,rtt=18.80ms
1779496266.4633012,ack_recv,latency_ack,760,C1_control_only,C1_control_only,90,off,off,False,False,rtt=16.60ms
1779496266.5671153,ack_recv,latency_ack,761,C1_control_only,C1_control_only,90,off,off,False,False,rtt=20.04ms
1779496266.663666,ack_recv,latency_ack,762,C1_control_only,C1_control_only,90,off,off,False,False,rtt=16.04ms
1779496266.7534802,ack_recv,latency_ack,763,C1_control_only,C1_control_only,90,off,off,False,False,rtt=5.50ms
1779496266.8639863,ack_recv,latency_ack,764,C1_control_only,C1_control_only,90,off,off,False,False,rtt=15.45ms
1779496266.95575,ack_recv,latency_ack,765,C1_control_only,C1_control_only,90,off,off,False,False,rtt=6.58ms
1779496267.0739422,ack_recv,latency_ack,766,C1_control_only,C1_control_only,90,off,off,False,False,rtt=24.46ms
1779496267.176098,ack_recv,latency_ack,767,C1_control_only,C1_control_only,90,off,off,False,False,rtt=26.15ms
1779496267.2632363,ack_recv,latency_ack,768,C1_control_only,C1_control_only,90,off,off,False,False,rtt=11.40ms
1779496267.3773768,ack_recv,latency_ack,769,C1_control_only,C1_control_only,90,off,off,False,False,rtt=26.33ms
1779496267.464289,ack_recv,latency_ack,770,C1_control_only,C1_control_only,90,off,off,False,False,rtt=12.63ms
1779496267.5691874,ack_recv,latency_ack,771,C1_control_only,C1_control_only,90,off,off,False,False,rtt=17.29ms
1779496267.6688318,ack_recv,latency_ack,772,C1_control_only,C1_control_only,90,off,off,False,False,rtt=14.78ms
1779496267.7678452,ack_recv,latency_ack,773,C1_control_only,C1_control_only,90,off,off,False,False,rtt=14.69ms
1779496267.859858,ack_recv,latency_ack,774,C1_control_only,C1_control_only,90,off,off,False,False,rtt=6.53ms
1779496267.9690003,ack_recv,latency_ack,775,C1_control_only,C1_control_only,90,off,off,False,False,rtt=14.96ms
1779496268.073189,ack_recv,latency_ack,776,C1_control_only,C1_control_only,90,off,off,False,False,rtt=18.81ms
1779496268.1668193,ack_recv,latency_ack,777,C1_control_only,C1_control_only,90,off,off,False,False,rtt=10.63ms
1779496268.2742565,ack_recv,latency_ack,778,C1_control_only,C1_control_only,90,off,off,False,False,rtt=19.20ms
1779496268.368515,ack_recv,latency_ack,779,C1_control_only,C1_control_only,90,off,off,False,False,rtt=12.97ms
1779496268.4768035,ack_recv,latency_ack,780,C1_control_only,C1_control_only,90,off,off,False,False,rtt=21.07ms
1779496268.581309,ack_recv,latency_ack,781,C1_control_only,C1_control_only,90,off,off,False,False,rtt=25.03ms
1779496268.6780107,ack_recv,latency_ack,782,C1_control_only,C1_control_only,90,off,off,False,False,rtt=21.52ms
1779496268.780651,ack_recv,latency_ack,783,C1_control_only,C1_control_only,90,off,off,False,False,rtt=23.85ms
1779496268.8754199,ack_recv,latency_ack,784,C1_control_only,C1_control_only,90,off,off,False,False,rtt=17.67ms
1779496268.966028,ack_recv,latency_ack,785,C1_control_only,C1_control_only,90,off,off,False,False,rtt=8.18ms
1779496269.0854778,ack_recv,latency_ack,786,C1_control_only,C1_control_only,90,off,off,False,False,rtt=27.08ms
1779496269.167366,ack_recv,latency_ack,787,C1_control_only,C1_control_only,90,off,off,False,False,rtt=7.90ms
1779496269.2814713,ack_recv,latency_ack,788,C1_control_only,C1_control_only,90,off,off,False,False,rtt=21.48ms
1779496269.3751497,ack_recv,latency_ack,789,C1_control_only,C1_control_only,90,off,off,False,False,rtt=14.43ms
1779496269.4668126,ack_recv,latency_ack,790,C1_control_only,C1_control_only,90,off,off,False,False,rtt=5.62ms
1779496269.6170802,ack_recv,latency_ack,791,C1_control_only,C1_control_only,90,off,off,False,False,rtt=55.44ms
1779496269.701489,ack_recv,latency_ack,792,C1_control_only,C1_control_only,90,off,off,False,False,rtt=39.24ms
1779496269.7870705,ack_recv,latency_ack,793,C1_control_only,C1_control_only,90,off,off,False,False,rtt=24.26ms
1779496269.8744571,ack_recv,latency_ack,794,C1_control_only,C1_control_only,90,off,off,False,False,rtt=11.26ms
1779496270.0250978,ack_recv,latency_ack,795,C1_control_only,C1_control_only,90,off,off,False,False,rtt=61.40ms
1779496270.1129081,ack_recv,latency_ack,796,C1_control_only,C1_control_only,90,off,off,False,False,rtt=48.99ms
1779496270.196712,ack_recv,latency_ack,797,C1_control_only,C1_control_only,90,off,off,False,False,rtt=32.63ms
1779496270.279924,ack_recv,latency_ack,798,C1_control_only,C1_control_only,90,off,off,False,False,rtt=15.43ms
1779496270.3716302,ack_recv,latency_ack,799,C1_control_only,C1_control_only,90,off,off,False,False,rtt=6.27ms
1779496270.4790487,ack_recv,latency_ack,800,C1_control_only,C1_control_only,90,off,off,False,False,rtt=13.38ms
1779496270.5883524,ack_recv,latency_ack,801,C1_control_only,C1_control_only,90,off,off,False,False,rtt=21.80ms
1779496270.67799,ack_recv,latency_ack,802,C1_control_only,C1_control_only,90,off,off,False,False,rtt=10.73ms
1779496270.785413,ack_recv,latency_ack,803,C1_control_only,C1_control_only,90,off,off,False,False,rtt=17.61ms
1779496270.8791082,ack_recv,latency_ack,804,C1_control_only,C1_control_only,90,off,off,False,False,rtt=10.82ms
1779496270.9731836,ack_recv,latency_ack,805,C1_control_only,C1_control_only,90,off,off,False,False,rtt=4.48ms
1779496271.083174,ack_recv,latency_ack,806,C1_control_only,C1_control_only,90,off,off,False,False,rtt=13.33ms
1779496271.1738193,ack_recv,latency_ack,807,C1_control_only,C1_control_only,90,off,off,False,False,rtt=4.51ms
1779496271.2822633,ack_recv,latency_ack,808,C1_control_only,C1_control_only,90,off,off,False,False,rtt=11.62ms
1779496271.3893576,ack_recv,latency_ack,809,C1_control_only,C1_control_only,90,off,off,False,False,rtt=19.43ms
1779496271.4811552,ack_recv,latency_ack,810,C1_control_only,C1_control_only,90,off,off,False,False,rtt=10.65ms
1779496271.587544,ack_recv,latency_ack,811,C1_control_only,C1_control_only,90,off,off,False,False,rtt=16.81ms
1779496271.6798825,ack_recv,latency_ack,812,C1_control_only,C1_control_only,90,off,off,False,False,rtt=8.80ms
1779496271.7889838,ack_recv,latency_ack,813,C1_control_only,C1_control_only,90,off,off,False,False,rtt=17.81ms
1779496271.880382,ack_recv,latency_ack,814,C1_control_only,C1_control_only,90,off,off,False,False,rtt=8.71ms
1779496272.022347,ack_recv,latency_ack,815,C1_control_only,C1_control_only,90,off,off,False,False,rtt=50.35ms
1779496272.093307,ack_recv,latency_ack,816,C1_control_only,C1_control_only,90,off,off,False,False,rtt=19.98ms
1779496272.187966,ack_recv,latency_ack,817,C1_control_only,C1_control_only,90,off,off,False,False,rtt=15.15ms
1779496272.2803006,ack_recv,latency_ack,818,C1_control_only,C1_control_only,90,off,off,False,False,rtt=6.85ms
1779496272.394468,ack_recv,latency_ack,819,C1_control_only,C1_control_only,90,off,off,False,False,rtt=20.50ms
1779496272.4834127,ack_recv,latency_ack,820,C1_control_only,C1_control_only,90,off,off,False,False,rtt=9.04ms
1779496272.5918663,ack_recv,latency_ack,821,C1_control_only,C1_control_only,90,off,off,False,False,rtt=16.84ms
1779496272.6855278,ack_recv,latency_ack,822,C1_control_only,C1_control_only,90,off,off,False,False,rtt=9.60ms
1779496272.7966557,ack_recv,latency_ack,823,C1_control_only,C1_control_only,90,off,off,False,False,rtt=20.35ms
1779496272.8909853,ack_recv,latency_ack,824,C1_control_only,C1_control_only,90,off,off,False,False,rtt=13.90ms
1779496273.013971,ack_recv,latency_ack,825,C1_control_only,C1_control_only,90,off,off,False,False,rtt=36.47ms
1779496273.1044118,ack_recv,latency_ack,826,C1_control_only,C1_control_only,90,off,off,False,False,rtt=26.57ms
1779496273.1866364,ack_recv,latency_ack,827,C1_control_only,C1_control_only,90,off,off,False,False,rtt=8.48ms
1779496273.2921703,ack_recv,latency_ack,828,C1_control_only,C1_control_only,90,off,off,False,False,rtt=13.42ms
1779496273.3872032,ack_recv,latency_ack,829,C1_control_only,C1_control_only,90,off,off,False,False,rtt=8.14ms
1779496273.496291,ack_recv,latency_ack,830,C1_control_only,C1_control_only,90,off,off,False,False,rtt=16.46ms
1779496273.587252,ack_recv,latency_ack,831,C1_control_only,C1_control_only,90,off,off,False,False,rtt=6.46ms
1779496273.6990411,ack_recv,latency_ack,832,C1_control_only,C1_control_only,90,off,off,False,False,rtt=17.99ms
1779496273.7937326,ack_recv,latency_ack,833,C1_control_only,C1_control_only,90,off,off,False,False,rtt=12.29ms
1779496273.8996613,ack_recv,latency_ack,834,C1_control_only,C1_control_only,90,off,off,False,False,rtt=17.66ms
1779496273.9950078,ack_recv,latency_ack,835,C1_control_only,C1_control_only,90,off,off,False,False,rtt=12.26ms
1779496274.101353,ack_recv,latency_ack,836,C1_control_only,C1_control_only,90,off,off,False,False,rtt=17.86ms
1779496274.1945603,ack_recv,latency_ack,837,C1_control_only,C1_control_only,90,off,off,False,False,rtt=10.44ms
1779496274.3056755,ack_recv,latency_ack,838,C1_control_only,C1_control_only,90,off,off,False,False,rtt=20.93ms
1779496274.396466,ack_recv,latency_ack,839,C1_control_only,C1_control_only,90,off,off,False,False,rtt=11.58ms
1779496274.5096235,ack_recv,latency_ack,840,C1_control_only,C1_control_only,90,off,off,False,False,rtt=24.03ms
1779496274.6003356,ack_recv,latency_ack,841,C1_control_only,C1_control_only,90,off,off,False,False,rtt=14.47ms
1779496274.6962018,ack_recv,latency_ack,842,C1_control_only,C1_control_only,90,off,off,False,False,rtt=9.90ms
1779496274.7996147,ack_recv,latency_ack,843,C1_control_only,C1_control_only,90,off,off,False,False,rtt=13.04ms
1779496274.903333,ack_recv,latency_ack,844,C1_control_only,C1_control_only,90,off,off,False,False,rtt=16.36ms
1779496275.000406,ack_recv,latency_ack,845,C1_control_only,C1_control_only,90,off,off,False,False,rtt=12.84ms
1779496275.1068943,ack_recv,latency_ack,846,C1_control_only,C1_control_only,90,off,off,False,False,rtt=19.17ms
1779496275.2350545,ack_recv,latency_ack,847,C1_control_only,C1_control_only,90,off,off,False,False,rtt=47.01ms
1779496275.3474984,ack_recv,latency_ack,848,C1_control_only,C1_control_only,90,off,off,False,False,rtt=58.90ms
1779496275.4316306,ack_recv,latency_ack,849,C1_control_only,C1_control_only,90,off,off,False,False,rtt=42.60ms
1779496275.5169718,ack_recv,latency_ack,850,C1_control_only,C1_control_only,90,off,off,False,False,rtt=27.18ms
1779496275.608145,ack_recv,latency_ack,851,C1_control_only,C1_control_only,90,off,off,False,False,rtt=17.62ms
1779496275.7021394,ack_recv,latency_ack,852,C1_control_only,C1_control_only,90,off,off,False,False,rtt=11.28ms
1779496275.810164,ack_recv,latency_ack,853,C1_control_only,C1_control_only,90,off,off,False,False,rtt=18.77ms
1779496275.9025776,ack_recv,latency_ack,854,C1_control_only,C1_control_only,90,off,off,False,False,rtt=10.61ms
1779496276.012636,ack_recv,latency_ack,855,C1_control_only,C1_control_only,90,off,off,False,False,rtt=20.05ms
1779496276.1037145,ack_recv,latency_ack,856,C1_control_only,C1_control_only,90,off,off,False,False,rtt=10.71ms
1779496276.1987782,ack_recv,latency_ack,857,C1_control_only,C1_control_only,90,off,off,False,False,rtt=5.38ms
1779496276.319595,ack_recv,latency_ack,858,C1_control_only,C1_control_only,90,off,off,False,False,rtt=25.99ms
1779496276.4169877,ack_recv,latency_ack,859,C1_control_only,C1_control_only,90,off,off,False,False,rtt=22.27ms
1779496276.5156841,ack_recv,latency_ack,860,C1_control_only,C1_control_only,90,off,off,False,False,rtt=21.69ms
1779496276.6783075,ack_recv,latency_ack,861,C1_control_only,C1_control_only,90,off,off,False,False,rtt=83.92ms
1779496276.7113974,ack_recv,latency_ack,862,C1_control_only,C1_control_only,90,off,off,False,False,rtt=16.64ms
1779496276.8166258,ack_recv,latency_ack,863,C1_control_only,C1_control_only,90,off,off,False,False,rtt=21.02ms
1779496276.911055,ack_recv,latency_ack,864,C1_control_only,C1_control_only,90,off,off,False,False,rtt=15.04ms
1779496277.002554,ack_recv,latency_ack,865,C1_control_only,C1_control_only,90,off,off,False,False,rtt=6.14ms
1779496277.1145759,ack_recv,latency_ack,866,C1_control_only,C1_control_only,90,off,off,False,False,rtt=17.93ms
1779496277.2081635,ack_recv,latency_ack,867,C1_control_only,C1_control_only,90,off,off,False,False,rtt=10.86ms
1779496277.318476,ack_recv,latency_ack,868,C1_control_only,C1_control_only,90,off,off,False,False,rtt=20.35ms
1779496277.411117,ack_recv,latency_ack,869,C1_control_only,C1_control_only,90,off,off,False,False,rtt=12.61ms
1779496277.50263,ack_recv,latency_ack,870,C1_control_only,C1_control_only,90,off,off,False,False,rtt=3.44ms
1779496277.6129704,ack_recv,latency_ack,871,C1_control_only,C1_control_only,90,off,off,False,False,rtt=12.83ms
1779496277.707121,ack_recv,latency_ack,872,C1_control_only,C1_control_only,90,off,off,False,False,rtt=6.59ms
1779496277.8140721,ack_recv,latency_ack,873,C1_control_only,C1_control_only,90,off,off,False,False,rtt=13.11ms
1779496277.9100263,ack_recv,latency_ack,874,C1_control_only,C1_control_only,90,off,off,False,False,rtt=8.85ms
1779496278.03379,ack_recv,latency_ack,875,C1_control_only,C1_control_only,90,off,off,False,False,rtt=31.92ms
1779496278.1248143,ack_recv,latency_ack,876,C1_control_only,C1_control_only,90,off,off,False,False,rtt=22.64ms
1779496278.217272,ack_recv,latency_ack,877,C1_control_only,C1_control_only,90,off,off,False,False,rtt=14.62ms
1779496278.3214223,ack_recv,latency_ack,878,C1_control_only,C1_control_only,90,off,off,False,False,rtt=17.68ms
1779496278.4155898,ack_recv,latency_ack,879,C1_control_only,C1_control_only,90,off,off,False,False,rtt=10.98ms
1779496278.523416,ack_recv,latency_ack,880,C1_control_only,C1_control_only,90,off,off,False,False,rtt=18.01ms
1779496278.6175435,ack_recv,latency_ack,881,C1_control_only,C1_control_only,90,off,off,False,False,rtt=11.62ms
1779496278.723491,ack_recv,latency_ack,882,C1_control_only,C1_control_only,90,off,off,False,False,rtt=16.69ms
1779496278.8348956,ack_recv,latency_ack,883,C1_control_only,C1_control_only,90,off,off,False,False,rtt=27.32ms
1779496278.9274507,ack_recv,latency_ack,884,C1_control_only,C1_control_only,90,off,off,False,False,rtt=19.46ms
1779496279.0214312,ack_recv,latency_ack,885,C1_control_only,C1_control_only,90,off,off,False,False,rtt=13.00ms
1779496279.1278934,ack_recv,latency_ack,886,C1_control_only,C1_control_only,90,off,off,False,False,rtt=19.28ms
1779496279.224419,ack_recv,latency_ack,887,C1_control_only,C1_control_only,90,off,off,False,False,rtt=15.16ms
1779496279.3166413,ack_recv,latency_ack,888,C1_control_only,C1_control_only,90,off,off,False,False,rtt=6.43ms
1779496279.4276035,ack_recv,latency_ack,889,C1_control_only,C1_control_only,90,off,off,False,False,rtt=16.96ms
1779496279.5207186,ack_recv,latency_ack,890,C1_control_only,C1_control_only,90,off,off,False,False,rtt=9.71ms
1779496279.629133,ack_recv,latency_ack,891,C1_control_only,C1_control_only,90,off,off,False,False,rtt=17.46ms
1779496279.7214653,ack_recv,latency_ack,892,C1_control_only,C1_control_only,90,off,off,False,False,rtt=8.99ms
1779496279.8317747,ack_recv,latency_ack,893,C1_control_only,C1_control_only,90,off,off,False,False,rtt=18.80ms
1779496279.9249249,ack_recv,latency_ack,894,C1_control_only,C1_control_only,90,off,off,False,False,rtt=11.74ms
1779496280.021888,ack_recv,latency_ack,895,C1_control_only,C1_control_only,90,off,off,False,False,rtt=8.06ms
1779496280.166805,ack_recv,latency_ack,896,C1_control_only,C1_control_only,90,off,off,False,False,rtt=52.74ms
1779496280.256695,ack_recv,latency_ack,897,C1_control_only,C1_control_only,90,off,off,False,False,rtt=42.33ms
1779496280.3534386,ack_recv,latency_ack,898,C1_control_only,C1_control_only,90,off,off,False,False,rtt=38.70ms
1779496280.4393032,ack_recv,latency_ack,899,C1_control_only,C1_control_only,90,off,off,False,False,rtt=24.38ms
1779496280.5344722,ack_recv,latency_ack,900,C1_control_only,C1_control_only,90,off,off,False,False,rtt=19.09ms
1779496280.626812,ack_recv,latency_ack,901,C1_control_only,C1_control_only,90,off,off,False,False,rtt=10.85ms
1779496280.7795515,ack_recv,latency_ack,902,C1_control_only,C1_control_only,90,off,off,False,False,rtt=63.41ms
1779496280.8648322,ack_recv,latency_ack,903,C1_control_only,C1_control_only,90,off,off,False,False,rtt=48.00ms
1779496280.9539847,ack_recv,latency_ack,904,C1_control_only,C1_control_only,90,off,off,False,False,rtt=36.08ms
1779496281.0405986,ack_recv,latency_ack,905,C1_control_only,C1_control_only,90,off,off,False,False,rtt=22.42ms
1779496281.1367207,ack_recv,latency_ack,906,C1_control_only,C1_control_only,90,off,off,False,False,rtt=18.20ms
1779496281.2331731,ack_recv,latency_ack,907,C1_control_only,C1_control_only,90,off,off,False,False,rtt=14.02ms
1779496281.3731842,ack_recv,latency_ack,908,C1_control_only,C1_control_only,90,off,off,False,False,rtt=53.88ms
1779496281.4702654,ack_recv,latency_ack,909,C1_control_only,C1_control_only,90,off,off,False,False,rtt=50.83ms
1779496281.5575542,ack_recv,latency_ack,910,C1_control_only,C1_control_only,90,off,off,False,False,rtt=37.50ms
1779496281.6417372,ack_recv,latency_ack,911,C1_control_only,C1_control_only,90,off,off,False,False,rtt=21.36ms
1779496281.7376418,ack_recv,latency_ack,912,C1_control_only,C1_control_only,90,off,off,False,False,rtt=16.82ms
1779496281.8711596,ack_recv,latency_ack,913,C1_control_only,C1_control_only,90,off,off,False,False,rtt=49.89ms
1779496281.9572012,ack_recv,latency_ack,914,C1_control_only,C1_control_only,90,off,off,False,False,rtt=34.56ms
1779496282.034602,ack_recv,latency_ack,915,C1_control_only,C1_control_only,90,off,off,False,False,rtt=12.14ms
1779496282.142249,ack_recv,latency_ack,916,C1_control_only,C1_control_only,90,off,off,False,False,rtt=19.53ms
1779496282.2363038,ack_recv,latency_ack,917,C1_control_only,C1_control_only,90,off,off,False,False,rtt=13.27ms
1779496282.3663697,ack_recv,latency_ack,918,C1_control_only,C1_control_only,90,off,off,False,False,rtt=43.08ms
1779496282.4598086,ack_recv,latency_ack,919,C1_control_only,C1_control_only,90,off,off,False,False,rtt=36.19ms
1779496282.5446827,ack_recv,latency_ack,920,C1_control_only,C1_control_only,90,off,off,False,False,rtt=20.50ms
1779496282.6446028,ack_recv,latency_ack,921,C1_control_only,C1_control_only,90,off,off,False,False,rtt=20.14ms
1779496282.734263,ack_recv,latency_ack,922,C1_control_only,C1_control_only,90,off,off,False,False,rtt=8.70ms
1779496282.875368,ack_recv,latency_ack,923,C1_control_only,C1_control_only,90,off,off,False,False,rtt=49.29ms
1779496282.9614675,ack_recv,latency_ack,924,C1_control_only,C1_control_only,90,off,off,False,False,rtt=34.83ms
1779496283.0477557,ack_recv,latency_ack,925,C1_control_only,C1_control_only,90,off,off,False,False,rtt=20.91ms
1779496283.1364844,ack_recv,latency_ack,926,C1_control_only,C1_control_only,90,off,off,False,False,rtt=9.11ms
1779496283.2452314,ack_recv,latency_ack,927,C1_control_only,C1_control_only,90,off,off,False,False,rtt=17.06ms
1779496283.357763,ack_recv,latency_ack,928,C1_control_only,C1_control_only,90,off,off,False,False,rtt=29.44ms
1779496283.447182,ack_recv,latency_ack,929,C1_control_only,C1_control_only,90,off,off,False,False,rtt=18.37ms
1779496283.5390418,ack_recv,latency_ack,930,C1_control_only,C1_control_only,90,off,off,False,False,rtt=10.06ms
1779496283.646606,ack_recv,latency_ack,931,C1_control_only,C1_control_only,90,off,off,False,False,rtt=17.33ms
1779496283.743662,ack_recv,latency_ack,932,C1_control_only,C1_control_only,90,off,off,False,False,rtt=13.95ms
1779496283.871222,ack_recv,latency_ack,933,C1_control_only,C1_control_only,90,off,off,False,False,rtt=41.23ms
1779496283.9565592,ack_recv,latency_ack,934,C1_control_only,C1_control_only,90,off,off,False,False,rtt=26.17ms
1779496284.0488033,ack_recv,latency_ack,935,C1_control_only,C1_control_only,90,off,off,False,False,rtt=17.90ms
1779496284.1488988,ack_recv,latency_ack,936,C1_control_only,C1_control_only,90,off,off,False,False,rtt=17.26ms
1779496284.2405841,ack_recv,latency_ack,937,C1_control_only,C1_control_only,90,off,off,False,False,rtt=8.43ms
1779496284.3477278,ack_recv,latency_ack,938,C1_control_only,C1_control_only,90,off,off,False,False,rtt=15.18ms
1779496284.4443939,ack_recv,latency_ack,939,C1_control_only,C1_control_only,90,off,off,False,False,rtt=10.15ms
1779496284.5522926,ack_recv,latency_ack,940,C1_control_only,C1_control_only,90,off,off,False,False,rtt=18.46ms
1779496284.6421435,ack_recv,latency_ack,941,C1_control_only,C1_control_only,90,off,off,False,False,rtt=7.23ms
1779496284.753183,ack_recv,latency_ack,942,C1_control_only,C1_control_only,90,off,off,False,False,rtt=17.53ms
1779496284.846345,ack_recv,latency_ack,943,C1_control_only,C1_control_only,90,off,off,False,False,rtt=10.45ms
1779496284.9549608,ack_recv,latency_ack,944,C1_control_only,C1_control_only,90,off,off,False,False,rtt=18.48ms
1779496285.050514,ack_recv,latency_ack,945,C1_control_only,C1_control_only,90,off,off,False,False,rtt=13.41ms
1779496285.1556227,ack_recv,latency_ack,946,C1_control_only,C1_control_only,90,off,off,False,False,rtt=18.21ms
1779496285.249711,ack_recv,latency_ack,947,C1_control_only,C1_control_only,90,off,off,False,False,rtt=11.76ms
1779496285.3803344,ack_recv,latency_ack,948,C1_control_only,C1_control_only,90,off,off,False,False,rtt=41.78ms
1779496285.466454,ack_recv,latency_ack,949,C1_control_only,C1_control_only,90,off,off,False,False,rtt=26.93ms
1779496285.5545027,ack_recv,latency_ack,950,C1_control_only,C1_control_only,90,off,off,False,False,rtt=15.20ms
1779496285.6540935,ack_recv,latency_ack,951,C1_control_only,C1_control_only,90,off,off,False,False,rtt=14.57ms
1779496285.7462974,ack_recv,latency_ack,952,C1_control_only,C1_control_only,90,off,off,False,False,rtt=6.39ms
1779496285.8751032,ack_recv,latency_ack,953,C1_control_only,C1_control_only,90,off,off,False,False,rtt=33.03ms
1779496285.9630892,ack_recv,latency_ack,954,C1_control_only,C1_control_only,90,off,off,False,False,rtt=21.19ms
1779496286.0556736,ack_recv,latency_ack,955,C1_control_only,C1_control_only,90,off,off,False,False,rtt=12.89ms
1779496286.207236,ack_recv,latency_ack,956,C1_control_only,C1_control_only,90,off,off,False,False,rtt=63.68ms
1779496286.2915432,ack_recv,latency_ack,957,C1_control_only,C1_control_only,90,off,off,False,False,rtt=47.34ms
1779496286.37557,ack_recv,latency_ack,958,C1_control_only,C1_control_only,90,off,off,False,False,rtt=31.21ms
1779496286.4592826,ack_recv,latency_ack,959,C1_control_only,C1_control_only,90,off,off,False,False,rtt=14.34ms
1779496286.5529122,ack_recv,latency_ack,960,C1_control_only,C1_control_only,90,off,off,False,False,rtt=7.68ms
1779496286.6617398,ack_recv,latency_ack,961,C1_control_only,C1_control_only,90,off,off,False,False,rtt=15.80ms
1779496286.817454,ack_recv,latency_ack,962,C1_control_only,C1_control_only,90,off,off,False,False,rtt=71.25ms
1779496286.9020703,ack_recv,latency_ack,963,C1_control_only,C1_control_only,90,off,off,False,False,rtt=55.30ms
1779496286.985686,ack_recv,latency_ack,964,C1_control_only,C1_control_only,90,off,off,False,False,rtt=38.22ms
1779496287.073768,ack_recv,latency_ack,965,C1_control_only,C1_control_only,90,off,off,False,False,rtt=25.91ms
1779496287.159478,ack_recv,latency_ack,966,C1_control_only,C1_control_only,90,off,off,False,False,rtt=10.93ms
1779496287.2656996,ack_recv,latency_ack,967,C1_control_only,C1_control_only,90,off,off,False,False,rtt=15.99ms
1779496287.3607342,ack_recv,latency_ack,968,C1_control_only,C1_control_only,90,off,off,False,False,rtt=10.32ms
1779496287.47946,ack_recv,latency_ack,969,C1_control_only,C1_control_only,90,off,off,False,False,rtt=28.31ms
1779496287.5664592,ack_recv,latency_ack,970,C1_control_only,C1_control_only,90,off,off,False,False,rtt=14.83ms
1779496287.6741924,ack_recv,latency_ack,971,C1_control_only,C1_control_only,90,off,off,False,False,rtt=20.92ms
1779496287.7668557,ack_recv,latency_ack,972,C1_control_only,C1_control_only,90,off,off,False,False,rtt=14.01ms
1779496287.8738112,ack_recv,latency_ack,973,C1_control_only,C1_control_only,90,off,off,False,False,rtt=20.79ms
1779496288.0196307,ack_recv,latency_ack,974,C1_control_only,C1_control_only,90,off,off,False,False,rtt=65.84ms
1779496288.106168,ack_recv,latency_ack,975,C1_control_only,C1_control_only,90,off,off,False,False,rtt=51.81ms
1779496288.1706214,ack_recv,latency_ack,976,C1_control_only,C1_control_only,90,off,off,False,False,rtt=15.54ms
1779496288.2625937,ack_recv,latency_ack,977,C1_control_only,C1_control_only,90,off,off,False,False,rtt=6.85ms
1779496288.3902464,ack_recv,latency_ack,978,C1_control_only,C1_control_only,90,off,off,False,False,rtt=33.58ms
1779496288.4773362,ack_recv,latency_ack,979,C1_control_only,C1_control_only,90,off,off,False,False,rtt=20.48ms
1779496288.5799031,ack_recv,latency_ack,980,C1_control_only,C1_control_only,90,off,off,False,False,rtt=22.21ms
1779496288.6655414,ack_recv,latency_ack,981,C1_control_only,C1_control_only,90,off,off,False,False,rtt=7.31ms
1779496288.7754412,ack_recv,latency_ack,982,C1_control_only,C1_control_only,90,off,off,False,False,rtt=15.42ms
1779496288.8655324,ack_recv,latency_ack,983,C1_control_only,C1_control_only,90,off,off,False,False,rtt=6.23ms
1779496288.9731483,ack_recv,latency_ack,984,C1_control_only,C1_control_only,90,off,off,False,False,rtt=13.16ms
1779496289.0673022,ack_recv,latency_ack,985,C1_control_only,C1_control_only,90,off,off,False,False,rtt=6.52ms
1779496289.1764514,ack_recv,latency_ack,986,C1_control_only,C1_control_only,90,off,off,False,False,rtt=15.17ms
1779496289.2698934,ack_recv,latency_ack,987,C1_control_only,C1_control_only,90,off,off,False,False,rtt=8.18ms
1779496289.3774936,ack_recv,latency_ack,988,C1_control_only,C1_control_only,90,off,off,False,False,rtt=15.60ms
1779496289.470089,ack_recv,latency_ack,989,C1_control_only,C1_control_only,90,off,off,False,False,rtt=7.94ms
1779496289.577457,ack_recv,latency_ack,990,C1_control_only,C1_control_only,90,off,off,False,False,rtt=14.82ms
1779496289.6837285,ack_recv,latency_ack,991,C1_control_only,C1_control_only,90,off,off,False,False,rtt=20.44ms
1779496289.777206,ack_recv,latency_ack,992,C1_control_only,C1_control_only,90,off,off,False,False,rtt=13.20ms
1779496289.8862576,ack_recv,latency_ack,993,C1_control_only,C1_control_only,90,off,off,False,False,rtt=21.45ms
1779496289.9780416,ack_recv,latency_ack,994,C1_control_only,C1_control_only,90,off,off,False,False,rtt=12.34ms
1779496290.085919,ack_recv,latency_ack,995,C1_control_only,C1_control_only,90,off,off,False,False,rtt=20.00ms
1779496290.1810029,ack_recv,latency_ack,996,C1_control_only,C1_control_only,90,off,off,False,False,rtt=14.43ms
1779496290.2771392,ack_recv,latency_ack,997,C1_control_only,C1_control_only,90,off,off,False,False,rtt=10.34ms
1779496290.3836708,ack_recv,latency_ack,998,C1_control_only,C1_control_only,90,off,off,False,False,rtt=16.01ms
1779496290.4813824,ack_recv,latency_ack,999,C1_control_only,C1_control_only,90,off,off,False,False,rtt=12.72ms
1779496290.585092,ack_recv,latency_ack,1000,C1_control_only,C1_control_only,91,off,off,False,False,rtt=15.71ms
1779496290.6791463,ack_recv,latency_ack,1001,C1_control_only,C1_control_only,91,off,off,False,False,rtt=8.96ms
1779496290.7789102,ack_recv,latency_ack,1002,C1_control_only,C1_control_only,91,off,off,False,False,rtt=8.57ms
1779496290.8802502,ack_recv,latency_ack,1003,C1_control_only,C1_control_only,91,off,off,False,False,rtt=8.25ms
1779496290.9885392,ack_recv,latency_ack,1004,C1_control_only,C1_control_only,91,off,off,False,False,rtt=16.52ms
1779496291.0807493,ack_recv,latency_ack,1005,C1_control_only,C1_control_only,91,off,off,False,False,rtt=8.36ms
1779496291.1927564,ack_recv,latency_ack,1006,C1_control_only,C1_control_only,91,off,off,False,False,rtt=20.27ms
1779496291.2785997,ack_recv,latency_ack,1007,C1_control_only,C1_control_only,91,off,off,False,False,rtt=6.00ms
1779496291.447419,ack_recv,latency_ack,1008,C1_control_only,C1_control_only,91,off,off,False,False,rtt=74.41ms
1779496291.5493438,ack_recv,latency_ack,1009,C1_control_only,C1_control_only,91,off,off,False,False,rtt=75.86ms
1779496291.6537595,ack_recv,latency_ack,1010,C1_control_only,C1_control_only,91,off,off,False,False,rtt=80.03ms
1779496291.6857107,ack_recv,latency_ack,1011,C1_control_only,C1_control_only,91,off,off,False,False,rtt=11.25ms
1779496291.7945232,ack_recv,latency_ack,1012,C1_control_only,C1_control_only,91,off,off,False,False,rtt=19.36ms
1779496291.8879273,ack_recv,latency_ack,1013,C1_control_only,C1_control_only,91,off,off,False,False,rtt=11.92ms
1779496291.9995017,ack_recv,latency_ack,1014,C1_control_only,C1_control_only,91,off,off,False,False,rtt=23.30ms
1779496292.0897343,ack_recv,latency_ack,1015,C1_control_only,C1_control_only,91,off,off,False,False,rtt=12.40ms
1779496292.1857026,ack_recv,latency_ack,1016,C1_control_only,C1_control_only,91,off,off,False,False,rtt=7.48ms
1779496292.294017,ack_recv,latency_ack,1017,C1_control_only,C1_control_only,91,off,off,False,False,rtt=15.28ms
1779496292.3894472,ack_recv,latency_ack,1018,C1_control_only,C1_control_only,91,off,off,False,False,rtt=10.27ms
1779496292.4975197,ack_recv,latency_ack,1019,C1_control_only,C1_control_only,91,off,off,False,False,rtt=17.63ms
1779496292.5939364,ack_recv,latency_ack,1020,C1_control_only,C1_control_only,91,off,off,False,False,rtt=13.75ms
1779496292.7011845,ack_recv,latency_ack,1021,C1_control_only,C1_control_only,91,off,off,False,False,rtt=20.50ms
1779496292.790213,ack_recv,latency_ack,1022,C1_control_only,C1_control_only,91,off,off,False,False,rtt=9.06ms
1779496292.8997052,ack_recv,latency_ack,1023,C1_control_only,C1_control_only,91,off,off,False,False,rtt=18.08ms
1779496292.9918907,ack_recv,latency_ack,1024,C1_control_only,C1_control_only,91,off,off,False,False,rtt=9.00ms
1779496293.1000273,ack_recv,latency_ack,1025,C1_control_only,C1_control_only,91,off,off,False,False,rtt=17.86ms
1779496293.1925747,ack_recv,latency_ack,1026,C1_control_only,C1_control_only,91,off,off,False,False,rtt=9.57ms
1779496293.3005261,ack_recv,latency_ack,1027,C1_control_only,C1_control_only,91,off,off,False,False,rtt=16.82ms
1779496293.3927748,ack_recv,latency_ack,1028,C1_control_only,C1_control_only,91,off,off,False,False,rtt=8.47ms
1779496293.5008423,ack_recv,latency_ack,1029,C1_control_only,C1_control_only,91,off,off,False,False,rtt=14.96ms
1779496293.595091,ack_recv,latency_ack,1030,C1_control_only,C1_control_only,91,off,off,False,False,rtt=9.80ms
1779496293.7018075,ack_recv,latency_ack,1031,C1_control_only,C1_control_only,91,off,off,False,False,rtt=15.55ms
1779496293.7918854,ack_recv,latency_ack,1032,C1_control_only,C1_control_only,91,off,off,False,False,rtt=5.50ms
1779496293.9111948,ack_recv,latency_ack,1033,C1_control_only,C1_control_only,91,off,off,False,False,rtt=24.16ms
1779496293.9974263,ack_recv,latency_ack,1034,C1_control_only,C1_control_only,91,off,off,False,False,rtt=10.10ms
1779496294.111546,ack_recv,latency_ack,1035,C1_control_only,C1_control_only,91,off,off,False,False,rtt=23.98ms
1779496294.214343,ack_recv,latency_ack,1036,C1_control_only,C1_control_only,91,off,off,False,False,rtt=25.09ms
1779496294.3090816,ack_recv,latency_ack,1037,C1_control_only,C1_control_only,91,off,off,False,False,rtt=20.72ms
1779496294.4006774,ack_recv,latency_ack,1038,C1_control_only,C1_control_only,91,off,off,False,False,rtt=11.92ms
1779496294.495218,ack_recv,latency_ack,1039,C1_control_only,C1_control_only,91,off,off,False,False,rtt=6.19ms
1779496294.6046617,ack_recv,latency_ack,1040,C1_control_only,C1_control_only,91,off,off,False,False,rtt=14.85ms
1779496294.7028062,ack_recv,latency_ack,1041,C1_control_only,C1_control_only,91,off,off,False,False,rtt=12.56ms
1779496294.8054662,ack_recv,latency_ack,1042,C1_control_only,C1_control_only,91,off,off,False,False,rtt=14.53ms
1779496294.9009738,ack_recv,latency_ack,1043,C1_control_only,C1_control_only,91,off,off,False,False,rtt=9.16ms
1779496295.0136082,ack_recv,latency_ack,1044,C1_control_only,C1_control_only,91,off,off,False,False,rtt=21.58ms
1779496295.1051111,ack_recv,latency_ack,1045,C1_control_only,C1_control_only,91,off,off,False,False,rtt=12.20ms
1779496295.1970124,ack_recv,latency_ack,1046,C1_control_only,C1_control_only,91,off,off,False,False,rtt=3.82ms
1779496295.3066225,ack_recv,latency_ack,1047,C1_control_only,C1_control_only,91,off,off,False,False,rtt=12.65ms
1779496295.413758,ack_recv,latency_ack,1048,C1_control_only,C1_control_only,91,off,off,False,False,rtt=19.60ms
1779496295.5093637,ack_recv,latency_ack,1049,C1_control_only,C1_control_only,91,off,off,False,False,rtt=14.31ms
1779496295.616988,ack_recv,latency_ack,1050,C1_control_only,C1_control_only,91,off,off,False,False,rtt=20.54ms
1779496295.7123525,ack_recv,latency_ack,1051,C1_control_only,C1_control_only,91,off,off,False,False,rtt=15.32ms
1779496295.8176508,ack_recv,latency_ack,1052,C1_control_only,C1_control_only,91,off,off,False,False,rtt=20.33ms
1779496295.9093568,ack_recv,latency_ack,1053,C1_control_only,C1_control_only,91,off,off,False,False,rtt=11.13ms
1779496296.0191877,ack_recv,latency_ack,1054,C1_control_only,C1_control_only,91,off,off,False,False,rtt=20.20ms
1779496296.1103654,ack_recv,latency_ack,1055,C1_control_only,C1_control_only,91,off,off,False,False,rtt=10.72ms
1779496296.2189562,ack_recv,latency_ack,1056,C1_control_only,C1_control_only,91,off,off,False,False,rtt=18.60ms
1779496296.3151758,ack_recv,latency_ack,1057,C1_control_only,C1_control_only,91,off,off,False,False,rtt=14.30ms
1779496296.4074476,ack_recv,latency_ack,1058,C1_control_only,C1_control_only,91,off,off,False,False,rtt=5.97ms
1779496296.5233383,ack_recv,latency_ack,1059,C1_control_only,C1_control_only,91,off,off,False,False,rtt=21.13ms
1779496296.6098392,ack_recv,latency_ack,1060,C1_control_only,C1_control_only,91,off,off,False,False,rtt=6.76ms
1779496296.7189012,ack_recv,latency_ack,1061,C1_control_only,C1_control_only,91,off,off,False,False,rtt=15.15ms
1779496296.812758,ack_recv,latency_ack,1062,C1_control_only,C1_control_only,91,off,off,False,False,rtt=8.16ms
1779496296.9572642,ack_recv,latency_ack,1063,C1_control_only,C1_control_only,91,off,off,False,False,rtt=52.36ms
1779496297.042896,ack_recv,latency_ack,1064,C1_control_only,C1_control_only,91,off,off,False,False,rtt=37.60ms
1779496297.1264553,ack_recv,latency_ack,1065,C1_control_only,C1_control_only,91,off,off,False,False,rtt=20.84ms
1779496297.2273872,ack_recv,latency_ack,1066,C1_control_only,C1_control_only,91,off,off,False,False,rtt=21.32ms
1779496297.3185534,ack_recv,latency_ack,1067,C1_control_only,C1_control_only,91,off,off,False,False,rtt=12.29ms
1779496297.4222918,ack_recv,latency_ack,1068,C1_control_only,C1_control_only,91,off,off,False,False,rtt=15.49ms
1779496297.5140173,ack_recv,latency_ack,1069,C1_control_only,C1_control_only,91,off,off,False,False,rtt=6.68ms
1779496297.6227515,ack_recv,latency_ack,1070,C1_control_only,C1_control_only,91,off,off,False,False,rtt=14.93ms
1779496297.7138803,ack_recv,latency_ack,1071,C1_control_only,C1_control_only,91,off,off,False,False,rtt=5.58ms
1779496297.8243499,ack_recv,latency_ack,1072,C1_control_only,C1_control_only,91,off,off,False,False,rtt=15.90ms
1779496297.9188929,ack_recv,latency_ack,1073,C1_control_only,C1_control_only,91,off,off,False,False,rtt=10.01ms
1779496298.0287437,ack_recv,latency_ack,1074,C1_control_only,C1_control_only,91,off,off,False,False,rtt=19.14ms
1779496298.1187415,ack_recv,latency_ack,1075,C1_control_only,C1_control_only,91,off,off,False,False,rtt=8.17ms
1779496298.226948,ack_recv,latency_ack,1076,C1_control_only,C1_control_only,91,off,off,False,False,rtt=15.38ms
1779496298.3202317,ack_recv,latency_ack,1077,C1_control_only,C1_control_only,91,off,off,False,False,rtt=8.34ms
1779496298.4277923,ack_recv,latency_ack,1078,C1_control_only,C1_control_only,91,off,off,False,False,rtt=15.73ms
1779496298.5190723,ack_recv,latency_ack,1079,C1_control_only,C1_control_only,91,off,off,False,False,rtt=6.74ms
1779496298.6287012,ack_recv,latency_ack,1080,C1_control_only,C1_control_only,91,off,off,False,False,rtt=15.42ms
1779496298.7214608,ack_recv,latency_ack,1081,C1_control_only,C1_control_only,91,off,off,False,False,rtt=6.92ms
1779496298.8286602,ack_recv,latency_ack,1082,C1_control_only,C1_control_only,91,off,off,False,False,rtt=14.30ms
1779496298.937627,ack_recv,latency_ack,1083,C1_control_only,C1_control_only,91,off,off,False,False,rtt=22.01ms
1779496299.0405421,ack_recv,latency_ack,1084,C1_control_only,C1_control_only,91,off,off,False,False,rtt=24.38ms
1779496299.122813,ack_recv,latency_ack,1085,C1_control_only,C1_control_only,91,off,off,False,False,rtt=6.18ms
1779496299.2361844,ack_recv,latency_ack,1086,C1_control_only,C1_control_only,91,off,off,False,False,rtt=18.99ms
1779496299.3270528,ack_recv,latency_ack,1087,C1_control_only,C1_control_only,91,off,off,False,False,rtt=9.24ms
1779496299.435796,ack_recv,latency_ack,1088,C1_control_only,C1_control_only,91,off,off,False,False,rtt=17.72ms
1779496299.532598,ack_recv,latency_ack,1089,C1_control_only,C1_control_only,91,off,off,False,False,rtt=13.68ms
1779496299.6248333,ack_recv,latency_ack,1090,C1_control_only,C1_control_only,91,off,off,False,False,rtt=5.78ms
1779496299.7363398,ack_recv,latency_ack,1091,C1_control_only,C1_control_only,91,off,off,False,False,rtt=16.53ms
1779496299.8272796,ack_recv,latency_ack,1092,C1_control_only,C1_control_only,91,off,off,False,False,rtt=6.52ms
1779496299.937085,ack_recv,latency_ack,1093,C1_control_only,C1_control_only,91,off,off,False,False,rtt=16.04ms
1779496300.0300298,ack_recv,latency_ack,1094,C1_control_only,C1_control_only,91,off,off,False,False,rtt=8.20ms
1779496300.138272,ack_recv,latency_ack,1095,C1_control_only,C1_control_only,91,off,off,False,False,rtt=16.30ms
1779496300.2320747,ack_recv,latency_ack,1096,C1_control_only,C1_control_only,91,off,off,False,False,rtt=9.67ms
1779496300.3395143,ack_recv,latency_ack,1097,C1_control_only,C1_control_only,91,off,off,False,False,rtt=16.79ms
1779496300.4325604,ack_recv,latency_ack,1098,C1_control_only,C1_control_only,91,off,off,False,False,rtt=9.19ms
1779496300.5422058,ack_recv,latency_ack,1099,C1_control_only,C1_control_only,91,off,off,False,False,rtt=18.49ms
1779496300.632889,ack_recv,latency_ack,1100,C1_control_only,C1_control_only,91,off,off,False,False,rtt=8.46ms
1779496307.3214767,ack_recv,latency_ack,1101,C2_video_normal,C2_video_normal,91,normal,off,True,False,rtt=50.17ms
1779496307.383013,ack_recv,latency_ack,1102,C2_video_normal,C2_video_normal,91,normal,off,True,False,rtt=11.06ms
1779496307.491951,ack_recv,latency_ack,1103,C2_video_normal,C2_video_normal,91,normal,off,True,False,rtt=19.54ms
1779496307.5881317,ack_recv,latency_ack,1104,C2_video_normal,C2_video_normal,91,normal,off,True,False,rtt=15.33ms
1779496307.6942499,ack_recv,latency_ack,1105,C2_video_normal,C2_video_normal,91,normal,off,True,False,rtt=20.81ms
1779496307.7900975,ack_recv,latency_ack,1106,C2_video_normal,C2_video_normal,91,normal,off,True,False,rtt=15.96ms
1779496307.8840337,ack_recv,latency_ack,1107,C2_video_normal,C2_video_normal,91,normal,off,True,False,rtt=9.54ms
1779496307.991195,ack_recv,latency_ack,1108,C2_video_normal,C2_video_normal,91,normal,off,True,False,rtt=16.22ms
1779496308.0848916,ack_recv,latency_ack,1109,C2_video_normal,C2_video_normal,91,normal,off,True,False,rtt=9.67ms
1779496308.1923363,ack_recv,latency_ack,1110,C2_video_normal,C2_video_normal,91,normal,off,True,False,rtt=16.81ms
1779496308.2847326,ack_recv,latency_ack,1111,C2_video_normal,C2_video_normal,91,normal,off,True,False,rtt=8.66ms
1779496308.3927805,ack_recv,latency_ack,1112,C2_video_normal,C2_video_normal,91,normal,off,True,False,rtt=16.42ms
1779496308.486417,ack_recv,latency_ack,1113,C2_video_normal,C2_video_normal,91,normal,off,True,False,rtt=9.26ms
1779496308.5924084,ack_recv,latency_ack,1114,C2_video_normal,C2_video_normal,91,normal,off,True,False,rtt=14.81ms
1779496308.6840065,ack_recv,latency_ack,1115,C2_video_normal,C2_video_normal,91,normal,off,True,False,rtt=5.76ms
1779496308.7973464,ack_recv,latency_ack,1116,C2_video_normal,C2_video_normal,91,normal,off,True,False,rtt=18.64ms
1779496308.8882399,ack_recv,latency_ack,1117,C2_video_normal,C2_video_normal,91,normal,off,True,False,rtt=9.36ms
1779496308.9936159,ack_recv,latency_ack,1118,C2_video_normal,C2_video_normal,91,normal,off,True,False,rtt=14.23ms
1779496309.1006866,ack_recv,latency_ack,1119,C2_video_normal,C2_video_normal,91,normal,off,True,False,rtt=21.00ms
1779496309.194008,ack_recv,latency_ack,1120,C2_video_normal,C2_video_normal,91,normal,off,True,False,rtt=13.34ms
1779496309.2999485,ack_recv,latency_ack,1121,C2_video_normal,C2_video_normal,91,normal,off,True,False,rtt=18.68ms
1779496309.3931665,ack_recv,latency_ack,1122,C2_video_normal,C2_video_normal,91,normal,off,True,False,rtt=11.66ms
1779496309.4898436,ack_recv,latency_ack,1123,C2_video_normal,C2_video_normal,91,normal,off,True,False,rtt=7.70ms
1779496309.5988111,ack_recv,latency_ack,1124,C2_video_normal,C2_video_normal,91,normal,off,True,False,rtt=15.97ms
1779496309.689691,ack_recv,latency_ack,1125,C2_video_normal,C2_video_normal,91,normal,off,True,False,rtt=6.30ms
1779496309.7981987,ack_recv,latency_ack,1126,C2_video_normal,C2_video_normal,91,normal,off,True,False,rtt=14.24ms
1779496309.9040227,ack_recv,latency_ack,1127,C2_video_normal,C2_video_normal,91,normal,off,True,False,rtt=19.21ms
1779496310.0120995,ack_recv,latency_ack,1128,C2_video_normal,C2_video_normal,91,normal,off,True,False,rtt=26.65ms
1779496310.0958972,ack_recv,latency_ack,1129,C2_video_normal,C2_video_normal,91,normal,off,True,False,rtt=10.17ms
1779496310.2051818,ack_recv,latency_ack,1130,C2_video_normal,C2_video_normal,91,normal,off,True,False,rtt=18.62ms
1779496310.2933824,ack_recv,latency_ack,1131,C2_video_normal,C2_video_normal,91,normal,off,True,False,rtt=6.53ms
1779496310.405237,ack_recv,latency_ack,1132,C2_video_normal,C2_video_normal,91,normal,off,True,False,rtt=18.20ms
1779496310.533629,ack_recv,latency_ack,1133,C2_video_normal,C2_video_normal,91,normal,off,True,False,rtt=45.81ms
1779496310.6219714,ack_recv,latency_ack,1134,C2_video_normal,C2_video_normal,91,normal,off,True,False,rtt=33.97ms
1779496310.6990724,ack_recv,latency_ack,1135,C2_video_normal,C2_video_normal,91,normal,off,True,False,rtt=10.69ms
1779496310.8006241,ack_recv,latency_ack,1136,C2_video_normal,C2_video_normal,91,normal,off,True,False,rtt=11.67ms
1779496310.901375,ack_recv,latency_ack,1137,C2_video_normal,C2_video_normal,91,normal,off,True,False,rtt=12.32ms
1779496310.9969177,ack_recv,latency_ack,1138,C2_video_normal,C2_video_normal,91,normal,off,True,False,rtt=7.42ms
1779496311.1549149,ack_recv,latency_ack,1139,C2_video_normal,C2_video_normal,91,normal,off,True,False,rtt=65.07ms
1779496311.201285,ack_recv,latency_ack,1140,C2_video_normal,C2_video_normal,91,normal,off,True,False,rtt=11.09ms
1779496311.3028276,ack_recv,latency_ack,1141,C2_video_normal,C2_video_normal,91,normal,off,True,False,rtt=11.82ms
1779496311.4137702,ack_recv,latency_ack,1142,C2_video_normal,C2_video_normal,91,normal,off,True,False,rtt=22.29ms
1779496311.515553,ack_recv,latency_ack,1143,C2_video_normal,C2_video_normal,91,normal,off,True,False,rtt=23.78ms
1779496311.60517,ack_recv,latency_ack,1144,C2_video_normal,C2_video_normal,91,normal,off,True,False,rtt=12.61ms
1779496311.6989326,ack_recv,latency_ack,1145,C2_video_normal,C2_video_normal,91,normal,off,True,False,rtt=6.02ms
1779496311.8026705,ack_recv,latency_ack,1146,C2_video_normal,C2_video_normal,91,normal,off,True,False,rtt=8.01ms
1779496311.899804,ack_recv,latency_ack,1147,C2_video_normal,C2_video_normal,91,normal,off,True,False,rtt=5.87ms
1779496312.011644,ack_recv,latency_ack,1148,C2_video_normal,C2_video_normal,91,normal,off,True,False,rtt=17.54ms
1779496312.1035159,ack_recv,latency_ack,1149,C2_video_normal,C2_video_normal,91,normal,off,True,False,rtt=8.76ms
1779496312.2115784,ack_recv,latency_ack,1150,C2_video_normal,C2_video_normal,91,normal,off,True,False,rtt=16.00ms
1779496312.3045404,ack_recv,latency_ack,1151,C2_video_normal,C2_video_normal,91,normal,off,True,False,rtt=8.56ms
1779496312.4110036,ack_recv,latency_ack,1152,C2_video_normal,C2_video_normal,91,normal,off,True,False,rtt=14.03ms
1779496312.5062268,ack_recv,latency_ack,1153,C2_video_normal,C2_video_normal,91,normal,off,True,False,rtt=8.76ms
1779496312.6144514,ack_recv,latency_ack,1154,C2_video_normal,C2_video_normal,91,normal,off,True,False,rtt=16.79ms
1779496312.729239,ack_recv,latency_ack,1155,C2_video_normal,C2_video_normal,91,normal,off,True,False,rtt=31.17ms
1779496312.8172584,ack_recv,latency_ack,1156,C2_video_normal,C2_video_normal,91,normal,off,True,False,rtt=18.80ms
1779496312.9118865,ack_recv,latency_ack,1157,C2_video_normal,C2_video_normal,91,normal,off,True,False,rtt=13.26ms
1779496313.0071883,ack_recv,latency_ack,1158,C2_video_normal,C2_video_normal,91,normal,off,True,False,rtt=8.00ms
1779496313.1146855,ack_recv,latency_ack,1159,C2_video_normal,C2_video_normal,91,normal,off,True,False,rtt=15.24ms
1779496313.2131863,ack_recv,latency_ack,1160,C2_video_normal,C2_video_normal,91,normal,off,True,False,rtt=12.83ms
1779496313.332728,ack_recv,latency_ack,1161,C2_video_normal,C2_video_normal,91,normal,off,True,False,rtt=31.95ms
1779496313.4172971,ack_recv,latency_ack,1162,C2_video_normal,C2_video_normal,91,normal,off,True,False,rtt=15.91ms
1779496313.5691378,ack_recv,latency_ack,1163,C2_video_normal,C2_video_normal,91,normal,off,True,False,rtt=66.76ms
1779496313.66814,ack_recv,latency_ack,1164,C2_video_normal,C2_video_normal,91,normal,off,True,False,rtt=64.89ms
1779496313.7733302,ack_recv,latency_ack,1165,C2_video_normal,C2_video_normal,91,normal,off,True,False,rtt=69.30ms
1779496313.8272674,ack_recv,latency_ack,1166,C2_video_normal,C2_video_normal,91,normal,off,True,False,rtt=22.95ms
1779496313.9193287,ack_recv,latency_ack,1167,C2_video_normal,C2_video_normal,91,normal,off,True,False,rtt=14.55ms
1779496314.01704,ack_recv,latency_ack,1168,C2_video_normal,C2_video_normal,91,normal,off,True,False,rtt=11.67ms
1779496314.1257186,ack_recv,latency_ack,1169,C2_video_normal,C2_video_normal,91,normal,off,True,False,rtt=19.68ms
1779496314.2168238,ack_recv,latency_ack,1170,C2_video_normal,C2_video_normal,91,normal,off,True,False,rtt=10.47ms
1779496314.3265421,ack_recv,latency_ack,1171,C2_video_normal,C2_video_normal,91,normal,off,True,False,rtt=18.92ms
1779496314.4188237,ack_recv,latency_ack,1172,C2_video_normal,C2_video_normal,91,normal,off,True,False,rtt=11.74ms
1779496314.5256572,ack_recv,latency_ack,1173,C2_video_normal,C2_video_normal,91,normal,off,True,False,rtt=18.13ms
1779496314.6216826,ack_recv,latency_ack,1174,C2_video_normal,C2_video_normal,91,normal,off,True,False,rtt=13.26ms
1779496314.7260756,ack_recv,latency_ack,1175,C2_video_normal,C2_video_normal,91,normal,off,True,False,rtt=17.19ms
1779496314.8235214,ack_recv,latency_ack,1176,C2_video_normal,C2_video_normal,91,normal,off,True,False,rtt=14.15ms
1779496314.9308522,ack_recv,latency_ack,1177,C2_video_normal,C2_video_normal,91,normal,off,True,False,rtt=20.74ms
1779496315.0388954,ack_recv,latency_ack,1178,C2_video_normal,C2_video_normal,91,normal,off,True,False,rtt=28.61ms
1779496315.1328418,ack_recv,latency_ack,1179,C2_video_normal,C2_video_normal,91,normal,off,True,False,rtt=22.06ms
1779496315.2221763,ack_recv,latency_ack,1180,C2_video_normal,C2_video_normal,91,normal,off,True,False,rtt=11.29ms
1779496315.3357396,ack_recv,latency_ack,1181,C2_video_normal,C2_video_normal,91,normal,off,True,False,rtt=24.53ms
1779496315.4270773,ack_recv,latency_ack,1182,C2_video_normal,C2_video_normal,91,normal,off,True,False,rtt=15.12ms
1779496315.534667,ack_recv,latency_ack,1183,C2_video_normal,C2_video_normal,91,normal,off,True,False,rtt=22.49ms
1779496315.6254137,ack_recv,latency_ack,1184,C2_video_normal,C2_video_normal,91,normal,off,True,False,rtt=12.76ms
1779496315.7304413,ack_recv,latency_ack,1185,C2_video_normal,C2_video_normal,91,normal,off,True,False,rtt=17.38ms
1779496315.826257,ack_recv,latency_ack,1186,C2_video_normal,C2_video_normal,91,normal,off,True,False,rtt=11.93ms
1779496315.9377472,ack_recv,latency_ack,1187,C2_video_normal,C2_video_normal,91,normal,off,True,False,rtt=22.94ms
1779496316.0300741,ack_recv,latency_ack,1188,C2_video_normal,C2_video_normal,91,normal,off,True,False,rtt=13.85ms
1779496316.1203616,ack_recv,latency_ack,1189,C2_video_normal,C2_video_normal,91,normal,off,True,False,rtt=4.66ms
1779496316.232253,ack_recv,latency_ack,1190,C2_video_normal,C2_video_normal,91,normal,off,True,False,rtt=16.02ms
1779496316.323481,ack_recv,latency_ack,1191,C2_video_normal,C2_video_normal,91,normal,off,True,False,rtt=6.76ms
1779496316.4374464,ack_recv,latency_ack,1192,C2_video_normal,C2_video_normal,91,normal,off,True,False,rtt=19.73ms
1779496316.528934,ack_recv,latency_ack,1193,C2_video_normal,C2_video_normal,91,normal,off,True,False,rtt=10.84ms
1779496316.6371362,ack_recv,latency_ack,1194,C2_video_normal,C2_video_normal,91,normal,off,True,False,rtt=18.41ms
1779496316.7304194,ack_recv,latency_ack,1195,C2_video_normal,C2_video_normal,91,normal,off,True,False,rtt=11.04ms
1779496316.8378422,ack_recv,latency_ack,1196,C2_video_normal,C2_video_normal,91,normal,off,True,False,rtt=17.71ms
1779496316.9297774,ack_recv,latency_ack,1197,C2_video_normal,C2_video_normal,91,normal,off,True,False,rtt=9.26ms
1779496317.0412626,ack_recv,latency_ack,1198,C2_video_normal,C2_video_normal,91,normal,off,True,False,rtt=20.18ms
1779496317.1318402,ack_recv,latency_ack,1199,C2_video_normal,C2_video_normal,91,normal,off,True,False,rtt=10.53ms
1779496317.2978542,ack_recv,latency_ack,1200,C2_video_normal,C2_video_normal,91,normal,off,True,False,rtt=76.11ms
1779496317.3315897,ack_recv,latency_ack,1201,C2_video_normal,C2_video_normal,91,normal,off,True,False,rtt=9.54ms
1779496317.4415145,ack_recv,latency_ack,1202,C2_video_normal,C2_video_normal,91,normal,off,True,False,rtt=18.97ms
1779496317.535149,ack_recv,latency_ack,1203,C2_video_normal,C2_video_normal,91,normal,off,True,False,rtt=11.60ms
1779496317.6448355,ack_recv,latency_ack,1204,C2_video_normal,C2_video_normal,91,normal,off,True,False,rtt=20.68ms
1779496317.7369273,ack_recv,latency_ack,1205,C2_video_normal,C2_video_normal,91,normal,off,True,False,rtt=11.68ms
1779496317.8486986,ack_recv,latency_ack,1206,C2_video_normal,C2_video_normal,91,normal,off,True,False,rtt=23.19ms
1779496317.9375196,ack_recv,latency_ack,1207,C2_video_normal,C2_video_normal,91,normal,off,True,False,rtt=11.61ms
1779496318.0772343,ack_recv,latency_ack,1208,C2_video_normal,C2_video_normal,91,normal,off,True,False,rtt=50.58ms
1779496318.1557918,ack_recv,latency_ack,1209,C2_video_normal,C2_video_normal,91,normal,off,True,False,rtt=28.58ms
1779496318.243534,ack_recv,latency_ack,1210,C2_video_normal,C2_video_normal,91,normal,off,True,False,rtt=16.12ms
1779496318.3346276,ack_recv,latency_ack,1211,C2_video_normal,C2_video_normal,91,normal,off,True,False,rtt=6.93ms
1779496318.5066676,ack_recv,latency_ack,1212,C2_video_normal,C2_video_normal,91,normal,off,True,False,rtt=78.52ms
1779496318.5341733,ack_recv,latency_ack,1213,C2_video_normal,C2_video_normal,91,normal,off,True,False,rtt=5.74ms
1779496318.6440063,ack_recv,latency_ack,1214,C2_video_normal,C2_video_normal,91,normal,off,True,False,rtt=15.38ms
1779496318.7373471,ack_recv,latency_ack,1215,C2_video_normal,C2_video_normal,91,normal,off,True,False,rtt=8.18ms
1779496318.892891,ack_recv,latency_ack,1216,C2_video_normal,C2_video_normal,91,normal,off,True,False,rtt=63.31ms
1779496318.976125,ack_recv,latency_ack,1217,C2_video_normal,C2_video_normal,91,normal,off,True,False,rtt=46.45ms
1779496319.0687592,ack_recv,latency_ack,1218,C2_video_normal,C2_video_normal,91,normal,off,True,False,rtt=38.72ms
1779496319.1465774,ack_recv,latency_ack,1219,C2_video_normal,C2_video_normal,91,normal,off,True,False,rtt=15.94ms
1779496319.2435486,ack_recv,latency_ack,1220,C2_video_normal,C2_video_normal,91,normal,off,True,False,rtt=12.45ms
1779496319.3517985,ack_recv,latency_ack,1221,C2_video_normal,C2_video_normal,91,normal,off,True,False,rtt=19.87ms
1779496319.444294,ack_recv,latency_ack,1222,C2_video_normal,C2_video_normal,91,normal,off,True,False,rtt=12.15ms
1779496319.5884507,ack_recv,latency_ack,1223,C2_video_normal,C2_video_normal,91,normal,off,True,False,rtt=55.85ms
1779496319.674533,ack_recv,latency_ack,1224,C2_video_normal,C2_video_normal,91,normal,off,True,False,rtt=41.39ms
1779496319.759062,ack_recv,latency_ack,1225,C2_video_normal,C2_video_normal,91,normal,off,True,False,rtt=25.69ms
1779496319.8516982,ack_recv,latency_ack,1226,C2_video_normal,C2_video_normal,91,normal,off,True,False,rtt=17.47ms
1779496319.9433198,ack_recv,latency_ack,1227,C2_video_normal,C2_video_normal,91,normal,off,True,False,rtt=8.81ms
1779496320.098045,ack_recv,latency_ack,1228,C2_video_normal,C2_video_normal,91,normal,off,True,False,rtt=62.57ms
1779496320.1849558,ack_recv,latency_ack,1229,C2_video_normal,C2_video_normal,91,normal,off,True,False,rtt=48.87ms
1779496320.2673004,ack_recv,latency_ack,1230,C2_video_normal,C2_video_normal,91,normal,off,True,False,rtt=30.64ms
1779496320.349345,ack_recv,latency_ack,1231,C2_video_normal,C2_video_normal,91,normal,off,True,False,rtt=11.89ms
1779496320.4599679,ack_recv,latency_ack,1232,C2_video_normal,C2_video_normal,91,normal,off,True,False,rtt=22.23ms
1779496320.5506206,ack_recv,latency_ack,1233,C2_video_normal,C2_video_normal,91,normal,off,True,False,rtt=11.83ms
1779496320.6570098,ack_recv,latency_ack,1234,C2_video_normal,C2_video_normal,91,normal,off,True,False,rtt=17.64ms
1779496320.7570684,ack_recv,latency_ack,1235,C2_video_normal,C2_video_normal,91,normal,off,True,False,rtt=17.42ms
1779496320.8498127,ack_recv,latency_ack,1236,C2_video_normal,C2_video_normal,91,normal,off,True,False,rtt=9.93ms
1779496320.9604423,ack_recv,latency_ack,1237,C2_video_normal,C2_video_normal,91,normal,off,True,False,rtt=19.87ms
1779496321.0504916,ack_recv,latency_ack,1238,C2_video_normal,C2_video_normal,91,normal,off,True,False,rtt=9.38ms
1779496321.1775901,ack_recv,latency_ack,1239,C2_video_normal,C2_video_normal,91,normal,off,True,False,rtt=36.00ms
1779496321.2677226,ack_recv,latency_ack,1240,C2_video_normal,C2_video_normal,91,normal,off,True,False,rtt=25.64ms
1779496321.3597975,ack_recv,latency_ack,1241,C2_video_normal,C2_video_normal,91,normal,off,True,False,rtt=17.49ms
1779496321.456417,ack_recv,latency_ack,1242,C2_video_normal,C2_video_normal,91,normal,off,True,False,rtt=13.90ms
1779496321.559472,ack_recv,latency_ack,1243,C2_video_normal,C2_video_normal,91,normal,off,True,False,rtt=16.63ms
1779496321.649632,ack_recv,latency_ack,1244,C2_video_normal,C2_video_normal,91,normal,off,True,False,rtt=5.39ms
1779496321.760891,ack_recv,latency_ack,1245,C2_video_normal,C2_video_normal,91,normal,off,True,False,rtt=16.38ms
1779496321.8534727,ack_recv,latency_ack,1246,C2_video_normal,C2_video_normal,91,normal,off,True,False,rtt=8.69ms
1779496321.9623163,ack_recv,latency_ack,1247,C2_video_normal,C2_video_normal,91,normal,off,True,False,rtt=16.80ms
1779496322.0558162,ack_recv,latency_ack,1248,C2_video_normal,C2_video_normal,91,normal,off,True,False,rtt=9.89ms
1779496322.164593,ack_recv,latency_ack,1249,C2_video_normal,C2_video_normal,91,normal,off,True,False,rtt=18.02ms
1779496322.260458,ack_recv,latency_ack,1250,C2_video_normal,C2_video_normal,91,normal,off,True,False,rtt=13.29ms
1779496322.363179,ack_recv,latency_ack,1251,C2_video_normal,C2_video_normal,91,normal,off,True,False,rtt=15.56ms
1779496322.45691,ack_recv,latency_ack,1252,C2_video_normal,C2_video_normal,91,normal,off,True,False,rtt=8.78ms
1779496322.5652306,ack_recv,latency_ack,1253,C2_video_normal,C2_video_normal,91,normal,off,True,False,rtt=15.64ms
1779496322.6564336,ack_recv,latency_ack,1254,C2_video_normal,C2_video_normal,91,normal,off,True,False,rtt=6.13ms
1779496322.7668178,ack_recv,latency_ack,1255,C2_video_normal,C2_video_normal,91,normal,off,True,False,rtt=16.35ms
1779496322.8583734,ack_recv,latency_ack,1256,C2_video_normal,C2_video_normal,91,normal,off,True,False,rtt=7.63ms
1779496322.9664865,ack_recv,latency_ack,1257,C2_video_normal,C2_video_normal,91,normal,off,True,False,rtt=15.33ms
1779496323.0953782,ack_recv,latency_ack,1258,C2_video_normal,C2_video_normal,91,normal,off,True,False,rtt=43.86ms
1779496323.1763625,ack_recv,latency_ack,1259,C2_video_normal,C2_video_normal,91,normal,off,True,False,rtt=24.09ms
1779496323.2609496,ack_recv,latency_ack,1260,C2_video_normal,C2_video_normal,91,normal,off,True,False,rtt=8.55ms
1779496323.3670194,ack_recv,latency_ack,1261,C2_video_normal,C2_video_normal,91,normal,off,True,False,rtt=13.65ms
1779496323.466789,ack_recv,latency_ack,1262,C2_video_normal,C2_video_normal,91,normal,off,True,False,rtt=13.01ms
1779496323.573275,ack_recv,latency_ack,1263,C2_video_normal,C2_video_normal,91,normal,off,True,False,rtt=18.51ms
1779496323.6633086,ack_recv,latency_ack,1264,C2_video_normal,C2_video_normal,91,normal,off,True,False,rtt=7.97ms
1779496323.7706451,ack_recv,latency_ack,1265,C2_video_normal,C2_video_normal,91,normal,off,True,False,rtt=14.35ms
1779496323.877307,ack_recv,latency_ack,1266,C2_video_normal,C2_video_normal,91,normal,off,True,False,rtt=20.43ms
1779496323.9717572,ack_recv,latency_ack,1267,C2_video_normal,C2_video_normal,91,normal,off,True,False,rtt=13.92ms
1779496324.0667338,ack_recv,latency_ack,1268,C2_video_normal,C2_video_normal,91,normal,off,True,False,rtt=8.37ms
1779496324.1766102,ack_recv,latency_ack,1269,C2_video_normal,C2_video_normal,91,normal,off,True,False,rtt=17.39ms
1779496324.2691953,ack_recv,latency_ack,1270,C2_video_normal,C2_video_normal,91,normal,off,True,False,rtt=9.29ms
1779496324.3742042,ack_recv,latency_ack,1271,C2_video_normal,C2_video_normal,91,normal,off,True,False,rtt=13.91ms
1779496324.4713237,ack_recv,latency_ack,1272,C2_video_normal,C2_video_normal,91,normal,off,True,False,rtt=10.64ms
1779496324.5752995,ack_recv,latency_ack,1273,C2_video_normal,C2_video_normal,91,normal,off,True,False,rtt=14.32ms
1779496324.6848774,ack_recv,latency_ack,1274,C2_video_normal,C2_video_normal,91,normal,off,True,False,rtt=23.70ms
1779496324.7756405,ack_recv,latency_ack,1275,C2_video_normal,C2_video_normal,91,normal,off,True,False,rtt=14.28ms
1779496324.8692188,ack_recv,latency_ack,1276,C2_video_normal,C2_video_normal,91,normal,off,True,False,rtt=7.40ms
1779496325.0168364,ack_recv,latency_ack,1277,C2_video_normal,C2_video_normal,91,normal,off,True,False,rtt=54.45ms
1779496325.0735028,ack_recv,latency_ack,1278,C2_video_normal,C2_video_normal,91,normal,off,True,False,rtt=10.70ms
1779496325.2217178,ack_recv,latency_ack,1279,C2_video_normal,C2_video_normal,91,normal,off,True,False,rtt=58.42ms
1779496325.3080673,ack_recv,latency_ack,1280,C2_video_normal,C2_video_normal,91,normal,off,True,False,rtt=43.93ms
1779496325.399058,ack_recv,latency_ack,1281,C2_video_normal,C2_video_normal,91,normal,off,True,False,rtt=34.54ms
1779496325.4844103,ack_recv,latency_ack,1282,C2_video_normal,C2_video_normal,91,normal,off,True,False,rtt=19.24ms
1779496325.581564,ack_recv,latency_ack,1283,C2_video_normal,C2_video_normal,91,normal,off,True,False,rtt=15.76ms
1779496325.6901283,ack_recv,latency_ack,1284,C2_video_normal,C2_video_normal,91,normal,off,True,False,rtt=23.91ms
1779496325.7833173,ack_recv,latency_ack,1285,C2_video_normal,C2_video_normal,91,normal,off,True,False,rtt=16.40ms
1779496325.9188166,ack_recv,latency_ack,1286,C2_video_normal,C2_video_normal,91,normal,off,True,False,rtt=51.02ms
1779496326.003353,ack_recv,latency_ack,1287,C2_video_normal,C2_video_normal,91,normal,off,True,False,rtt=35.38ms
1779496326.0875974,ack_recv,latency_ack,1288,C2_video_normal,C2_video_normal,91,normal,off,True,False,rtt=19.18ms
1779496326.175543,ack_recv,latency_ack,1289,C2_video_normal,C2_video_normal,91,normal,off,True,False,rtt=6.69ms
1779496326.286283,ack_recv,latency_ack,1290,C2_video_normal,C2_video_normal,91,normal,off,True,False,rtt=16.21ms
1779496326.4169476,ack_recv,latency_ack,1291,C2_video_normal,C2_video_normal,91,normal,off,True,False,rtt=47.65ms
1779496326.5015955,ack_recv,latency_ack,1292,C2_video_normal,C2_video_normal,91,normal,off,True,False,rtt=31.94ms
1779496326.581164,ack_recv,latency_ack,1293,C2_video_normal,C2_video_normal,91,normal,off,True,False,rtt=11.06ms
1779496326.6875975,ack_recv,latency_ack,1294,C2_video_normal,C2_video_normal,91,normal,off,True,False,rtt=17.34ms
1779496326.7794335,ack_recv,latency_ack,1295,C2_video_normal,C2_video_normal,91,normal,off,True,False,rtt=8.84ms
1779496326.8863232,ack_recv,latency_ack,1296,C2_video_normal,C2_video_normal,91,normal,off,True,False,rtt=15.48ms
1779496326.983616,ack_recv,latency_ack,1297,C2_video_normal,C2_video_normal,91,normal,off,True,False,rtt=12.04ms
1779496327.0911849,ack_recv,latency_ack,1298,C2_video_normal,C2_video_normal,91,normal,off,True,False,rtt=19.25ms
1779496327.1841815,ack_recv,latency_ack,1299,C2_video_normal,C2_video_normal,91,normal,off,True,False,rtt=11.76ms
1779496327.2924278,ack_recv,latency_ack,1300,C2_video_normal,C2_video_normal,91,normal,off,True,False,rtt=19.36ms
1779496327.3922899,ack_recv,latency_ack,1301,C2_video_normal,C2_video_normal,91,normal,off,True,False,rtt=18.51ms
1779496327.4934747,ack_recv,latency_ack,1302,C2_video_normal,C2_video_normal,91,normal,off,True,False,rtt=19.16ms
1779496327.5851305,ack_recv,latency_ack,1303,C2_video_normal,C2_video_normal,91,normal,off,True,False,rtt=10.59ms
1779496327.7051945,ack_recv,latency_ack,1304,C2_video_normal,C2_video_normal,91,normal,off,True,False,rtt=30.49ms
1779496327.787163,ack_recv,latency_ack,1305,C2_video_normal,C2_video_normal,91,normal,off,True,False,rtt=12.17ms
1779496327.91451,ack_recv,latency_ack,1306,C2_video_normal,C2_video_normal,91,normal,off,True,False,rtt=39.12ms
1779496328.0048854,ack_recv,latency_ack,1307,C2_video_normal,C2_video_normal,91,normal,off,True,False,rtt=28.98ms
1779496328.0969253,ack_recv,latency_ack,1308,C2_video_normal,C2_video_normal,91,normal,off,True,False,rtt=20.53ms
1779496328.1890018,ack_recv,latency_ack,1309,C2_video_normal,C2_video_normal,91,normal,off,True,False,rtt=12.23ms
1779496328.2953167,ack_recv,latency_ack,1310,C2_video_normal,C2_video_normal,91,normal,off,True,False,rtt=18.38ms
1779496328.4150884,ack_recv,latency_ack,1311,C2_video_normal,C2_video_normal,91,normal,off,True,False,rtt=37.84ms
1779496328.5099354,ack_recv,latency_ack,1312,C2_video_normal,C2_video_normal,91,normal,off,True,False,rtt=32.15ms
1779496328.5896578,ack_recv,latency_ack,1313,C2_video_normal,C2_video_normal,91,normal,off,True,False,rtt=11.71ms
1779496328.6973069,ack_recv,latency_ack,1314,C2_video_normal,C2_video_normal,91,normal,off,True,False,rtt=19.15ms
1779496328.792663,ack_recv,latency_ack,1315,C2_video_normal,C2_video_normal,91,normal,off,True,False,rtt=14.06ms
1779496328.9008508,ack_recv,latency_ack,1316,C2_video_normal,C2_video_normal,91,normal,off,True,False,rtt=21.99ms
1779496328.9953148,ack_recv,latency_ack,1317,C2_video_normal,C2_video_normal,91,normal,off,True,False,rtt=15.92ms
1779496329.0889118,ack_recv,latency_ack,1318,C2_video_normal,C2_video_normal,91,normal,off,True,False,rtt=9.12ms
1779496329.1949625,ack_recv,latency_ack,1319,C2_video_normal,C2_video_normal,91,normal,off,True,False,rtt=14.65ms
1779496329.2897282,ack_recv,latency_ack,1320,C2_video_normal,C2_video_normal,91,normal,off,True,False,rtt=8.38ms
1779496329.4166594,ack_recv,latency_ack,1321,C2_video_normal,C2_video_normal,91,normal,off,True,False,rtt=34.53ms
1779496329.502309,ack_recv,latency_ack,1322,C2_video_normal,C2_video_normal,91,normal,off,True,False,rtt=18.69ms
1779496329.6014192,ack_recv,latency_ack,1323,C2_video_normal,C2_video_normal,91,normal,off,True,False,rtt=17.96ms
1779496329.706334,ack_recv,latency_ack,1324,C2_video_normal,C2_video_normal,91,normal,off,True,False,rtt=22.97ms
1779496329.797987,ack_recv,latency_ack,1325,C2_video_normal,C2_video_normal,91,normal,off,True,False,rtt=14.22ms
1779496329.93019,ack_recv,latency_ack,1326,C2_video_normal,C2_video_normal,91,normal,off,True,False,rtt=45.65ms
1779496330.0139306,ack_recv,latency_ack,1327,C2_video_normal,C2_video_normal,91,normal,off,True,False,rtt=28.54ms
1779496330.0969303,ack_recv,latency_ack,1328,C2_video_normal,C2_video_normal,91,normal,off,True,False,rtt=11.06ms
1779496330.2164345,ack_recv,latency_ack,1329,C2_video_normal,C2_video_normal,91,normal,off,True,False,rtt=30.13ms
1779496330.306902,ack_recv,latency_ack,1330,C2_video_normal,C2_video_normal,91,normal,off,True,False,rtt=20.04ms
1779496330.4049451,ack_recv,latency_ack,1331,C2_video_normal,C2_video_normal,91,normal,off,True,False,rtt=17.41ms
1779496330.4922884,ack_recv,latency_ack,1332,C2_video_normal,C2_video_normal,91,normal,off,True,False,rtt=4.20ms
1779496330.6479297,ack_recv,latency_ack,1333,C2_video_normal,C2_video_normal,91,normal,off,True,False,rtt=58.89ms
1779496330.7354665,ack_recv,latency_ack,1334,C2_video_normal,C2_video_normal,91,normal,off,True,False,rtt=45.89ms
1779496330.819983,ack_recv,latency_ack,1335,C2_video_normal,C2_video_normal,91,normal,off,True,False,rtt=29.79ms
1779496330.9141057,ack_recv,latency_ack,1336,C2_video_normal,C2_video_normal,91,normal,off,True,False,rtt=23.05ms
1779496331.0220227,ack_recv,latency_ack,1337,C2_video_normal,C2_video_normal,91,normal,off,True,False,rtt=30.56ms
1779496331.1128955,ack_recv,latency_ack,1338,C2_video_normal,C2_video_normal,91,normal,off,True,False,rtt=21.35ms
1779496331.2051845,ack_recv,latency_ack,1339,C2_video_normal,C2_video_normal,91,normal,off,True,False,rtt=12.77ms
1779496331.2984607,ack_recv,latency_ack,1340,C2_video_normal,C2_video_normal,91,normal,off,True,False,rtt=5.25ms
1779496331.4304743,ack_recv,latency_ack,1341,C2_video_normal,C2_video_normal,91,normal,off,True,False,rtt=36.54ms
1779496331.5164707,ack_recv,latency_ack,1342,C2_video_normal,C2_video_normal,91,normal,off,True,False,rtt=21.72ms
1779496331.6077137,ack_recv,latency_ack,1343,C2_video_normal,C2_video_normal,91,normal,off,True,False,rtt=12.31ms
1779496331.703693,ack_recv,latency_ack,1344,C2_video_normal,C2_video_normal,91,normal,off,True,False,rtt=8.10ms
1779496331.8100562,ack_recv,latency_ack,1345,C2_video_normal,C2_video_normal,91,normal,off,True,False,rtt=14.02ms
1779496331.9022675,ack_recv,latency_ack,1346,C2_video_normal,C2_video_normal,91,normal,off,True,False,rtt=5.77ms
1779496332.0139928,ack_recv,latency_ack,1347,C2_video_normal,C2_video_normal,91,normal,off,True,False,rtt=16.65ms
1779496332.1106224,ack_recv,latency_ack,1348,C2_video_normal,C2_video_normal,91,normal,off,True,False,rtt=12.95ms
1779496332.2149873,ack_recv,latency_ack,1349,C2_video_normal,C2_video_normal,91,normal,off,True,False,rtt=17.16ms
1779496332.3246763,ack_recv,latency_ack,1350,C2_video_normal,C2_video_normal,91,normal,off,True,False,rtt=26.30ms
1779496332.4129205,ack_recv,latency_ack,1351,C2_video_normal,C2_video_normal,91,normal,off,True,False,rtt=14.15ms
1779496332.5173497,ack_recv,latency_ack,1352,C2_video_normal,C2_video_normal,91,normal,off,True,False,rtt=18.16ms
1779496332.6091197,ack_recv,latency_ack,1353,C2_video_normal,C2_video_normal,91,normal,off,True,False,rtt=9.56ms
1779496332.7193334,ack_recv,latency_ack,1354,C2_video_normal,C2_video_normal,91,normal,off,True,False,rtt=18.52ms
1779496332.8105977,ack_recv,latency_ack,1355,C2_video_normal,C2_video_normal,91,normal,off,True,False,rtt=9.76ms
1779496332.9218912,ack_recv,latency_ack,1356,C2_video_normal,C2_video_normal,91,normal,off,True,False,rtt=20.25ms
1779496333.0648382,ack_recv,latency_ack,1357,C2_video_normal,C2_video_normal,91,normal,off,True,False,rtt=63.03ms
1779496333.1501057,ack_recv,latency_ack,1358,C2_video_normal,C2_video_normal,91,normal,off,True,False,rtt=47.82ms
1779496333.2303188,ack_recv,latency_ack,1359,C2_video_normal,C2_video_normal,91,normal,off,True,False,rtt=27.76ms
1779496333.325529,ack_recv,latency_ack,1360,C2_video_normal,C2_video_normal,91,normal,off,True,False,rtt=22.81ms
1779496333.4139943,ack_recv,latency_ack,1361,C2_video_normal,C2_video_normal,91,normal,off,True,False,rtt=10.35ms
1779496333.5247931,ack_recv,latency_ack,1362,C2_video_normal,C2_video_normal,91,normal,off,True,False,rtt=20.58ms
1779496333.6137488,ack_recv,latency_ack,1363,C2_video_normal,C2_video_normal,91,normal,off,True,False,rtt=9.09ms
1779496333.7267427,ack_recv,latency_ack,1364,C2_video_normal,C2_video_normal,91,normal,off,True,False,rtt=21.89ms
1779496333.8191428,ack_recv,latency_ack,1365,C2_video_normal,C2_video_normal,91,normal,off,True,False,rtt=13.96ms
1779496333.9140546,ack_recv,latency_ack,1366,C2_video_normal,C2_video_normal,91,normal,off,True,False,rtt=8.63ms
1779496334.0190759,ack_recv,latency_ack,1367,C2_video_normal,C2_video_normal,91,normal,off,True,False,rtt=13.31ms
1779496334.1116905,ack_recv,latency_ack,1368,C2_video_normal,C2_video_normal,91,normal,off,True,False,rtt=5.53ms
1779496334.2914805,ack_recv,latency_ack,1369,C2_video_normal,C2_video_normal,91,normal,off,True,False,rtt=85.12ms
1779496334.33142,ack_recv,latency_ack,1370,C2_video_normal,C2_video_normal,91,normal,off,True,False,rtt=24.55ms
1779496334.4453888,ack_recv,latency_ack,1371,C2_video_normal,C2_video_normal,91,normal,off,True,False,rtt=37.94ms
1779496334.5271983,ack_recv,latency_ack,1372,C2_video_normal,C2_video_normal,91,normal,off,True,False,rtt=19.48ms
1779496334.6253595,ack_recv,latency_ack,1373,C2_video_normal,C2_video_normal,91,normal,off,True,False,rtt=17.39ms
1779496334.7189095,ack_recv,latency_ack,1374,C2_video_normal,C2_video_normal,91,normal,off,True,False,rtt=10.56ms
1779496334.8255994,ack_recv,latency_ack,1375,C2_video_normal,C2_video_normal,91,normal,off,True,False,rtt=16.91ms
1779496334.9178228,ack_recv,latency_ack,1376,C2_video_normal,C2_video_normal,91,normal,off,True,False,rtt=8.63ms
1779496335.0274851,ack_recv,latency_ack,1377,C2_video_normal,C2_video_normal,91,normal,off,True,False,rtt=17.83ms
1779496335.12359,ack_recv,latency_ack,1378,C2_video_normal,C2_video_normal,91,normal,off,True,False,rtt=13.66ms
1779496335.2285051,ack_recv,latency_ack,1379,C2_video_normal,C2_video_normal,91,normal,off,True,False,rtt=18.25ms
1779496335.320843,ack_recv,latency_ack,1380,C2_video_normal,C2_video_normal,91,normal,off,True,False,rtt=10.25ms
1779496335.4301844,ack_recv,latency_ack,1381,C2_video_normal,C2_video_normal,91,normal,off,True,False,rtt=19.44ms
1779496335.5231266,ack_recv,latency_ack,1382,C2_video_normal,C2_video_normal,91,normal,off,True,False,rtt=11.84ms
1779496335.631827,ack_recv,latency_ack,1383,C2_video_normal,C2_video_normal,91,normal,off,True,False,rtt=19.67ms
1779496335.7269053,ack_recv,latency_ack,1384,C2_video_normal,C2_video_normal,91,normal,off,True,False,rtt=14.35ms
1779496335.8220422,ack_recv,latency_ack,1385,C2_video_normal,C2_video_normal,91,normal,off,True,False,rtt=8.94ms
1779496335.9310095,ack_recv,latency_ack,1386,C2_video_normal,C2_video_normal,91,normal,off,True,False,rtt=17.65ms
1779496336.020744,ack_recv,latency_ack,1387,C2_video_normal,C2_video_normal,91,normal,off,True,False,rtt=6.65ms
1779496336.1780534,ack_recv,latency_ack,1388,C2_video_normal,C2_video_normal,91,normal,off,True,False,rtt=63.50ms
1779496336.2647643,ack_recv,latency_ack,1389,C2_video_normal,C2_video_normal,91,normal,off,True,False,rtt=49.42ms
1779496336.3518229,ack_recv,latency_ack,1390,C2_video_normal,C2_video_normal,91,normal,off,True,False,rtt=35.96ms
1779496336.4501321,ack_recv,latency_ack,1391,C2_video_normal,C2_video_normal,91,normal,off,True,False,rtt=34.06ms
1779496336.5353065,ack_recv,latency_ack,1392,C2_video_normal,C2_video_normal,91,normal,off,True,False,rtt=18.70ms
1779496336.6226702,ack_recv,latency_ack,1393,C2_video_normal,C2_video_normal,91,normal,off,True,False,rtt=5.45ms
1779496336.732915,ack_recv,latency_ack,1394,C2_video_normal,C2_video_normal,91,normal,off,True,False,rtt=15.46ms
1779496336.8286893,ack_recv,latency_ack,1395,C2_video_normal,C2_video_normal,91,normal,off,True,False,rtt=10.76ms
1779496336.933447,ack_recv,latency_ack,1396,C2_video_normal,C2_video_normal,91,normal,off,True,False,rtt=14.83ms
1779496337.0244699,ack_recv,latency_ack,1397,C2_video_normal,C2_video_normal,91,normal,off,True,False,rtt=5.67ms
1779496337.132611,ack_recv,latency_ack,1398,C2_video_normal,C2_video_normal,91,normal,off,True,False,rtt=13.47ms
1779496337.2409174,ack_recv,latency_ack,1399,C2_video_normal,C2_video_normal,91,normal,off,True,False,rtt=21.24ms
1779496337.326443,ack_recv,latency_ack,1400,C2_video_normal,C2_video_normal,91,normal,off,True,False,rtt=6.11ms
1779496337.4273665,ack_recv,latency_ack,1401,C2_video_normal,C2_video_normal,91,normal,off,True,False,rtt=6.47ms
1779496337.5371852,ack_recv,latency_ack,1402,C2_video_normal,C2_video_normal,91,normal,off,True,False,rtt=15.58ms
1779496337.6295922,ack_recv,latency_ack,1403,C2_video_normal,C2_video_normal,91,normal,off,True,False,rtt=7.64ms
1779496337.7390637,ack_recv,latency_ack,1404,C2_video_normal,C2_video_normal,91,normal,off,True,False,rtt=16.45ms
1779496337.8427274,ack_recv,latency_ack,1405,C2_video_normal,C2_video_normal,91,normal,off,True,False,rtt=19.86ms
1779496337.937995,ack_recv,latency_ack,1406,C2_video_normal,C2_video_normal,91,normal,off,True,False,rtt=14.81ms
1779496338.0353348,ack_recv,latency_ack,1407,C2_video_normal,C2_video_normal,91,normal,off,True,False,rtt=11.52ms
1779496338.1371195,ack_recv,latency_ack,1408,C2_video_normal,C2_video_normal,91,normal,off,True,False,rtt=13.06ms
1779496338.23044,ack_recv,latency_ack,1409,C2_video_normal,C2_video_normal,91,normal,off,True,False,rtt=5.96ms
1779496338.3465774,ack_recv,latency_ack,1410,C2_video_normal,C2_video_normal,91,normal,off,True,False,rtt=21.91ms
1779496338.433597,ack_recv,latency_ack,1411,C2_video_normal,C2_video_normal,91,normal,off,True,False,rtt=8.54ms
1779496338.5385587,ack_recv,latency_ack,1412,C2_video_normal,C2_video_normal,91,normal,off,True,False,rtt=12.88ms
1779496338.64797,ack_recv,latency_ack,1413,C2_video_normal,C2_video_normal,91,normal,off,True,False,rtt=21.64ms
1779496338.75406,ack_recv,latency_ack,1414,C2_video_normal,C2_video_normal,91,normal,off,True,False,rtt=27.17ms
1779496338.8464963,ack_recv,latency_ack,1415,C2_video_normal,C2_video_normal,91,normal,off,True,False,rtt=18.63ms
1779496338.9451308,ack_recv,latency_ack,1416,C2_video_normal,C2_video_normal,91,normal,off,True,False,rtt=16.77ms
1779496339.0500486,ack_recv,latency_ack,1417,C2_video_normal,C2_video_normal,91,normal,off,True,False,rtt=21.50ms
1779496339.1400259,ack_recv,latency_ack,1418,C2_video_normal,C2_video_normal,91,normal,off,True,False,rtt=10.00ms
1779496339.2499955,ack_recv,latency_ack,1419,C2_video_normal,C2_video_normal,91,normal,off,True,False,rtt=20.58ms
1779496339.3433871,ack_recv,latency_ack,1420,C2_video_normal,C2_video_normal,91,normal,off,True,False,rtt=13.15ms
1779496339.4509218,ack_recv,latency_ack,1421,C2_video_normal,C2_video_normal,91,normal,off,True,False,rtt=19.94ms
1779496339.5470366,ack_recv,latency_ack,1422,C2_video_normal,C2_video_normal,91,normal,off,True,False,rtt=15.65ms
1779496339.6405928,ack_recv,latency_ack,1423,C2_video_normal,C2_video_normal,91,normal,off,True,False,rtt=8.85ms
1779496339.752369,ack_recv,latency_ack,1424,C2_video_normal,C2_video_normal,91,normal,off,True,False,rtt=20.00ms
1779496339.8419259,ack_recv,latency_ack,1425,C2_video_normal,C2_video_normal,91,normal,off,True,False,rtt=8.72ms
1779496339.947941,ack_recv,latency_ack,1426,C2_video_normal,C2_video_normal,91,normal,off,True,False,rtt=13.94ms
1779496340.0443861,ack_recv,latency_ack,1427,C2_video_normal,C2_video_normal,91,normal,off,True,False,rtt=9.84ms
1779496340.1502852,ack_recv,latency_ack,1428,C2_video_normal,C2_video_normal,91,normal,off,True,False,rtt=14.93ms
1779496340.2445278,ack_recv,latency_ack,1429,C2_video_normal,C2_video_normal,91,normal,off,True,False,rtt=9.09ms
1779496340.351591,ack_recv,latency_ack,1430,C2_video_normal,C2_video_normal,91,normal,off,True,False,rtt=15.79ms
1779496340.4502664,ack_recv,latency_ack,1431,C2_video_normal,C2_video_normal,91,normal,off,True,False,rtt=14.01ms
1779496340.5571067,ack_recv,latency_ack,1432,C2_video_normal,C2_video_normal,91,normal,off,True,False,rtt=20.29ms
1779496340.6478477,ack_recv,latency_ack,1433,C2_video_normal,C2_video_normal,91,normal,off,True,False,rtt=10.82ms
1779496340.7574382,ack_recv,latency_ack,1434,C2_video_normal,C2_video_normal,91,normal,off,True,False,rtt=19.52ms
1779496340.8507228,ack_recv,latency_ack,1435,C2_video_normal,C2_video_normal,91,normal,off,True,False,rtt=12.14ms
1779496340.9442267,ack_recv,latency_ack,1436,C2_video_normal,C2_video_normal,91,normal,off,True,False,rtt=5.38ms
1779496341.053761,ack_recv,latency_ack,1437,C2_video_normal,C2_video_normal,91,normal,off,True,False,rtt=13.98ms
1779496341.2110553,ack_recv,latency_ack,1438,C2_video_normal,C2_video_normal,91,normal,off,True,False,rtt=70.73ms
1779496341.3017852,ack_recv,latency_ack,1439,C2_video_normal,C2_video_normal,91,normal,off,True,False,rtt=60.44ms
1779496341.3478708,ack_recv,latency_ack,1440,C2_video_normal,C2_video_normal,91,normal,off,True,False,rtt=6.37ms
1779496341.458223,ack_recv,latency_ack,1441,C2_video_normal,C2_video_normal,91,normal,off,True,False,rtt=16.21ms
1779496341.5504153,ack_recv,latency_ack,1442,C2_video_normal,C2_video_normal,91,normal,off,True,False,rtt=7.94ms
1779496341.7084196,ack_recv,latency_ack,1443,C2_video_normal,C2_video_normal,91,normal,off,True,False,rtt=65.41ms
1779496341.7948363,ack_recv,latency_ack,1444,C2_video_normal,C2_video_normal,91,normal,off,True,False,rtt=51.63ms
1779496341.8793495,ack_recv,latency_ack,1445,C2_video_normal,C2_video_normal,91,normal,off,True,False,rtt=35.72ms
1779496341.9666345,ack_recv,latency_ack,1446,C2_video_normal,C2_video_normal,91,normal,off,True,False,rtt=22.62ms
1779496342.0623543,ack_recv,latency_ack,1447,C2_video_normal,C2_video_normal,91,normal,off,True,False,rtt=17.59ms
1779496342.1552603,ack_recv,latency_ack,1448,C2_video_normal,C2_video_normal,91,normal,off,True,False,rtt=10.18ms
1779496342.2674024,ack_recv,latency_ack,1449,C2_video_normal,C2_video_normal,91,normal,off,True,False,rtt=22.03ms
1779496342.3579247,ack_recv,latency_ack,1450,C2_video_normal,C2_video_normal,91,normal,off,True,False,rtt=12.19ms
1779496342.4656138,ack_recv,latency_ack,1451,C2_video_normal,C2_video_normal,91,normal,off,True,False,rtt=19.20ms
1779496342.5541697,ack_recv,latency_ack,1452,C2_video_normal,C2_video_normal,91,normal,off,True,False,rtt=7.59ms
1779496342.6652155,ack_recv,latency_ack,1453,C2_video_normal,C2_video_normal,91,normal,off,True,False,rtt=18.11ms
1779496342.7574592,ack_recv,latency_ack,1454,C2_video_normal,C2_video_normal,91,normal,off,True,False,rtt=10.12ms
1779496342.8626356,ack_recv,latency_ack,1455,C2_video_normal,C2_video_normal,91,normal,off,True,False,rtt=14.99ms
1779496342.9538069,ack_recv,latency_ack,1456,C2_video_normal,C2_video_normal,91,normal,off,True,False,rtt=5.64ms
1779496343.0600603,ack_recv,latency_ack,1457,C2_video_normal,C2_video_normal,91,normal,off,True,False,rtt=11.26ms
1779496343.167252,ack_recv,latency_ack,1458,C2_video_normal,C2_video_normal,91,normal,off,True,False,rtt=18.29ms
1779496343.260907,ack_recv,latency_ack,1459,C2_video_normal,C2_video_normal,91,normal,off,True,False,rtt=11.44ms
1779496343.372512,ack_recv,latency_ack,1460,C2_video_normal,C2_video_normal,91,normal,off,True,False,rtt=22.20ms
1779496343.4685678,ack_recv,latency_ack,1461,C2_video_normal,C2_video_normal,91,normal,off,True,False,rtt=17.51ms
1779496343.5599344,ack_recv,latency_ack,1462,C2_video_normal,C2_video_normal,91,normal,off,True,False,rtt=8.46ms
1779496343.6672106,ack_recv,latency_ack,1463,C2_video_normal,C2_video_normal,91,normal,off,True,False,rtt=14.77ms
1779496343.7604036,ack_recv,latency_ack,1464,C2_video_normal,C2_video_normal,91,normal,off,True,False,rtt=7.52ms
1779496343.8678298,ack_recv,latency_ack,1465,C2_video_normal,C2_video_normal,91,normal,off,True,False,rtt=14.27ms
1779496343.9609554,ack_recv,latency_ack,1466,C2_video_normal,C2_video_normal,91,normal,off,True,False,rtt=6.59ms
1779496344.0724473,ack_recv,latency_ack,1467,C2_video_normal,C2_video_normal,91,normal,off,True,False,rtt=17.54ms
1779496344.1637936,ack_recv,latency_ack,1468,C2_video_normal,C2_video_normal,91,normal,off,True,False,rtt=8.24ms
1779496344.2732885,ack_recv,latency_ack,1469,C2_video_normal,C2_video_normal,91,normal,off,True,False,rtt=17.27ms
1779496344.3622084,ack_recv,latency_ack,1470,C2_video_normal,C2_video_normal,91,normal,off,True,False,rtt=5.70ms
1779496344.4708223,ack_recv,latency_ack,1471,C2_video_normal,C2_video_normal,91,normal,off,True,False,rtt=14.05ms
1779496344.5669014,ack_recv,latency_ack,1472,C2_video_normal,C2_video_normal,91,normal,off,True,False,rtt=9.57ms
1779496344.6738346,ack_recv,latency_ack,1473,C2_video_normal,C2_video_normal,91,normal,off,True,False,rtt=15.98ms
1779496344.7810798,ack_recv,latency_ack,1474,C2_video_normal,C2_video_normal,91,normal,off,True,False,rtt=22.99ms
1779496344.8736043,ack_recv,latency_ack,1475,C2_video_normal,C2_video_normal,91,normal,off,True,False,rtt=13.34ms
1779496344.9803603,ack_recv,latency_ack,1476,C2_video_normal,C2_video_normal,91,normal,off,True,False,rtt=20.50ms
1779496345.0729485,ack_recv,latency_ack,1477,C2_video_normal,C2_video_normal,91,normal,off,True,False,rtt=12.03ms
1779496345.1798236,ack_recv,latency_ack,1478,C2_video_normal,C2_video_normal,91,normal,off,True,False,rtt=18.33ms
1779496345.2730439,ack_recv,latency_ack,1479,C2_video_normal,C2_video_normal,91,normal,off,True,False,rtt=11.31ms
1779496345.4130058,ack_recv,latency_ack,1480,C2_video_normal,C2_video_normal,91,normal,off,True,False,rtt=50.67ms
1779496345.49882,ack_recv,latency_ack,1481,C2_video_normal,C2_video_normal,91,normal,off,True,False,rtt=35.55ms
1779496345.5823596,ack_recv,latency_ack,1482,C2_video_normal,C2_video_normal,91,normal,off,True,False,rtt=19.00ms
1779496345.6777701,ack_recv,latency_ack,1483,C2_video_normal,C2_video_normal,91,normal,off,True,False,rtt=14.11ms
1779496345.7798843,ack_recv,latency_ack,1484,C2_video_normal,C2_video_normal,91,normal,off,True,False,rtt=15.68ms
1779496345.8711677,ack_recv,latency_ack,1485,C2_video_normal,C2_video_normal,91,normal,off,True,False,rtt=6.35ms
1779496345.9813182,ack_recv,latency_ack,1486,C2_video_normal,C2_video_normal,91,normal,off,True,False,rtt=15.95ms
1779496346.0711756,ack_recv,latency_ack,1487,C2_video_normal,C2_video_normal,91,normal,off,True,False,rtt=5.34ms
1779496346.1837513,ack_recv,latency_ack,1488,C2_video_normal,C2_video_normal,91,normal,off,True,False,rtt=17.60ms
1779496346.2774987,ack_recv,latency_ack,1489,C2_video_normal,C2_video_normal,91,normal,off,True,False,rtt=10.75ms
1779496346.385825,ack_recv,latency_ack,1490,C2_video_normal,C2_video_normal,91,normal,off,True,False,rtt=18.55ms
1779496346.4787078,ack_recv,latency_ack,1491,C2_video_normal,C2_video_normal,91,normal,off,True,False,rtt=10.93ms
1779496346.589738,ack_recv,latency_ack,1492,C2_video_normal,C2_video_normal,91,normal,off,True,False,rtt=21.25ms
1779496346.6841383,ack_recv,latency_ack,1493,C2_video_normal,C2_video_normal,91,normal,off,True,False,rtt=15.40ms
1779496346.7903185,ack_recv,latency_ack,1494,C2_video_normal,C2_video_normal,91,normal,off,True,False,rtt=21.41ms
1779496346.8812594,ack_recv,latency_ack,1495,C2_video_normal,C2_video_normal,91,normal,off,True,False,rtt=11.74ms
1779496347.031952,ack_recv,latency_ack,1496,C2_video_normal,C2_video_normal,91,normal,off,True,False,rtt=61.78ms
1779496347.1219752,ack_recv,latency_ack,1497,C2_video_normal,C2_video_normal,91,normal,off,True,False,rtt=51.16ms
1779496347.2078242,ack_recv,latency_ack,1498,C2_video_normal,C2_video_normal,91,normal,off,True,False,rtt=36.90ms
1779496347.29136,ack_recv,latency_ack,1499,C2_video_normal,C2_video_normal,91,normal,off,True,False,rtt=19.73ms
1779496347.4415383,ack_recv,latency_ack,1500,C2_video_normal,C2_video_normal,91,normal,off,True,False,rtt=69.37ms
1779496347.5286345,ack_recv,latency_ack,1501,C2_video_normal,C2_video_normal,91,normal,off,True,False,rtt=55.54ms
1779496347.6130064,ack_recv,latency_ack,1502,C2_video_normal,C2_video_normal,91,normal,off,True,False,rtt=39.64ms
1779496347.7023273,ack_recv,latency_ack,1503,C2_video_normal,C2_video_normal,91,normal,off,True,False,rtt=28.12ms
1779496347.7939725,ack_recv,latency_ack,1504,C2_video_normal,C2_video_normal,91,normal,off,True,False,rtt=19.42ms
1779496347.892045,ack_recv,latency_ack,1505,C2_video_normal,C2_video_normal,91,normal,off,True,False,rtt=16.87ms
1779496348.019609,ack_recv,latency_ack,1506,C2_video_normal,C2_video_normal,91,normal,off,True,False,rtt=44.21ms
1779496348.1046681,ack_recv,latency_ack,1507,C2_video_normal,C2_video_normal,91,normal,off,True,False,rtt=28.65ms
1779496348.1817973,ack_recv,latency_ack,1508,C2_video_normal,C2_video_normal,91,normal,off,True,False,rtt=5.15ms
1779496348.289698,ack_recv,latency_ack,1509,C2_video_normal,C2_video_normal,91,normal,off,True,False,rtt=12.69ms
1779496348.3997455,ack_recv,latency_ack,1510,C2_video_normal,C2_video_normal,91,normal,off,True,False,rtt=22.28ms
1779496348.4899533,ack_recv,latency_ack,1511,C2_video_normal,C2_video_normal,91,normal,off,True,False,rtt=11.44ms
1779496348.5991864,ack_recv,latency_ack,1512,C2_video_normal,C2_video_normal,91,normal,off,True,False,rtt=20.11ms
1779496348.7031205,ack_recv,latency_ack,1513,C2_video_normal,C2_video_normal,91,normal,off,True,False,rtt=23.58ms
1779496348.799926,ack_recv,latency_ack,1514,C2_video_normal,C2_video_normal,91,normal,off,True,False,rtt=19.57ms
1779496348.8974588,ack_recv,latency_ack,1515,C2_video_normal,C2_video_normal,91,normal,off,True,False,rtt=16.01ms
1779496348.9942226,ack_recv,latency_ack,1516,C2_video_normal,C2_video_normal,91,normal,off,True,False,rtt=12.55ms
1779496349.138587,ack_recv,latency_ack,1517,C2_video_normal,C2_video_normal,91,normal,off,True,False,rtt=56.56ms
1779496349.1959703,ack_recv,latency_ack,1518,C2_video_normal,C2_video_normal,91,normal,off,True,False,rtt=13.24ms
1779496349.3107476,ack_recv,latency_ack,1519,C2_video_normal,C2_video_normal,91,normal,off,True,False,rtt=27.45ms
1779496349.3929436,ack_recv,latency_ack,1520,C2_video_normal,C2_video_normal,91,normal,off,True,False,rtt=9.15ms
1779496349.4994192,ack_recv,latency_ack,1521,C2_video_normal,C2_video_normal,91,normal,off,True,False,rtt=15.23ms
1779496349.5916343,ack_recv,latency_ack,1522,C2_video_normal,C2_video_normal,91,normal,off,True,False,rtt=6.61ms
1779496349.699453,ack_recv,latency_ack,1523,C2_video_normal,C2_video_normal,91,normal,off,True,False,rtt=13.89ms
1779496349.8065462,ack_recv,latency_ack,1524,C2_video_normal,C2_video_normal,91,normal,off,True,False,rtt=20.78ms
1779496349.898062,ack_recv,latency_ack,1525,C2_video_normal,C2_video_normal,91,normal,off,True,False,rtt=11.65ms
1779496349.99566,ack_recv,latency_ack,1526,C2_video_normal,C2_video_normal,91,normal,off,True,False,rtt=8.68ms
1779496350.1053147,ack_recv,latency_ack,1527,C2_video_normal,C2_video_normal,91,normal,off,True,False,rtt=17.85ms
1779496350.1976428,ack_recv,latency_ack,1528,C2_video_normal,C2_video_normal,91,normal,off,True,False,rtt=9.36ms
1779496350.3072236,ack_recv,latency_ack,1529,C2_video_normal,C2_video_normal,91,normal,off,True,False,rtt=18.31ms
1779496350.401676,ack_recv,latency_ack,1530,C2_video_normal,C2_video_normal,91,normal,off,True,False,rtt=11.81ms
1779496350.5069048,ack_recv,latency_ack,1531,C2_video_normal,C2_video_normal,91,normal,off,True,False,rtt=16.49ms
1779496350.6031115,ack_recv,latency_ack,1532,C2_video_normal,C2_video_normal,91,normal,off,True,False,rtt=12.29ms
1779496350.7075653,ack_recv,latency_ack,1533,C2_video_normal,C2_video_normal,91,normal,off,True,False,rtt=16.33ms
1779496350.7993996,ack_recv,latency_ack,1534,C2_video_normal,C2_video_normal,91,normal,off,True,False,rtt=7.59ms
1779496350.9068706,ack_recv,latency_ack,1535,C2_video_normal,C2_video_normal,91,normal,off,True,False,rtt=14.66ms
1779496350.999841,ack_recv,latency_ack,1536,C2_video_normal,C2_video_normal,91,normal,off,True,False,rtt=6.90ms
1779496351.1097784,ack_recv,latency_ack,1537,C2_video_normal,C2_video_normal,91,normal,off,True,False,rtt=16.29ms
1779496351.2051523,ack_recv,latency_ack,1538,C2_video_normal,C2_video_normal,91,normal,off,True,False,rtt=11.54ms
1779496351.316166,ack_recv,latency_ack,1539,C2_video_normal,C2_video_normal,91,normal,off,True,False,rtt=22.14ms
1779496351.4421718,ack_recv,latency_ack,1540,C2_video_normal,C2_video_normal,91,normal,off,True,False,rtt=47.59ms
1779496351.5604637,ack_recv,latency_ack,1541,C2_video_normal,C2_video_normal,91,normal,off,True,False,rtt=65.48ms
1779496351.662725,ack_recv,latency_ack,1542,C2_video_normal,C2_video_normal,91,normal,off,True,False,rtt=67.12ms
1779496351.7627473,ack_recv,latency_ack,1543,C2_video_normal,C2_video_normal,91,normal,off,True,False,rtt=65.95ms
1779496351.8487265,ack_recv,latency_ack,1544,C2_video_normal,C2_video_normal,91,normal,off,True,False,rtt=52.17ms
1779496351.910855,ack_recv,latency_ack,1545,C2_video_normal,C2_video_normal,91,normal,off,True,False,rtt=13.74ms
1779496352.0273504,ack_recv,latency_ack,1546,C2_video_normal,C2_video_normal,91,normal,off,True,False,rtt=29.61ms
1779496352.1174407,ack_recv,latency_ack,1547,C2_video_normal,C2_video_normal,91,normal,off,True,False,rtt=19.29ms
1779496352.2185557,ack_recv,latency_ack,1548,C2_video_normal,C2_video_normal,91,normal,off,True,False,rtt=19.98ms
1779496352.313287,ack_recv,latency_ack,1549,C2_video_normal,C2_video_normal,91,normal,off,True,False,rtt=14.42ms
1779496352.4073668,ack_recv,latency_ack,1550,C2_video_normal,C2_video_normal,91,normal,off,True,False,rtt=8.34ms
1779496352.514892,ack_recv,latency_ack,1551,C2_video_normal,C2_video_normal,91,normal,off,True,False,rtt=15.56ms
1779496352.6105447,ack_recv,latency_ack,1552,C2_video_normal,C2_video_normal,91,normal,off,True,False,rtt=10.99ms
1779496352.7227879,ack_recv,latency_ack,1553,C2_video_normal,C2_video_normal,91,normal,off,True,False,rtt=22.54ms
1779496352.8122184,ack_recv,latency_ack,1554,C2_video_normal,C2_video_normal,91,normal,off,True,False,rtt=11.62ms
1779496352.907749,ack_recv,latency_ack,1555,C2_video_normal,C2_video_normal,91,normal,off,True,False,rtt=6.44ms
1779496353.0160446,ack_recv,latency_ack,1556,C2_video_normal,C2_video_normal,91,normal,off,True,False,rtt=14.24ms
1779496353.1208756,ack_recv,latency_ack,1557,C2_video_normal,C2_video_normal,91,normal,off,True,False,rtt=18.65ms
1779496353.2179074,ack_recv,latency_ack,1558,C2_video_normal,C2_video_normal,91,normal,off,True,False,rtt=15.17ms
1779496353.3118289,ack_recv,latency_ack,1559,C2_video_normal,C2_video_normal,91,normal,off,True,False,rtt=8.39ms
1779496353.4215722,ack_recv,latency_ack,1560,C2_video_normal,C2_video_normal,91,normal,off,True,False,rtt=17.70ms
1779496353.5122242,ack_recv,latency_ack,1561,C2_video_normal,C2_video_normal,91,normal,off,True,False,rtt=7.46ms
1779496353.6242378,ack_recv,latency_ack,1562,C2_video_normal,C2_video_normal,91,normal,off,True,False,rtt=18.91ms
1779496353.7153485,ack_recv,latency_ack,1563,C2_video_normal,C2_video_normal,91,normal,off,True,False,rtt=9.25ms
1779496353.8235984,ack_recv,latency_ack,1564,C2_video_normal,C2_video_normal,91,normal,off,True,False,rtt=17.35ms
1779496353.9268568,ack_recv,latency_ack,1565,C2_video_normal,C2_video_normal,91,normal,off,True,False,rtt=20.11ms
1779496354.0199194,ack_recv,latency_ack,1566,C2_video_normal,C2_video_normal,91,normal,off,True,False,rtt=12.90ms
1779496354.1317277,ack_recv,latency_ack,1567,C2_video_normal,C2_video_normal,91,normal,off,True,False,rtt=24.11ms
1779496354.2221282,ack_recv,latency_ack,1568,C2_video_normal,C2_video_normal,91,normal,off,True,False,rtt=14.07ms
1779496354.327066,ack_recv,latency_ack,1569,C2_video_normal,C2_video_normal,91,normal,off,True,False,rtt=18.30ms
1779496354.4573193,ack_recv,latency_ack,1570,C2_video_normal,C2_video_normal,91,normal,off,True,False,rtt=48.34ms
1779496354.5289233,ack_recv,latency_ack,1571,C2_video_normal,C2_video_normal,91,normal,off,True,False,rtt=19.43ms
1779496354.6242015,ack_recv,latency_ack,1572,C2_video_normal,C2_video_normal,91,normal,off,True,False,rtt=13.91ms
1779496354.7299004,ack_recv,latency_ack,1573,C2_video_normal,C2_video_normal,91,normal,off,True,False,rtt=19.22ms
1779496354.8241024,ack_recv,latency_ack,1574,C2_video_normal,C2_video_normal,91,normal,off,True,False,rtt=12.85ms
1779496354.9343216,ack_recv,latency_ack,1575,C2_video_normal,C2_video_normal,91,normal,off,True,False,rtt=22.28ms
1779496355.0222006,ack_recv,latency_ack,1576,C2_video_normal,C2_video_normal,91,normal,off,True,False,rtt=9.67ms
1779496355.1280012,ack_recv,latency_ack,1577,C2_video_normal,C2_video_normal,91,normal,off,True,False,rtt=15.02ms
1779496355.22369,ack_recv,latency_ack,1578,C2_video_normal,C2_video_normal,91,normal,off,True,False,rtt=10.23ms
1779496355.3319614,ack_recv,latency_ack,1579,C2_video_normal,C2_video_normal,91,normal,off,True,False,rtt=18.19ms
1779496355.4302635,ack_recv,latency_ack,1580,C2_video_normal,C2_video_normal,91,normal,off,True,False,rtt=15.72ms
1779496355.5313563,ack_recv,latency_ack,1581,C2_video_normal,C2_video_normal,91,normal,off,True,False,rtt=16.62ms
1779496355.6207192,ack_recv,latency_ack,1582,C2_video_normal,C2_video_normal,91,normal,off,True,False,rtt=5.72ms
1779496355.7291763,ack_recv,latency_ack,1583,C2_video_normal,C2_video_normal,91,normal,off,True,False,rtt=13.99ms
1779496355.826118,ack_recv,latency_ack,1584,C2_video_normal,C2_video_normal,91,normal,off,True,False,rtt=10.76ms
1779496355.9614098,ack_recv,latency_ack,1585,C2_video_normal,C2_video_normal,91,normal,off,True,False,rtt=45.54ms
1779496356.0480566,ack_recv,latency_ack,1586,C2_video_normal,C2_video_normal,91,normal,off,True,False,rtt=31.85ms
1779496356.146388,ack_recv,latency_ack,1587,C2_video_normal,C2_video_normal,91,normal,off,True,False,rtt=29.75ms
1779496356.2318814,ack_recv,latency_ack,1588,C2_video_normal,C2_video_normal,91,normal,off,True,False,rtt=14.62ms
1779496356.3283134,ack_recv,latency_ack,1589,C2_video_normal,C2_video_normal,91,normal,off,True,False,rtt=10.80ms
1779496356.4392285,ack_recv,latency_ack,1590,C2_video_normal,C2_video_normal,91,normal,off,True,False,rtt=21.40ms
1779496356.5278945,ack_recv,latency_ack,1591,C2_video_normal,C2_video_normal,91,normal,off,True,False,rtt=9.31ms
1779496356.6350322,ack_recv,latency_ack,1592,C2_video_normal,C2_video_normal,91,normal,off,True,False,rtt=15.51ms
1779496356.7293653,ack_recv,latency_ack,1593,C2_video_normal,C2_video_normal,91,normal,off,True,False,rtt=7.89ms
1779496356.835391,ack_recv,latency_ack,1594,C2_video_normal,C2_video_normal,91,normal,off,True,False,rtt=14.63ms
1779496356.9330962,ack_recv,latency_ack,1595,C2_video_normal,C2_video_normal,91,normal,off,True,False,rtt=12.14ms
1779496357.098153,ack_recv,latency_ack,1596,C2_video_normal,C2_video_normal,91,normal,off,True,False,rtt=76.54ms
1779496357.1340513,ack_recv,latency_ack,1597,C2_video_normal,C2_video_normal,91,normal,off,True,False,rtt=11.92ms
1779496357.241197,ack_recv,latency_ack,1598,C2_video_normal,C2_video_normal,91,normal,off,True,False,rtt=18.52ms
1779496357.3992493,ack_recv,latency_ack,1599,C2_video_normal,C2_video_normal,91,normal,off,True,False,rtt=76.10ms
1779496357.5263495,ack_recv,latency_ack,1600,C2_video_normal,C2_video_normal,91,normal,off,True,False,rtt=102.81ms
1779496357.5788667,ack_recv,latency_ack,1601,C2_video_normal,C2_video_normal,91,normal,off,True,False,rtt=55.06ms
1779496357.6750593,ack_recv,latency_ack,1602,C2_video_normal,C2_video_normal,91,normal,off,True,False,rtt=51.03ms
1779496357.7593946,ack_recv,latency_ack,1603,C2_video_normal,C2_video_normal,91,normal,off,True,False,rtt=35.01ms
1779496357.8495517,ack_recv,latency_ack,1604,C2_video_normal,C2_video_normal,91,normal,off,True,False,rtt=24.65ms
1779496357.9578245,ack_recv,latency_ack,1605,C2_video_normal,C2_video_normal,91,normal,off,True,False,rtt=32.39ms
1779496358.0419796,ack_recv,latency_ack,1606,C2_video_normal,C2_video_normal,91,normal,off,True,False,rtt=16.40ms
1779496358.138673,ack_recv,latency_ack,1607,C2_video_normal,C2_video_normal,91,normal,off,True,False,rtt=12.81ms
1779496358.295483,ack_recv,latency_ack,1608,C2_video_normal,C2_video_normal,91,normal,off,True,False,rtt=69.03ms
1779496358.381302,ack_recv,latency_ack,1609,C2_video_normal,C2_video_normal,91,normal,off,True,False,rtt=54.44ms
1779496358.4996357,ack_recv,latency_ack,1610,C2_video_normal,C2_video_normal,91,normal,off,True,False,rtt=72.64ms
1779496358.5542934,ack_recv,latency_ack,1611,C2_video_normal,C2_video_normal,91,normal,off,True,False,rtt=27.07ms
1779496358.6661718,ack_recv,latency_ack,1612,C2_video_normal,C2_video_normal,91,normal,off,True,False,rtt=38.84ms
1779496358.7493453,ack_recv,latency_ack,1613,C2_video_normal,C2_video_normal,91,normal,off,True,False,rtt=21.58ms
1779496358.8445997,ack_recv,latency_ack,1614,C2_video_normal,C2_video_normal,91,normal,off,True,False,rtt=16.64ms
1779496358.956271,ack_recv,latency_ack,1615,C2_video_normal,C2_video_normal,91,normal,off,True,False,rtt=27.51ms
1779496359.1189601,ack_recv,latency_ack,1616,C2_video_normal,C2_video_normal,91,normal,off,True,False,rtt=89.92ms
1779496359.1403275,ack_recv,latency_ack,1617,C2_video_normal,C2_video_normal,91,normal,off,True,False,rtt=11.13ms
1779496359.2468321,ack_recv,latency_ack,1618,C2_video_normal,C2_video_normal,91,normal,off,True,False,rtt=17.13ms
1779496359.367362,ack_recv,latency_ack,1619,C2_video_normal,C2_video_normal,91,normal,off,True,False,rtt=37.27ms
1779496359.4476223,ack_recv,latency_ack,1620,C2_video_normal,C2_video_normal,91,normal,off,True,False,rtt=17.33ms
1779496359.5435488,ack_recv,latency_ack,1621,C2_video_normal,C2_video_normal,91,normal,off,True,False,rtt=12.93ms
1779496359.6388235,ack_recv,latency_ack,1622,C2_video_normal,C2_video_normal,91,normal,off,True,False,rtt=7.56ms
1779496359.8094654,ack_recv,latency_ack,1623,C2_video_normal,C2_video_normal,91,normal,off,True,False,rtt=77.11ms
1779496359.8430073,ack_recv,latency_ack,1624,C2_video_normal,C2_video_normal,91,normal,off,True,False,rtt=10.10ms
1779496359.9518888,ack_recv,latency_ack,1625,C2_video_normal,C2_video_normal,91,normal,off,True,False,rtt=18.61ms
1779496360.043614,ack_recv,latency_ack,1626,C2_video_normal,C2_video_normal,91,normal,off,True,False,rtt=9.70ms
1779496360.1804883,ack_recv,latency_ack,1627,C2_video_normal,C2_video_normal,91,normal,off,True,False,rtt=45.92ms
1779496360.2582045,ack_recv,latency_ack,1628,C2_video_normal,C2_video_normal,91,normal,off,True,False,rtt=23.02ms
1779496360.3512976,ack_recv,latency_ack,1629,C2_video_normal,C2_video_normal,91,normal,off,True,False,rtt=14.91ms
1779496360.4607482,ack_recv,latency_ack,1630,C2_video_normal,C2_video_normal,91,normal,off,True,False,rtt=24.23ms
1779496360.6486528,ack_recv,latency_ack,1631,C2_video_normal,C2_video_normal,91,normal,off,True,False,rtt=111.47ms
1779496360.6516826,ack_recv,latency_ack,1632,C2_video_normal,C2_video_normal,91,normal,off,True,False,rtt=14.04ms
1779496360.8015766,ack_recv,latency_ack,1633,C2_video_normal,C2_video_normal,91,normal,off,True,False,rtt=63.55ms
1779496360.8808043,ack_recv,latency_ack,1634,C2_video_normal,C2_video_normal,91,normal,off,True,False,rtt=41.94ms
1779496360.9803603,ack_recv,latency_ack,1635,C2_video_normal,C2_video_normal,91,normal,off,True,False,rtt=41.01ms
1779496361.082454,ack_recv,latency_ack,1636,C2_video_normal,C2_video_normal,91,normal,off,True,False,rtt=42.48ms
1779496361.2147546,ack_recv,latency_ack,1637,C2_video_normal,C2_video_normal,91,normal,off,True,False,rtt=74.22ms
1779496361.2788436,ack_recv,latency_ack,1638,C2_video_normal,C2_video_normal,91,normal,off,True,False,rtt=37.75ms
1779496361.385232,ack_recv,latency_ack,1639,C2_video_normal,C2_video_normal,91,normal,off,True,False,rtt=43.19ms
1779496361.4809525,ack_recv,latency_ack,1640,C2_video_normal,C2_video_normal,91,normal,off,True,False,rtt=38.75ms
1779496361.5797877,ack_recv,latency_ack,1641,C2_video_normal,C2_video_normal,91,normal,off,True,False,rtt=37.30ms
1779496361.677444,ack_recv,latency_ack,1642,C2_video_normal,C2_video_normal,91,normal,off,True,False,rtt=34.63ms
1779496361.7734523,ack_recv,latency_ack,1643,C2_video_normal,C2_video_normal,91,normal,off,True,False,rtt=30.40ms
1779496361.8689678,ack_recv,latency_ack,1644,C2_video_normal,C2_video_normal,91,normal,off,True,False,rtt=25.00ms
1779496362.0091133,ack_recv,latency_ack,1645,C2_video_normal,C2_video_normal,91,normal,off,True,False,rtt=64.58ms
1779496362.0953293,ack_recv,latency_ack,1646,C2_video_normal,C2_video_normal,91,normal,off,True,False,rtt=50.58ms
1779496362.1910095,ack_recv,latency_ack,1647,C2_video_normal,C2_video_normal,91,normal,off,True,False,rtt=45.67ms
1779496362.2869697,ack_recv,latency_ack,1648,C2_video_normal,C2_video_normal,91,normal,off,True,False,rtt=41.41ms
1779496362.3804655,ack_recv,latency_ack,1649,C2_video_normal,C2_video_normal,91,normal,off,True,False,rtt=34.61ms
1779496362.4660368,ack_recv,latency_ack,1650,C2_video_normal,C2_video_normal,91,normal,off,True,False,rtt=19.43ms
1779496362.6115932,ack_recv,latency_ack,1651,C2_video_normal,C2_video_normal,91,normal,off,True,False,rtt=64.47ms
1779496362.6586354,ack_recv,latency_ack,1652,C2_video_normal,C2_video_normal,91,normal,off,True,False,rtt=11.28ms
1779496362.7754054,ack_recv,latency_ack,1653,C2_video_normal,C2_video_normal,91,normal,off,True,False,rtt=27.60ms
1779496362.8601139,ack_recv,latency_ack,1654,C2_video_normal,C2_video_normal,91,normal,off,True,False,rtt=10.92ms
1779496362.9672315,ack_recv,latency_ack,1655,C2_video_normal,C2_video_normal,91,normal,off,True,False,rtt=18.43ms
1779496363.0632935,ack_recv,latency_ack,1656,C2_video_normal,C2_video_normal,91,normal,off,True,False,rtt=14.21ms
1779496363.1687865,ack_recv,latency_ack,1657,C2_video_normal,C2_video_normal,91,normal,off,True,False,rtt=19.29ms
1779496363.2630506,ack_recv,latency_ack,1658,C2_video_normal,C2_video_normal,91,normal,off,True,False,rtt=13.12ms
1779496363.3585105,ack_recv,latency_ack,1659,C2_video_normal,C2_video_normal,91,normal,off,True,False,rtt=7.55ms
1779496363.5177984,ack_recv,latency_ack,1660,C2_video_normal,C2_video_normal,91,normal,off,True,False,rtt=66.40ms
1779496363.6090963,ack_recv,latency_ack,1661,C2_video_normal,C2_video_normal,91,normal,off,True,False,rtt=56.01ms
1779496363.6876493,ack_recv,latency_ack,1662,C2_video_normal,C2_video_normal,91,normal,off,True,False,rtt=34.35ms
1779496363.7746472,ack_recv,latency_ack,1663,C2_video_normal,C2_video_normal,91,normal,off,True,False,rtt=20.90ms
1779496363.8708014,ack_recv,latency_ack,1664,C2_video_normal,C2_video_normal,91,normal,off,True,False,rtt=16.83ms
1779496363.9744332,ack_recv,latency_ack,1665,C2_video_normal,C2_video_normal,91,normal,off,True,False,rtt=20.26ms
1779496364.0675037,ack_recv,latency_ack,1666,C2_video_normal,C2_video_normal,91,normal,off,True,False,rtt=13.02ms
1779496364.1725404,ack_recv,latency_ack,1667,C2_video_normal,C2_video_normal,91,normal,off,True,False,rtt=17.96ms
1779496364.2650797,ack_recv,latency_ack,1668,C2_video_normal,C2_video_normal,91,normal,off,True,False,rtt=10.20ms
1779496364.3725731,ack_recv,latency_ack,1669,C2_video_normal,C2_video_normal,91,normal,off,True,False,rtt=17.32ms
1779496364.4661558,ack_recv,latency_ack,1670,C2_video_normal,C2_video_normal,91,normal,off,True,False,rtt=10.32ms
1779496364.5632489,ack_recv,latency_ack,1671,C2_video_normal,C2_video_normal,91,normal,off,True,False,rtt=7.20ms
1779496364.6687987,ack_recv,latency_ack,1672,C2_video_normal,C2_video_normal,91,normal,off,True,False,rtt=12.40ms
1779496364.7780812,ack_recv,latency_ack,1673,C2_video_normal,C2_video_normal,91,normal,off,True,False,rtt=20.91ms
1779496364.8724937,ack_recv,latency_ack,1674,C2_video_normal,C2_video_normal,91,normal,off,True,False,rtt=14.78ms
1779496364.979277,ack_recv,latency_ack,1675,C2_video_normal,C2_video_normal,91,normal,off,True,False,rtt=21.20ms
1779496365.0736187,ack_recv,latency_ack,1676,C2_video_normal,C2_video_normal,91,normal,off,True,False,rtt=14.79ms
1779496365.1688786,ack_recv,latency_ack,1677,C2_video_normal,C2_video_normal,91,normal,off,True,False,rtt=9.66ms
1779496365.2745185,ack_recv,latency_ack,1678,C2_video_normal,C2_video_normal,91,normal,off,True,False,rtt=15.02ms
1779496365.3674843,ack_recv,latency_ack,1679,C2_video_normal,C2_video_normal,91,normal,off,True,False,rtt=7.81ms
1779496365.4780958,ack_recv,latency_ack,1680,C2_video_normal,C2_video_normal,91,normal,off,True,False,rtt=17.58ms
1779496365.5671253,ack_recv,latency_ack,1681,C2_video_normal,C2_video_normal,91,normal,off,True,False,rtt=5.90ms
1779496365.6782916,ack_recv,latency_ack,1682,C2_video_normal,C2_video_normal,91,normal,off,True,False,rtt=16.92ms
1779496365.7702758,ack_recv,latency_ack,1683,C2_video_normal,C2_video_normal,91,normal,off,True,False,rtt=8.75ms
1779496365.8839211,ack_recv,latency_ack,1684,C2_video_normal,C2_video_normal,91,normal,off,True,False,rtt=21.89ms
1779496365.9989789,ack_recv,latency_ack,1685,C2_video_normal,C2_video_normal,91,normal,off,True,False,rtt=36.30ms
1779496366.095177,ack_recv,latency_ack,1686,C2_video_normal,C2_video_normal,91,normal,off,True,False,rtt=32.25ms
1779496366.1956508,ack_recv,latency_ack,1687,C2_video_normal,C2_video_normal,91,normal,off,True,False,rtt=32.28ms
1779496366.2822213,ack_recv,latency_ack,1688,C2_video_normal,C2_video_normal,91,normal,off,True,False,rtt=18.46ms
1779496366.381389,ack_recv,latency_ack,1689,C2_video_normal,C2_video_normal,91,normal,off,True,False,rtt=17.15ms
1779496366.472259,ack_recv,latency_ack,1690,C2_video_normal,C2_video_normal,91,normal,off,True,False,rtt=7.67ms
1779496366.591629,ack_recv,latency_ack,1691,C2_video_normal,C2_video_normal,91,normal,off,True,False,rtt=26.52ms
1779496366.6734393,ack_recv,latency_ack,1692,C2_video_normal,C2_video_normal,91,normal,off,True,False,rtt=8.17ms
1779496366.8052711,ack_recv,latency_ack,1693,C2_video_normal,C2_video_normal,91,normal,off,True,False,rtt=39.72ms
1779496366.87552,ack_recv,latency_ack,1694,C2_video_normal,C2_video_normal,91,normal,off,True,False,rtt=9.59ms
1779496367.010069,ack_recv,latency_ack,1695,C2_video_normal,C2_video_normal,91,normal,off,True,False,rtt=43.74ms
1779496367.0774715,ack_recv,latency_ack,1696,C2_video_normal,C2_video_normal,91,normal,off,True,False,rtt=10.32ms
1779496367.1903887,ack_recv,latency_ack,1697,C2_video_normal,C2_video_normal,91,normal,off,True,False,rtt=22.64ms
1779496367.2883577,ack_recv,latency_ack,1698,C2_video_normal,C2_video_normal,91,normal,off,True,False,rtt=20.36ms
1779496367.3772116,ack_recv,latency_ack,1699,C2_video_normal,C2_video_normal,91,normal,off,True,False,rtt=8.93ms
1779496367.4905913,ack_recv,latency_ack,1700,C2_video_normal,C2_video_normal,91,normal,off,True,False,rtt=21.38ms
1779496367.5794654,ack_recv,latency_ack,1701,C2_video_normal,C2_video_normal,91,normal,off,True,False,rtt=9.66ms
1779496367.6862428,ack_recv,latency_ack,1702,C2_video_normal,C2_video_normal,91,normal,off,True,False,rtt=16.19ms
1779496367.783086,ack_recv,latency_ack,1703,C2_video_normal,C2_video_normal,91,normal,off,True,False,rtt=12.85ms
1779496367.888636,ack_recv,latency_ack,1704,C2_video_normal,C2_video_normal,91,normal,off,True,False,rtt=18.00ms
1779496367.9912431,ack_recv,latency_ack,1705,C2_video_normal,C2_video_normal,91,normal,off,True,False,rtt=20.35ms
1779496368.0935545,ack_recv,latency_ack,1706,C2_video_normal,C2_video_normal,91,normal,off,True,False,rtt=22.38ms
1779496368.1836052,ack_recv,latency_ack,1707,C2_video_normal,C2_video_normal,91,normal,off,True,False,rtt=11.78ms
1779496368.2995315,ack_recv,latency_ack,1708,C2_video_normal,C2_video_normal,91,normal,off,True,False,rtt=27.22ms
1779496368.385538,ack_recv,latency_ack,1709,C2_video_normal,C2_video_normal,91,normal,off,True,False,rtt=12.51ms
1779496368.479795,ack_recv,latency_ack,1710,C2_video_normal,C2_video_normal,91,normal,off,True,False,rtt=6.65ms
1779496368.5871825,ack_recv,latency_ack,1711,C2_video_normal,C2_video_normal,91,normal,off,True,False,rtt=13.77ms
1779496368.682725,ack_recv,latency_ack,1712,C2_video_normal,C2_video_normal,91,normal,off,True,False,rtt=8.85ms
1779496368.7948942,ack_recv,latency_ack,1713,C2_video_normal,C2_video_normal,91,normal,off,True,False,rtt=20.59ms
1779496368.8839622,ack_recv,latency_ack,1714,C2_video_normal,C2_video_normal,91,normal,off,True,False,rtt=9.32ms
1779496368.9919705,ack_recv,latency_ack,1715,C2_video_normal,C2_video_normal,91,normal,off,True,False,rtt=17.07ms
1779496369.0828576,ack_recv,latency_ack,1716,C2_video_normal,C2_video_normal,91,normal,off,True,False,rtt=7.53ms
1779496369.1958234,ack_recv,latency_ack,1717,C2_video_normal,C2_video_normal,91,normal,off,True,False,rtt=20.30ms
1779496369.2853427,ack_recv,latency_ack,1718,C2_video_normal,C2_video_normal,91,normal,off,True,False,rtt=9.13ms
1779496369.3963623,ack_recv,latency_ack,1719,C2_video_normal,C2_video_normal,91,normal,off,True,False,rtt=19.71ms
1779496369.4846947,ack_recv,latency_ack,1720,C2_video_normal,C2_video_normal,91,normal,off,True,False,rtt=7.62ms
1779496369.5913258,ack_recv,latency_ack,1721,C2_video_normal,C2_video_normal,91,normal,off,True,False,rtt=13.29ms
1779496369.6883254,ack_recv,latency_ack,1722,C2_video_normal,C2_video_normal,91,normal,off,True,False,rtt=9.09ms
1779496369.7941084,ack_recv,latency_ack,1723,C2_video_normal,C2_video_normal,91,normal,off,True,False,rtt=14.96ms
1779496369.8940127,ack_recv,latency_ack,1724,C2_video_normal,C2_video_normal,91,normal,off,True,False,rtt=14.13ms
1779496369.9979181,ack_recv,latency_ack,1725,C2_video_normal,C2_video_normal,91,normal,off,True,False,rtt=17.71ms
1779496370.089608,ack_recv,latency_ack,1726,C2_video_normal,C2_video_normal,91,normal,off,True,False,rtt=9.14ms
1779496370.197662,ack_recv,latency_ack,1727,C2_video_normal,C2_video_normal,91,normal,off,True,False,rtt=16.88ms
1779496370.293384,ack_recv,latency_ack,1728,C2_video_normal,C2_video_normal,91,normal,off,True,False,rtt=12.16ms
1779496370.398396,ack_recv,latency_ack,1729,C2_video_normal,C2_video_normal,91,normal,off,True,False,rtt=17.02ms
1779496370.4985683,ack_recv,latency_ack,1730,C2_video_normal,C2_video_normal,91,normal,off,True,False,rtt=16.55ms
1779496370.6002917,ack_recv,latency_ack,1731,C2_video_normal,C2_video_normal,91,normal,off,True,False,rtt=17.23ms
1779496370.6901262,ack_recv,latency_ack,1732,C2_video_normal,C2_video_normal,91,normal,off,True,False,rtt=6.74ms
1779496370.795836,ack_recv,latency_ack,1733,C2_video_normal,C2_video_normal,91,normal,off,True,False,rtt=12.30ms
1779496370.8899653,ack_recv,latency_ack,1734,C2_video_normal,C2_video_normal,91,normal,off,True,False,rtt=6.06ms
1779496370.997395,ack_recv,latency_ack,1735,C2_video_normal,C2_video_normal,91,normal,off,True,False,rtt=12.95ms
1779496371.1061065,ack_recv,latency_ack,1736,C2_video_normal,C2_video_normal,91,normal,off,True,False,rtt=21.09ms
1779496371.2001033,ack_recv,latency_ack,1737,C2_video_normal,C2_video_normal,91,normal,off,True,False,rtt=13.81ms
1779496371.2925074,ack_recv,latency_ack,1738,C2_video_normal,C2_video_normal,91,normal,off,True,False,rtt=6.69ms
1779496371.40565,ack_recv,latency_ack,1739,C2_video_normal,C2_video_normal,91,normal,off,True,False,rtt=19.25ms
1779496371.4922106,ack_recv,latency_ack,1740,C2_video_normal,C2_video_normal,91,normal,off,True,False,rtt=5.16ms
1779496371.6019459,ack_recv,latency_ack,1741,C2_video_normal,C2_video_normal,91,normal,off,True,False,rtt=14.53ms
1779496371.6953335,ack_recv,latency_ack,1742,C2_video_normal,C2_video_normal,91,normal,off,True,False,rtt=7.63ms
1779496371.8048112,ack_recv,latency_ack,1743,C2_video_normal,C2_video_normal,91,normal,off,True,False,rtt=16.85ms
1779496371.8989203,ack_recv,latency_ack,1744,C2_video_normal,C2_video_normal,91,normal,off,True,False,rtt=10.45ms
1779496372.0065413,ack_recv,latency_ack,1745,C2_video_normal,C2_video_normal,91,normal,off,True,False,rtt=17.69ms
1779496372.1032104,ack_recv,latency_ack,1746,C2_video_normal,C2_video_normal,91,normal,off,True,False,rtt=13.76ms
1779496372.2078555,ack_recv,latency_ack,1747,C2_video_normal,C2_video_normal,91,normal,off,True,False,rtt=17.90ms
1779496372.2989056,ack_recv,latency_ack,1748,C2_video_normal,C2_video_normal,91,normal,off,True,False,rtt=8.37ms
1779496372.4065323,ack_recv,latency_ack,1749,C2_video_normal,C2_video_normal,91,normal,off,True,False,rtt=15.57ms
1779496372.4993513,ack_recv,latency_ack,1750,C2_video_normal,C2_video_normal,91,normal,off,True,False,rtt=7.64ms
1779496372.6069496,ack_recv,latency_ack,1751,C2_video_normal,C2_video_normal,91,normal,off,True,False,rtt=14.76ms
1779496372.7026107,ack_recv,latency_ack,1752,C2_video_normal,C2_video_normal,91,normal,off,True,False,rtt=10.00ms
1779496372.8096545,ack_recv,latency_ack,1753,C2_video_normal,C2_video_normal,91,normal,off,True,False,rtt=16.78ms
1779496372.901827,ack_recv,latency_ack,1754,C2_video_normal,C2_video_normal,91,normal,off,True,False,rtt=8.77ms
1779496373.014945,ack_recv,latency_ack,1755,C2_video_normal,C2_video_normal,91,normal,off,True,False,rtt=21.67ms
1779496373.1040015,ack_recv,latency_ack,1756,C2_video_normal,C2_video_normal,91,normal,off,True,False,rtt=10.53ms
1779496373.2100255,ack_recv,latency_ack,1757,C2_video_normal,C2_video_normal,91,normal,off,True,False,rtt=16.24ms
1779496373.3419268,ack_recv,latency_ack,1758,C2_video_normal,C2_video_normal,91,normal,off,True,False,rtt=47.57ms
1779496373.412077,ack_recv,latency_ack,1759,C2_video_normal,C2_video_normal,91,normal,off,True,False,rtt=17.55ms
1779496373.5042126,ack_recv,latency_ack,1760,C2_video_normal,C2_video_normal,91,normal,off,True,False,rtt=8.90ms
1779496373.679076,ack_recv,latency_ack,1761,C2_video_normal,C2_video_normal,91,normal,off,True,False,rtt=81.65ms
1779496373.7060828,ack_recv,latency_ack,1762,C2_video_normal,C2_video_normal,91,normal,off,True,False,rtt=9.63ms
1779496373.804715,ack_recv,latency_ack,1763,C2_video_normal,C2_video_normal,91,normal,off,True,False,rtt=7.80ms
1779496373.912134,ack_recv,latency_ack,1764,C2_video_normal,C2_video_normal,91,normal,off,True,False,rtt=15.05ms
1779496374.0050192,ack_recv,latency_ack,1765,C2_video_normal,C2_video_normal,91,normal,off,True,False,rtt=6.99ms
1779496374.1269767,ack_recv,latency_ack,1766,C2_video_normal,C2_video_normal,91,normal,off,True,False,rtt=29.43ms
1779496374.2127557,ack_recv,latency_ack,1767,C2_video_normal,C2_video_normal,91,normal,off,True,False,rtt=14.75ms
1779496374.3190727,ack_recv,latency_ack,1768,C2_video_normal,C2_video_normal,91,normal,off,True,False,rtt=20.13ms
1779496374.414832,ack_recv,latency_ack,1769,C2_video_normal,C2_video_normal,91,normal,off,True,False,rtt=15.02ms
1779496374.5077798,ack_recv,latency_ack,1770,C2_video_normal,C2_video_normal,91,normal,off,True,False,rtt=7.20ms
1779496374.6135366,ack_recv,latency_ack,1771,C2_video_normal,C2_video_normal,91,normal,off,True,False,rtt=12.07ms
1779496374.7245283,ack_recv,latency_ack,1772,C2_video_normal,C2_video_normal,91,normal,off,True,False,rtt=22.21ms
1779496374.8135028,ack_recv,latency_ack,1773,C2_video_normal,C2_video_normal,91,normal,off,True,False,rtt=10.39ms
1779496374.925251,ack_recv,latency_ack,1774,C2_video_normal,C2_video_normal,91,normal,off,True,False,rtt=21.13ms
1779496375.0166502,ack_recv,latency_ack,1775,C2_video_normal,C2_video_normal,91,normal,off,True,False,rtt=11.83ms
1779496375.1223485,ack_recv,latency_ack,1776,C2_video_normal,C2_video_normal,91,normal,off,True,False,rtt=17.20ms
1779496375.2186637,ack_recv,latency_ack,1777,C2_video_normal,C2_video_normal,91,normal,off,True,False,rtt=12.96ms
1779496375.325091,ack_recv,latency_ack,1778,C2_video_normal,C2_video_normal,91,normal,off,True,False,rtt=18.98ms
1779496375.4212751,ack_recv,latency_ack,1779,C2_video_normal,C2_video_normal,91,normal,off,True,False,rtt=14.55ms
1779496375.5154934,ack_recv,latency_ack,1780,C2_video_normal,C2_video_normal,91,normal,off,True,False,rtt=7.78ms
1779496375.6225398,ack_recv,latency_ack,1781,C2_video_normal,C2_video_normal,91,normal,off,True,False,rtt=14.25ms
1779496375.7172742,ack_recv,latency_ack,1782,C2_video_normal,C2_video_normal,91,normal,off,True,False,rtt=8.53ms
1779496375.824054,ack_recv,latency_ack,1783,C2_video_normal,C2_video_normal,91,normal,off,True,False,rtt=15.03ms
1779496375.9194872,ack_recv,latency_ack,1784,C2_video_normal,C2_video_normal,91,normal,off,True,False,rtt=10.01ms
1779496376.0284982,ack_recv,latency_ack,1785,C2_video_normal,C2_video_normal,91,normal,off,True,False,rtt=18.23ms
1779496376.123295,ack_recv,latency_ack,1786,C2_video_normal,C2_video_normal,91,normal,off,True,False,rtt=12.40ms
1779496376.2309265,ack_recv,latency_ack,1787,C2_video_normal,C2_video_normal,91,normal,off,True,False,rtt=19.41ms
1779496376.3369737,ack_recv,latency_ack,1788,C2_video_normal,C2_video_normal,91,normal,off,True,False,rtt=24.91ms
1779496376.4667761,ack_recv,latency_ack,1789,C2_video_normal,C2_video_normal,91,normal,off,True,False,rtt=54.31ms
1779496376.5454547,ack_recv,latency_ack,1790,C2_video_normal,C2_video_normal,91,normal,off,True,False,rtt=32.68ms
1779496376.6329694,ack_recv,latency_ack,1791,C2_video_normal,C2_video_normal,91,normal,off,True,False,rtt=19.46ms
1779496376.7296343,ack_recv,latency_ack,1792,C2_video_normal,C2_video_normal,91,normal,off,True,False,rtt=15.86ms
1779496376.8256307,ack_recv,latency_ack,1793,C2_video_normal,C2_video_normal,91,normal,off,True,False,rtt=10.38ms
1779496376.9345968,ack_recv,latency_ack,1794,C2_video_normal,C2_video_normal,91,normal,off,True,False,rtt=19.99ms
1779496377.0254092,ack_recv,latency_ack,1795,C2_video_normal,C2_video_normal,91,normal,off,True,False,rtt=10.45ms
1779496377.1306627,ack_recv,latency_ack,1796,C2_video_normal,C2_video_normal,91,normal,off,True,False,rtt=15.21ms
1779496377.2290852,ack_recv,latency_ack,1797,C2_video_normal,C2_video_normal,91,normal,off,True,False,rtt=13.20ms
1779496377.3337867,ack_recv,latency_ack,1798,C2_video_normal,C2_video_normal,91,normal,off,True,False,rtt=17.76ms
1779496377.4396858,ack_recv,latency_ack,1799,C2_video_normal,C2_video_normal,91,normal,off,True,False,rtt=23.46ms
1779496377.5355856,ack_recv,latency_ack,1800,C2_video_normal,C2_video_normal,91,normal,off,True,False,rtt=18.47ms
1779496377.6284661,ack_recv,latency_ack,1801,C2_video_normal,C2_video_normal,91,normal,off,True,False,rtt=11.04ms
1779496377.7325027,ack_recv,latency_ack,1802,C2_video_normal,C2_video_normal,91,normal,off,True,False,rtt=14.06ms
1779496377.8262222,ack_recv,latency_ack,1803,C2_video_normal,C2_video_normal,91,normal,off,True,False,rtt=7.20ms
1779496377.9366105,ack_recv,latency_ack,1804,C2_video_normal,C2_video_normal,91,normal,off,True,False,rtt=17.07ms
1779496378.0771787,ack_recv,latency_ack,1805,C2_video_normal,C2_video_normal,91,normal,off,True,False,rtt=57.08ms
1779496378.1751142,ack_recv,latency_ack,1806,C2_video_normal,C2_video_normal,91,normal,off,True,False,rtt=54.60ms
1779496378.2576716,ack_recv,latency_ack,1807,C2_video_normal,C2_video_normal,91,normal,off,True,False,rtt=36.86ms
1779496378.3414795,ack_recv,latency_ack,1808,C2_video_normal,C2_video_normal,91,normal,off,True,False,rtt=20.22ms
1779496378.4289875,ack_recv,latency_ack,1809,C2_video_normal,C2_video_normal,91,normal,off,True,False,rtt=7.52ms
1779496378.5383804,ack_recv,latency_ack,1810,C2_video_normal,C2_video_normal,91,normal,off,True,False,rtt=16.52ms
1779496378.633173,ack_recv,latency_ack,1811,C2_video_normal,C2_video_normal,91,normal,off,True,False,rtt=10.70ms
1779496378.7757478,ack_recv,latency_ack,1812,C2_video_normal,C2_video_normal,91,normal,off,True,False,rtt=53.01ms
1779496378.8624334,ack_recv,latency_ack,1813,C2_video_normal,C2_video_normal,91,normal,off,True,False,rtt=39.31ms
1779496378.9538538,ack_recv,latency_ack,1814,C2_video_normal,C2_video_normal,91,normal,off,True,False,rtt=30.07ms
1779496379.0434828,ack_recv,latency_ack,1815,C2_video_normal,C2_video_normal,91,normal,off,True,False,rtt=19.05ms
1779496379.1396644,ack_recv,latency_ack,1816,C2_video_normal,C2_video_normal,91,normal,off,True,False,rtt=14.87ms
1779496379.232266,ack_recv,latency_ack,1817,C2_video_normal,C2_video_normal,91,normal,off,True,False,rtt=7.20ms
1779496379.3904333,ack_recv,latency_ack,1818,C2_video_normal,C2_video_normal,91,normal,off,True,False,rtt=64.99ms
1779496379.4740963,ack_recv,latency_ack,1819,C2_video_normal,C2_video_normal,91,normal,off,True,False,rtt=48.09ms
1779496379.562124,ack_recv,latency_ack,1820,C2_video_normal,C2_video_normal,91,normal,off,True,False,rtt=35.30ms
1779496379.6484594,ack_recv,latency_ack,1821,C2_video_normal,C2_video_normal,91,normal,off,True,False,rtt=20.91ms
1779496379.7443607,ack_recv,latency_ack,1822,C2_video_normal,C2_video_normal,91,normal,off,True,False,rtt=16.19ms
1779496379.8340921,ack_recv,latency_ack,1823,C2_video_normal,C2_video_normal,91,normal,off,True,False,rtt=5.46ms
1779496379.944157,ack_recv,latency_ack,1824,C2_video_normal,C2_video_normal,91,normal,off,True,False,rtt=15.03ms
1779496380.0352976,ack_recv,latency_ack,1825,C2_video_normal,C2_video_normal,91,normal,off,True,False,rtt=5.37ms
1779496380.145568,ack_recv,latency_ack,1826,C2_video_normal,C2_video_normal,91,normal,off,True,False,rtt=15.39ms
1779496380.239182,ack_recv,latency_ack,1827,C2_video_normal,C2_video_normal,91,normal,off,True,False,rtt=8.52ms
1779496380.347324,ack_recv,latency_ack,1828,C2_video_normal,C2_video_normal,91,normal,off,True,False,rtt=15.94ms
1779496380.4359748,ack_recv,latency_ack,1829,C2_video_normal,C2_video_normal,91,normal,off,True,False,rtt=3.63ms
1779496380.5466702,ack_recv,latency_ack,1830,C2_video_normal,C2_video_normal,91,normal,off,True,False,rtt=13.80ms
1779496380.6405728,ack_recv,latency_ack,1831,C2_video_normal,C2_video_normal,91,normal,off,True,False,rtt=7.16ms
1779496380.7508044,ack_recv,latency_ack,1832,C2_video_normal,C2_video_normal,91,normal,off,True,False,rtt=16.85ms
1779496380.8419478,ack_recv,latency_ack,1833,C2_video_normal,C2_video_normal,91,normal,off,True,False,rtt=7.53ms
1779496380.9720683,ack_recv,latency_ack,1834,C2_video_normal,C2_video_normal,91,normal,off,True,False,rtt=36.09ms
1779496381.0485508,ack_recv,latency_ack,1835,C2_video_normal,C2_video_normal,91,normal,off,True,False,rtt=13.16ms
1779496381.1520169,ack_recv,latency_ack,1836,C2_video_normal,C2_video_normal,91,normal,off,True,False,rtt=16.44ms
1779496381.2463038,ack_recv,latency_ack,1837,C2_video_normal,C2_video_normal,91,normal,off,True,False,rtt=10.11ms
1779496381.341995,ack_recv,latency_ack,1838,C2_video_normal,C2_video_normal,91,normal,off,True,False,rtt=5.03ms
1779496381.4704072,ack_recv,latency_ack,1839,C2_video_normal,C2_video_normal,91,normal,off,True,False,rtt=32.77ms
1779496381.562502,ack_recv,latency_ack,1840,C2_video_normal,C2_video_normal,91,normal,off,True,False,rtt=24.42ms
1779496381.65103,ack_recv,latency_ack,1841,C2_video_normal,C2_video_normal,91,normal,off,True,False,rtt=12.38ms
1779496381.7795227,ack_recv,latency_ack,1842,C2_video_normal,C2_video_normal,91,normal,off,True,False,rtt=40.14ms
1779496381.8675928,ack_recv,latency_ack,1843,C2_video_normal,C2_video_normal,91,normal,off,True,False,rtt=27.54ms
1779496381.9565578,ack_recv,latency_ack,1844,C2_video_normal,C2_video_normal,91,normal,off,True,False,rtt=14.99ms
1779496382.0701768,ack_recv,latency_ack,1845,C2_video_normal,C2_video_normal,91,normal,off,True,False,rtt=29.14ms
1779496382.148174,ack_recv,latency_ack,1846,C2_video_normal,C2_video_normal,91,normal,off,True,False,rtt=5.78ms
1779496382.281084,ack_recv,latency_ack,1847,C2_video_normal,C2_video_normal,91,normal,off,True,False,rtt=38.21ms
1779496382.3646603,ack_recv,latency_ack,1848,C2_video_normal,C2_video_normal,91,normal,off,True,False,rtt=20.95ms
1779496382.467183,ack_recv,latency_ack,1849,C2_video_normal,C2_video_normal,91,normal,off,True,False,rtt=22.72ms
1779496382.5561044,ack_recv,latency_ack,1850,C2_video_normal,C2_video_normal,91,normal,off,True,False,rtt=10.72ms
1779496382.6638577,ack_recv,latency_ack,1851,C2_video_normal,C2_video_normal,91,normal,off,True,False,rtt=18.03ms
1779496382.7539108,ack_recv,latency_ack,1852,C2_video_normal,C2_video_normal,91,normal,off,True,False,rtt=7.55ms
1779496382.8614953,ack_recv,latency_ack,1853,C2_video_normal,C2_video_normal,91,normal,off,True,False,rtt=14.51ms
1779496382.9591894,ack_recv,latency_ack,1854,C2_video_normal,C2_video_normal,91,normal,off,True,False,rtt=11.93ms
1779496383.0692682,ack_recv,latency_ack,1855,C2_video_normal,C2_video_normal,91,normal,off,True,False,rtt=21.36ms
1779496383.1592536,ack_recv,latency_ack,1856,C2_video_normal,C2_video_normal,91,normal,off,True,False,rtt=11.09ms
1779496383.269227,ack_recv,latency_ack,1857,C2_video_normal,C2_video_normal,91,normal,off,True,False,rtt=20.64ms
1779496383.362671,ack_recv,latency_ack,1858,C2_video_normal,C2_video_normal,91,normal,off,True,False,rtt=13.43ms
1779496383.4611425,ack_recv,latency_ack,1859,C2_video_normal,C2_video_normal,91,normal,off,True,False,rtt=11.68ms
1779496383.5627291,ack_recv,latency_ack,1860,C2_video_normal,C2_video_normal,91,normal,off,True,False,rtt=12.77ms
1779496383.6568534,ack_recv,latency_ack,1861,C2_video_normal,C2_video_normal,91,normal,off,True,False,rtt=6.46ms
1779496383.7630954,ack_recv,latency_ack,1862,C2_video_normal,C2_video_normal,91,normal,off,True,False,rtt=12.08ms
1779496383.8705342,ack_recv,latency_ack,1863,C2_video_normal,C2_video_normal,91,normal,off,True,False,rtt=18.44ms
1779496383.9646122,ack_recv,latency_ack,1864,C2_video_normal,C2_video_normal,91,normal,off,True,False,rtt=12.80ms
1779496384.0719216,ack_recv,latency_ack,1865,C2_video_normal,C2_video_normal,91,normal,off,True,False,rtt=19.47ms
1779496384.1626892,ack_recv,latency_ack,1866,C2_video_normal,C2_video_normal,91,normal,off,True,False,rtt=9.83ms
1779496384.2715323,ack_recv,latency_ack,1867,C2_video_normal,C2_video_normal,91,normal,off,True,False,rtt=18.21ms
1779496384.3661053,ack_recv,latency_ack,1868,C2_video_normal,C2_video_normal,91,normal,off,True,False,rtt=12.69ms
1779496384.4601815,ack_recv,latency_ack,1869,C2_video_normal,C2_video_normal,91,normal,off,True,False,rtt=6.19ms
1779496384.6141865,ack_recv,latency_ack,1870,C2_video_normal,C2_video_normal,91,normal,off,True,False,rtt=59.71ms
1779496384.6979892,ack_recv,latency_ack,1871,C2_video_normal,C2_video_normal,91,normal,off,True,False,rtt=42.57ms
1779496384.7840228,ack_recv,latency_ack,1872,C2_video_normal,C2_video_normal,91,normal,off,True,False,rtt=27.60ms
1779496384.877929,ack_recv,latency_ack,1873,C2_video_normal,C2_video_normal,91,normal,off,True,False,rtt=21.04ms
1779496384.9675386,ack_recv,latency_ack,1874,C2_video_normal,C2_video_normal,91,normal,off,True,False,rtt=9.88ms
1779496385.079402,ack_recv,latency_ack,1875,C2_video_normal,C2_video_normal,91,normal,off,True,False,rtt=21.58ms
1779496385.1716304,ack_recv,latency_ack,1876,C2_video_normal,C2_video_normal,91,normal,off,True,False,rtt=13.31ms
1779496385.2778554,ack_recv,latency_ack,1877,C2_video_normal,C2_video_normal,91,normal,off,True,False,rtt=19.20ms
1779496385.3707812,ack_recv,latency_ack,1878,C2_video_normal,C2_video_normal,91,normal,off,True,False,rtt=11.54ms
1779496385.4830723,ack_recv,latency_ack,1879,C2_video_normal,C2_video_normal,91,normal,off,True,False,rtt=23.02ms
1779496385.5709662,ack_recv,latency_ack,1880,C2_video_normal,C2_video_normal,91,normal,off,True,False,rtt=10.34ms
1779496385.677734,ack_recv,latency_ack,1881,C2_video_normal,C2_video_normal,91,normal,off,True,False,rtt=16.91ms
1779496385.7711496,ack_recv,latency_ack,1882,C2_video_normal,C2_video_normal,91,normal,off,True,False,rtt=9.76ms
1779496385.8760507,ack_recv,latency_ack,1883,C2_video_normal,C2_video_normal,91,normal,off,True,False,rtt=14.32ms
1779496385.9749987,ack_recv,latency_ack,1884,C2_video_normal,C2_video_normal,91,normal,off,True,False,rtt=12.70ms
1779496386.0816467,ack_recv,latency_ack,1885,C2_video_normal,C2_video_normal,91,normal,off,True,False,rtt=19.03ms
1779496386.175393,ack_recv,latency_ack,1886,C2_video_normal,C2_video_normal,91,normal,off,True,False,rtt=12.35ms
1779496386.2706463,ack_recv,latency_ack,1887,C2_video_normal,C2_video_normal,91,normal,off,True,False,rtt=7.24ms
1779496386.3778207,ack_recv,latency_ack,1888,C2_video_normal,C2_video_normal,91,normal,off,True,False,rtt=13.70ms
1779496386.494237,ack_recv,latency_ack,1889,C2_video_normal,C2_video_normal,91,normal,off,True,False,rtt=29.78ms
1779496386.5863934,ack_recv,latency_ack,1890,C2_video_normal,C2_video_normal,91,normal,off,True,False,rtt=21.21ms
1779496386.6812015,ack_recv,latency_ack,1891,C2_video_normal,C2_video_normal,91,normal,off,True,False,rtt=15.69ms
1779496386.7877717,ack_recv,latency_ack,1892,C2_video_normal,C2_video_normal,91,normal,off,True,False,rtt=21.67ms
1779496386.8770254,ack_recv,latency_ack,1893,C2_video_normal,C2_video_normal,91,normal,off,True,False,rtt=10.24ms
1779496386.9830172,ack_recv,latency_ack,1894,C2_video_normal,C2_video_normal,91,normal,off,True,False,rtt=15.54ms
1779496387.0771654,ack_recv,latency_ack,1895,C2_video_normal,C2_video_normal,91,normal,off,True,False,rtt=8.11ms
1779496387.1863596,ack_recv,latency_ack,1896,C2_video_normal,C2_video_normal,91,normal,off,True,False,rtt=17.77ms
1779496387.2803223,ack_recv,latency_ack,1897,C2_video_normal,C2_video_normal,91,normal,off,True,False,rtt=11.29ms
1779496387.3801928,ack_recv,latency_ack,1898,C2_video_normal,C2_video_normal,91,normal,off,True,False,rtt=10.91ms
1779496387.4820452,ack_recv,latency_ack,1899,C2_video_normal,C2_video_normal,91,normal,off,True,False,rtt=12.60ms
1779496387.5932128,ack_recv,latency_ack,1900,C2_video_normal,C2_video_normal,91,normal,off,True,False,rtt=23.50ms
1779496387.6812637,ack_recv,latency_ack,1901,C2_video_normal,C2_video_normal,91,normal,off,True,False,rtt=11.08ms
1779496387.791187,ack_recv,latency_ack,1902,C2_video_normal,C2_video_normal,91,normal,off,True,False,rtt=20.61ms
1779496387.8845074,ack_recv,latency_ack,1903,C2_video_normal,C2_video_normal,91,normal,off,True,False,rtt=13.36ms
1779496388.0531278,ack_recv,latency_ack,1904,C2_video_normal,C2_video_normal,91,normal,off,True,False,rtt=81.21ms
1779496388.0825438,ack_recv,latency_ack,1905,C2_video_normal,C2_video_normal,91,normal,off,True,False,rtt=9.92ms
1779496388.1901588,ack_recv,latency_ack,1906,C2_video_normal,C2_video_normal,91,normal,off,True,False,rtt=17.15ms
1779496388.2836592,ack_recv,latency_ack,1907,C2_video_normal,C2_video_normal,91,normal,off,True,False,rtt=10.46ms
1779496388.3820682,ack_recv,latency_ack,1908,C2_video_normal,C2_video_normal,91,normal,off,True,False,rtt=7.92ms
1779496388.4867148,ack_recv,latency_ack,1909,C2_video_normal,C2_video_normal,91,normal,off,True,False,rtt=12.74ms
1779496388.5791564,ack_recv,latency_ack,1910,C2_video_normal,C2_video_normal,91,normal,off,True,False,rtt=4.97ms
1779496388.6887562,ack_recv,latency_ack,1911,C2_video_normal,C2_video_normal,91,normal,off,True,False,rtt=14.19ms
1779496388.7826622,ack_recv,latency_ack,1912,C2_video_normal,C2_video_normal,91,normal,off,True,False,rtt=7.74ms
1779496388.8838897,ack_recv,latency_ack,1913,C2_video_normal,C2_video_normal,91,normal,off,True,False,rtt=8.45ms
1779496388.986857,ack_recv,latency_ack,1914,C2_video_normal,C2_video_normal,91,normal,off,True,False,rtt=10.72ms
1779496389.094808,ack_recv,latency_ack,1915,C2_video_normal,C2_video_normal,91,normal,off,True,False,rtt=18.34ms
1779496389.189997,ack_recv,latency_ack,1916,C2_video_normal,C2_video_normal,91,normal,off,True,False,rtt=13.38ms
1779496389.297558,ack_recv,latency_ack,1917,C2_video_normal,C2_video_normal,91,normal,off,True,False,rtt=20.29ms
1779496389.4077241,ack_recv,latency_ack,1918,C2_video_normal,C2_video_normal,91,normal,off,True,False,rtt=29.85ms
1779496389.4954646,ack_recv,latency_ack,1919,C2_video_normal,C2_video_normal,91,normal,off,True,False,rtt=16.67ms
1779496389.5912828,ack_recv,latency_ack,1920,C2_video_normal,C2_video_normal,91,normal,off,True,False,rtt=12.26ms
1779496389.6855412,ack_recv,latency_ack,1921,C2_video_normal,C2_video_normal,91,normal,off,True,False,rtt=5.95ms
1779496389.8383553,ack_recv,latency_ack,1922,C2_video_normal,C2_video_normal,91,normal,off,True,False,rtt=58.09ms
1779496389.9217503,ack_recv,latency_ack,1923,C2_video_normal,C2_video_normal,91,normal,off,True,False,rtt=40.62ms
1779496390.0087392,ack_recv,latency_ack,1924,C2_video_normal,C2_video_normal,91,normal,off,True,False,rtt=26.37ms
1779496390.0998752,ack_recv,latency_ack,1925,C2_video_normal,C2_video_normal,91,normal,off,True,False,rtt=17.08ms
1779496390.245724,ack_recv,latency_ack,1926,C2_video_normal,C2_video_normal,91,normal,off,True,False,rtt=62.59ms
1779496390.3287401,ack_recv,latency_ack,1927,C2_video_normal,C2_video_normal,91,normal,off,True,False,rtt=45.40ms
1779496390.4124568,ack_recv,latency_ack,1928,C2_video_normal,C2_video_normal,91,normal,off,True,False,rtt=28.62ms
1779496390.4983988,ack_recv,latency_ack,1929,C2_video_normal,C2_video_normal,91,normal,off,True,False,rtt=14.05ms
1779496390.597109,ack_recv,latency_ack,1930,C2_video_normal,C2_video_normal,91,normal,off,True,False,rtt=11.95ms
1779496390.704314,ack_recv,latency_ack,1931,C2_video_normal,C2_video_normal,91,normal,off,True,False,rtt=18.68ms
1779496390.7980735,ack_recv,latency_ack,1932,C2_video_normal,C2_video_normal,91,normal,off,True,False,rtt=11.76ms
1779496390.9067478,ack_recv,latency_ack,1933,C2_video_normal,C2_video_normal,91,normal,off,True,False,rtt=20.22ms
1779496390.996707,ack_recv,latency_ack,1934,C2_video_normal,C2_video_normal,91,normal,off,True,False,rtt=9.48ms
1779496391.1047559,ack_recv,latency_ack,1935,C2_video_normal,C2_video_normal,91,normal,off,True,False,rtt=17.39ms
1779496391.2089643,ack_recv,latency_ack,1936,C2_video_normal,C2_video_normal,91,normal,off,True,False,rtt=21.33ms
1779496391.308291,ack_recv,latency_ack,1937,C2_video_normal,C2_video_normal,91,normal,off,True,False,rtt=20.31ms
1779496391.4015357,ack_recv,latency_ack,1938,C2_video_normal,C2_video_normal,91,normal,off,True,False,rtt=12.99ms
1779496391.4949207,ack_recv,latency_ack,1939,C2_video_normal,C2_video_normal,91,normal,off,True,False,rtt=5.59ms
1779496391.6058676,ack_recv,latency_ack,1940,C2_video_normal,C2_video_normal,91,normal,off,True,False,rtt=16.28ms
1779496391.6996763,ack_recv,latency_ack,1941,C2_video_normal,C2_video_normal,91,normal,off,True,False,rtt=9.44ms
1779496391.805216,ack_recv,latency_ack,1942,C2_video_normal,C2_video_normal,91,normal,off,True,False,rtt=14.38ms
1779496391.9004915,ack_recv,latency_ack,1943,C2_video_normal,C2_video_normal,91,normal,off,True,False,rtt=8.82ms
1779496392.006015,ack_recv,latency_ack,1944,C2_video_normal,C2_video_normal,91,normal,off,True,False,rtt=14.13ms
1779496392.1018655,ack_recv,latency_ack,1945,C2_video_normal,C2_video_normal,91,normal,off,True,False,rtt=9.88ms
1779496392.2112005,ack_recv,latency_ack,1946,C2_video_normal,C2_video_normal,91,normal,off,True,False,rtt=18.84ms
1779496392.3042862,ack_recv,latency_ack,1947,C2_video_normal,C2_video_normal,91,normal,off,True,False,rtt=11.65ms
1779496392.4735699,ack_recv,latency_ack,1948,C2_video_normal,C2_video_normal,91,normal,off,True,False,rtt=80.45ms
1779496392.5027487,ack_recv,latency_ack,1949,C2_video_normal,C2_video_normal,91,normal,off,True,False,rtt=9.03ms
1779496392.6138391,ack_recv,latency_ack,1950,C2_video_normal,C2_video_normal,91,normal,off,True,False,rtt=19.67ms
1779496392.7068403,ack_recv,latency_ack,1951,C2_video_normal,C2_video_normal,91,normal,off,True,False,rtt=11.68ms
1779496392.8621728,ack_recv,latency_ack,1952,C2_video_normal,C2_video_normal,91,normal,off,True,False,rtt=66.71ms
1779496392.9099343,ack_recv,latency_ack,1953,C2_video_normal,C2_video_normal,91,normal,off,True,False,rtt=13.25ms
1779496393.0034397,ack_recv,latency_ack,1954,C2_video_normal,C2_video_normal,91,normal,off,True,False,rtt=6.75ms
1779496393.1148884,ack_recv,latency_ack,1955,C2_video_normal,C2_video_normal,91,normal,off,True,False,rtt=17.85ms
1779496393.2091107,ack_recv,latency_ack,1956,C2_video_normal,C2_video_normal,91,normal,off,True,False,rtt=11.65ms
1779496393.3204296,ack_recv,latency_ack,1957,C2_video_normal,C2_video_normal,91,normal,off,True,False,rtt=22.83ms
1779496393.4096174,ack_recv,latency_ack,1958,C2_video_normal,C2_video_normal,91,normal,off,True,False,rtt=11.24ms
1779496393.503907,ack_recv,latency_ack,1959,C2_video_normal,C2_video_normal,91,normal,off,True,False,rtt=5.11ms
1779496393.6148307,ack_recv,latency_ack,1960,C2_video_normal,C2_video_normal,91,normal,off,True,False,rtt=15.87ms
1779496393.7059195,ack_recv,latency_ack,1961,C2_video_normal,C2_video_normal,91,normal,off,True,False,rtt=6.18ms
1779496393.8130512,ack_recv,latency_ack,1962,C2_video_normal,C2_video_normal,91,normal,off,True,False,rtt=12.75ms
1779496393.906774,ack_recv,latency_ack,1963,C2_video_normal,C2_video_normal,91,normal,off,True,False,rtt=6.36ms
1779496394.0142539,ack_recv,latency_ack,1964,C2_video_normal,C2_video_normal,91,normal,off,True,False,rtt=13.56ms
1779496394.1079266,ack_recv,latency_ack,1965,C2_video_normal,C2_video_normal,91,normal,off,True,False,rtt=7.02ms
1779496394.215883,ack_recv,latency_ack,1966,C2_video_normal,C2_video_normal,91,normal,off,True,False,rtt=14.42ms
1779496394.308689,ack_recv,latency_ack,1967,C2_video_normal,C2_video_normal,91,normal,off,True,False,rtt=7.10ms
1779496394.415405,ack_recv,latency_ack,1968,C2_video_normal,C2_video_normal,91,normal,off,True,False,rtt=13.23ms
1779496394.5250723,ack_recv,latency_ack,1969,C2_video_normal,C2_video_normal,91,normal,off,True,False,rtt=22.57ms
1779496394.61532,ack_recv,latency_ack,1970,C2_video_normal,C2_video_normal,91,normal,off,True,False,rtt=11.91ms
1779496394.7121687,ack_recv,latency_ack,1971,C2_video_normal,C2_video_normal,91,normal,off,True,False,rtt=8.36ms
1779496394.818042,ack_recv,latency_ack,1972,C2_video_normal,C2_video_normal,91,normal,off,True,False,rtt=13.75ms
1779496394.9108927,ack_recv,latency_ack,1973,C2_video_normal,C2_video_normal,91,normal,off,True,False,rtt=5.98ms
1779496395.060951,ack_recv,latency_ack,1974,C2_video_normal,C2_video_normal,91,normal,off,True,False,rtt=55.76ms
1779496395.1455944,ack_recv,latency_ack,1975,C2_video_normal,C2_video_normal,91,normal,off,True,False,rtt=39.90ms
1779496395.231883,ack_recv,latency_ack,1976,C2_video_normal,C2_video_normal,91,normal,off,True,False,rtt=25.56ms
1779496395.322966,ack_recv,latency_ack,1977,C2_video_normal,C2_video_normal,91,normal,off,True,False,rtt=15.66ms
1779496395.424766,ack_recv,latency_ack,1978,C2_video_normal,C2_video_normal,91,normal,off,True,False,rtt=16.78ms
1779496395.5185385,ack_recv,latency_ack,1979,C2_video_normal,C2_video_normal,91,normal,off,True,False,rtt=9.64ms
1779496395.6728206,ack_recv,latency_ack,1980,C2_video_normal,C2_video_normal,91,normal,off,True,False,rtt=63.37ms
1779496395.7589614,ack_recv,latency_ack,1981,C2_video_normal,C2_video_normal,91,normal,off,True,False,rtt=49.27ms
1779496395.8421044,ack_recv,latency_ack,1982,C2_video_normal,C2_video_normal,91,normal,off,True,False,rtt=31.77ms
1779496395.927315,ack_recv,latency_ack,1983,C2_video_normal,C2_video_normal,91,normal,off,True,False,rtt=15.97ms
1779496396.0187387,ack_recv,latency_ack,1984,C2_video_normal,C2_video_normal,91,normal,off,True,False,rtt=6.68ms
1779496396.1261494,ack_recv,latency_ack,1985,C2_video_normal,C2_video_normal,91,normal,off,True,False,rtt=13.54ms
1779496396.220097,ack_recv,latency_ack,1986,C2_video_normal,C2_video_normal,91,normal,off,True,False,rtt=7.40ms
1779496396.336155,ack_recv,latency_ack,1987,C2_video_normal,C2_video_normal,91,normal,off,True,False,rtt=22.57ms
1779496396.4226909,ack_recv,latency_ack,1988,C2_video_normal,C2_video_normal,91,normal,off,True,False,rtt=8.56ms
1779496396.531885,ack_recv,latency_ack,1989,C2_video_normal,C2_video_normal,91,normal,off,True,False,rtt=17.47ms
1779496396.6282513,ack_recv,latency_ack,1990,C2_video_normal,C2_video_normal,91,normal,off,True,False,rtt=12.84ms
1779496396.7320497,ack_recv,latency_ack,1991,C2_video_normal,C2_video_normal,91,normal,off,True,False,rtt=16.76ms
1779496396.8270452,ack_recv,latency_ack,1992,C2_video_normal,C2_video_normal,91,normal,off,True,False,rtt=11.61ms
1779496396.940454,ack_recv,latency_ack,1993,C2_video_normal,C2_video_normal,91,normal,off,True,False,rtt=22.83ms
1779496397.0272255,ack_recv,latency_ack,1994,C2_video_normal,C2_video_normal,91,normal,off,True,False,rtt=10.45ms
1779496397.135229,ack_recv,latency_ack,1995,C2_video_normal,C2_video_normal,91,normal,off,True,False,rtt=18.24ms
1779496397.231217,ack_recv,latency_ack,1996,C2_video_normal,C2_video_normal,91,normal,off,True,False,rtt=13.78ms
1779496397.3365119,ack_recv,latency_ack,1997,C2_video_normal,C2_video_normal,91,normal,off,True,False,rtt=18.50ms
1779496397.4289992,ack_recv,latency_ack,1998,C2_video_normal,C2_video_normal,91,normal,off,True,False,rtt=10.49ms
1779496397.5415645,ack_recv,latency_ack,1999,C2_video_normal,C2_video_normal,91,normal,off,True,False,rtt=22.16ms
1779496397.6335495,ack_recv,latency_ack,2000,C2_video_normal,C2_video_normal,91,normal,off,True,False,rtt=13.78ms
1779496397.7243383,ack_recv,latency_ack,2001,C2_video_normal,C2_video_normal,91,normal,off,True,False,rtt=4.06ms
1779496397.834676,ack_recv,latency_ack,2002,C2_video_normal,C2_video_normal,91,normal,off,True,False,rtt=14.30ms
1779496397.9435978,ack_recv,latency_ack,2003,C2_video_normal,C2_video_normal,91,normal,off,True,False,rtt=22.66ms
1779496398.0341682,ack_recv,latency_ack,2004,C2_video_normal,C2_video_normal,91,normal,off,True,False,rtt=12.62ms
1779496398.1436791,ack_recv,latency_ack,2005,C2_video_normal,C2_video_normal,91,normal,off,True,False,rtt=20.34ms
1779496398.2358959,ack_recv,latency_ack,2006,C2_video_normal,C2_video_normal,91,normal,off,True,False,rtt=13.85ms
1779496398.3302,ack_recv,latency_ack,2007,C2_video_normal,C2_video_normal,91,normal,off,True,False,rtt=7.99ms
1779496398.4359078,ack_recv,latency_ack,2008,C2_video_normal,C2_video_normal,91,normal,off,True,False,rtt=13.40ms
1779496398.5301917,ack_recv,latency_ack,2009,C2_video_normal,C2_video_normal,91,normal,off,True,False,rtt=7.31ms
1779496398.6485178,ack_recv,latency_ack,2010,C2_video_normal,C2_video_normal,91,normal,off,True,False,rtt=25.20ms
1779496398.729632,ack_recv,latency_ack,2011,C2_video_normal,C2_video_normal,91,normal,off,True,False,rtt=6.07ms
1779496398.838518,ack_recv,latency_ack,2012,C2_video_normal,C2_video_normal,91,normal,off,True,False,rtt=14.52ms
1779496398.9327412,ack_recv,latency_ack,2013,C2_video_normal,C2_video_normal,91,normal,off,True,False,rtt=8.50ms
1779496399.0418732,ack_recv,latency_ack,2014,C2_video_normal,C2_video_normal,91,normal,off,True,False,rtt=17.21ms
1779496399.1350825,ack_recv,latency_ack,2015,C2_video_normal,C2_video_normal,91,normal,off,True,False,rtt=10.09ms
1779496399.24133,ack_recv,latency_ack,2016,C2_video_normal,C2_video_normal,91,normal,off,True,False,rtt=15.87ms
1779496399.338166,ack_recv,latency_ack,2017,C2_video_normal,C2_video_normal,91,normal,off,True,False,rtt=11.21ms
1779496399.4491875,ack_recv,latency_ack,2018,C2_video_normal,C2_video_normal,91,normal,off,True,False,rtt=22.43ms
1779496399.5425787,ack_recv,latency_ack,2019,C2_video_normal,C2_video_normal,91,normal,off,True,False,rtt=15.21ms
1779496399.6341405,ack_recv,latency_ack,2020,C2_video_normal,C2_video_normal,91,normal,off,True,False,rtt=6.08ms
1779496399.7445493,ack_recv,latency_ack,2021,C2_video_normal,C2_video_normal,91,normal,off,True,False,rtt=16.18ms
1779496399.8367262,ack_recv,latency_ack,2022,C2_video_normal,C2_video_normal,91,normal,off,True,False,rtt=7.79ms
1779496399.9435327,ack_recv,latency_ack,2023,C2_video_normal,C2_video_normal,91,normal,off,True,False,rtt=14.17ms
1779496400.0405965,ack_recv,latency_ack,2024,C2_video_normal,C2_video_normal,91,normal,off,True,False,rtt=10.79ms
1779496400.1508238,ack_recv,latency_ack,2025,C2_video_normal,C2_video_normal,91,normal,off,True,False,rtt=20.84ms
1779496400.240591,ack_recv,latency_ack,2026,C2_video_normal,C2_video_normal,91,normal,off,True,False,rtt=9.70ms
1779496400.384067,ack_recv,latency_ack,2027,C2_video_normal,C2_video_normal,91,normal,off,True,False,rtt=52.94ms
1779496400.4847453,ack_recv,latency_ack,2028,C2_video_normal,C2_video_normal,91,normal,off,True,False,rtt=53.39ms
1779496400.573808,ack_recv,latency_ack,2029,C2_video_normal,C2_video_normal,91,normal,off,True,False,rtt=42.16ms
1779496400.6593976,ack_recv,latency_ack,2030,C2_video_normal,C2_video_normal,91,normal,off,True,False,rtt=27.30ms
1779496400.749728,ack_recv,latency_ack,2031,C2_video_normal,C2_video_normal,91,normal,off,True,False,rtt=16.59ms
1779496400.842351,ack_recv,latency_ack,2032,C2_video_normal,C2_video_normal,91,normal,off,True,False,rtt=8.56ms
1779496400.9510849,ack_recv,latency_ack,2033,C2_video_normal,C2_video_normal,91,normal,off,True,False,rtt=16.76ms
1779496401.048209,ack_recv,latency_ack,2034,C2_video_normal,C2_video_normal,91,normal,off,True,False,rtt=12.91ms
1779496401.1528325,ack_recv,latency_ack,2035,C2_video_normal,C2_video_normal,91,normal,off,True,False,rtt=17.17ms
1779496401.2464893,ack_recv,latency_ack,2036,C2_video_normal,C2_video_normal,91,normal,off,True,False,rtt=10.31ms
1779496401.353693,ack_recv,latency_ack,2037,C2_video_normal,C2_video_normal,91,normal,off,True,False,rtt=16.94ms
1779496401.446651,ack_recv,latency_ack,2038,C2_video_normal,C2_video_normal,91,normal,off,True,False,rtt=9.12ms
1779496401.5582411,ack_recv,latency_ack,2039,C2_video_normal,C2_video_normal,91,normal,off,True,False,rtt=20.48ms
1779496401.649086,ack_recv,latency_ack,2040,C2_video_normal,C2_video_normal,91,normal,off,True,False,rtt=10.80ms
1779496401.7588847,ack_recv,latency_ack,2041,C2_video_normal,C2_video_normal,91,normal,off,True,False,rtt=19.76ms
1779496401.8518674,ack_recv,latency_ack,2042,C2_video_normal,C2_video_normal,91,normal,off,True,False,rtt=12.01ms
1779496401.944824,ack_recv,latency_ack,2043,C2_video_normal,C2_video_normal,91,normal,off,True,False,rtt=4.14ms
1779496402.0527964,ack_recv,latency_ack,2044,C2_video_normal,C2_video_normal,91,normal,off,True,False,rtt=11.67ms
1779496402.1478322,ack_recv,latency_ack,2045,C2_video_normal,C2_video_normal,91,normal,off,True,False,rtt=6.14ms
1779496402.2560318,ack_recv,latency_ack,2046,C2_video_normal,C2_video_normal,91,normal,off,True,False,rtt=13.78ms
1779496402.350244,ack_recv,latency_ack,2047,C2_video_normal,C2_video_normal,91,normal,off,True,False,rtt=7.67ms
1779496402.4581244,ack_recv,latency_ack,2048,C2_video_normal,C2_video_normal,91,normal,off,True,False,rtt=14.90ms
1779496402.5522354,ack_recv,latency_ack,2049,C2_video_normal,C2_video_normal,91,normal,off,True,False,rtt=8.00ms
1779496402.6618593,ack_recv,latency_ack,2050,C2_video_normal,C2_video_normal,91,normal,off,True,False,rtt=16.67ms
1779496402.7548926,ack_recv,latency_ack,2051,C2_video_normal,C2_video_normal,91,normal,off,True,False,rtt=9.29ms
1779496402.865781,ack_recv,latency_ack,2052,C2_video_normal,C2_video_normal,91,normal,off,True,False,rtt=19.33ms
1779496402.9928887,ack_recv,latency_ack,2053,C2_video_normal,C2_video_normal,91,normal,off,True,False,rtt=45.83ms
1779496403.0674112,ack_recv,latency_ack,2054,C2_video_normal,C2_video_normal,91,normal,off,True,False,rtt=19.93ms
1779496403.19759,ack_recv,latency_ack,2055,C2_video_normal,C2_video_normal,91,normal,off,True,False,rtt=49.54ms
1779496403.2728086,ack_recv,latency_ack,2056,C2_video_normal,C2_video_normal,91,normal,off,True,False,rtt=24.20ms
1779496403.3585463,ack_recv,latency_ack,2057,C2_video_normal,C2_video_normal,91,normal,off,True,False,rtt=9.45ms
1779496403.4772134,ack_recv,latency_ack,2058,C2_video_normal,C2_video_normal,91,normal,off,True,False,rtt=27.86ms
1779496403.5673046,ack_recv,latency_ack,2059,C2_video_normal,C2_video_normal,91,normal,off,True,False,rtt=17.28ms
1779496403.670411,ack_recv,latency_ack,2060,C2_video_normal,C2_video_normal,91,normal,off,True,False,rtt=19.69ms
1779496403.763199,ack_recv,latency_ack,2061,C2_video_normal,C2_video_normal,91,normal,off,True,False,rtt=11.91ms
1779496403.8674235,ack_recv,latency_ack,2062,C2_video_normal,C2_video_normal,91,normal,off,True,False,rtt=15.79ms
1779496403.988732,ack_recv,latency_ack,2063,C2_video_normal,C2_video_normal,91,normal,off,True,False,rtt=36.65ms
1779496404.0730393,ack_recv,latency_ack,2064,C2_video_normal,C2_video_normal,91,normal,off,True,False,rtt=20.02ms
1779496404.1635761,ack_recv,latency_ack,2065,C2_video_normal,C2_video_normal,91,normal,off,True,False,rtt=9.64ms
1779496404.2723377,ack_recv,latency_ack,2066,C2_video_normal,C2_video_normal,91,normal,off,True,False,rtt=17.95ms
1779496404.3618934,ack_recv,latency_ack,2067,C2_video_normal,C2_video_normal,91,normal,off,True,False,rtt=7.10ms
1779496404.4703777,ack_recv,latency_ack,2068,C2_video_normal,C2_video_normal,91,normal,off,True,False,rtt=14.87ms
1779496404.579144,ack_recv,latency_ack,2069,C2_video_normal,C2_video_normal,91,normal,off,True,False,rtt=22.70ms
1779496404.6730547,ack_recv,latency_ack,2070,C2_video_normal,C2_video_normal,91,normal,off,True,False,rtt=16.00ms
1779496404.8156457,ack_recv,latency_ack,2071,C2_video_normal,C2_video_normal,91,normal,off,True,False,rtt=57.77ms
1779496404.908547,ack_recv,latency_ack,2072,C2_video_normal,C2_video_normal,91,normal,off,True,False,rtt=50.05ms
1779496404.9922075,ack_recv,latency_ack,2073,C2_video_normal,C2_video_normal,91,normal,off,True,False,rtt=33.13ms
1779496405.0862129,ack_recv,latency_ack,2074,C2_video_normal,C2_video_normal,91,normal,off,True,False,rtt=26.48ms
1779496405.2156403,ack_recv,latency_ack,2075,C2_video_normal,C2_video_normal,91,normal,off,True,False,rtt=55.42ms
1779496405.299651,ack_recv,latency_ack,2076,C2_video_normal,C2_video_normal,91,normal,off,True,False,rtt=38.97ms
1779496405.3944182,ack_recv,latency_ack,2077,C2_video_normal,C2_video_normal,91,normal,off,True,False,rtt=33.39ms
1779496405.4724586,ack_recv,latency_ack,2078,C2_video_normal,C2_video_normal,91,normal,off,True,False,rtt=10.88ms
1779496405.580103,ack_recv,latency_ack,2079,C2_video_normal,C2_video_normal,91,normal,off,True,False,rtt=18.17ms
1779496405.6735625,ack_recv,latency_ack,2080,C2_video_normal,C2_video_normal,91,normal,off,True,False,rtt=11.31ms
1779496405.7684832,ack_recv,latency_ack,2081,C2_video_normal,C2_video_normal,91,normal,off,True,False,rtt=4.57ms
1779496405.8782458,ack_recv,latency_ack,2082,C2_video_normal,C2_video_normal,91,normal,off,True,False,rtt=15.53ms
1779496406.0076597,ack_recv,latency_ack,2083,C2_video_normal,C2_video_normal,91,normal,off,True,False,rtt=44.38ms
1779496406.0919478,ack_recv,latency_ack,2084,C2_video_normal,C2_video_normal,91,normal,off,True,False,rtt=28.47ms
1779496406.1816807,ack_recv,latency_ack,2085,C2_video_normal,C2_video_normal,91,normal,off,True,False,rtt=17.62ms
1779496406.2881656,ack_recv,latency_ack,2086,C2_video_normal,C2_video_normal,91,normal,off,True,False,rtt=23.23ms
1779496406.378107,ack_recv,latency_ack,2087,C2_video_normal,C2_video_normal,91,normal,off,True,False,rtt=12.59ms
1779496406.508154,ack_recv,latency_ack,2088,C2_video_normal,C2_video_normal,91,normal,off,True,False,rtt=42.41ms
1779496406.5946062,ack_recv,latency_ack,2089,C2_video_normal,C2_video_normal,91,normal,off,True,False,rtt=28.24ms
1779496406.6812782,ack_recv,latency_ack,2090,C2_video_normal,C2_video_normal,91,normal,off,True,False,rtt=14.57ms
1779496406.7835584,ack_recv,latency_ack,2091,C2_video_normal,C2_video_normal,91,normal,off,True,False,rtt=16.22ms
1779496406.8762527,ack_recv,latency_ack,2092,C2_video_normal,C2_video_normal,91,normal,off,True,False,rtt=8.50ms
1779496407.008596,ack_recv,latency_ack,2093,C2_video_normal,C2_video_normal,91,normal,off,True,False,rtt=38.93ms
1779496407.0933056,ack_recv,latency_ack,2094,C2_video_normal,C2_video_normal,91,normal,off,True,False,rtt=24.35ms
1779496407.189183,ack_recv,latency_ack,2095,C2_video_normal,C2_video_normal,91,normal,off,True,False,rtt=19.81ms
1779496407.2803926,ack_recv,latency_ack,2096,C2_video_normal,C2_video_normal,91,normal,off,True,False,rtt=10.31ms
1779496407.388368,ack_recv,latency_ack,2097,C2_video_normal,C2_video_normal,91,normal,off,True,False,rtt=17.87ms
1779496407.4823596,ack_recv,latency_ack,2098,C2_video_normal,C2_video_normal,91,normal,off,True,False,rtt=11.64ms
1779496407.5906816,ack_recv,latency_ack,2099,C2_video_normal,C2_video_normal,91,normal,off,True,False,rtt=18.51ms
1779496407.684752,ack_recv,latency_ack,2100,C2_video_normal,C2_video_normal,91,normal,off,True,False,rtt=12.92ms
1779496407.7904654,ack_recv,latency_ack,2101,C2_video_normal,C2_video_normal,91,normal,off,True,False,rtt=18.24ms
1779496407.8849828,ack_recv,latency_ack,2102,C2_video_normal,C2_video_normal,91,normal,off,True,False,rtt=12.39ms
1779496408.02961,ack_recv,latency_ack,2103,C2_video_normal,C2_video_normal,91,normal,off,True,False,rtt=54.81ms
1779496408.1144636,ack_recv,latency_ack,2104,C2_video_normal,C2_video_normal,91,normal,off,True,False,rtt=40.91ms
1779496408.1880388,ack_recv,latency_ack,2105,C2_video_normal,C2_video_normal,91,normal,off,True,False,rtt=13.85ms
1779496408.289897,ack_recv,latency_ack,2106,C2_video_normal,C2_video_normal,91,normal,off,True,False,rtt=15.44ms
1779496408.38301,ack_recv,latency_ack,2107,C2_video_normal,C2_video_normal,91,normal,off,True,False,rtt=8.06ms
1779496408.511412,ack_recv,latency_ack,2108,C2_video_normal,C2_video_normal,91,normal,off,True,False,rtt=36.29ms
1779496408.5973742,ack_recv,latency_ack,2109,C2_video_normal,C2_video_normal,91,normal,off,True,False,rtt=21.66ms
1779496408.689997,ack_recv,latency_ack,2110,C2_video_normal,C2_video_normal,91,normal,off,True,False,rtt=13.88ms
1779496408.7851322,ack_recv,latency_ack,2111,C2_video_normal,C2_video_normal,91,normal,off,True,False,rtt=8.67ms
1779496408.8951938,ack_recv,latency_ack,2112,C2_video_normal,C2_video_normal,91,normal,off,True,False,rtt=18.11ms
1779496408.9868941,ack_recv,latency_ack,2113,C2_video_normal,C2_video_normal,91,normal,off,True,False,rtt=9.62ms
1779496409.097512,ack_recv,latency_ack,2114,C2_video_normal,C2_video_normal,91,normal,off,True,False,rtt=19.84ms
1779496409.1883948,ack_recv,latency_ack,2115,C2_video_normal,C2_video_normal,91,normal,off,True,False,rtt=10.32ms
1779496409.2986963,ack_recv,latency_ack,2116,C2_video_normal,C2_video_normal,91,normal,off,True,False,rtt=19.69ms
1779496409.3913035,ack_recv,latency_ack,2117,C2_video_normal,C2_video_normal,91,normal,off,True,False,rtt=11.83ms
1779496409.5282266,ack_recv,latency_ack,2118,C2_video_normal,C2_video_normal,91,normal,off,True,False,rtt=48.32ms
1779496409.595726,ack_recv,latency_ack,2119,C2_video_normal,C2_video_normal,91,normal,off,True,False,rtt=15.62ms
1779496409.688162,ack_recv,latency_ack,2120,C2_video_normal,C2_video_normal,91,normal,off,True,False,rtt=7.39ms
1779496409.7986326,ack_recv,latency_ack,2121,C2_video_normal,C2_video_normal,91,normal,off,True,False,rtt=17.44ms
1779496409.8932955,ack_recv,latency_ack,2122,C2_video_normal,C2_video_normal,91,normal,off,True,False,rtt=11.42ms
1779496410.009821,ack_recv,latency_ack,2123,C2_video_normal,C2_video_normal,91,normal,off,True,False,rtt=27.78ms
1779496410.0913384,ack_recv,latency_ack,2124,C2_video_normal,C2_video_normal,91,normal,off,True,False,rtt=8.72ms
1779496410.2055557,ack_recv,latency_ack,2125,C2_video_normal,C2_video_normal,91,normal,off,True,False,rtt=22.08ms
1779496410.2973924,ack_recv,latency_ack,2126,C2_video_normal,C2_video_normal,91,normal,off,True,False,rtt=13.64ms
1779496410.403518,ack_recv,latency_ack,2127,C2_video_normal,C2_video_normal,91,normal,off,True,False,rtt=18.89ms
1779496410.4996853,ack_recv,latency_ack,2128,C2_video_normal,C2_video_normal,91,normal,off,True,False,rtt=14.71ms
1779496410.5939918,ack_recv,latency_ack,2129,C2_video_normal,C2_video_normal,91,normal,off,True,False,rtt=8.49ms
1779496410.7030075,ack_recv,latency_ack,2130,C2_video_normal,C2_video_normal,91,normal,off,True,False,rtt=17.34ms
1779496410.7945201,ack_recv,latency_ack,2131,C2_video_normal,C2_video_normal,91,normal,off,True,False,rtt=8.52ms
1779496410.9044101,ack_recv,latency_ack,2132,C2_video_normal,C2_video_normal,91,normal,off,True,False,rtt=18.06ms
1779496410.9956975,ack_recv,latency_ack,2133,C2_video_normal,C2_video_normal,91,normal,off,True,False,rtt=9.21ms
1779496411.104081,ack_recv,latency_ack,2134,C2_video_normal,C2_video_normal,91,normal,off,True,False,rtt=17.04ms
1779496411.1989489,ack_recv,latency_ack,2135,C2_video_normal,C2_video_normal,91,normal,off,True,False,rtt=10.50ms
1779496411.3054676,ack_recv,latency_ack,2136,C2_video_normal,C2_video_normal,91,normal,off,True,False,rtt=17.73ms
1779496411.4082859,ack_recv,latency_ack,2137,C2_video_normal,C2_video_normal,91,normal,off,True,False,rtt=20.12ms
1779496411.5659826,ack_recv,latency_ack,2138,C2_video_normal,C2_video_normal,91,normal,off,True,False,rtt=76.56ms
1779496411.668347,ack_recv,latency_ack,2139,C2_video_normal,C2_video_normal,91,normal,off,True,False,rtt=79.46ms
1779496411.7009797,ack_recv,latency_ack,2140,C2_video_normal,C2_video_normal,91,normal,off,True,False,rtt=11.61ms
1779496411.8741777,ack_recv,latency_ack,2141,C2_video_normal,C2_video_normal,91,normal,off,True,False,rtt=84.42ms
1779496411.9036944,ack_recv,latency_ack,2142,C2_video_normal,C2_video_normal,91,normal,off,True,False,rtt=13.79ms
1779496411.9952362,ack_recv,latency_ack,2143,C2_video_normal,C2_video_normal,91,normal,off,True,False,rtt=4.85ms
1779496412.1038523,ack_recv,latency_ack,2144,C2_video_normal,C2_video_normal,91,normal,off,True,False,rtt=12.89ms
1779496412.196818,ack_recv,latency_ack,2145,C2_video_normal,C2_video_normal,91,normal,off,True,False,rtt=5.42ms
1779496412.3074114,ack_recv,latency_ack,2146,C2_video_normal,C2_video_normal,91,normal,off,True,False,rtt=15.19ms
1779496412.4005382,ack_recv,latency_ack,2147,C2_video_normal,C2_video_normal,91,normal,off,True,False,rtt=7.75ms
1779496412.5156536,ack_recv,latency_ack,2148,C2_video_normal,C2_video_normal,91,normal,off,True,False,rtt=22.45ms
1779496412.6049478,ack_recv,latency_ack,2149,C2_video_normal,C2_video_normal,91,normal,off,True,False,rtt=10.95ms
1779496412.7130551,ack_recv,latency_ack,2150,C2_video_normal,C2_video_normal,91,normal,off,True,False,rtt=18.15ms
1779496412.804651,ack_recv,latency_ack,2151,C2_video_normal,C2_video_normal,91,normal,off,True,False,rtt=8.98ms
1779496412.9079006,ack_recv,latency_ack,2152,C2_video_normal,C2_video_normal,91,normal,off,True,False,rtt=12.05ms
1779496413.006573,ack_recv,latency_ack,2153,C2_video_normal,C2_video_normal,91,normal,off,True,False,rtt=10.27ms
1779496413.1162174,ack_recv,latency_ack,2154,C2_video_normal,C2_video_normal,91,normal,off,True,False,rtt=19.19ms
1779496413.209627,ack_recv,latency_ack,2155,C2_video_normal,C2_video_normal,91,normal,off,True,False,rtt=11.59ms
1779496413.3066802,ack_recv,latency_ack,2156,C2_video_normal,C2_video_normal,91,normal,off,True,False,rtt=8.03ms
1779496413.4055343,ack_recv,latency_ack,2157,C2_video_normal,C2_video_normal,91,normal,off,True,False,rtt=6.48ms
1779496413.5116966,ack_recv,latency_ack,2158,C2_video_normal,C2_video_normal,91,normal,off,True,False,rtt=11.96ms
1779496413.6188097,ack_recv,latency_ack,2159,C2_video_normal,C2_video_normal,91,normal,off,True,False,rtt=18.39ms
1779496413.7104204,ack_recv,latency_ack,2160,C2_video_normal,C2_video_normal,91,normal,off,True,False,rtt=9.76ms
1779496413.8212597,ack_recv,latency_ack,2161,C2_video_normal,C2_video_normal,91,normal,off,True,False,rtt=19.40ms
1779496413.9092836,ack_recv,latency_ack,2162,C2_video_normal,C2_video_normal,91,normal,off,True,False,rtt=6.77ms
1779496414.0084774,ack_recv,latency_ack,2163,C2_video_normal,C2_video_normal,91,normal,off,True,False,rtt=5.59ms
1779496414.1171074,ack_recv,latency_ack,2164,C2_video_normal,C2_video_normal,91,normal,off,True,False,rtt=13.63ms
1779496414.2241971,ack_recv,latency_ack,2165,C2_video_normal,C2_video_normal,91,normal,off,True,False,rtt=20.34ms
1779496414.316228,ack_recv,latency_ack,2166,C2_video_normal,C2_video_normal,91,normal,off,True,False,rtt=11.70ms
1779496414.4103212,ack_recv,latency_ack,2167,C2_video_normal,C2_video_normal,91,normal,off,True,False,rtt=4.90ms
1779496414.5210927,ack_recv,latency_ack,2168,C2_video_normal,C2_video_normal,91,normal,off,True,False,rtt=15.19ms
1779496414.6152992,ack_recv,latency_ack,2169,C2_video_normal,C2_video_normal,91,normal,off,True,False,rtt=8.33ms
1779496414.725221,ack_recv,latency_ack,2170,C2_video_normal,C2_video_normal,91,normal,off,True,False,rtt=18.24ms
1779496414.8153405,ack_recv,latency_ack,2171,C2_video_normal,C2_video_normal,91,normal,off,True,False,rtt=7.93ms
1779496414.9279625,ack_recv,latency_ack,2172,C2_video_normal,C2_video_normal,91,normal,off,True,False,rtt=20.03ms
1779496415.01898,ack_recv,latency_ack,2173,C2_video_normal,C2_video_normal,91,normal,off,True,False,rtt=10.47ms
1779496415.1304305,ack_recv,latency_ack,2174,C2_video_normal,C2_video_normal,91,normal,off,True,False,rtt=21.72ms
1779496415.221375,ack_recv,latency_ack,2175,C2_video_normal,C2_video_normal,91,normal,off,True,False,rtt=11.71ms
1779496415.3443134,ack_recv,latency_ack,2176,C2_video_normal,C2_video_normal,91,normal,off,True,False,rtt=34.49ms
1779496415.4255838,ack_recv,latency_ack,2177,C2_video_normal,C2_video_normal,91,normal,off,True,False,rtt=14.97ms
1779496415.52947,ack_recv,latency_ack,2178,C2_video_normal,C2_video_normal,91,normal,off,True,False,rtt=18.32ms
1779496415.6201296,ack_recv,latency_ack,2179,C2_video_normal,C2_video_normal,91,normal,off,True,False,rtt=8.47ms
1779496415.7317128,ack_recv,latency_ack,2180,C2_video_normal,C2_video_normal,91,normal,off,True,False,rtt=19.56ms
1779496415.8191595,ack_recv,latency_ack,2181,C2_video_normal,C2_video_normal,91,normal,off,True,False,rtt=6.22ms
1779496415.9313188,ack_recv,latency_ack,2182,C2_video_normal,C2_video_normal,91,normal,off,True,False,rtt=17.68ms
1779496416.0222185,ack_recv,latency_ack,2183,C2_video_normal,C2_video_normal,91,normal,off,True,False,rtt=7.95ms
1779496416.129555,ack_recv,latency_ack,2184,C2_video_normal,C2_video_normal,91,normal,off,True,False,rtt=15.14ms
1779496416.222337,ack_recv,latency_ack,2185,C2_video_normal,C2_video_normal,91,normal,off,True,False,rtt=7.07ms
1779496416.3341005,ack_recv,latency_ack,2186,C2_video_normal,C2_video_normal,91,normal,off,True,False,rtt=17.99ms
1779496416.4265113,ack_recv,latency_ack,2187,C2_video_normal,C2_video_normal,91,normal,off,True,False,rtt=9.75ms
1779496416.5335145,ack_recv,latency_ack,2188,C2_video_normal,C2_video_normal,91,normal,off,True,False,rtt=16.22ms
1779496416.6275043,ack_recv,latency_ack,2189,C2_video_normal,C2_video_normal,91,normal,off,True,False,rtt=9.46ms
1779496416.7273486,ack_recv,latency_ack,2190,C2_video_normal,C2_video_normal,91,normal,off,True,False,rtt=8.40ms
1779496416.8316338,ack_recv,latency_ack,2191,C2_video_normal,C2_video_normal,91,normal,off,True,False,rtt=11.56ms
1779496416.9267612,ack_recv,latency_ack,2192,C2_video_normal,C2_video_normal,91,normal,off,True,False,rtt=6.33ms
1779496417.0744364,ack_recv,latency_ack,2193,C2_video_normal,C2_video_normal,91,normal,off,True,False,rtt=53.49ms
1779496417.1597097,ack_recv,latency_ack,2194,C2_video_normal,C2_video_normal,91,normal,off,True,False,rtt=38.57ms
1779496417.2461677,ack_recv,latency_ack,2195,C2_video_normal,C2_video_normal,91,normal,off,True,False,rtt=24.62ms
1779496417.3308291,ack_recv,latency_ack,2196,C2_video_normal,C2_video_normal,91,normal,off,True,False,rtt=8.87ms
1779496417.4366276,ack_recv,latency_ack,2197,C2_video_normal,C2_video_normal,91,normal,off,True,False,rtt=13.99ms
1779496417.5314975,ack_recv,latency_ack,2198,C2_video_normal,C2_video_normal,91,normal,off,True,False,rtt=8.20ms
1779496417.6368277,ack_recv,latency_ack,2199,C2_video_normal,C2_video_normal,91,normal,off,True,False,rtt=13.39ms
1779496417.7282677,ack_recv,latency_ack,2200,C2_video_normal,C2_video_normal,91,normal,off,True,False,rtt=4.34ms
1779496424.467736,ack_recv,latency_ack,2201,C3_lidar_detail,C3_lidar_detail,91,off,detail,False,True,rtt=105.09ms
1779496424.4824214,ack_recv,latency_ack,2202,C3_lidar_detail,C3_lidar_detail,91,off,detail,False,True,rtt=18.75ms
1779496424.5762613,ack_recv,latency_ack,2203,C3_lidar_detail,C3_lidar_detail,91,off,detail,False,True,rtt=11.87ms
1779496424.6878965,ack_recv,latency_ack,2204,C3_lidar_detail,C3_lidar_detail,91,off,detail,False,True,rtt=23.21ms
1779496424.7854817,ack_recv,latency_ack,2205,C3_lidar_detail,C3_lidar_detail,91,off,detail,False,True,rtt=20.42ms
1779496424.875619,ack_recv,latency_ack,2206,C3_lidar_detail,C3_lidar_detail,91,off,detail,False,True,rtt=10.18ms
1779496424.9696054,ack_recv,latency_ack,2207,C3_lidar_detail,C3_lidar_detail,91,off,detail,False,True,rtt=3.59ms
1779496425.0785139,ack_recv,latency_ack,2208,C3_lidar_detail,C3_lidar_detail,91,off,detail,False,True,rtt=12.25ms
1779496425.1786706,ack_recv,latency_ack,2209,C3_lidar_detail,C3_lidar_detail,91,off,detail,False,True,rtt=10.39ms
1779496425.2855892,ack_recv,latency_ack,2210,C3_lidar_detail,C3_lidar_detail,91,off,detail,False,True,rtt=17.75ms
1779496425.3882878,ack_recv,latency_ack,2211,C3_lidar_detail,C3_lidar_detail,91,off,detail,False,True,rtt=19.62ms
1779496425.482311,ack_recv,latency_ack,2212,C3_lidar_detail,C3_lidar_detail,91,off,detail,False,True,rtt=13.41ms
1779496425.5909576,ack_recv,latency_ack,2213,C3_lidar_detail,C3_lidar_detail,91,off,detail,False,True,rtt=21.39ms
1779496425.6773953,ack_recv,latency_ack,2214,C3_lidar_detail,C3_lidar_detail,91,off,detail,False,True,rtt=7.39ms
1779496425.7840798,ack_recv,latency_ack,2215,C3_lidar_detail,C3_lidar_detail,91,off,detail,False,True,rtt=13.81ms
1779496425.877274,ack_recv,latency_ack,2216,C3_lidar_detail,C3_lidar_detail,91,off,detail,False,True,rtt=6.42ms
1779496425.9914863,ack_recv,latency_ack,2217,C3_lidar_detail,C3_lidar_detail,91,off,detail,False,True,rtt=20.30ms
1779496426.08159,ack_recv,latency_ack,2218,C3_lidar_detail,C3_lidar_detail,91,off,detail,False,True,rtt=9.86ms
1779496426.1819875,ack_recv,latency_ack,2219,C3_lidar_detail,C3_lidar_detail,91,off,detail,False,True,rtt=9.71ms
1779496426.2834363,ack_recv,latency_ack,2220,C3_lidar_detail,C3_lidar_detail,91,off,detail,False,True,rtt=10.30ms
1779496426.3920188,ack_recv,latency_ack,2221,C3_lidar_detail,C3_lidar_detail,91,off,detail,False,True,rtt=18.62ms
1779496426.5170605,ack_recv,latency_ack,2222,C3_lidar_detail,C3_lidar_detail,91,off,detail,False,True,rtt=42.86ms
1779496426.60128,ack_recv,latency_ack,2223,C3_lidar_detail,C3_lidar_detail,91,off,detail,False,True,rtt=26.62ms
1779496426.6864367,ack_recv,latency_ack,2224,C3_lidar_detail,C3_lidar_detail,91,off,detail,False,True,rtt=11.57ms
1779496426.8051136,ack_recv,latency_ack,2225,C3_lidar_detail,C3_lidar_detail,91,off,detail,False,True,rtt=30.07ms
1779496426.891071,ack_recv,latency_ack,2226,C3_lidar_detail,C3_lidar_detail,91,off,detail,False,True,rtt=15.81ms
1779496427.0301507,ack_recv,latency_ack,2227,C3_lidar_detail,C3_lidar_detail,91,off,detail,False,True,rtt=54.26ms
1779496427.0906727,ack_recv,latency_ack,2228,C3_lidar_detail,C3_lidar_detail,91,off,detail,False,True,rtt=13.71ms
1779496427.1876457,ack_recv,latency_ack,2229,C3_lidar_detail,C3_lidar_detail,91,off,detail,False,True,rtt=10.46ms
1779496427.2957556,ack_recv,latency_ack,2230,C3_lidar_detail,C3_lidar_detail,91,off,detail,False,True,rtt=18.42ms
1779496427.386892,ack_recv,latency_ack,2231,C3_lidar_detail,C3_lidar_detail,91,off,detail,False,True,rtt=9.29ms
1779496427.4959304,ack_recv,latency_ack,2232,C3_lidar_detail,C3_lidar_detail,91,off,detail,False,True,rtt=17.58ms
1779496427.5904307,ack_recv,latency_ack,2233,C3_lidar_detail,C3_lidar_detail,91,off,detail,False,True,rtt=11.54ms
1779496427.6966205,ack_recv,latency_ack,2234,C3_lidar_detail,C3_lidar_detail,91,off,detail,False,True,rtt=17.44ms
1779496427.7842214,ack_recv,latency_ack,2235,C3_lidar_detail,C3_lidar_detail,91,off,detail,False,True,rtt=4.80ms
1779496427.898102,ack_recv,latency_ack,2236,C3_lidar_detail,C3_lidar_detail,91,off,detail,False,True,rtt=17.52ms
1779496427.9922514,ack_recv,latency_ack,2237,C3_lidar_detail,C3_lidar_detail,91,off,detail,False,True,rtt=11.87ms
1779496428.1035912,ack_recv,latency_ack,2238,C3_lidar_detail,C3_lidar_detail,91,off,detail,False,True,rtt=22.81ms
1779496428.1876943,ack_recv,latency_ack,2239,C3_lidar_detail,C3_lidar_detail,91,off,detail,False,True,rtt=6.30ms
1779496428.2897532,ack_recv,latency_ack,2240,C3_lidar_detail,C3_lidar_detail,91,off,detail,False,True,rtt=7.67ms
1779496428.3878202,ack_recv,latency_ack,2241,C3_lidar_detail,C3_lidar_detail,91,off,detail,False,True,rtt=5.26ms
1779496428.502389,ack_recv,latency_ack,2242,C3_lidar_detail,C3_lidar_detail,91,off,detail,False,True,rtt=19.32ms
1779496428.593206,ack_recv,latency_ack,2243,C3_lidar_detail,C3_lidar_detail,91,off,detail,False,True,rtt=9.60ms
1779496428.7079945,ack_recv,latency_ack,2244,C3_lidar_detail,C3_lidar_detail,91,off,detail,False,True,rtt=23.71ms
1779496428.7949204,ack_recv,latency_ack,2245,C3_lidar_detail,C3_lidar_detail,91,off,detail,False,True,rtt=10.15ms
1779496428.9002442,ack_recv,latency_ack,2246,C3_lidar_detail,C3_lidar_detail,91,off,detail,False,True,rtt=14.66ms
1779496428.9920995,ack_recv,latency_ack,2247,C3_lidar_detail,C3_lidar_detail,91,off,detail,False,True,rtt=6.07ms
1779496429.1046646,ack_recv,latency_ack,2248,C3_lidar_detail,C3_lidar_detail,91,off,detail,False,True,rtt=18.16ms
1779496429.2018301,ack_recv,latency_ack,2249,C3_lidar_detail,C3_lidar_detail,91,off,detail,False,True,rtt=14.82ms
1779496429.3052955,ack_recv,latency_ack,2250,C3_lidar_detail,C3_lidar_detail,91,off,detail,False,True,rtt=17.51ms
1779496429.4000463,ack_recv,latency_ack,2251,C3_lidar_detail,C3_lidar_detail,91,off,detail,False,True,rtt=11.52ms
1779496429.508739,ack_recv,latency_ack,2252,C3_lidar_detail,C3_lidar_detail,91,off,detail,False,True,rtt=20.11ms
1779496429.600783,ack_recv,latency_ack,2253,C3_lidar_detail,C3_lidar_detail,91,off,detail,False,True,rtt=10.66ms
1779496429.712857,ack_recv,latency_ack,2254,C3_lidar_detail,C3_lidar_detail,91,off,detail,False,True,rtt=23.38ms
1779496429.8034499,ack_recv,latency_ack,2255,C3_lidar_detail,C3_lidar_detail,91,off,detail,False,True,rtt=13.15ms
1779496429.8976555,ack_recv,latency_ack,2256,C3_lidar_detail,C3_lidar_detail,91,off,detail,False,True,rtt=7.12ms
1779496430.0275054,ack_recv,latency_ack,2257,C3_lidar_detail,C3_lidar_detail,91,off,detail,False,True,rtt=36.02ms
1779496430.116417,ack_recv,latency_ack,2258,C3_lidar_detail,C3_lidar_detail,91,off,detail,False,True,rtt=24.67ms
1779496430.2086089,ack_recv,latency_ack,2259,C3_lidar_detail,C3_lidar_detail,91,off,detail,False,True,rtt=16.43ms
1779496430.2997265,ack_recv,latency_ack,2260,C3_lidar_detail,C3_lidar_detail,91,off,detail,False,True,rtt=6.72ms
1779496430.4033756,ack_recv,latency_ack,2261,C3_lidar_detail,C3_lidar_detail,91,off,detail,False,True,rtt=9.68ms
1779496430.541011,ack_recv,latency_ack,2262,C3_lidar_detail,C3_lidar_detail,91,off,detail,False,True,rtt=46.17ms
1779496430.6172538,ack_recv,latency_ack,2263,C3_lidar_detail,C3_lidar_detail,91,off,detail,False,True,rtt=21.78ms
1779496430.7073991,ack_recv,latency_ack,2264,C3_lidar_detail,C3_lidar_detail,91,off,detail,False,True,rtt=11.74ms
1779496430.8193486,ack_recv,latency_ack,2265,C3_lidar_detail,C3_lidar_detail,91,off,detail,False,True,rtt=23.31ms
1779496430.9045444,ack_recv,latency_ack,2266,C3_lidar_detail,C3_lidar_detail,91,off,detail,False,True,rtt=4.62ms
1779496431.023118,ack_recv,latency_ack,2267,C3_lidar_detail,C3_lidar_detail,91,off,detail,False,True,rtt=22.09ms
1779496431.114287,ack_recv,latency_ack,2268,C3_lidar_detail,C3_lidar_detail,91,off,detail,False,True,rtt=12.71ms
1779496431.2204735,ack_recv,latency_ack,2269,C3_lidar_detail,C3_lidar_detail,91,off,detail,False,True,rtt=18.57ms
1779496431.3114412,ack_recv,latency_ack,2270,C3_lidar_detail,C3_lidar_detail,91,off,detail,False,True,rtt=8.74ms
1779496431.4135976,ack_recv,latency_ack,2271,C3_lidar_detail,C3_lidar_detail,91,off,detail,False,True,rtt=9.58ms
1779496431.514983,ack_recv,latency_ack,2272,C3_lidar_detail,C3_lidar_detail,91,off,detail,False,True,rtt=10.30ms
1779496431.6303203,ack_recv,latency_ack,2273,C3_lidar_detail,C3_lidar_detail,91,off,detail,False,True,rtt=25.29ms
1779496431.717394,ack_recv,latency_ack,2274,C3_lidar_detail,C3_lidar_detail,91,off,detail,False,True,rtt=12.01ms
1779496431.8309395,ack_recv,latency_ack,2275,C3_lidar_detail,C3_lidar_detail,91,off,detail,False,True,rtt=25.09ms
1779496431.9137077,ack_recv,latency_ack,2276,C3_lidar_detail,C3_lidar_detail,91,off,detail,False,True,rtt=7.28ms
1779496432.0144856,ack_recv,latency_ack,2277,C3_lidar_detail,C3_lidar_detail,91,off,detail,False,True,rtt=7.43ms
1779496432.1228836,ack_recv,latency_ack,2278,C3_lidar_detail,C3_lidar_detail,91,off,detail,False,True,rtt=15.47ms
1779496432.215109,ack_recv,latency_ack,2279,C3_lidar_detail,C3_lidar_detail,91,off,detail,False,True,rtt=6.40ms
1779496432.3248494,ack_recv,latency_ack,2280,C3_lidar_detail,C3_lidar_detail,91,off,detail,False,True,rtt=16.18ms
1779496432.4208617,ack_recv,latency_ack,2281,C3_lidar_detail,C3_lidar_detail,91,off,detail,False,True,rtt=11.19ms
1779496432.5245824,ack_recv,latency_ack,2282,C3_lidar_detail,C3_lidar_detail,91,off,detail,False,True,rtt=14.50ms
1779496432.6208053,ack_recv,latency_ack,2283,C3_lidar_detail,C3_lidar_detail,91,off,detail,False,True,rtt=10.02ms
1779496432.7316852,ack_recv,latency_ack,2284,C3_lidar_detail,C3_lidar_detail,91,off,detail,False,True,rtt=20.62ms
1779496432.8262787,ack_recv,latency_ack,2285,C3_lidar_detail,C3_lidar_detail,91,off,detail,False,True,rtt=13.99ms
1779496432.924648,ack_recv,latency_ack,2286,C3_lidar_detail,C3_lidar_detail,91,off,detail,False,True,rtt=10.98ms
1779496433.0323207,ack_recv,latency_ack,2287,C3_lidar_detail,C3_lidar_detail,91,off,detail,False,True,rtt=19.07ms
1779496433.1229384,ack_recv,latency_ack,2288,C3_lidar_detail,C3_lidar_detail,91,off,detail,False,True,rtt=9.03ms
1779496433.2786183,ack_recv,latency_ack,2289,C3_lidar_detail,C3_lidar_detail,91,off,detail,False,True,rtt=64.34ms
1779496433.3776162,ack_recv,latency_ack,2290,C3_lidar_detail,C3_lidar_detail,91,off,detail,False,True,rtt=63.08ms
1779496433.4860685,ack_recv,latency_ack,2291,C3_lidar_detail,C3_lidar_detail,91,off,detail,False,True,rtt=71.05ms
1779496433.5931046,ack_recv,latency_ack,2292,C3_lidar_detail,C3_lidar_detail,91,off,detail,False,True,rtt=77.25ms
1779496433.6826491,ack_recv,latency_ack,2293,C3_lidar_detail,C3_lidar_detail,91,off,detail,False,True,rtt=65.98ms
1779496433.7672598,ack_recv,latency_ack,2294,C3_lidar_detail,C3_lidar_detail,91,off,detail,False,True,rtt=49.40ms
1779496433.8377244,ack_recv,latency_ack,2295,C3_lidar_detail,C3_lidar_detail,91,off,detail,False,True,rtt=20.43ms
1779496433.9318414,ack_recv,latency_ack,2296,C3_lidar_detail,C3_lidar_detail,91,off,detail,False,True,rtt=14.12ms
1779496434.0371618,ack_recv,latency_ack,2297,C3_lidar_detail,C3_lidar_detail,91,off,detail,False,True,rtt=18.56ms
1779496434.1271152,ack_recv,latency_ack,2298,C3_lidar_detail,C3_lidar_detail,91,off,detail,False,True,rtt=8.01ms
1779496434.2377667,ack_recv,latency_ack,2299,C3_lidar_detail,C3_lidar_detail,91,off,detail,False,True,rtt=18.53ms
1779496434.3281834,ack_recv,latency_ack,2300,C3_lidar_detail,C3_lidar_detail,91,off,detail,False,True,rtt=8.56ms
1779496434.430732,ack_recv,latency_ack,2301,C3_lidar_detail,C3_lidar_detail,91,off,detail,False,True,rtt=9.84ms
1779496434.5411525,ack_recv,latency_ack,2302,C3_lidar_detail,C3_lidar_detail,91,off,detail,False,True,rtt=20.10ms
1779496434.6346319,ack_recv,latency_ack,2303,C3_lidar_detail,C3_lidar_detail,91,off,detail,False,True,rtt=13.21ms
1779496434.7448797,ack_recv,latency_ack,2304,C3_lidar_detail,C3_lidar_detail,91,off,detail,False,True,rtt=22.65ms
1779496434.836517,ack_recv,latency_ack,2305,C3_lidar_detail,C3_lidar_detail,91,off,detail,False,True,rtt=13.21ms
1779496434.9298232,ack_recv,latency_ack,2306,C3_lidar_detail,C3_lidar_detail,91,off,detail,False,True,rtt=6.00ms
1779496435.0395036,ack_recv,latency_ack,2307,C3_lidar_detail,C3_lidar_detail,91,off,detail,False,True,rtt=15.00ms
1779496435.1471558,ack_recv,latency_ack,2308,C3_lidar_detail,C3_lidar_detail,91,off,detail,False,True,rtt=22.30ms
1779496435.239915,ack_recv,latency_ack,2309,C3_lidar_detail,C3_lidar_detail,91,off,detail,False,True,rtt=14.66ms
1779496435.3379126,ack_recv,latency_ack,2310,C3_lidar_detail,C3_lidar_detail,91,off,detail,False,True,rtt=12.02ms
1779496435.4335458,ack_recv,latency_ack,2311,C3_lidar_detail,C3_lidar_detail,91,off,detail,False,True,rtt=5.98ms
1779496435.5363636,ack_recv,latency_ack,2312,C3_lidar_detail,C3_lidar_detail,91,off,detail,False,True,rtt=8.80ms
1779496435.6426954,ack_recv,latency_ack,2313,C3_lidar_detail,C3_lidar_detail,91,off,detail,False,True,rtt=13.36ms
1779496435.747986,ack_recv,latency_ack,2314,C3_lidar_detail,C3_lidar_detail,91,off,detail,False,True,rtt=18.22ms
1779496435.8425832,ack_recv,latency_ack,2315,C3_lidar_detail,C3_lidar_detail,91,off,detail,False,True,rtt=12.44ms
1779496435.9458761,ack_recv,latency_ack,2316,C3_lidar_detail,C3_lidar_detail,91,off,detail,False,True,rtt=15.07ms
1779496436.0401495,ack_recv,latency_ack,2317,C3_lidar_detail,C3_lidar_detail,91,off,detail,False,True,rtt=8.96ms
1779496436.1526558,ack_recv,latency_ack,2318,C3_lidar_detail,C3_lidar_detail,91,off,detail,False,True,rtt=21.06ms
1779496436.2426121,ack_recv,latency_ack,2319,C3_lidar_detail,C3_lidar_detail,91,off,detail,False,True,rtt=10.68ms
1779496436.3493066,ack_recv,latency_ack,2320,C3_lidar_detail,C3_lidar_detail,91,off,detail,False,True,rtt=17.06ms
1779496436.4471092,ack_recv,latency_ack,2321,C3_lidar_detail,C3_lidar_detail,91,off,detail,False,True,rtt=14.45ms
1779496436.5413432,ack_recv,latency_ack,2322,C3_lidar_detail,C3_lidar_detail,91,off,detail,False,True,rtt=8.10ms
1779496436.6445057,ack_recv,latency_ack,2323,C3_lidar_detail,C3_lidar_detail,91,off,detail,False,True,rtt=10.82ms
1779496436.7578175,ack_recv,latency_ack,2324,C3_lidar_detail,C3_lidar_detail,91,off,detail,False,True,rtt=23.27ms
1779496436.8492994,ack_recv,latency_ack,2325,C3_lidar_detail,C3_lidar_detail,91,off,detail,False,True,rtt=14.01ms
1779496436.9584577,ack_recv,latency_ack,2326,C3_lidar_detail,C3_lidar_detail,91,off,detail,False,True,rtt=22.69ms
1779496437.0545092,ack_recv,latency_ack,2327,C3_lidar_detail,C3_lidar_detail,91,off,detail,False,True,rtt=18.48ms
1779496437.160758,ack_recv,latency_ack,2328,C3_lidar_detail,C3_lidar_detail,91,off,detail,False,True,rtt=24.15ms
1779496437.2508824,ack_recv,latency_ack,2329,C3_lidar_detail,C3_lidar_detail,91,off,detail,False,True,rtt=13.78ms
1779496437.3449209,ack_recv,latency_ack,2330,C3_lidar_detail,C3_lidar_detail,91,off,detail,False,True,rtt=7.54ms
1779496437.4603775,ack_recv,latency_ack,2331,C3_lidar_detail,C3_lidar_detail,91,off,detail,False,True,rtt=21.98ms
1779496437.567219,ack_recv,latency_ack,2332,C3_lidar_detail,C3_lidar_detail,91,off,detail,False,True,rtt=28.29ms
1779496437.6609771,ack_recv,latency_ack,2333,C3_lidar_detail,C3_lidar_detail,91,off,detail,False,True,rtt=21.34ms
1779496437.7469828,ack_recv,latency_ack,2334,C3_lidar_detail,C3_lidar_detail,91,off,detail,False,True,rtt=7.04ms
1779496437.8548157,ack_recv,latency_ack,2335,C3_lidar_detail,C3_lidar_detail,91,off,detail,False,True,rtt=14.44ms
1779496437.9474995,ack_recv,latency_ack,2336,C3_lidar_detail,C3_lidar_detail,91,off,detail,False,True,rtt=6.04ms
1779496438.0582151,ack_recv,latency_ack,2337,C3_lidar_detail,C3_lidar_detail,91,off,detail,False,True,rtt=16.21ms
1779496438.1532357,ack_recv,latency_ack,2338,C3_lidar_detail,C3_lidar_detail,91,off,detail,False,True,rtt=10.70ms
1779496438.2633731,ack_recv,latency_ack,2339,C3_lidar_detail,C3_lidar_detail,91,off,detail,False,True,rtt=20.30ms
1779496438.353381,ack_recv,latency_ack,2340,C3_lidar_detail,C3_lidar_detail,91,off,detail,False,True,rtt=9.95ms
1779496438.4592957,ack_recv,latency_ack,2341,C3_lidar_detail,C3_lidar_detail,91,off,detail,False,True,rtt=15.55ms
1779496438.5539112,ack_recv,latency_ack,2342,C3_lidar_detail,C3_lidar_detail,91,off,detail,False,True,rtt=9.80ms
1779496438.6622398,ack_recv,latency_ack,2343,C3_lidar_detail,C3_lidar_detail,91,off,detail,False,True,rtt=17.67ms
1779496438.756945,ack_recv,latency_ack,2344,C3_lidar_detail,C3_lidar_detail,91,off,detail,False,True,rtt=12.07ms
1779496438.863294,ack_recv,latency_ack,2345,C3_lidar_detail,C3_lidar_detail,91,off,detail,False,True,rtt=17.82ms
1779496438.9612641,ack_recv,latency_ack,2346,C3_lidar_detail,C3_lidar_detail,91,off,detail,False,True,rtt=15.25ms
1779496439.0700564,ack_recv,latency_ack,2347,C3_lidar_detail,C3_lidar_detail,91,off,detail,False,True,rtt=23.50ms
1779496439.1554835,ack_recv,latency_ack,2348,C3_lidar_detail,C3_lidar_detail,91,off,detail,False,True,rtt=8.56ms
1779496439.266266,ack_recv,latency_ack,2349,C3_lidar_detail,C3_lidar_detail,91,off,detail,False,True,rtt=19.10ms
1779496439.3601723,ack_recv,latency_ack,2350,C3_lidar_detail,C3_lidar_detail,91,off,detail,False,True,rtt=12.68ms
1779496439.4675715,ack_recv,latency_ack,2351,C3_lidar_detail,C3_lidar_detail,91,off,detail,False,True,rtt=19.50ms
1779496439.5644798,ack_recv,latency_ack,2352,C3_lidar_detail,C3_lidar_detail,91,off,detail,False,True,rtt=15.69ms
1779496439.667216,ack_recv,latency_ack,2353,C3_lidar_detail,C3_lidar_detail,91,off,detail,False,True,rtt=18.25ms
1779496439.7638507,ack_recv,latency_ack,2354,C3_lidar_detail,C3_lidar_detail,91,off,detail,False,True,rtt=14.82ms
1779496439.8544018,ack_recv,latency_ack,2355,C3_lidar_detail,C3_lidar_detail,91,off,detail,False,True,rtt=4.63ms
1779496439.96575,ack_recv,latency_ack,2356,C3_lidar_detail,C3_lidar_detail,91,off,detail,False,True,rtt=15.20ms
1779496440.0567634,ack_recv,latency_ack,2357,C3_lidar_detail,C3_lidar_detail,91,off,detail,False,True,rtt=5.35ms
1779496440.1806948,ack_recv,latency_ack,2358,C3_lidar_detail,C3_lidar_detail,91,off,detail,False,True,rtt=28.70ms
1779496440.2641869,ack_recv,latency_ack,2359,C3_lidar_detail,C3_lidar_detail,91,off,detail,False,True,rtt=11.78ms
1779496440.3670871,ack_recv,latency_ack,2360,C3_lidar_detail,C3_lidar_detail,91,off,detail,False,True,rtt=14.38ms
1779496440.4613485,ack_recv,latency_ack,2361,C3_lidar_detail,C3_lidar_detail,91,off,detail,False,True,rtt=7.68ms
1779496440.5711062,ack_recv,latency_ack,2362,C3_lidar_detail,C3_lidar_detail,91,off,detail,False,True,rtt=16.68ms
1779496440.6648474,ack_recv,latency_ack,2363,C3_lidar_detail,C3_lidar_detail,91,off,detail,False,True,rtt=9.90ms
1779496440.8316185,ack_recv,latency_ack,2364,C3_lidar_detail,C3_lidar_detail,91,off,detail,False,True,rtt=75.95ms
1779496440.8652518,ack_recv,latency_ack,2365,C3_lidar_detail,C3_lidar_detail,91,off,detail,False,True,rtt=9.30ms
1779496440.9754648,ack_recv,latency_ack,2366,C3_lidar_detail,C3_lidar_detail,91,off,detail,False,True,rtt=18.98ms
1779496441.0685606,ack_recv,latency_ack,2367,C3_lidar_detail,C3_lidar_detail,91,off,detail,False,True,rtt=11.47ms
1779496441.1772416,ack_recv,latency_ack,2368,C3_lidar_detail,C3_lidar_detail,91,off,detail,False,True,rtt=19.84ms
1779496441.27183,ack_recv,latency_ack,2369,C3_lidar_detail,C3_lidar_detail,91,off,detail,False,True,rtt=13.30ms
1779496441.3692117,ack_recv,latency_ack,2370,C3_lidar_detail,C3_lidar_detail,91,off,detail,False,True,rtt=9.78ms
1779496441.4761915,ack_recv,latency_ack,2371,C3_lidar_detail,C3_lidar_detail,91,off,detail,False,True,rtt=16.39ms
1779496441.573675,ack_recv,latency_ack,2372,C3_lidar_detail,C3_lidar_detail,91,off,detail,False,True,rtt=13.18ms
1779496441.6700766,ack_recv,latency_ack,2373,C3_lidar_detail,C3_lidar_detail,91,off,detail,False,True,rtt=8.23ms
1779496441.7687278,ack_recv,latency_ack,2374,C3_lidar_detail,C3_lidar_detail,91,off,detail,False,True,rtt=5.51ms
1779496441.8976092,ack_recv,latency_ack,2375,C3_lidar_detail,C3_lidar_detail,91,off,detail,False,True,rtt=33.64ms
1779496441.9791243,ack_recv,latency_ack,2376,C3_lidar_detail,C3_lidar_detail,91,off,detail,False,True,rtt=14.41ms
1779496442.0720325,ack_recv,latency_ack,2377,C3_lidar_detail,C3_lidar_detail,91,off,detail,False,True,rtt=6.39ms
1779496442.1785011,ack_recv,latency_ack,2378,C3_lidar_detail,C3_lidar_detail,91,off,detail,False,True,rtt=12.22ms
1779496442.2773771,ack_recv,latency_ack,2379,C3_lidar_detail,C3_lidar_detail,91,off,detail,False,True,rtt=8.73ms
1779496442.385114,ack_recv,latency_ack,2380,C3_lidar_detail,C3_lidar_detail,91,off,detail,False,True,rtt=14.77ms
1779496442.4772067,ack_recv,latency_ack,2381,C3_lidar_detail,C3_lidar_detail,91,off,detail,False,True,rtt=6.04ms
1779496442.5887103,ack_recv,latency_ack,2382,C3_lidar_detail,C3_lidar_detail,91,off,detail,False,True,rtt=17.02ms
1779496442.6856124,ack_recv,latency_ack,2383,C3_lidar_detail,C3_lidar_detail,91,off,detail,False,True,rtt=13.30ms
1779496442.7791283,ack_recv,latency_ack,2384,C3_lidar_detail,C3_lidar_detail,91,off,detail,False,True,rtt=4.42ms
1779496442.8991027,ack_recv,latency_ack,2385,C3_lidar_detail,C3_lidar_detail,91,off,detail,False,True,rtt=21.92ms
1779496442.9923632,ack_recv,latency_ack,2386,C3_lidar_detail,C3_lidar_detail,91,off,detail,False,True,rtt=15.80ms
1779496443.0847187,ack_recv,latency_ack,2387,C3_lidar_detail,C3_lidar_detail,91,off,detail,False,True,rtt=7.87ms
1779496443.1898568,ack_recv,latency_ack,2388,C3_lidar_detail,C3_lidar_detail,91,off,detail,False,True,rtt=12.35ms
1779496443.2932467,ack_recv,latency_ack,2389,C3_lidar_detail,C3_lidar_detail,91,off,detail,False,True,rtt=5.58ms
1779496443.4067192,ack_recv,latency_ack,2390,C3_lidar_detail,C3_lidar_detail,91,off,detail,False,True,rtt=17.98ms
1779496443.497726,ack_recv,latency_ack,2391,C3_lidar_detail,C3_lidar_detail,91,off,detail,False,True,rtt=8.49ms
1779496443.6106193,ack_recv,latency_ack,2392,C3_lidar_detail,C3_lidar_detail,91,off,detail,False,True,rtt=20.37ms
1779496443.7006867,ack_recv,latency_ack,2393,C3_lidar_detail,C3_lidar_detail,91,off,detail,False,True,rtt=10.04ms
1779496443.8137856,ack_recv,latency_ack,2394,C3_lidar_detail,C3_lidar_detail,91,off,detail,False,True,rtt=21.78ms
1779496443.908451,ack_recv,latency_ack,2395,C3_lidar_detail,C3_lidar_detail,91,off,detail,False,True,rtt=16.76ms
1779496444.0000865,ack_recv,latency_ack,2396,C3_lidar_detail,C3_lidar_detail,91,off,detail,False,True,rtt=7.72ms
1779496444.111619,ack_recv,latency_ack,2397,C3_lidar_detail,C3_lidar_detail,91,off,detail,False,True,rtt=18.79ms
1779496444.229478,ack_recv,latency_ack,2398,C3_lidar_detail,C3_lidar_detail,91,off,detail,False,True,rtt=36.05ms
1779496444.313519,ack_recv,latency_ack,2399,C3_lidar_detail,C3_lidar_detail,91,off,detail,False,True,rtt=19.98ms
1779496444.4091165,ack_recv,latency_ack,2400,C3_lidar_detail,C3_lidar_detail,91,off,detail,False,True,rtt=15.32ms
1779496444.5161126,ack_recv,latency_ack,2401,C3_lidar_detail,C3_lidar_detail,91,off,detail,False,True,rtt=21.71ms
1779496444.6071954,ack_recv,latency_ack,2402,C3_lidar_detail,C3_lidar_detail,91,off,detail,False,True,rtt=12.10ms
1779496444.716356,ack_recv,latency_ack,2403,C3_lidar_detail,C3_lidar_detail,91,off,detail,False,True,rtt=20.93ms
1779496444.8022985,ack_recv,latency_ack,2404,C3_lidar_detail,C3_lidar_detail,91,off,detail,False,True,rtt=4.81ms
1779496444.9071648,ack_recv,latency_ack,2405,C3_lidar_detail,C3_lidar_detail,91,off,detail,False,True,rtt=8.63ms
1779496445.0164573,ack_recv,latency_ack,2406,C3_lidar_detail,C3_lidar_detail,91,off,detail,False,True,rtt=17.42ms
1779496445.1053247,ack_recv,latency_ack,2407,C3_lidar_detail,C3_lidar_detail,91,off,detail,False,True,rtt=6.13ms
1779496445.216031,ack_recv,latency_ack,2408,C3_lidar_detail,C3_lidar_detail,91,off,detail,False,True,rtt=16.33ms
1779496445.3079407,ack_recv,latency_ack,2409,C3_lidar_detail,C3_lidar_detail,91,off,detail,False,True,rtt=8.03ms
1779496445.4188993,ack_recv,latency_ack,2410,C3_lidar_detail,C3_lidar_detail,91,off,detail,False,True,rtt=18.51ms
1779496445.51311,ack_recv,latency_ack,2411,C3_lidar_detail,C3_lidar_detail,91,off,detail,False,True,rtt=12.14ms
1779496445.6208081,ack_recv,latency_ack,2412,C3_lidar_detail,C3_lidar_detail,91,off,detail,False,True,rtt=19.22ms
1779496445.7118392,ack_recv,latency_ack,2413,C3_lidar_detail,C3_lidar_detail,91,off,detail,False,True,rtt=9.69ms
1779496445.8137774,ack_recv,latency_ack,2414,C3_lidar_detail,C3_lidar_detail,91,off,detail,False,True,rtt=11.08ms
1779496445.916269,ack_recv,latency_ack,2415,C3_lidar_detail,C3_lidar_detail,91,off,detail,False,True,rtt=13.30ms
1779496446.0224938,ack_recv,latency_ack,2416,C3_lidar_detail,C3_lidar_detail,91,off,detail,False,True,rtt=18.93ms
1779496446.1149812,ack_recv,latency_ack,2417,C3_lidar_detail,C3_lidar_detail,91,off,detail,False,True,rtt=10.69ms
1779496446.2631946,ack_recv,latency_ack,2418,C3_lidar_detail,C3_lidar_detail,91,off,detail,False,True,rtt=57.79ms
1779496446.3484187,ack_recv,latency_ack,2419,C3_lidar_detail,C3_lidar_detail,91,off,detail,False,True,rtt=42.32ms
1779496446.4321194,ack_recv,latency_ack,2420,C3_lidar_detail,C3_lidar_detail,91,off,detail,False,True,rtt=25.22ms
1779496446.5239305,ack_recv,latency_ack,2421,C3_lidar_detail,C3_lidar_detail,91,off,detail,False,True,rtt=16.60ms
1779496446.6266406,ack_recv,latency_ack,2422,C3_lidar_detail,C3_lidar_detail,91,off,detail,False,True,rtt=19.09ms
1779496446.7167351,ack_recv,latency_ack,2423,C3_lidar_detail,C3_lidar_detail,91,off,detail,False,True,rtt=8.39ms
1779496446.8224442,ack_recv,latency_ack,2424,C3_lidar_detail,C3_lidar_detail,91,off,detail,False,True,rtt=13.47ms
1779496446.9211514,ack_recv,latency_ack,2425,C3_lidar_detail,C3_lidar_detail,91,off,detail,False,True,rtt=11.58ms
1779496447.0293756,ack_recv,latency_ack,2426,C3_lidar_detail,C3_lidar_detail,91,off,detail,False,True,rtt=18.98ms
1779496447.124525,ack_recv,latency_ack,2427,C3_lidar_detail,C3_lidar_detail,91,off,detail,False,True,rtt=13.59ms
1779496447.2199686,ack_recv,latency_ack,2428,C3_lidar_detail,C3_lidar_detail,91,off,detail,False,True,rtt=8.44ms
1779496447.3264909,ack_recv,latency_ack,2429,C3_lidar_detail,C3_lidar_detail,91,off,detail,False,True,rtt=14.33ms
1779496447.4359853,ack_recv,latency_ack,2430,C3_lidar_detail,C3_lidar_detail,91,off,detail,False,True,rtt=23.29ms
1779496447.5641851,ack_recv,latency_ack,2431,C3_lidar_detail,C3_lidar_detail,91,off,detail,False,True,rtt=51.20ms
1779496447.6459863,ack_recv,latency_ack,2432,C3_lidar_detail,C3_lidar_detail,91,off,detail,False,True,rtt=32.26ms
1779496447.7322767,ack_recv,latency_ack,2433,C3_lidar_detail,C3_lidar_detail,91,off,detail,False,True,rtt=18.06ms
1779496447.8218288,ack_recv,latency_ack,2434,C3_lidar_detail,C3_lidar_detail,91,off,detail,False,True,rtt=7.13ms
1779496447.9291255,ack_recv,latency_ack,2435,C3_lidar_detail,C3_lidar_detail,91,off,detail,False,True,rtt=13.88ms
1779496448.0233414,ack_recv,latency_ack,2436,C3_lidar_detail,C3_lidar_detail,91,off,detail,False,True,rtt=7.73ms
1779496448.137511,ack_recv,latency_ack,2437,C3_lidar_detail,C3_lidar_detail,91,off,detail,False,True,rtt=21.46ms
1779496448.2274659,ack_recv,latency_ack,2438,C3_lidar_detail,C3_lidar_detail,91,off,detail,False,True,rtt=10.89ms
1779496448.34086,ack_recv,latency_ack,2439,C3_lidar_detail,C3_lidar_detail,91,off,detail,False,True,rtt=23.68ms
1779496448.436996,ack_recv,latency_ack,2440,C3_lidar_detail,C3_lidar_detail,91,off,detail,False,True,rtt=19.18ms
1779496448.572675,ack_recv,latency_ack,2441,C3_lidar_detail,C3_lidar_detail,91,off,detail,False,True,rtt=54.29ms
1779496448.6602151,ack_recv,latency_ack,2442,C3_lidar_detail,C3_lidar_detail,91,off,detail,False,True,rtt=41.01ms
1779496448.7382882,ack_recv,latency_ack,2443,C3_lidar_detail,C3_lidar_detail,91,off,detail,False,True,rtt=18.14ms
1779496448.8296893,ack_recv,latency_ack,2444,C3_lidar_detail,C3_lidar_detail,91,off,detail,False,True,rtt=8.57ms
1779496448.9319181,ack_recv,latency_ack,2445,C3_lidar_detail,C3_lidar_detail,91,off,detail,False,True,rtt=10.33ms
1779496449.0346513,ack_recv,latency_ack,2446,C3_lidar_detail,C3_lidar_detail,91,off,detail,False,True,rtt=12.26ms
1779496449.1412122,ack_recv,latency_ack,2447,C3_lidar_detail,C3_lidar_detail,91,off,detail,False,True,rtt=18.23ms
1779496449.2341726,ack_recv,latency_ack,2448,C3_lidar_detail,C3_lidar_detail,91,off,detail,False,True,rtt=10.44ms
1779496449.342873,ack_recv,latency_ack,2449,C3_lidar_detail,C3_lidar_detail,91,off,detail,False,True,rtt=18.81ms
1779496449.437551,ack_recv,latency_ack,2450,C3_lidar_detail,C3_lidar_detail,91,off,detail,False,True,rtt=13.20ms
1779496449.5443203,ack_recv,latency_ack,2451,C3_lidar_detail,C3_lidar_detail,91,off,detail,False,True,rtt=19.32ms
1779496449.6386628,ack_recv,latency_ack,2452,C3_lidar_detail,C3_lidar_detail,91,off,detail,False,True,rtt=13.38ms
1779496449.7326586,ack_recv,latency_ack,2453,C3_lidar_detail,C3_lidar_detail,91,off,detail,False,True,rtt=6.54ms
1779496449.8426223,ack_recv,latency_ack,2454,C3_lidar_detail,C3_lidar_detail,91,off,detail,False,True,rtt=16.12ms
1779496449.9361486,ack_recv,latency_ack,2455,C3_lidar_detail,C3_lidar_detail,91,off,detail,False,True,rtt=8.76ms
1779496450.037805,ack_recv,latency_ack,2456,C3_lidar_detail,C3_lidar_detail,91,off,detail,False,True,rtt=8.37ms
1779496450.1519115,ack_recv,latency_ack,2457,C3_lidar_detail,C3_lidar_detail,91,off,detail,False,True,rtt=21.46ms
1779496450.244377,ack_recv,latency_ack,2458,C3_lidar_detail,C3_lidar_detail,91,off,detail,False,True,rtt=12.99ms
1779496450.3415585,ack_recv,latency_ack,2459,C3_lidar_detail,C3_lidar_detail,91,off,detail,False,True,rtt=9.89ms
1779496450.4461966,ack_recv,latency_ack,2460,C3_lidar_detail,C3_lidar_detail,91,off,detail,False,True,rtt=14.20ms
1779496450.5789673,ack_recv,latency_ack,2461,C3_lidar_detail,C3_lidar_detail,91,off,detail,False,True,rtt=46.71ms
1779496450.6627202,ack_recv,latency_ack,2462,C3_lidar_detail,C3_lidar_detail,91,off,detail,False,True,rtt=30.22ms
1779496450.7578506,ack_recv,latency_ack,2463,C3_lidar_detail,C3_lidar_detail,91,off,detail,False,True,rtt=24.85ms
1779496450.8423274,ack_recv,latency_ack,2464,C3_lidar_detail,C3_lidar_detail,91,off,detail,False,True,rtt=8.74ms
1779496450.954277,ack_recv,latency_ack,2465,C3_lidar_detail,C3_lidar_detail,91,off,detail,False,True,rtt=20.35ms
1779496451.0560584,ack_recv,latency_ack,2466,C3_lidar_detail,C3_lidar_detail,91,off,detail,False,True,rtt=20.99ms
1779496451.151657,ack_recv,latency_ack,2467,C3_lidar_detail,C3_lidar_detail,91,off,detail,False,True,rtt=15.83ms
1779496451.2446394,ack_recv,latency_ack,2468,C3_lidar_detail,C3_lidar_detail,91,off,detail,False,True,rtt=8.24ms
1779496451.3526883,ack_recv,latency_ack,2469,C3_lidar_detail,C3_lidar_detail,91,off,detail,False,True,rtt=15.71ms
1779496451.4438603,ack_recv,latency_ack,2470,C3_lidar_detail,C3_lidar_detail,91,off,detail,False,True,rtt=6.63ms
1779496451.585802,ack_recv,latency_ack,2471,C3_lidar_detail,C3_lidar_detail,91,off,detail,False,True,rtt=45.57ms
1779496451.6694028,ack_recv,latency_ack,2472,C3_lidar_detail,C3_lidar_detail,91,off,detail,False,True,rtt=27.67ms
1779496451.7548997,ack_recv,latency_ack,2473,C3_lidar_detail,C3_lidar_detail,91,off,detail,False,True,rtt=12.41ms
1779496451.858165,ack_recv,latency_ack,2474,C3_lidar_detail,C3_lidar_detail,91,off,detail,False,True,rtt=15.26ms
1779496451.9553676,ack_recv,latency_ack,2475,C3_lidar_detail,C3_lidar_detail,91,off,detail,False,True,rtt=12.19ms
1779496452.0589318,ack_recv,latency_ack,2476,C3_lidar_detail,C3_lidar_detail,91,off,detail,False,True,rtt=11.64ms
1779496452.1558053,ack_recv,latency_ack,2477,C3_lidar_detail,C3_lidar_detail,91,off,detail,False,True,rtt=7.56ms
1779496452.3062003,ack_recv,latency_ack,2478,C3_lidar_detail,C3_lidar_detail,91,off,detail,False,True,rtt=57.60ms
1779496452.3845665,ack_recv,latency_ack,2479,C3_lidar_detail,C3_lidar_detail,91,off,detail,False,True,rtt=35.79ms
1779496452.4755154,ack_recv,latency_ack,2480,C3_lidar_detail,C3_lidar_detail,91,off,detail,False,True,rtt=26.54ms
1779496452.5593734,ack_recv,latency_ack,2481,C3_lidar_detail,C3_lidar_detail,91,off,detail,False,True,rtt=9.47ms
1779496452.6648462,ack_recv,latency_ack,2482,C3_lidar_detail,C3_lidar_detail,91,off,detail,False,True,rtt=14.48ms
1779496452.7603197,ack_recv,latency_ack,2483,C3_lidar_detail,C3_lidar_detail,91,off,detail,False,True,rtt=9.13ms
1779496452.867678,ack_recv,latency_ack,2484,C3_lidar_detail,C3_lidar_detail,91,off,detail,False,True,rtt=16.21ms
1779496452.9635646,ack_recv,latency_ack,2485,C3_lidar_detail,C3_lidar_detail,91,off,detail,False,True,rtt=11.56ms
1779496453.0638347,ack_recv,latency_ack,2486,C3_lidar_detail,C3_lidar_detail,91,off,detail,False,True,rtt=11.75ms
1779496453.1607857,ack_recv,latency_ack,2487,C3_lidar_detail,C3_lidar_detail,91,off,detail,False,True,rtt=8.08ms
1779496453.273858,ack_recv,latency_ack,2488,C3_lidar_detail,C3_lidar_detail,91,off,detail,False,True,rtt=20.71ms
1779496453.378273,ack_recv,latency_ack,2489,C3_lidar_detail,C3_lidar_detail,91,off,detail,False,True,rtt=24.38ms
1779496453.470769,ack_recv,latency_ack,2490,C3_lidar_detail,C3_lidar_detail,91,off,detail,False,True,rtt=16.46ms
1779496453.571611,ack_recv,latency_ack,2491,C3_lidar_detail,C3_lidar_detail,91,off,detail,False,True,rtt=16.78ms
1779496453.6762567,ack_recv,latency_ack,2492,C3_lidar_detail,C3_lidar_detail,91,off,detail,False,True,rtt=21.02ms
1779496453.767496,ack_recv,latency_ack,2493,C3_lidar_detail,C3_lidar_detail,91,off,detail,False,True,rtt=11.77ms
1779496453.877784,ack_recv,latency_ack,2494,C3_lidar_detail,C3_lidar_detail,91,off,detail,False,True,rtt=21.24ms
1779496453.9671218,ack_recv,latency_ack,2495,C3_lidar_detail,C3_lidar_detail,91,off,detail,False,True,rtt=10.22ms
1779496454.0711007,ack_recv,latency_ack,2496,C3_lidar_detail,C3_lidar_detail,91,off,detail,False,True,rtt=13.44ms
1779496454.1712756,ack_recv,latency_ack,2497,C3_lidar_detail,C3_lidar_detail,91,off,detail,False,True,rtt=13.23ms
1779496454.2791586,ack_recv,latency_ack,2498,C3_lidar_detail,C3_lidar_detail,91,off,detail,False,True,rtt=20.80ms
1779496454.3713677,ack_recv,latency_ack,2499,C3_lidar_detail,C3_lidar_detail,91,off,detail,False,True,rtt=12.69ms
1779496454.466906,ack_recv,latency_ack,2500,C3_lidar_detail,C3_lidar_detail,91,off,detail,False,True,rtt=7.87ms
1779496454.5729027,ack_recv,latency_ack,2501,C3_lidar_detail,C3_lidar_detail,91,off,detail,False,True,rtt=13.32ms
1779496454.6834047,ack_recv,latency_ack,2502,C3_lidar_detail,C3_lidar_detail,91,off,detail,False,True,rtt=23.52ms
1779496454.776166,ack_recv,latency_ack,2503,C3_lidar_detail,C3_lidar_detail,91,off,detail,False,True,rtt=15.83ms
1779496454.8751142,ack_recv,latency_ack,2504,C3_lidar_detail,C3_lidar_detail,91,off,detail,False,True,rtt=14.37ms
1779496455.01479,ack_recv,latency_ack,2505,C3_lidar_detail,C3_lidar_detail,91,off,detail,False,True,rtt=53.84ms
1779496455.1045394,ack_recv,latency_ack,2506,C3_lidar_detail,C3_lidar_detail,91,off,detail,False,True,rtt=42.95ms
1779496455.1866035,ack_recv,latency_ack,2507,C3_lidar_detail,C3_lidar_detail,91,off,detail,False,True,rtt=24.37ms
1779496455.280905,ack_recv,latency_ack,2508,C3_lidar_detail,C3_lidar_detail,91,off,detail,False,True,rtt=18.52ms
1779496455.3676803,ack_recv,latency_ack,2509,C3_lidar_detail,C3_lidar_detail,91,off,detail,False,True,rtt=4.70ms
1779496455.4747152,ack_recv,latency_ack,2510,C3_lidar_detail,C3_lidar_detail,91,off,detail,False,True,rtt=11.07ms
1779496455.5851028,ack_recv,latency_ack,2511,C3_lidar_detail,C3_lidar_detail,91,off,detail,False,True,rtt=20.84ms
1779496455.6712897,ack_recv,latency_ack,2512,C3_lidar_detail,C3_lidar_detail,91,off,detail,False,True,rtt=5.03ms
1779496455.787004,ack_recv,latency_ack,2513,C3_lidar_detail,C3_lidar_detail,91,off,detail,False,True,rtt=20.16ms
1779496455.8818462,ack_recv,latency_ack,2514,C3_lidar_detail,C3_lidar_detail,91,off,detail,False,True,rtt=14.34ms
1779496455.9777546,ack_recv,latency_ack,2515,C3_lidar_detail,C3_lidar_detail,91,off,detail,False,True,rtt=9.73ms
1779496456.08882,ack_recv,latency_ack,2516,C3_lidar_detail,C3_lidar_detail,91,off,detail,False,True,rtt=20.10ms
1779496456.17998,ack_recv,latency_ack,2517,C3_lidar_detail,C3_lidar_detail,91,off,detail,False,True,rtt=10.90ms
1779496456.2951803,ack_recv,latency_ack,2518,C3_lidar_detail,C3_lidar_detail,91,off,detail,False,True,rtt=25.94ms
1779496456.384788,ack_recv,latency_ack,2519,C3_lidar_detail,C3_lidar_detail,91,off,detail,False,True,rtt=14.53ms
1779496456.4817078,ack_recv,latency_ack,2520,C3_lidar_detail,C3_lidar_detail,91,off,detail,False,True,rtt=10.90ms
1779496456.5858927,ack_recv,latency_ack,2521,C3_lidar_detail,C3_lidar_detail,91,off,detail,False,True,rtt=13.56ms
1779496456.6844425,ack_recv,latency_ack,2522,C3_lidar_detail,C3_lidar_detail,91,off,detail,False,True,rtt=12.73ms
1779496456.800727,ack_recv,latency_ack,2523,C3_lidar_detail,C3_lidar_detail,91,off,detail,False,True,rtt=28.31ms
1779496456.889256,ack_recv,latency_ack,2524,C3_lidar_detail,C3_lidar_detail,91,off,detail,False,True,rtt=16.46ms
1779496456.9848924,ack_recv,latency_ack,2525,C3_lidar_detail,C3_lidar_detail,91,off,detail,False,True,rtt=11.85ms
1779496457.0796142,ack_recv,latency_ack,2526,C3_lidar_detail,C3_lidar_detail,91,off,detail,False,True,rtt=6.11ms
1779496457.1860185,ack_recv,latency_ack,2527,C3_lidar_detail,C3_lidar_detail,91,off,detail,False,True,rtt=11.84ms
1779496457.295832,ack_recv,latency_ack,2528,C3_lidar_detail,C3_lidar_detail,91,off,detail,False,True,rtt=20.89ms
1779496457.3918126,ack_recv,latency_ack,2529,C3_lidar_detail,C3_lidar_detail,91,off,detail,False,True,rtt=16.15ms
1779496457.4986415,ack_recv,latency_ack,2530,C3_lidar_detail,C3_lidar_detail,91,off,detail,False,True,rtt=22.26ms
1779496457.592118,ack_recv,latency_ack,2531,C3_lidar_detail,C3_lidar_detail,91,off,detail,False,True,rtt=15.53ms
1779496457.6952798,ack_recv,latency_ack,2532,C3_lidar_detail,C3_lidar_detail,91,off,detail,False,True,rtt=18.25ms
1779496457.8039603,ack_recv,latency_ack,2533,C3_lidar_detail,C3_lidar_detail,91,off,detail,False,True,rtt=26.50ms
1779496457.8851895,ack_recv,latency_ack,2534,C3_lidar_detail,C3_lidar_detail,91,off,detail,False,True,rtt=6.78ms
1779496457.9952078,ack_recv,latency_ack,2535,C3_lidar_detail,C3_lidar_detail,91,off,detail,False,True,rtt=16.31ms
1779496458.1037464,ack_recv,latency_ack,2536,C3_lidar_detail,C3_lidar_detail,91,off,detail,False,True,rtt=24.31ms
1779496458.1949766,ack_recv,latency_ack,2537,C3_lidar_detail,C3_lidar_detail,91,off,detail,False,True,rtt=15.23ms
1779496458.342841,ack_recv,latency_ack,2538,C3_lidar_detail,C3_lidar_detail,91,off,detail,False,True,rtt=55.79ms
1779496458.4282448,ack_recv,latency_ack,2539,C3_lidar_detail,C3_lidar_detail,91,off,detail,False,True,rtt=40.66ms
1779496458.5131721,ack_recv,latency_ack,2540,C3_lidar_detail,C3_lidar_detail,91,off,detail,False,True,rtt=25.09ms
1779496458.6005137,ack_recv,latency_ack,2541,C3_lidar_detail,C3_lidar_detail,91,off,detail,False,True,rtt=12.05ms
1779496458.7537541,ack_recv,latency_ack,2542,C3_lidar_detail,C3_lidar_detail,91,off,detail,False,True,rtt=64.48ms
1779496458.8397534,ack_recv,latency_ack,2543,C3_lidar_detail,C3_lidar_detail,91,off,detail,False,True,rtt=49.84ms
1779496458.9249656,ack_recv,latency_ack,2544,C3_lidar_detail,C3_lidar_detail,91,off,detail,False,True,rtt=34.15ms
1779496459.0089123,ack_recv,latency_ack,2545,C3_lidar_detail,C3_lidar_detail,91,off,detail,False,True,rtt=17.58ms
1779496459.0968838,ack_recv,latency_ack,2546,C3_lidar_detail,C3_lidar_detail,91,off,detail,False,True,rtt=5.05ms
1779496459.2106035,ack_recv,latency_ack,2547,C3_lidar_detail,C3_lidar_detail,91,off,detail,False,True,rtt=18.39ms
1779496459.31559,ack_recv,latency_ack,2548,C3_lidar_detail,C3_lidar_detail,91,off,detail,False,True,rtt=22.87ms
1779496459.406997,ack_recv,latency_ack,2549,C3_lidar_detail,C3_lidar_detail,91,off,detail,False,True,rtt=13.34ms
1779496459.5036726,ack_recv,latency_ack,2550,C3_lidar_detail,C3_lidar_detail,91,off,detail,False,True,rtt=9.66ms
1779496459.6240022,ack_recv,latency_ack,2551,C3_lidar_detail,C3_lidar_detail,91,off,detail,False,True,rtt=29.70ms
1779496459.7059033,ack_recv,latency_ack,2552,C3_lidar_detail,C3_lidar_detail,91,off,detail,False,True,rtt=11.06ms
1779496459.8135953,ack_recv,latency_ack,2553,C3_lidar_detail,C3_lidar_detail,91,off,detail,False,True,rtt=18.40ms
1779496459.9026387,ack_recv,latency_ack,2554,C3_lidar_detail,C3_lidar_detail,91,off,detail,False,True,rtt=7.23ms
1779496460.0105467,ack_recv,latency_ack,2555,C3_lidar_detail,C3_lidar_detail,91,off,detail,False,True,rtt=14.74ms
1779496460.1031973,ack_recv,latency_ack,2556,C3_lidar_detail,C3_lidar_detail,91,off,detail,False,True,rtt=6.49ms
1779496460.2115,ack_recv,latency_ack,2557,C3_lidar_detail,C3_lidar_detail,91,off,detail,False,True,rtt=14.15ms
1779496460.3042006,ack_recv,latency_ack,2558,C3_lidar_detail,C3_lidar_detail,91,off,detail,False,True,rtt=5.22ms
1779496460.4281766,ack_recv,latency_ack,2559,C3_lidar_detail,C3_lidar_detail,91,off,detail,False,True,rtt=28.57ms
1779496460.5166626,ack_recv,latency_ack,2560,C3_lidar_detail,C3_lidar_detail,91,off,detail,False,True,rtt=16.57ms
1779496460.6154583,ack_recv,latency_ack,2561,C3_lidar_detail,C3_lidar_detail,91,off,detail,False,True,rtt=15.13ms
1779496460.720263,ack_recv,latency_ack,2562,C3_lidar_detail,C3_lidar_detail,91,off,detail,False,True,rtt=19.63ms
1779496460.8311567,ack_recv,latency_ack,2563,C3_lidar_detail,C3_lidar_detail,91,off,detail,False,True,rtt=27.18ms
1779496460.9244819,ack_recv,latency_ack,2564,C3_lidar_detail,C3_lidar_detail,91,off,detail,False,True,rtt=19.47ms
1779496461.018981,ack_recv,latency_ack,2565,C3_lidar_detail,C3_lidar_detail,91,off,detail,False,True,rtt=13.62ms
1779496461.123084,ack_recv,latency_ack,2566,C3_lidar_detail,C3_lidar_detail,91,off,detail,False,True,rtt=17.21ms
1779496461.2174027,ack_recv,latency_ack,2567,C3_lidar_detail,C3_lidar_detail,91,off,detail,False,True,rtt=11.15ms
1779496461.3257756,ack_recv,latency_ack,2568,C3_lidar_detail,C3_lidar_detail,91,off,detail,False,True,rtt=19.09ms
1779496461.4210467,ack_recv,latency_ack,2569,C3_lidar_detail,C3_lidar_detail,91,off,detail,False,True,rtt=12.85ms
1779496461.5360453,ack_recv,latency_ack,2570,C3_lidar_detail,C3_lidar_detail,91,off,detail,False,True,rtt=27.33ms
1779496461.623851,ack_recv,latency_ack,2571,C3_lidar_detail,C3_lidar_detail,91,off,detail,False,True,rtt=14.59ms
1779496461.7163427,ack_recv,latency_ack,2572,C3_lidar_detail,C3_lidar_detail,91,off,detail,False,True,rtt=6.09ms
1779496461.8202436,ack_recv,latency_ack,2573,C3_lidar_detail,C3_lidar_detail,91,off,detail,False,True,rtt=9.37ms
1779496461.9172494,ack_recv,latency_ack,2574,C3_lidar_detail,C3_lidar_detail,91,off,detail,False,True,rtt=6.14ms
1779496462.0261917,ack_recv,latency_ack,2575,C3_lidar_detail,C3_lidar_detail,91,off,detail,False,True,rtt=14.46ms
1779496462.1210272,ack_recv,latency_ack,2576,C3_lidar_detail,C3_lidar_detail,91,off,detail,False,True,rtt=7.52ms
1779496462.229399,ack_recv,latency_ack,2577,C3_lidar_detail,C3_lidar_detail,91,off,detail,False,True,rtt=17.11ms
1779496462.3202481,ack_recv,latency_ack,2578,C3_lidar_detail,C3_lidar_detail,91,off,detail,False,True,rtt=7.52ms
1779496462.4334369,ack_recv,latency_ack,2579,C3_lidar_detail,C3_lidar_detail,91,off,detail,False,True,rtt=20.20ms
1779496462.5223265,ack_recv,latency_ack,2580,C3_lidar_detail,C3_lidar_detail,91,off,detail,False,True,rtt=8.23ms
1779496462.6311772,ack_recv,latency_ack,2581,C3_lidar_detail,C3_lidar_detail,91,off,detail,False,True,rtt=16.80ms
1779496462.7266667,ack_recv,latency_ack,2582,C3_lidar_detail,C3_lidar_detail,91,off,detail,False,True,rtt=11.30ms
1779496462.8315442,ack_recv,latency_ack,2583,C3_lidar_detail,C3_lidar_detail,91,off,detail,False,True,rtt=15.75ms
1779496462.9420452,ack_recv,latency_ack,2584,C3_lidar_detail,C3_lidar_detail,91,off,detail,False,True,rtt=25.92ms
1779496463.0351872,ack_recv,latency_ack,2585,C3_lidar_detail,C3_lidar_detail,91,off,detail,False,True,rtt=18.68ms
1779496463.1295516,ack_recv,latency_ack,2586,C3_lidar_detail,C3_lidar_detail,91,off,detail,False,True,rtt=12.65ms
1779496463.2390049,ack_recv,latency_ack,2587,C3_lidar_detail,C3_lidar_detail,91,off,detail,False,True,rtt=21.94ms
1779496463.3331614,ack_recv,latency_ack,2588,C3_lidar_detail,C3_lidar_detail,91,off,detail,False,True,rtt=15.93ms
1779496463.4310913,ack_recv,latency_ack,2589,C3_lidar_detail,C3_lidar_detail,91,off,detail,False,True,rtt=7.78ms
1779496463.5351477,ack_recv,latency_ack,2590,C3_lidar_detail,C3_lidar_detail,91,off,detail,False,True,rtt=10.69ms
1779496463.6416929,ack_recv,latency_ack,2591,C3_lidar_detail,C3_lidar_detail,91,off,detail,False,True,rtt=16.60ms
1779496463.733132,ack_recv,latency_ack,2592,C3_lidar_detail,C3_lidar_detail,91,off,detail,False,True,rtt=7.44ms
1779496463.8451273,ack_recv,latency_ack,2593,C3_lidar_detail,C3_lidar_detail,91,off,detail,False,True,rtt=19.08ms
1779496463.9502099,ack_recv,latency_ack,2594,C3_lidar_detail,C3_lidar_detail,91,off,detail,False,True,rtt=23.43ms
1779496464.0421562,ack_recv,latency_ack,2595,C3_lidar_detail,C3_lidar_detail,91,off,detail,False,True,rtt=14.71ms
1779496464.1376297,ack_recv,latency_ack,2596,C3_lidar_detail,C3_lidar_detail,91,off,detail,False,True,rtt=9.74ms
1779496464.242857,ack_recv,latency_ack,2597,C3_lidar_detail,C3_lidar_detail,91,off,detail,False,True,rtt=14.41ms
1779496464.3358269,ack_recv,latency_ack,2598,C3_lidar_detail,C3_lidar_detail,91,off,detail,False,True,rtt=7.17ms
1779496464.4345362,ack_recv,latency_ack,2599,C3_lidar_detail,C3_lidar_detail,91,off,detail,False,True,rtt=5.01ms
1779496464.538493,ack_recv,latency_ack,2600,C3_lidar_detail,C3_lidar_detail,91,off,detail,False,True,rtt=7.45ms
1779496464.6922858,ack_recv,latency_ack,2601,C3_lidar_detail,C3_lidar_detail,91,off,detail,False,True,rtt=60.46ms
1779496464.7779016,ack_recv,latency_ack,2602,C3_lidar_detail,C3_lidar_detail,91,off,detail,False,True,rtt=45.52ms
1779496464.8630047,ack_recv,latency_ack,2603,C3_lidar_detail,C3_lidar_detail,91,off,detail,False,True,rtt=30.22ms
1779496464.9564106,ack_recv,latency_ack,2604,C3_lidar_detail,C3_lidar_detail,91,off,detail,False,True,rtt=21.92ms
1779496465.0513372,ack_recv,latency_ack,2605,C3_lidar_detail,C3_lidar_detail,91,off,detail,False,True,rtt=15.82ms
1779496465.1553876,ack_recv,latency_ack,2606,C3_lidar_detail,C3_lidar_detail,91,off,detail,False,True,rtt=19.33ms
1779496465.2498293,ack_recv,latency_ack,2607,C3_lidar_detail,C3_lidar_detail,91,off,detail,False,True,rtt=13.46ms
1779496465.3606157,ack_recv,latency_ack,2608,C3_lidar_detail,C3_lidar_detail,91,off,detail,False,True,rtt=24.02ms
1779496465.4445283,ack_recv,latency_ack,2609,C3_lidar_detail,C3_lidar_detail,91,off,detail,False,True,rtt=6.58ms
1779496465.5869803,ack_recv,latency_ack,2610,C3_lidar_detail,C3_lidar_detail,91,off,detail,False,True,rtt=48.36ms
1779496465.668881,ack_recv,latency_ack,2611,C3_lidar_detail,C3_lidar_detail,91,off,detail,False,True,rtt=29.94ms
1779496465.7510557,ack_recv,latency_ack,2612,C3_lidar_detail,C3_lidar_detail,91,off,detail,False,True,rtt=11.98ms
1779496465.8446765,ack_recv,latency_ack,2613,C3_lidar_detail,C3_lidar_detail,91,off,detail,False,True,rtt=5.02ms
1779496465.949099,ack_recv,latency_ack,2614,C3_lidar_detail,C3_lidar_detail,91,off,detail,False,True,rtt=9.15ms
1779496466.0459874,ack_recv,latency_ack,2615,C3_lidar_detail,C3_lidar_detail,91,off,detail,False,True,rtt=5.78ms
1779496466.1678905,ack_recv,latency_ack,2616,C3_lidar_detail,C3_lidar_detail,91,off,detail,False,True,rtt=27.16ms
1779496466.2500613,ack_recv,latency_ack,2617,C3_lidar_detail,C3_lidar_detail,91,off,detail,False,True,rtt=8.46ms
1779496466.3581693,ack_recv,latency_ack,2618,C3_lidar_detail,C3_lidar_detail,91,off,detail,False,True,rtt=16.29ms
1779496466.453423,ack_recv,latency_ack,2619,C3_lidar_detail,C3_lidar_detail,91,off,detail,False,True,rtt=11.39ms
1779496466.5595083,ack_recv,latency_ack,2620,C3_lidar_detail,C3_lidar_detail,91,off,detail,False,True,rtt=17.03ms
1779496466.6530337,ack_recv,latency_ack,2621,C3_lidar_detail,C3_lidar_detail,91,off,detail,False,True,rtt=10.28ms
1779496466.7636304,ack_recv,latency_ack,2622,C3_lidar_detail,C3_lidar_detail,91,off,detail,False,True,rtt=20.45ms
1779496466.8567917,ack_recv,latency_ack,2623,C3_lidar_detail,C3_lidar_detail,91,off,detail,False,True,rtt=12.88ms
1779496466.9489408,ack_recv,latency_ack,2624,C3_lidar_detail,C3_lidar_detail,91,off,detail,False,True,rtt=4.60ms
1779496467.0578187,ack_recv,latency_ack,2625,C3_lidar_detail,C3_lidar_detail,91,off,detail,False,True,rtt=13.18ms
1779496467.1511471,ack_recv,latency_ack,2626,C3_lidar_detail,C3_lidar_detail,91,off,detail,False,True,rtt=5.92ms
1779496467.2625372,ack_recv,latency_ack,2627,C3_lidar_detail,C3_lidar_detail,91,off,detail,False,True,rtt=16.75ms
1779496467.3556101,ack_recv,latency_ack,2628,C3_lidar_detail,C3_lidar_detail,91,off,detail,False,True,rtt=9.33ms
1779496467.46638,ack_recv,latency_ack,2629,C3_lidar_detail,C3_lidar_detail,91,off,detail,False,True,rtt=19.51ms
1779496467.593208,ack_recv,latency_ack,2630,C3_lidar_detail,C3_lidar_detail,91,off,detail,False,True,rtt=39.68ms
1779496467.681612,ack_recv,latency_ack,2631,C3_lidar_detail,C3_lidar_detail,91,off,detail,False,True,rtt=27.27ms
1779496467.7668662,ack_recv,latency_ack,2632,C3_lidar_detail,C3_lidar_detail,91,off,detail,False,True,rtt=12.17ms
1779496467.8684142,ack_recv,latency_ack,2633,C3_lidar_detail,C3_lidar_detail,91,off,detail,False,True,rtt=13.32ms
1779496467.9892628,ack_recv,latency_ack,2634,C3_lidar_detail,C3_lidar_detail,91,off,detail,False,True,rtt=34.03ms
1779496468.1219516,ack_recv,latency_ack,2635,C3_lidar_detail,C3_lidar_detail,91,off,detail,False,True,rtt=61.72ms
1779496468.1964843,ack_recv,latency_ack,2636,C3_lidar_detail,C3_lidar_detail,91,off,detail,False,True,rtt=33.87ms
1779496468.28642,ack_recv,latency_ack,2637,C3_lidar_detail,C3_lidar_detail,91,off,detail,False,True,rtt=24.48ms
1779496468.3820667,ack_recv,latency_ack,2638,C3_lidar_detail,C3_lidar_detail,91,off,detail,False,True,rtt=19.62ms
1779496468.479591,ack_recv,latency_ack,2639,C3_lidar_detail,C3_lidar_detail,91,off,detail,False,True,rtt=16.62ms
1779496468.581596,ack_recv,latency_ack,2640,C3_lidar_detail,C3_lidar_detail,91,off,detail,False,True,rtt=17.79ms
1779496468.6778471,ack_recv,latency_ack,2641,C3_lidar_detail,C3_lidar_detail,91,off,detail,False,True,rtt=13.40ms
1779496468.7856333,ack_recv,latency_ack,2642,C3_lidar_detail,C3_lidar_detail,91,off,detail,False,True,rtt=20.55ms
1779496468.877133,ack_recv,latency_ack,2643,C3_lidar_detail,C3_lidar_detail,91,off,detail,False,True,rtt=10.84ms
1779496468.9824865,ack_recv,latency_ack,2644,C3_lidar_detail,C3_lidar_detail,91,off,detail,False,True,rtt=15.21ms
1779496469.1142254,ack_recv,latency_ack,2645,C3_lidar_detail,C3_lidar_detail,91,off,detail,False,True,rtt=46.29ms
1779496469.197322,ack_recv,latency_ack,2646,C3_lidar_detail,C3_lidar_detail,91,off,detail,False,True,rtt=28.96ms
1779496469.2880595,ack_recv,latency_ack,2647,C3_lidar_detail,C3_lidar_detail,91,off,detail,False,True,rtt=19.32ms
1779496469.378123,ack_recv,latency_ack,2648,C3_lidar_detail,C3_lidar_detail,91,off,detail,False,True,rtt=8.95ms
1779496469.4885015,ack_recv,latency_ack,2649,C3_lidar_detail,C3_lidar_detail,91,off,detail,False,True,rtt=19.03ms
1779496469.6003702,ack_recv,latency_ack,2650,C3_lidar_detail,C3_lidar_detail,91,off,detail,False,True,rtt=29.95ms
1779496469.692665,ack_recv,latency_ack,2651,C3_lidar_detail,C3_lidar_detail,91,off,detail,False,True,rtt=21.91ms
1779496469.789781,ack_recv,latency_ack,2652,C3_lidar_detail,C3_lidar_detail,91,off,detail,False,True,rtt=18.36ms
1779496469.8909588,ack_recv,latency_ack,2653,C3_lidar_detail,C3_lidar_detail,91,off,detail,False,True,rtt=19.01ms
1779496469.9837158,ack_recv,latency_ack,2654,C3_lidar_detail,C3_lidar_detail,91,off,detail,False,True,rtt=11.03ms
1779496470.078504,ack_recv,latency_ack,2655,C3_lidar_detail,C3_lidar_detail,91,off,detail,False,True,rtt=5.43ms
1779496470.1850586,ack_recv,latency_ack,2656,C3_lidar_detail,C3_lidar_detail,91,off,detail,False,True,rtt=10.32ms
1779496470.2945669,ack_recv,latency_ack,2657,C3_lidar_detail,C3_lidar_detail,91,off,detail,False,True,rtt=19.30ms
1779496470.386961,ack_recv,latency_ack,2658,C3_lidar_detail,C3_lidar_detail,91,off,detail,False,True,rtt=11.53ms
1779496470.4961705,ack_recv,latency_ack,2659,C3_lidar_detail,C3_lidar_detail,91,off,detail,False,True,rtt=20.14ms
1779496470.583747,ack_recv,latency_ack,2660,C3_lidar_detail,C3_lidar_detail,91,off,detail,False,True,rtt=5.82ms
1779496470.697626,ack_recv,latency_ack,2661,C3_lidar_detail,C3_lidar_detail,91,off,detail,False,True,rtt=18.33ms
1779496470.789751,ack_recv,latency_ack,2662,C3_lidar_detail,C3_lidar_detail,91,off,detail,False,True,rtt=10.07ms
1779496470.90225,ack_recv,latency_ack,2663,C3_lidar_detail,C3_lidar_detail,91,off,detail,False,True,rtt=22.21ms
1779496470.988702,ack_recv,latency_ack,2664,C3_lidar_detail,C3_lidar_detail,91,off,detail,False,True,rtt=8.01ms
1779496471.089457,ack_recv,latency_ack,2665,C3_lidar_detail,C3_lidar_detail,91,off,detail,False,True,rtt=8.47ms
1779496471.1908538,ack_recv,latency_ack,2666,C3_lidar_detail,C3_lidar_detail,91,off,detail,False,True,rtt=9.10ms
1779496471.3461258,ack_recv,latency_ack,2667,C3_lidar_detail,C3_lidar_detail,91,off,detail,False,True,rtt=63.53ms
1779496471.472736,ack_recv,latency_ack,2668,C3_lidar_detail,C3_lidar_detail,91,off,detail,False,True,rtt=89.53ms
1779496471.510625,ack_recv,latency_ack,2669,C3_lidar_detail,C3_lidar_detail,91,off,detail,False,True,rtt=27.05ms
1779496471.5975616,ack_recv,latency_ack,2670,C3_lidar_detail,C3_lidar_detail,91,off,detail,False,True,rtt=13.06ms
1779496471.7126222,ack_recv,latency_ack,2671,C3_lidar_detail,C3_lidar_detail,91,off,detail,False,True,rtt=27.37ms
1779496471.7982092,ack_recv,latency_ack,2672,C3_lidar_detail,C3_lidar_detail,91,off,detail,False,True,rtt=11.95ms
1779496471.9063401,ack_recv,latency_ack,2673,C3_lidar_detail,C3_lidar_detail,91,off,detail,False,True,rtt=19.37ms
1779496471.9983773,ack_recv,latency_ack,2674,C3_lidar_detail,C3_lidar_detail,91,off,detail,False,True,rtt=10.95ms
1779496472.099946,ack_recv,latency_ack,2675,C3_lidar_detail,C3_lidar_detail,91,off,detail,False,True,rtt=12.01ms
1779496472.198997,ack_recv,latency_ack,2676,C3_lidar_detail,C3_lidar_detail,91,off,detail,False,True,rtt=10.43ms
1779496472.3080914,ack_recv,latency_ack,2677,C3_lidar_detail,C3_lidar_detail,91,off,detail,False,True,rtt=19.00ms
1779496472.400767,ack_recv,latency_ack,2678,C3_lidar_detail,C3_lidar_detail,91,off,detail,False,True,rtt=10.96ms
1779496472.5021358,ack_recv,latency_ack,2679,C3_lidar_detail,C3_lidar_detail,91,off,detail,False,True,rtt=11.79ms
1779496472.6057253,ack_recv,latency_ack,2680,C3_lidar_detail,C3_lidar_detail,91,off,detail,False,True,rtt=14.73ms
1779496472.712277,ack_recv,latency_ack,2681,C3_lidar_detail,C3_lidar_detail,91,off,detail,False,True,rtt=20.51ms
1779496472.8061066,ack_recv,latency_ack,2682,C3_lidar_detail,C3_lidar_detail,91,off,detail,False,True,rtt=13.91ms
1779496472.9006393,ack_recv,latency_ack,2683,C3_lidar_detail,C3_lidar_detail,91,off,detail,False,True,rtt=7.64ms
1779496473.0011392,ack_recv,latency_ack,2684,C3_lidar_detail,C3_lidar_detail,91,off,detail,False,True,rtt=7.74ms
1779496473.1021564,ack_recv,latency_ack,2685,C3_lidar_detail,C3_lidar_detail,91,off,detail,False,True,rtt=7.02ms
1779496473.2107298,ack_recv,latency_ack,2686,C3_lidar_detail,C3_lidar_detail,91,off,detail,False,True,rtt=15.36ms
1779496473.3060818,ack_recv,latency_ack,2687,C3_lidar_detail,C3_lidar_detail,91,off,detail,False,True,rtt=10.36ms
1779496473.4187627,ack_recv,latency_ack,2688,C3_lidar_detail,C3_lidar_detail,91,off,detail,False,True,rtt=22.64ms
1779496473.5018115,ack_recv,latency_ack,2689,C3_lidar_detail,C3_lidar_detail,91,off,detail,False,True,rtt=4.94ms
1779496473.6039112,ack_recv,latency_ack,2690,C3_lidar_detail,C3_lidar_detail,91,off,detail,False,True,rtt=6.59ms
1779496473.708484,ack_recv,latency_ack,2691,C3_lidar_detail,C3_lidar_detail,91,off,detail,False,True,rtt=10.76ms
1779496473.809893,ack_recv,latency_ack,2692,C3_lidar_detail,C3_lidar_detail,91,off,detail,False,True,rtt=11.20ms
1779496473.9158323,ack_recv,latency_ack,2693,C3_lidar_detail,C3_lidar_detail,91,off,detail,False,True,rtt=16.44ms
1779496474.021378,ack_recv,latency_ack,2694,C3_lidar_detail,C3_lidar_detail,91,off,detail,False,True,rtt=21.26ms
1779496474.1183605,ack_recv,latency_ack,2695,C3_lidar_detail,C3_lidar_detail,91,off,detail,False,True,rtt=17.65ms
1779496474.2123818,ack_recv,latency_ack,2696,C3_lidar_detail,C3_lidar_detail,91,off,detail,False,True,rtt=10.76ms
1779496474.324463,ack_recv,latency_ack,2697,C3_lidar_detail,C3_lidar_detail,91,off,detail,False,True,rtt=22.47ms
1779496474.4130266,ack_recv,latency_ack,2698,C3_lidar_detail,C3_lidar_detail,91,off,detail,False,True,rtt=10.59ms
1779496474.5227137,ack_recv,latency_ack,2699,C3_lidar_detail,C3_lidar_detail,91,off,detail,False,True,rtt=19.77ms
1779496474.6188598,ack_recv,latency_ack,2700,C3_lidar_detail,C3_lidar_detail,91,off,detail,False,True,rtt=15.41ms
1779496474.717938,ack_recv,latency_ack,2701,C3_lidar_detail,C3_lidar_detail,91,off,detail,False,True,rtt=14.05ms
1779496474.8160517,ack_recv,latency_ack,2702,C3_lidar_detail,C3_lidar_detail,91,off,detail,False,True,rtt=11.85ms
1779496474.9259794,ack_recv,latency_ack,2703,C3_lidar_detail,C3_lidar_detail,91,off,detail,False,True,rtt=21.51ms
1779496475.0164492,ack_recv,latency_ack,2704,C3_lidar_detail,C3_lidar_detail,91,off,detail,False,True,rtt=11.46ms
1779496475.122756,ack_recv,latency_ack,2705,C3_lidar_detail,C3_lidar_detail,91,off,detail,False,True,rtt=17.59ms
1779496475.2207842,ack_recv,latency_ack,2706,C3_lidar_detail,C3_lidar_detail,91,off,detail,False,True,rtt=15.34ms
1779496475.3255832,ack_recv,latency_ack,2707,C3_lidar_detail,C3_lidar_detail,91,off,detail,False,True,rtt=19.89ms
1779496475.4208736,ack_recv,latency_ack,2708,C3_lidar_detail,C3_lidar_detail,91,off,detail,False,True,rtt=14.60ms
1779496475.52583,ack_recv,latency_ack,2709,C3_lidar_detail,C3_lidar_detail,91,off,detail,False,True,rtt=19.28ms
1779496475.6179838,ack_recv,latency_ack,2710,C3_lidar_detail,C3_lidar_detail,91,off,detail,False,True,rtt=11.03ms
1779496475.712311,ack_recv,latency_ack,2711,C3_lidar_detail,C3_lidar_detail,91,off,detail,False,True,rtt=5.02ms
1779496475.8230574,ack_recv,latency_ack,2712,C3_lidar_detail,C3_lidar_detail,91,off,detail,False,True,rtt=15.41ms
1779496475.914847,ack_recv,latency_ack,2713,C3_lidar_detail,C3_lidar_detail,91,off,detail,False,True,rtt=6.50ms
1779496476.0241218,ack_recv,latency_ack,2714,C3_lidar_detail,C3_lidar_detail,91,off,detail,False,True,rtt=15.45ms
1779496476.130951,ack_recv,latency_ack,2715,C3_lidar_detail,C3_lidar_detail,91,off,detail,False,True,rtt=21.48ms
1779496476.2237673,ack_recv,latency_ack,2716,C3_lidar_detail,C3_lidar_detail,91,off,detail,False,True,rtt=13.70ms
1779496476.3193781,ack_recv,latency_ack,2717,C3_lidar_detail,C3_lidar_detail,91,off,detail,False,True,rtt=8.83ms
1779496476.4266858,ack_recv,latency_ack,2718,C3_lidar_detail,C3_lidar_detail,91,off,detail,False,True,rtt=15.68ms
1779496476.5248656,ack_recv,latency_ack,2719,C3_lidar_detail,C3_lidar_detail,91,off,detail,False,True,rtt=13.35ms
1779496476.634522,ack_recv,latency_ack,2720,C3_lidar_detail,C3_lidar_detail,91,off,detail,False,True,rtt=22.53ms
1779496476.7241204,ack_recv,latency_ack,2721,C3_lidar_detail,C3_lidar_detail,91,off,detail,False,True,rtt=12.01ms
1779496476.8758342,ack_recv,latency_ack,2722,C3_lidar_detail,C3_lidar_detail,91,off,detail,False,True,rtt=63.13ms
1779496476.9622056,ack_recv,latency_ack,2723,C3_lidar_detail,C3_lidar_detail,91,off,detail,False,True,rtt=48.58ms
1779496477.0482442,ack_recv,latency_ack,2724,C3_lidar_detail,C3_lidar_detail,91,off,detail,False,True,rtt=34.63ms
1779496477.133578,ack_recv,latency_ack,2725,C3_lidar_detail,C3_lidar_detail,91,off,detail,False,True,rtt=18.87ms
1779496477.2352593,ack_recv,latency_ack,2726,C3_lidar_detail,C3_lidar_detail,91,off,detail,False,True,rtt=20.09ms
1779496477.328422,ack_recv,latency_ack,2727,C3_lidar_detail,C3_lidar_detail,91,off,detail,False,True,rtt=12.58ms
1779496477.4359937,ack_recv,latency_ack,2728,C3_lidar_detail,C3_lidar_detail,91,off,detail,False,True,rtt=20.07ms
1779496477.5290225,ack_recv,latency_ack,2729,C3_lidar_detail,C3_lidar_detail,91,off,detail,False,True,rtt=12.22ms
1779496477.6252725,ack_recv,latency_ack,2730,C3_lidar_detail,C3_lidar_detail,91,off,detail,False,True,rtt=7.79ms
1779496477.734979,ack_recv,latency_ack,2731,C3_lidar_detail,C3_lidar_detail,91,off,detail,False,True,rtt=16.86ms
1779496477.8372452,ack_recv,latency_ack,2732,C3_lidar_detail,C3_lidar_detail,91,off,detail,False,True,rtt=18.81ms
1779496477.9296377,ack_recv,latency_ack,2733,C3_lidar_detail,C3_lidar_detail,91,off,detail,False,True,rtt=10.95ms
1779496478.0365064,ack_recv,latency_ack,2734,C3_lidar_detail,C3_lidar_detail,91,off,detail,False,True,rtt=17.31ms
1779496478.1308632,ack_recv,latency_ack,2735,C3_lidar_detail,C3_lidar_detail,91,off,detail,False,True,rtt=11.07ms
1779496478.2361734,ack_recv,latency_ack,2736,C3_lidar_detail,C3_lidar_detail,91,off,detail,False,True,rtt=15.75ms
1779496478.3267379,ack_recv,latency_ack,2737,C3_lidar_detail,C3_lidar_detail,91,off,detail,False,True,rtt=5.94ms
1779496478.437992,ack_recv,latency_ack,2738,C3_lidar_detail,C3_lidar_detail,91,off,detail,False,True,rtt=16.55ms
1779496478.5353186,ack_recv,latency_ack,2739,C3_lidar_detail,C3_lidar_detail,91,off,detail,False,True,rtt=13.39ms
1779496478.6417375,ack_recv,latency_ack,2740,C3_lidar_detail,C3_lidar_detail,91,off,detail,False,True,rtt=19.58ms
1779496478.7325354,ack_recv,latency_ack,2741,C3_lidar_detail,C3_lidar_detail,91,off,detail,False,True,rtt=9.50ms
1779496478.839456,ack_recv,latency_ack,2742,C3_lidar_detail,C3_lidar_detail,91,off,detail,False,True,rtt=15.75ms
1779496478.9358058,ack_recv,latency_ack,2743,C3_lidar_detail,C3_lidar_detail,91,off,detail,False,True,rtt=11.52ms
1779496479.0407085,ack_recv,latency_ack,2744,C3_lidar_detail,C3_lidar_detail,91,off,detail,False,True,rtt=15.78ms
1779496479.1322787,ack_recv,latency_ack,2745,C3_lidar_detail,C3_lidar_detail,91,off,detail,False,True,rtt=7.10ms
1779496479.2387583,ack_recv,latency_ack,2746,C3_lidar_detail,C3_lidar_detail,91,off,detail,False,True,rtt=13.32ms
1779496479.33163,ack_recv,latency_ack,2747,C3_lidar_detail,C3_lidar_detail,91,off,detail,False,True,rtt=5.35ms
1779496479.4409428,ack_recv,latency_ack,2748,C3_lidar_detail,C3_lidar_detail,91,off,detail,False,True,rtt=14.39ms
1779496479.5542943,ack_recv,latency_ack,2749,C3_lidar_detail,C3_lidar_detail,91,off,detail,False,True,rtt=27.13ms
1779496479.6416075,ack_recv,latency_ack,2750,C3_lidar_detail,C3_lidar_detail,91,off,detail,False,True,rtt=14.11ms
1779496479.7386506,ack_recv,latency_ack,2751,C3_lidar_detail,C3_lidar_detail,91,off,detail,False,True,rtt=10.76ms
1779496479.843388,ack_recv,latency_ack,2752,C3_lidar_detail,C3_lidar_detail,91,off,detail,False,True,rtt=14.69ms
1779496479.938203,ack_recv,latency_ack,2753,C3_lidar_detail,C3_lidar_detail,91,off,detail,False,True,rtt=8.90ms
1779496480.0443661,ack_recv,latency_ack,2754,C3_lidar_detail,C3_lidar_detail,91,off,detail,False,True,rtt=14.04ms
1779496480.1372855,ack_recv,latency_ack,2755,C3_lidar_detail,C3_lidar_detail,91,off,detail,False,True,rtt=6.82ms
1779496480.2429178,ack_recv,latency_ack,2756,C3_lidar_detail,C3_lidar_detail,91,off,detail,False,True,rtt=12.02ms
1779496480.351909,ack_recv,latency_ack,2757,C3_lidar_detail,C3_lidar_detail,91,off,detail,False,True,rtt=20.31ms
1779496480.445155,ack_recv,latency_ack,2758,C3_lidar_detail,C3_lidar_detail,91,off,detail,False,True,rtt=12.87ms
1779496480.552995,ack_recv,latency_ack,2759,C3_lidar_detail,C3_lidar_detail,91,off,detail,False,True,rtt=15.59ms
1779496480.6471484,ack_recv,latency_ack,2760,C3_lidar_detail,C3_lidar_detail,91,off,detail,False,True,rtt=8.76ms
1779496480.7551348,ack_recv,latency_ack,2761,C3_lidar_detail,C3_lidar_detail,91,off,detail,False,True,rtt=16.34ms
1779496480.8687668,ack_recv,latency_ack,2762,C3_lidar_detail,C3_lidar_detail,91,off,detail,False,True,rtt=29.54ms
1779496480.9614906,ack_recv,latency_ack,2763,C3_lidar_detail,C3_lidar_detail,91,off,detail,False,True,rtt=21.27ms
1779496481.0528283,ack_recv,latency_ack,2764,C3_lidar_detail,C3_lidar_detail,91,off,detail,False,True,rtt=12.28ms
1779496481.158337,ack_recv,latency_ack,2765,C3_lidar_detail,C3_lidar_detail,91,off,detail,False,True,rtt=17.26ms
1779496481.25227,ack_recv,latency_ack,2766,C3_lidar_detail,C3_lidar_detail,91,off,detail,False,True,rtt=10.33ms
1779496481.3620121,ack_recv,latency_ack,2767,C3_lidar_detail,C3_lidar_detail,91,off,detail,False,True,rtt=19.88ms
1779496481.4555683,ack_recv,latency_ack,2768,C3_lidar_detail,C3_lidar_detail,91,off,detail,False,True,rtt=12.27ms
1779496481.6080258,ack_recv,latency_ack,2769,C3_lidar_detail,C3_lidar_detail,91,off,detail,False,True,rtt=61.21ms
1779496481.6932435,ack_recv,latency_ack,2770,C3_lidar_detail,C3_lidar_detail,91,off,detail,False,True,rtt=45.40ms
1779496481.7811537,ack_recv,latency_ack,2771,C3_lidar_detail,C3_lidar_detail,91,off,detail,False,True,rtt=32.76ms
1779496481.8665633,ack_recv,latency_ack,2772,C3_lidar_detail,C3_lidar_detail,91,off,detail,False,True,rtt=17.74ms
1779496481.968927,ack_recv,latency_ack,2773,C3_lidar_detail,C3_lidar_detail,91,off,detail,False,True,rtt=19.79ms
1779496482.0736377,ack_recv,latency_ack,2774,C3_lidar_detail,C3_lidar_detail,91,off,detail,False,True,rtt=23.90ms
1779496482.1662467,ack_recv,latency_ack,2775,C3_lidar_detail,C3_lidar_detail,91,off,detail,False,True,rtt=16.29ms
1779496482.2590423,ack_recv,latency_ack,2776,C3_lidar_detail,C3_lidar_detail,91,off,detail,False,True,rtt=8.72ms
1779496482.3801007,ack_recv,latency_ack,2777,C3_lidar_detail,C3_lidar_detail,91,off,detail,False,True,rtt=29.70ms
1779496482.461583,ack_recv,latency_ack,2778,C3_lidar_detail,C3_lidar_detail,91,off,detail,False,True,rtt=11.03ms
1779496482.5567715,ack_recv,latency_ack,2779,C3_lidar_detail,C3_lidar_detail,91,off,detail,False,True,rtt=5.43ms
1779496482.7209773,ack_recv,latency_ack,2780,C3_lidar_detail,C3_lidar_detail,91,off,detail,False,True,rtt=68.54ms
1779496482.8053503,ack_recv,latency_ack,2781,C3_lidar_detail,C3_lidar_detail,91,off,detail,False,True,rtt=52.15ms
1779496482.8902788,ack_recv,latency_ack,2782,C3_lidar_detail,C3_lidar_detail,91,off,detail,False,True,rtt=36.76ms
1779496483.0237331,ack_recv,latency_ack,2783,C3_lidar_detail,C3_lidar_detail,91,off,detail,False,True,rtt=69.84ms
1779496483.1082773,ack_recv,latency_ack,2784,C3_lidar_detail,C3_lidar_detail,91,off,detail,False,True,rtt=53.82ms
1779496483.1931627,ack_recv,latency_ack,2785,C3_lidar_detail,C3_lidar_detail,91,off,detail,False,True,rtt=38.42ms
1779496483.2740443,ack_recv,latency_ack,2786,C3_lidar_detail,C3_lidar_detail,91,off,detail,False,True,rtt=19.20ms
1779496483.3789787,ack_recv,latency_ack,2787,C3_lidar_detail,C3_lidar_detail,91,off,detail,False,True,rtt=23.61ms
1779496483.4772878,ack_recv,latency_ack,2788,C3_lidar_detail,C3_lidar_detail,91,off,detail,False,True,rtt=21.02ms
1779496483.5744646,ack_recv,latency_ack,2789,C3_lidar_detail,C3_lidar_detail,91,off,detail,False,True,rtt=17.98ms
1779496483.741448,ack_recv,latency_ack,2790,C3_lidar_detail,C3_lidar_detail,91,off,detail,False,True,rtt=84.01ms
1779496483.7687516,ack_recv,latency_ack,2791,C3_lidar_detail,C3_lidar_detail,91,off,detail,False,True,rtt=10.86ms
1779496483.9741476,ack_recv,latency_ack,2792,C3_lidar_detail,C3_lidar_detail,91,off,detail,False,True,rtt=116.12ms
1779496483.976764,ack_recv,latency_ack,2793,C3_lidar_detail,C3_lidar_detail,91,off,detail,False,True,rtt=17.70ms
1779496484.1503773,ack_recv,latency_ack,2794,C3_lidar_detail,C3_lidar_detail,91,off,detail,False,True,rtt=90.48ms
1779496484.282547,ack_recv,latency_ack,2795,C3_lidar_detail,C3_lidar_detail,91,off,detail,False,True,rtt=121.90ms
1779496484.35142,ack_recv,latency_ack,2796,C3_lidar_detail,C3_lidar_detail,91,off,detail,False,True,rtt=90.15ms
1779496484.3718312,ack_recv,latency_ack,2797,C3_lidar_detail,C3_lidar_detail,91,off,detail,False,True,rtt=10.16ms
1779496484.5777695,ack_recv,latency_ack,2798,C3_lidar_detail,C3_lidar_detail,91,off,detail,False,True,rtt=115.41ms
1779496484.5777695,ack_recv,latency_ack,2799,C3_lidar_detail,C3_lidar_detail,91,off,detail,False,True,rtt=14.81ms
1779496484.683605,ack_recv,latency_ack,2800,C3_lidar_detail,C3_lidar_detail,91,off,detail,False,True,rtt=20.15ms
1779496484.7784448,ack_recv,latency_ack,2801,C3_lidar_detail,C3_lidar_detail,91,off,detail,False,True,rtt=14.35ms
1779496484.9665306,ack_recv,latency_ack,2802,C3_lidar_detail,C3_lidar_detail,91,off,detail,False,True,rtt=101.86ms
1779496485.035199,ack_recv,latency_ack,2803,C3_lidar_detail,C3_lidar_detail,91,off,detail,False,True,rtt=69.95ms
1779496485.1210766,ack_recv,latency_ack,2804,C3_lidar_detail,C3_lidar_detail,91,off,detail,False,True,rtt=55.27ms
1779496485.1920075,ack_recv,latency_ack,2805,C3_lidar_detail,C3_lidar_detail,91,off,detail,False,True,rtt=25.48ms
1779496485.3259835,ack_recv,latency_ack,2806,C3_lidar_detail,C3_lidar_detail,91,off,detail,False,True,rtt=58.65ms
1779496485.397341,ack_recv,latency_ack,2807,C3_lidar_detail,C3_lidar_detail,91,off,detail,False,True,rtt=29.68ms
1779496485.482756,ack_recv,latency_ack,2808,C3_lidar_detail,C3_lidar_detail,91,off,detail,False,True,rtt=14.82ms
1779496485.591378,ack_recv,latency_ack,2809,C3_lidar_detail,C3_lidar_detail,91,off,detail,False,True,rtt=22.67ms
1779496485.6771626,ack_recv,latency_ack,2810,C3_lidar_detail,C3_lidar_detail,91,off,detail,False,True,rtt=8.10ms
1779496485.8629553,ack_recv,latency_ack,2811,C3_lidar_detail,C3_lidar_detail,91,off,detail,False,True,rtt=92.65ms
1779496485.8779836,ack_recv,latency_ack,2812,C3_lidar_detail,C3_lidar_detail,91,off,detail,False,True,rtt=8.49ms
1779496485.9843667,ack_recv,latency_ack,2813,C3_lidar_detail,C3_lidar_detail,91,off,detail,False,True,rtt=14.68ms
1779496486.1261525,ack_recv,latency_ack,2814,C3_lidar_detail,C3_lidar_detail,91,off,detail,False,True,rtt=55.61ms
1779496486.1982331,ack_recv,latency_ack,2815,C3_lidar_detail,C3_lidar_detail,91,off,detail,False,True,rtt=27.25ms
1779496486.2842302,ack_recv,latency_ack,2816,C3_lidar_detail,C3_lidar_detail,91,off,detail,False,True,rtt=12.82ms
1779496486.4692385,ack_recv,latency_ack,2817,C3_lidar_detail,C3_lidar_detail,91,off,detail,False,True,rtt=96.93ms
1779496486.5383615,ack_recv,latency_ack,2818,C3_lidar_detail,C3_lidar_detail,91,off,detail,False,True,rtt=65.53ms
1779496486.6209269,ack_recv,latency_ack,2819,C3_lidar_detail,C3_lidar_detail,91,off,detail,False,True,rtt=47.35ms
1779496486.695083,ack_recv,latency_ack,2820,C3_lidar_detail,C3_lidar_detail,91,off,detail,False,True,rtt=20.88ms
1779496486.831151,ack_recv,latency_ack,2821,C3_lidar_detail,C3_lidar_detail,91,off,detail,False,True,rtt=56.45ms
1779496486.8901637,ack_recv,latency_ack,2822,C3_lidar_detail,C3_lidar_detail,91,off,detail,False,True,rtt=15.01ms
1779496487.021507,ack_recv,latency_ack,2823,C3_lidar_detail,C3_lidar_detail,91,off,detail,False,True,rtt=46.21ms
1779496487.0899634,ack_recv,latency_ack,2824,C3_lidar_detail,C3_lidar_detail,91,off,detail,False,True,rtt=13.91ms
1779496487.2241623,ack_recv,latency_ack,2825,C3_lidar_detail,C3_lidar_detail,91,off,detail,False,True,rtt=47.80ms
1779496487.296425,ack_recv,latency_ack,2826,C3_lidar_detail,C3_lidar_detail,91,off,detail,False,True,rtt=17.09ms
1779496487.3856943,ack_recv,latency_ack,2827,C3_lidar_detail,C3_lidar_detail,91,off,detail,False,True,rtt=5.18ms
1779496487.499379,ack_recv,latency_ack,2828,C3_lidar_detail,C3_lidar_detail,91,off,detail,False,True,rtt=18.71ms
1779496487.6289542,ack_recv,latency_ack,2829,C3_lidar_detail,C3_lidar_detail,91,off,detail,False,True,rtt=48.16ms
1779496487.7006094,ack_recv,latency_ack,2830,C3_lidar_detail,C3_lidar_detail,91,off,detail,False,True,rtt=19.48ms
1779496487.824338,ack_recv,latency_ack,2831,C3_lidar_detail,C3_lidar_detail,91,off,detail,False,True,rtt=42.93ms
1779496487.8992898,ack_recv,latency_ack,2832,C3_lidar_detail,C3_lidar_detail,91,off,detail,False,True,rtt=17.15ms
1779496487.991587,ack_recv,latency_ack,2833,C3_lidar_detail,C3_lidar_detail,91,off,detail,False,True,rtt=8.43ms
1779496488.0998955,ack_recv,latency_ack,2834,C3_lidar_detail,C3_lidar_detail,91,off,detail,False,True,rtt=16.98ms
1779496488.2069597,ack_recv,latency_ack,2835,C3_lidar_detail,C3_lidar_detail,91,off,detail,False,True,rtt=23.64ms
1779496488.3001783,ack_recv,latency_ack,2836,C3_lidar_detail,C3_lidar_detail,91,off,detail,False,True,rtt=16.24ms
1779496488.3944733,ack_recv,latency_ack,2837,C3_lidar_detail,C3_lidar_detail,91,off,detail,False,True,rtt=9.93ms
1779496488.5062146,ack_recv,latency_ack,2838,C3_lidar_detail,C3_lidar_detail,91,off,detail,False,True,rtt=21.21ms
1779496488.5930562,ack_recv,latency_ack,2839,C3_lidar_detail,C3_lidar_detail,91,off,detail,False,True,rtt=7.20ms
1779496488.7027779,ack_recv,latency_ack,2840,C3_lidar_detail,C3_lidar_detail,91,off,detail,False,True,rtt=16.47ms
1779496488.7957942,ack_recv,latency_ack,2841,C3_lidar_detail,C3_lidar_detail,91,off,detail,False,True,rtt=8.63ms
1779496488.9061494,ack_recv,latency_ack,2842,C3_lidar_detail,C3_lidar_detail,91,off,detail,False,True,rtt=18.68ms
1779496488.9983778,ack_recv,latency_ack,2843,C3_lidar_detail,C3_lidar_detail,91,off,detail,False,True,rtt=10.43ms
1779496489.1072423,ack_recv,latency_ack,2844,C3_lidar_detail,C3_lidar_detail,91,off,detail,False,True,rtt=18.78ms
1779496489.1992822,ack_recv,latency_ack,2845,C3_lidar_detail,C3_lidar_detail,91,off,detail,False,True,rtt=10.46ms
1779496489.313585,ack_recv,latency_ack,2846,C3_lidar_detail,C3_lidar_detail,91,off,detail,False,True,rtt=24.38ms
1779496489.4005988,ack_recv,latency_ack,2847,C3_lidar_detail,C3_lidar_detail,91,off,detail,False,True,rtt=11.01ms
1779496489.5101433,ack_recv,latency_ack,2848,C3_lidar_detail,C3_lidar_detail,91,off,detail,False,True,rtt=20.05ms
1779496489.6055017,ack_recv,latency_ack,2849,C3_lidar_detail,C3_lidar_detail,91,off,detail,False,True,rtt=14.93ms
1779496489.700218,ack_recv,latency_ack,2850,C3_lidar_detail,C3_lidar_detail,91,off,detail,False,True,rtt=9.22ms
1779496489.805755,ack_recv,latency_ack,2851,C3_lidar_detail,C3_lidar_detail,91,off,detail,False,True,rtt=13.97ms
1779496489.8986514,ack_recv,latency_ack,2852,C3_lidar_detail,C3_lidar_detail,91,off,detail,False,True,rtt=6.16ms
1779496490.0074394,ack_recv,latency_ack,2853,C3_lidar_detail,C3_lidar_detail,91,off,detail,False,True,rtt=14.46ms
1779496490.1411312,ack_recv,latency_ack,2854,C3_lidar_detail,C3_lidar_detail,91,off,detail,False,True,rtt=47.68ms
1779496490.2099223,ack_recv,latency_ack,2855,C3_lidar_detail,C3_lidar_detail,91,off,detail,False,True,rtt=16.11ms
1779496490.3120666,ack_recv,latency_ack,2856,C3_lidar_detail,C3_lidar_detail,91,off,detail,False,True,rtt=18.05ms
1779496490.4175863,ack_recv,latency_ack,2857,C3_lidar_detail,C3_lidar_detail,91,off,detail,False,True,rtt=23.31ms
1779496490.5127025,ack_recv,latency_ack,2858,C3_lidar_detail,C3_lidar_detail,91,off,detail,False,True,rtt=17.80ms
1779496490.6108704,ack_recv,latency_ack,2859,C3_lidar_detail,C3_lidar_detail,91,off,detail,False,True,rtt=15.14ms
1779496490.7088156,ack_recv,latency_ack,2860,C3_lidar_detail,C3_lidar_detail,91,off,detail,False,True,rtt=12.78ms
1779496490.8176172,ack_recv,latency_ack,2861,C3_lidar_detail,C3_lidar_detail,91,off,detail,False,True,rtt=21.22ms
1779496490.9019713,ack_recv,latency_ack,2862,C3_lidar_detail,C3_lidar_detail,91,off,detail,False,True,rtt=5.23ms
1779496491.007516,ack_recv,latency_ack,2863,C3_lidar_detail,C3_lidar_detail,91,off,detail,False,True,rtt=9.37ms
1779496491.112462,ack_recv,latency_ack,2864,C3_lidar_detail,C3_lidar_detail,91,off,detail,False,True,rtt=14.01ms
1779496491.2375932,ack_recv,latency_ack,2865,C3_lidar_detail,C3_lidar_detail,91,off,detail,False,True,rtt=38.46ms
1779496491.3161893,ack_recv,latency_ack,2866,C3_lidar_detail,C3_lidar_detail,91,off,detail,False,True,rtt=16.72ms
1779496491.4054124,ack_recv,latency_ack,2867,C3_lidar_detail,C3_lidar_detail,91,off,detail,False,True,rtt=5.72ms
1779496491.5130649,ack_recv,latency_ack,2868,C3_lidar_detail,C3_lidar_detail,91,off,detail,False,True,rtt=12.99ms
1779496491.6060758,ack_recv,latency_ack,2869,C3_lidar_detail,C3_lidar_detail,91,off,detail,False,True,rtt=5.25ms
1779496491.716513,ack_recv,latency_ack,2870,C3_lidar_detail,C3_lidar_detail,91,off,detail,False,True,rtt=15.05ms
1779496491.8292394,ack_recv,latency_ack,2871,C3_lidar_detail,C3_lidar_detail,91,off,detail,False,True,rtt=27.18ms
1779496491.9244,ack_recv,latency_ack,2872,C3_lidar_detail,C3_lidar_detail,91,off,detail,False,True,rtt=21.86ms
1779496492.0099447,ack_recv,latency_ack,2873,C3_lidar_detail,C3_lidar_detail,91,off,detail,False,True,rtt=6.93ms
1779496492.1157029,ack_recv,latency_ack,2874,C3_lidar_detail,C3_lidar_detail,91,off,detail,False,True,rtt=11.84ms
1779496492.2253282,ack_recv,latency_ack,2875,C3_lidar_detail,C3_lidar_detail,91,off,detail,False,True,rtt=21.06ms
1779496492.316999,ack_recv,latency_ack,2876,C3_lidar_detail,C3_lidar_detail,91,off,detail,False,True,rtt=11.74ms
1779496492.4246979,ack_recv,latency_ack,2877,C3_lidar_detail,C3_lidar_detail,91,off,detail,False,True,rtt=19.22ms
1779496492.5244973,ack_recv,latency_ack,2878,C3_lidar_detail,C3_lidar_detail,91,off,detail,False,True,rtt=18.57ms
1779496492.6228132,ack_recv,latency_ack,2879,C3_lidar_detail,C3_lidar_detail,91,off,detail,False,True,rtt=16.35ms
1779496492.7187603,ack_recv,latency_ack,2880,C3_lidar_detail,C3_lidar_detail,91,off,detail,False,True,rtt=11.36ms
1779496492.8235888,ack_recv,latency_ack,2881,C3_lidar_detail,C3_lidar_detail,91,off,detail,False,True,rtt=14.99ms
1779496492.9154158,ack_recv,latency_ack,2882,C3_lidar_detail,C3_lidar_detail,91,off,detail,False,True,rtt=7.09ms
1779496493.0316532,ack_recv,latency_ack,2883,C3_lidar_detail,C3_lidar_detail,91,off,detail,False,True,rtt=16.95ms
1779496493.131865,ack_recv,latency_ack,2884,C3_lidar_detail,C3_lidar_detail,91,off,detail,False,True,rtt=16.85ms
1779496493.2264729,ack_recv,latency_ack,2885,C3_lidar_detail,C3_lidar_detail,91,off,detail,False,True,rtt=11.19ms
1779496493.3394146,ack_recv,latency_ack,2886,C3_lidar_detail,C3_lidar_detail,91,off,detail,False,True,rtt=23.60ms
1779496493.4355395,ack_recv,latency_ack,2887,C3_lidar_detail,C3_lidar_detail,91,off,detail,False,True,rtt=19.18ms
1779496493.5926414,ack_recv,latency_ack,2888,C3_lidar_detail,C3_lidar_detail,91,off,detail,False,True,rtt=74.08ms
1779496493.6960075,ack_recv,latency_ack,2889,C3_lidar_detail,C3_lidar_detail,91,off,detail,False,True,rtt=76.50ms
1779496493.794115,ack_recv,latency_ack,2890,C3_lidar_detail,C3_lidar_detail,91,off,detail,False,True,rtt=74.01ms
1779496493.8967657,ack_recv,latency_ack,2891,C3_lidar_detail,C3_lidar_detail,91,off,detail,False,True,rtt=75.93ms
1779496493.933195,ack_recv,latency_ack,2892,C3_lidar_detail,C3_lidar_detail,91,off,detail,False,True,rtt=11.58ms
1779496494.027426,ack_recv,latency_ack,2893,C3_lidar_detail,C3_lidar_detail,91,off,detail,False,True,rtt=5.66ms
1779496494.1321013,ack_recv,latency_ack,2894,C3_lidar_detail,C3_lidar_detail,91,off,detail,False,True,rtt=10.01ms
1779496494.2860081,ack_recv,latency_ack,2895,C3_lidar_detail,C3_lidar_detail,91,off,detail,False,True,rtt=63.39ms
1779496494.3688571,ack_recv,latency_ack,2896,C3_lidar_detail,C3_lidar_detail,91,off,detail,False,True,rtt=45.41ms
1779496494.4557614,ack_recv,latency_ack,2897,C3_lidar_detail,C3_lidar_detail,91,off,detail,False,True,rtt=31.86ms
1779496494.5429163,ack_recv,latency_ack,2898,C3_lidar_detail,C3_lidar_detail,91,off,detail,False,True,rtt=17.13ms
1779496494.6396623,ack_recv,latency_ack,2899,C3_lidar_detail,C3_lidar_detail,91,off,detail,False,True,rtt=13.37ms
1779496494.7333024,ack_recv,latency_ack,2900,C3_lidar_detail,C3_lidar_detail,91,off,detail,False,True,rtt=6.64ms
1779496494.8419538,ack_recv,latency_ack,2901,C3_lidar_detail,C3_lidar_detail,91,off,detail,False,True,rtt=14.92ms
1779496494.935293,ack_recv,latency_ack,2902,C3_lidar_detail,C3_lidar_detail,91,off,detail,False,True,rtt=8.13ms
1779496495.035723,ack_recv,latency_ack,2903,C3_lidar_detail,C3_lidar_detail,91,off,detail,False,True,rtt=8.00ms
1779496495.13583,ack_recv,latency_ack,2904,C3_lidar_detail,C3_lidar_detail,91,off,detail,False,True,rtt=7.51ms
1779496495.2485251,ack_recv,latency_ack,2905,C3_lidar_detail,C3_lidar_detail,91,off,detail,False,True,rtt=19.45ms
1779496495.3371263,ack_recv,latency_ack,2906,C3_lidar_detail,C3_lidar_detail,91,off,detail,False,True,rtt=7.10ms
1779496495.452755,ack_recv,latency_ack,2907,C3_lidar_detail,C3_lidar_detail,91,off,detail,False,True,rtt=22.40ms
1779496495.5407772,ack_recv,latency_ack,2908,C3_lidar_detail,C3_lidar_detail,91,off,detail,False,True,rtt=9.60ms
1779496495.6492789,ack_recv,latency_ack,2909,C3_lidar_detail,C3_lidar_detail,91,off,detail,False,True,rtt=17.36ms
1779496495.743263,ack_recv,latency_ack,2910,C3_lidar_detail,C3_lidar_detail,91,off,detail,False,True,rtt=10.64ms
1779496495.8546345,ack_recv,latency_ack,2911,C3_lidar_detail,C3_lidar_detail,91,off,detail,False,True,rtt=21.45ms
1779496495.9479306,ack_recv,latency_ack,2912,C3_lidar_detail,C3_lidar_detail,91,off,detail,False,True,rtt=14.33ms
1779496496.0435252,ack_recv,latency_ack,2913,C3_lidar_detail,C3_lidar_detail,91,off,detail,False,True,rtt=9.62ms
1779496496.147251,ack_recv,latency_ack,2914,C3_lidar_detail,C3_lidar_detail,91,off,detail,False,True,rtt=12.73ms
1779496496.2548504,ack_recv,latency_ack,2915,C3_lidar_detail,C3_lidar_detail,91,off,detail,False,True,rtt=19.64ms
1779496496.351959,ack_recv,latency_ack,2916,C3_lidar_detail,C3_lidar_detail,91,off,detail,False,True,rtt=15.87ms
1779496496.4555457,ack_recv,latency_ack,2917,C3_lidar_detail,C3_lidar_detail,91,off,detail,False,True,rtt=18.59ms
1779496496.5548892,ack_recv,latency_ack,2918,C3_lidar_detail,C3_lidar_detail,91,off,detail,False,True,rtt=17.06ms
1779496496.6613138,ack_recv,latency_ack,2919,C3_lidar_detail,C3_lidar_detail,91,off,detail,False,True,rtt=23.27ms
1779496496.749032,ack_recv,latency_ack,2920,C3_lidar_detail,C3_lidar_detail,91,off,detail,False,True,rtt=10.50ms
1779496496.8598635,ack_recv,latency_ack,2921,C3_lidar_detail,C3_lidar_detail,91,off,detail,False,True,rtt=20.82ms
1779496496.9547858,ack_recv,latency_ack,2922,C3_lidar_detail,C3_lidar_detail,91,off,detail,False,True,rtt=15.56ms
1779496497.0619526,ack_recv,latency_ack,2923,C3_lidar_detail,C3_lidar_detail,91,off,detail,False,True,rtt=22.17ms
1779496497.1494813,ack_recv,latency_ack,2924,C3_lidar_detail,C3_lidar_detail,91,off,detail,False,True,rtt=9.16ms
1779496497.256587,ack_recv,latency_ack,2925,C3_lidar_detail,C3_lidar_detail,91,off,detail,False,True,rtt=16.12ms
1779496497.3532984,ack_recv,latency_ack,2926,C3_lidar_detail,C3_lidar_detail,91,off,detail,False,True,rtt=11.91ms
1779496497.458218,ack_recv,latency_ack,2927,C3_lidar_detail,C3_lidar_detail,91,off,detail,False,True,rtt=16.55ms
1779496497.5530455,ack_recv,latency_ack,2928,C3_lidar_detail,C3_lidar_detail,91,off,detail,False,True,rtt=10.69ms
1779496497.6542027,ack_recv,latency_ack,2929,C3_lidar_detail,C3_lidar_detail,91,off,detail,False,True,rtt=7.94ms
1779496497.7560632,ack_recv,latency_ack,2930,C3_lidar_detail,C3_lidar_detail,91,off,detail,False,True,rtt=9.36ms
1779496497.8654203,ack_recv,latency_ack,2931,C3_lidar_detail,C3_lidar_detail,91,off,detail,False,True,rtt=17.96ms
1779496497.961274,ack_recv,latency_ack,2932,C3_lidar_detail,C3_lidar_detail,91,off,detail,False,True,rtt=13.56ms
1779496498.0660477,ack_recv,latency_ack,2933,C3_lidar_detail,C3_lidar_detail,91,off,detail,False,True,rtt=17.70ms
1779496498.1534886,ack_recv,latency_ack,2934,C3_lidar_detail,C3_lidar_detail,91,off,detail,False,True,rtt=5.05ms
1779496498.2649746,ack_recv,latency_ack,2935,C3_lidar_detail,C3_lidar_detail,91,off,detail,False,True,rtt=15.73ms
1779496498.3585231,ack_recv,latency_ack,2936,C3_lidar_detail,C3_lidar_detail,91,off,detail,False,True,rtt=9.04ms
1779496498.4688094,ack_recv,latency_ack,2937,C3_lidar_detail,C3_lidar_detail,91,off,detail,False,True,rtt=19.08ms
1779496498.5571733,ack_recv,latency_ack,2938,C3_lidar_detail,C3_lidar_detail,91,off,detail,False,True,rtt=6.98ms
1779496498.6692324,ack_recv,latency_ack,2939,C3_lidar_detail,C3_lidar_detail,91,off,detail,False,True,rtt=18.90ms
1779496498.7625191,ack_recv,latency_ack,2940,C3_lidar_detail,C3_lidar_detail,91,off,detail,False,True,rtt=10.43ms
1779496498.8708851,ack_recv,latency_ack,2941,C3_lidar_detail,C3_lidar_detail,91,off,detail,False,True,rtt=18.21ms
1779496498.9604251,ack_recv,latency_ack,2942,C3_lidar_detail,C3_lidar_detail,91,off,detail,False,True,rtt=6.87ms
1779496499.1194582,ack_recv,latency_ack,2943,C3_lidar_detail,C3_lidar_detail,91,off,detail,False,True,rtt=65.10ms
1779496499.2050228,ack_recv,latency_ack,2944,C3_lidar_detail,C3_lidar_detail,91,off,detail,False,True,rtt=50.13ms
1779496499.2944171,ack_recv,latency_ack,2945,C3_lidar_detail,C3_lidar_detail,91,off,detail,False,True,rtt=39.10ms
1779496499.3777702,ack_recv,latency_ack,2946,C3_lidar_detail,C3_lidar_detail,91,off,detail,False,True,rtt=21.99ms
1779496499.4747548,ack_recv,latency_ack,2947,C3_lidar_detail,C3_lidar_detail,91,off,detail,False,True,rtt=18.18ms
1779496499.5717547,ack_recv,latency_ack,2948,C3_lidar_detail,C3_lidar_detail,91,off,detail,False,True,rtt=14.16ms
1779496499.6719546,ack_recv,latency_ack,2949,C3_lidar_detail,C3_lidar_detail,91,off,detail,False,True,rtt=13.87ms
1779496499.7740443,ack_recv,latency_ack,2950,C3_lidar_detail,C3_lidar_detail,91,off,detail,False,True,rtt=15.68ms
1779496499.8647099,ack_recv,latency_ack,2951,C3_lidar_detail,C3_lidar_detail,91,off,detail,False,True,rtt=6.11ms
1779496500.021131,ack_recv,latency_ack,2952,C3_lidar_detail,C3_lidar_detail,91,off,detail,False,True,rtt=62.27ms
1779496500.06568,ack_recv,latency_ack,2953,C3_lidar_detail,C3_lidar_detail,91,off,detail,False,True,rtt=5.96ms
1779496500.170838,ack_recv,latency_ack,2954,C3_lidar_detail,C3_lidar_detail,91,off,detail,False,True,rtt=10.63ms
1779496500.329366,ack_recv,latency_ack,2955,C3_lidar_detail,C3_lidar_detail,91,off,detail,False,True,rtt=68.90ms
1779496500.4213502,ack_recv,latency_ack,2956,C3_lidar_detail,C3_lidar_detail,91,off,detail,False,True,rtt=60.71ms
1779496500.5043664,ack_recv,latency_ack,2957,C3_lidar_detail,C3_lidar_detail,91,off,detail,False,True,rtt=43.40ms
1779496500.5814266,ack_recv,latency_ack,2958,C3_lidar_detail,C3_lidar_detail,91,off,detail,False,True,rtt=20.12ms
1779496500.6711373,ack_recv,latency_ack,2959,C3_lidar_detail,C3_lidar_detail,91,off,detail,False,True,rtt=9.49ms
1779496500.7774577,ack_recv,latency_ack,2960,C3_lidar_detail,C3_lidar_detail,91,off,detail,False,True,rtt=15.63ms
1779496500.867203,ack_recv,latency_ack,2961,C3_lidar_detail,C3_lidar_detail,91,off,detail,False,True,rtt=4.51ms
1779496500.9766533,ack_recv,latency_ack,2962,C3_lidar_detail,C3_lidar_detail,91,off,detail,False,True,rtt=13.64ms
1779496501.1526492,ack_recv,latency_ack,2963,C3_lidar_detail,C3_lidar_detail,91,off,detail,False,True,rtt=89.35ms
1779496501.1710622,ack_recv,latency_ack,2964,C3_lidar_detail,C3_lidar_detail,91,off,detail,False,True,rtt=7.25ms
1779496501.37198,ack_recv,latency_ack,2965,C3_lidar_detail,C3_lidar_detail,91,off,detail,False,True,rtt=99.87ms
1779496501.396529,ack_recv,latency_ack,2966,C3_lidar_detail,C3_lidar_detail,91,off,detail,False,True,rtt=23.04ms
1779496501.487169,ack_recv,latency_ack,2967,C3_lidar_detail,C3_lidar_detail,91,off,detail,False,True,rtt=13.09ms
1779496501.5827658,ack_recv,latency_ack,2968,C3_lidar_detail,C3_lidar_detail,91,off,detail,False,True,rtt=8.38ms
1779496501.6872997,ack_recv,latency_ack,2969,C3_lidar_detail,C3_lidar_detail,91,off,detail,False,True,rtt=12.48ms
1779496501.7952302,ack_recv,latency_ack,2970,C3_lidar_detail,C3_lidar_detail,91,off,detail,False,True,rtt=19.86ms
1779496501.891866,ack_recv,latency_ack,2971,C3_lidar_detail,C3_lidar_detail,91,off,detail,False,True,rtt=15.96ms
1779496501.9853528,ack_recv,latency_ack,2972,C3_lidar_detail,C3_lidar_detail,91,off,detail,False,True,rtt=8.58ms
1779496502.0940924,ack_recv,latency_ack,2973,C3_lidar_detail,C3_lidar_detail,91,off,detail,False,True,rtt=17.06ms
1779496502.1904054,ack_recv,latency_ack,2974,C3_lidar_detail,C3_lidar_detail,91,off,detail,False,True,rtt=13.06ms
1779496502.2932165,ack_recv,latency_ack,2975,C3_lidar_detail,C3_lidar_detail,91,off,detail,False,True,rtt=5.87ms
1779496502.4082117,ack_recv,latency_ack,2976,C3_lidar_detail,C3_lidar_detail,91,off,detail,False,True,rtt=19.48ms
1779496502.4985414,ack_recv,latency_ack,2977,C3_lidar_detail,C3_lidar_detail,91,off,detail,False,True,rtt=8.81ms
1779496502.6035714,ack_recv,latency_ack,2978,C3_lidar_detail,C3_lidar_detail,91,off,detail,False,True,rtt=13.51ms
1779496502.701555,ack_recv,latency_ack,2979,C3_lidar_detail,C3_lidar_detail,91,off,detail,False,True,rtt=10.90ms
1779496502.812544,ack_recv,latency_ack,2980,C3_lidar_detail,C3_lidar_detail,91,off,detail,False,True,rtt=21.37ms
1779496502.906731,ack_recv,latency_ack,2981,C3_lidar_detail,C3_lidar_detail,91,off,detail,False,True,rtt=14.38ms
1779496503.0138075,ack_recv,latency_ack,2982,C3_lidar_detail,C3_lidar_detail,91,off,detail,False,True,rtt=22.00ms
1779496503.1052403,ack_recv,latency_ack,2983,C3_lidar_detail,C3_lidar_detail,91,off,detail,False,True,rtt=12.80ms
1779496503.213571,ack_recv,latency_ack,2984,C3_lidar_detail,C3_lidar_detail,91,off,detail,False,True,rtt=20.52ms
1779496503.3021033,ack_recv,latency_ack,2985,C3_lidar_detail,C3_lidar_detail,91,off,detail,False,True,rtt=8.45ms
1779496503.4140985,ack_recv,latency_ack,2986,C3_lidar_detail,C3_lidar_detail,91,off,detail,False,True,rtt=19.71ms
1779496503.5125854,ack_recv,latency_ack,2987,C3_lidar_detail,C3_lidar_detail,91,off,detail,False,True,rtt=17.98ms
1779496503.6038332,ack_recv,latency_ack,2988,C3_lidar_detail,C3_lidar_detail,91,off,detail,False,True,rtt=8.44ms
1779496503.714463,ack_recv,latency_ack,2989,C3_lidar_detail,C3_lidar_detail,91,off,detail,False,True,rtt=18.62ms
1779496503.8041525,ack_recv,latency_ack,2990,C3_lidar_detail,C3_lidar_detail,91,off,detail,False,True,rtt=7.18ms
1779496503.9155097,ack_recv,latency_ack,2991,C3_lidar_detail,C3_lidar_detail,91,off,detail,False,True,rtt=18.00ms
1779496504.0080152,ack_recv,latency_ack,2992,C3_lidar_detail,C3_lidar_detail,91,off,detail,False,True,rtt=10.02ms
1779496504.1176353,ack_recv,latency_ack,2993,C3_lidar_detail,C3_lidar_detail,91,off,detail,False,True,rtt=18.96ms
1779496504.2125177,ack_recv,latency_ack,2994,C3_lidar_detail,C3_lidar_detail,91,off,detail,False,True,rtt=13.39ms
1779496504.3056602,ack_recv,latency_ack,2995,C3_lidar_detail,C3_lidar_detail,91,off,detail,False,True,rtt=4.98ms
1779496504.4207911,ack_recv,latency_ack,2996,C3_lidar_detail,C3_lidar_detail,91,off,detail,False,True,rtt=19.23ms
1779496504.5103323,ack_recv,latency_ack,2997,C3_lidar_detail,C3_lidar_detail,91,off,detail,False,True,rtt=7.96ms
1779496504.6210542,ack_recv,latency_ack,2998,C3_lidar_detail,C3_lidar_detail,91,off,detail,False,True,rtt=17.01ms
1779496504.7136273,ack_recv,latency_ack,2999,C3_lidar_detail,C3_lidar_detail,91,off,detail,False,True,rtt=10.50ms
1779496504.820728,ack_recv,latency_ack,3000,C3_lidar_detail,C3_lidar_detail,91,off,detail,False,True,rtt=9.88ms
1779496504.930402,ack_recv,latency_ack,3001,C3_lidar_detail,C3_lidar_detail,91,off,detail,False,True,rtt=18.26ms
1779496505.021153,ack_recv,latency_ack,3002,C3_lidar_detail,C3_lidar_detail,91,off,detail,False,True,rtt=8.51ms
1779496505.1964781,ack_recv,latency_ack,3003,C3_lidar_detail,C3_lidar_detail,91,off,detail,False,True,rtt=83.31ms
1779496505.2217894,ack_recv,latency_ack,3004,C3_lidar_detail,C3_lidar_detail,91,off,detail,False,True,rtt=8.36ms
1779496505.333082,ack_recv,latency_ack,3005,C3_lidar_detail,C3_lidar_detail,91,off,detail,False,True,rtt=19.28ms
1779496505.4265952,ack_recv,latency_ack,3006,C3_lidar_detail,C3_lidar_detail,91,off,detail,False,True,rtt=11.32ms
1779496505.5383577,ack_recv,latency_ack,3007,C3_lidar_detail,C3_lidar_detail,91,off,detail,False,True,rtt=22.77ms
1779496505.6286657,ack_recv,latency_ack,3008,C3_lidar_detail,C3_lidar_detail,91,off,detail,False,True,rtt=12.23ms
1779496505.7385418,ack_recv,latency_ack,3009,C3_lidar_detail,C3_lidar_detail,91,off,detail,False,True,rtt=21.73ms
1779496505.8451476,ack_recv,latency_ack,3010,C3_lidar_detail,C3_lidar_detail,91,off,detail,False,True,rtt=28.07ms
1779496505.937691,ack_recv,latency_ack,3011,C3_lidar_detail,C3_lidar_detail,91,off,detail,False,True,rtt=20.11ms
1779496506.0333724,ack_recv,latency_ack,3012,C3_lidar_detail,C3_lidar_detail,91,off,detail,False,True,rtt=15.19ms
1779496506.171565,ack_recv,latency_ack,3013,C3_lidar_detail,C3_lidar_detail,91,off,detail,False,True,rtt=53.11ms
1779496506.2634282,ack_recv,latency_ack,3014,C3_lidar_detail,C3_lidar_detail,91,off,detail,False,True,rtt=44.49ms
1779496506.3506832,ack_recv,latency_ack,3015,C3_lidar_detail,C3_lidar_detail,91,off,detail,False,True,rtt=31.61ms
1779496506.4358273,ack_recv,latency_ack,3016,C3_lidar_detail,C3_lidar_detail,91,off,detail,False,True,rtt=16.49ms
1779496506.536258,ack_recv,latency_ack,3017,C3_lidar_detail,C3_lidar_detail,91,off,detail,False,True,rtt=16.01ms
1779496506.6731305,ack_recv,latency_ack,3018,C3_lidar_detail,C3_lidar_detail,91,off,detail,False,True,rtt=52.60ms
1779496506.7582767,ack_recv,latency_ack,3019,C3_lidar_detail,C3_lidar_detail,91,off,detail,False,True,rtt=37.39ms
1779496506.8479989,ack_recv,latency_ack,3020,C3_lidar_detail,C3_lidar_detail,91,off,detail,False,True,rtt=26.72ms
1779496506.9382894,ack_recv,latency_ack,3021,C3_lidar_detail,C3_lidar_detail,91,off,detail,False,True,rtt=16.75ms
1779496507.0329945,ack_recv,latency_ack,3022,C3_lidar_detail,C3_lidar_detail,91,off,detail,False,True,rtt=9.66ms
1779496507.1595557,ack_recv,latency_ack,3023,C3_lidar_detail,C3_lidar_detail,91,off,detail,False,True,rtt=36.71ms
1779496507.2449126,ack_recv,latency_ack,3024,C3_lidar_detail,C3_lidar_detail,91,off,detail,False,True,rtt=21.27ms
1779496507.3463948,ack_recv,latency_ack,3025,C3_lidar_detail,C3_lidar_detail,91,off,detail,False,True,rtt=22.28ms
1779496507.4343712,ack_recv,latency_ack,3026,C3_lidar_detail,C3_lidar_detail,91,off,detail,False,True,rtt=9.71ms
1779496507.5290082,ack_recv,latency_ack,3027,C3_lidar_detail,C3_lidar_detail,91,off,detail,False,True,rtt=3.92ms
1779496507.6373796,ack_recv,latency_ack,3028,C3_lidar_detail,C3_lidar_detail,91,off,detail,False,True,rtt=11.86ms
1779496507.7470675,ack_recv,latency_ack,3029,C3_lidar_detail,C3_lidar_detail,91,off,detail,False,True,rtt=20.62ms
1779496507.8414197,ack_recv,latency_ack,3030,C3_lidar_detail,C3_lidar_detail,91,off,detail,False,True,rtt=14.34ms
1779496507.950923,ack_recv,latency_ack,3031,C3_lidar_detail,C3_lidar_detail,91,off,detail,False,True,rtt=23.41ms
1779496508.043044,ack_recv,latency_ack,3032,C3_lidar_detail,C3_lidar_detail,91,off,detail,False,True,rtt=14.91ms
1779496508.1874747,ack_recv,latency_ack,3033,C3_lidar_detail,C3_lidar_detail,91,off,detail,False,True,rtt=58.78ms
1779496508.2741768,ack_recv,latency_ack,3034,C3_lidar_detail,C3_lidar_detail,91,off,detail,False,True,rtt=45.18ms
1779496508.3360856,ack_recv,latency_ack,3035,C3_lidar_detail,C3_lidar_detail,91,off,detail,False,True,rtt=6.77ms
1779496508.4380558,ack_recv,latency_ack,3036,C3_lidar_detail,C3_lidar_detail,91,off,detail,False,True,rtt=8.22ms
1779496508.540958,ack_recv,latency_ack,3037,C3_lidar_detail,C3_lidar_detail,91,off,detail,False,True,rtt=10.90ms
1779496508.6727316,ack_recv,latency_ack,3038,C3_lidar_detail,C3_lidar_detail,91,off,detail,False,True,rtt=42.27ms
1779496508.7464988,ack_recv,latency_ack,3039,C3_lidar_detail,C3_lidar_detail,91,off,detail,False,True,rtt=15.39ms
1779496508.8584733,ack_recv,latency_ack,3040,C3_lidar_detail,C3_lidar_detail,91,off,detail,False,True,rtt=27.07ms
1779496508.9484286,ack_recv,latency_ack,3041,C3_lidar_detail,C3_lidar_detail,91,off,detail,False,True,rtt=5.45ms
1779496509.0536077,ack_recv,latency_ack,3042,C3_lidar_detail,C3_lidar_detail,91,off,detail,False,True,rtt=11.17ms
1779496509.1603458,ack_recv,latency_ack,3043,C3_lidar_detail,C3_lidar_detail,91,off,detail,False,True,rtt=17.29ms
1779496509.2574654,ack_recv,latency_ack,3044,C3_lidar_detail,C3_lidar_detail,91,off,detail,False,True,rtt=14.19ms
1779496509.3560636,ack_recv,latency_ack,3045,C3_lidar_detail,C3_lidar_detail,91,off,detail,False,True,rtt=11.98ms
1779496509.453494,ack_recv,latency_ack,3046,C3_lidar_detail,C3_lidar_detail,91,off,detail,False,True,rtt=6.01ms
1779496509.561715,ack_recv,latency_ack,3047,C3_lidar_detail,C3_lidar_detail,91,off,detail,False,True,rtt=11.81ms
1779496509.6648595,ack_recv,latency_ack,3048,C3_lidar_detail,C3_lidar_detail,91,off,detail,False,True,rtt=15.70ms
1779496509.7558215,ack_recv,latency_ack,3049,C3_lidar_detail,C3_lidar_detail,91,off,detail,False,True,rtt=6.27ms
1779496509.8685808,ack_recv,latency_ack,3050,C3_lidar_detail,C3_lidar_detail,91,off,detail,False,True,rtt=18.39ms
1779496509.9729075,ack_recv,latency_ack,3051,C3_lidar_detail,C3_lidar_detail,91,off,detail,False,True,rtt=22.11ms
1779496510.0673265,ack_recv,latency_ack,3052,C3_lidar_detail,C3_lidar_detail,91,off,detail,False,True,rtt=16.38ms
1779496510.1724715,ack_recv,latency_ack,3053,C3_lidar_detail,C3_lidar_detail,91,off,detail,False,True,rtt=19.80ms
1779496510.265633,ack_recv,latency_ack,3054,C3_lidar_detail,C3_lidar_detail,91,off,detail,False,True,rtt=14.29ms
1779496510.35943,ack_recv,latency_ack,3055,C3_lidar_detail,C3_lidar_detail,91,off,detail,False,True,rtt=7.49ms
1779496510.4562788,ack_recv,latency_ack,3056,C3_lidar_detail,C3_lidar_detail,91,off,detail,False,True,rtt=4.09ms
1779496510.56253,ack_recv,latency_ack,3057,C3_lidar_detail,C3_lidar_detail,91,off,detail,False,True,rtt=9.09ms
1779496510.6701028,ack_recv,latency_ack,3058,C3_lidar_detail,C3_lidar_detail,91,off,detail,False,True,rtt=16.34ms
1779496510.762617,ack_recv,latency_ack,3059,C3_lidar_detail,C3_lidar_detail,91,off,detail,False,True,rtt=8.47ms
1779496510.8793898,ack_recv,latency_ack,3060,C3_lidar_detail,C3_lidar_detail,91,off,detail,False,True,rtt=24.71ms
1779496510.9806342,ack_recv,latency_ack,3061,C3_lidar_detail,C3_lidar_detail,91,off,detail,False,True,rtt=23.39ms
1779496511.1027865,ack_recv,latency_ack,3062,C3_lidar_detail,C3_lidar_detail,91,off,detail,False,True,rtt=43.91ms
1779496511.186813,ack_recv,latency_ack,3063,C3_lidar_detail,C3_lidar_detail,91,off,detail,False,True,rtt=27.35ms
1779496511.2798483,ack_recv,latency_ack,3064,C3_lidar_detail,C3_lidar_detail,91,off,detail,False,True,rtt=20.01ms
1779496511.371525,ack_recv,latency_ack,3065,C3_lidar_detail,C3_lidar_detail,91,off,detail,False,True,rtt=11.01ms
1779496511.4647245,ack_recv,latency_ack,3066,C3_lidar_detail,C3_lidar_detail,91,off,detail,False,True,rtt=3.62ms
1779496511.5739858,ack_recv,latency_ack,3067,C3_lidar_detail,C3_lidar_detail,91,off,detail,False,True,rtt=12.52ms
1779496511.6690295,ack_recv,latency_ack,3068,C3_lidar_detail,C3_lidar_detail,91,off,detail,False,True,rtt=6.94ms
1779496511.7798214,ack_recv,latency_ack,3069,C3_lidar_detail,C3_lidar_detail,91,off,detail,False,True,rtt=17.05ms
1779496511.874587,ack_recv,latency_ack,3070,C3_lidar_detail,C3_lidar_detail,91,off,detail,False,True,rtt=11.00ms
1779496511.9741726,ack_recv,latency_ack,3071,C3_lidar_detail,C3_lidar_detail,91,off,detail,False,True,rtt=10.01ms
1779496512.0699968,ack_recv,latency_ack,3072,C3_lidar_detail,C3_lidar_detail,91,off,detail,False,True,rtt=5.34ms
1779496512.1797705,ack_recv,latency_ack,3073,C3_lidar_detail,C3_lidar_detail,91,off,detail,False,True,rtt=14.69ms
1779496512.2712522,ack_recv,latency_ack,3074,C3_lidar_detail,C3_lidar_detail,91,off,detail,False,True,rtt=6.02ms
1779496512.3812551,ack_recv,latency_ack,3075,C3_lidar_detail,C3_lidar_detail,91,off,detail,False,True,rtt=15.91ms
1779496512.4786825,ack_recv,latency_ack,3076,C3_lidar_detail,C3_lidar_detail,91,off,detail,False,True,rtt=12.78ms
1779496512.5976567,ack_recv,latency_ack,3077,C3_lidar_detail,C3_lidar_detail,91,off,detail,False,True,rtt=31.43ms
1779496512.683416,ack_recv,latency_ack,3078,C3_lidar_detail,C3_lidar_detail,91,off,detail,False,True,rtt=16.90ms
1779496512.7880294,ack_recv,latency_ack,3079,C3_lidar_detail,C3_lidar_detail,91,off,detail,False,True,rtt=21.25ms
1779496512.8835466,ack_recv,latency_ack,3080,C3_lidar_detail,C3_lidar_detail,91,off,detail,False,True,rtt=16.06ms
1779496513.0223057,ack_recv,latency_ack,3081,C3_lidar_detail,C3_lidar_detail,91,off,detail,False,True,rtt=54.50ms
1779496513.106703,ack_recv,latency_ack,3082,C3_lidar_detail,C3_lidar_detail,91,off,detail,False,True,rtt=33.93ms
1779496513.1943886,ack_recv,latency_ack,3083,C3_lidar_detail,C3_lidar_detail,91,off,detail,False,True,rtt=21.45ms
1779496513.2864428,ack_recv,latency_ack,3084,C3_lidar_detail,C3_lidar_detail,91,off,detail,False,True,rtt=13.22ms
1779496513.421927,ack_recv,latency_ack,3085,C3_lidar_detail,C3_lidar_detail,91,off,detail,False,True,rtt=47.63ms
1779496513.4878876,ack_recv,latency_ack,3086,C3_lidar_detail,C3_lidar_detail,91,off,detail,False,True,rtt=13.19ms
1779496513.6006715,ack_recv,latency_ack,3087,C3_lidar_detail,C3_lidar_detail,91,off,detail,False,True,rtt=25.25ms
1779496513.6943643,ack_recv,latency_ack,3088,C3_lidar_detail,C3_lidar_detail,91,off,detail,False,True,rtt=18.53ms
1779496513.7850194,ack_recv,latency_ack,3089,C3_lidar_detail,C3_lidar_detail,91,off,detail,False,True,rtt=8.44ms
1779496513.8974867,ack_recv,latency_ack,3090,C3_lidar_detail,C3_lidar_detail,91,off,detail,False,True,rtt=20.82ms
1779496513.986325,ack_recv,latency_ack,3091,C3_lidar_detail,C3_lidar_detail,91,off,detail,False,True,rtt=8.88ms
1779496514.086816,ack_recv,latency_ack,3092,C3_lidar_detail,C3_lidar_detail,91,off,detail,False,True,rtt=4.29ms
1779496514.2019668,ack_recv,latency_ack,3093,C3_lidar_detail,C3_lidar_detail,91,off,detail,False,True,rtt=18.78ms
1779496514.2963233,ack_recv,latency_ack,3094,C3_lidar_detail,C3_lidar_detail,91,off,detail,False,True,rtt=11.58ms
1779496514.3941488,ack_recv,latency_ack,3095,C3_lidar_detail,C3_lidar_detail,91,off,detail,False,True,rtt=9.72ms
1779496514.4992626,ack_recv,latency_ack,3096,C3_lidar_detail,C3_lidar_detail,91,off,detail,False,True,rtt=14.30ms
1779496514.595485,ack_recv,latency_ack,3097,C3_lidar_detail,C3_lidar_detail,91,off,detail,False,True,rtt=8.08ms
1779496514.6992435,ack_recv,latency_ack,3098,C3_lidar_detail,C3_lidar_detail,91,off,detail,False,True,rtt=11.04ms
1779496514.8111227,ack_recv,latency_ack,3099,C3_lidar_detail,C3_lidar_detail,91,off,detail,False,True,rtt=22.19ms
1779496514.9051402,ack_recv,latency_ack,3100,C3_lidar_detail,C3_lidar_detail,91,off,detail,False,True,rtt=14.54ms
1779496514.9942367,ack_recv,latency_ack,3101,C3_lidar_detail,C3_lidar_detail,91,off,detail,False,True,rtt=4.22ms
1779496515.095521,ack_recv,latency_ack,3102,C3_lidar_detail,C3_lidar_detail,91,off,detail,False,True,rtt=3.87ms
1779496515.1979764,ack_recv,latency_ack,3103,C3_lidar_detail,C3_lidar_detail,91,off,detail,False,True,rtt=5.42ms
1779496515.3057377,ack_recv,latency_ack,3104,C3_lidar_detail,C3_lidar_detail,91,off,detail,False,True,rtt=12.59ms
1779496515.4013174,ack_recv,latency_ack,3105,C3_lidar_detail,C3_lidar_detail,91,off,detail,False,True,rtt=7.98ms
1779496515.5104115,ack_recv,latency_ack,3106,C3_lidar_detail,C3_lidar_detail,91,off,detail,False,True,rtt=16.71ms
1779496515.6019423,ack_recv,latency_ack,3107,C3_lidar_detail,C3_lidar_detail,91,off,detail,False,True,rtt=7.63ms
1779496515.7109919,ack_recv,latency_ack,3108,C3_lidar_detail,C3_lidar_detail,91,off,detail,False,True,rtt=16.28ms
1779496515.8020856,ack_recv,latency_ack,3109,C3_lidar_detail,C3_lidar_detail,91,off,detail,False,True,rtt=7.07ms
1779496515.9106882,ack_recv,latency_ack,3110,C3_lidar_detail,C3_lidar_detail,91,off,detail,False,True,rtt=15.25ms
1779496516.0060308,ack_recv,latency_ack,3111,C3_lidar_detail,C3_lidar_detail,91,off,detail,False,True,rtt=9.74ms
1779496516.103184,ack_recv,latency_ack,3112,C3_lidar_detail,C3_lidar_detail,91,off,detail,False,True,rtt=6.62ms
1779496516.2025688,ack_recv,latency_ack,3113,C3_lidar_detail,C3_lidar_detail,91,off,detail,False,True,rtt=5.80ms
1779496516.3138366,ack_recv,latency_ack,3114,C3_lidar_detail,C3_lidar_detail,91,off,detail,False,True,rtt=16.13ms
1779496516.4047546,ack_recv,latency_ack,3115,C3_lidar_detail,C3_lidar_detail,91,off,detail,False,True,rtt=6.60ms
1779496516.5154307,ack_recv,latency_ack,3116,C3_lidar_detail,C3_lidar_detail,91,off,detail,False,True,rtt=16.64ms
1779496516.6082158,ack_recv,latency_ack,3117,C3_lidar_detail,C3_lidar_detail,91,off,detail,False,True,rtt=9.15ms
1779496516.7134,ack_recv,latency_ack,3118,C3_lidar_detail,C3_lidar_detail,91,off,detail,False,True,rtt=14.04ms
1779496516.807759,ack_recv,latency_ack,3119,C3_lidar_detail,C3_lidar_detail,91,off,detail,False,True,rtt=8.18ms
1779496516.9188428,ack_recv,latency_ack,3120,C3_lidar_detail,C3_lidar_detail,91,off,detail,False,True,rtt=18.86ms
1779496517.0089426,ack_recv,latency_ack,3121,C3_lidar_detail,C3_lidar_detail,91,off,detail,False,True,rtt=8.51ms
1779496517.114389,ack_recv,latency_ack,3122,C3_lidar_detail,C3_lidar_detail,91,off,detail,False,True,rtt=13.42ms
1779496517.2105606,ack_recv,latency_ack,3123,C3_lidar_detail,C3_lidar_detail,91,off,detail,False,True,rtt=9.41ms
1779496517.3219788,ack_recv,latency_ack,3124,C3_lidar_detail,C3_lidar_detail,91,off,detail,False,True,rtt=20.30ms
1779496517.425559,ack_recv,latency_ack,3125,C3_lidar_detail,C3_lidar_detail,91,off,detail,False,True,rtt=23.01ms
1779496517.5192673,ack_recv,latency_ack,3126,C3_lidar_detail,C3_lidar_detail,91,off,detail,False,True,rtt=16.30ms
1779496517.6088538,ack_recv,latency_ack,3127,C3_lidar_detail,C3_lidar_detail,91,off,detail,False,True,rtt=5.30ms
1779496517.7582784,ack_recv,latency_ack,3128,C3_lidar_detail,C3_lidar_detail,91,off,detail,False,True,rtt=48.09ms
1779496517.8447387,ack_recv,latency_ack,3129,C3_lidar_detail,C3_lidar_detail,91,off,detail,False,True,rtt=34.05ms
1779496517.9293416,ack_recv,latency_ack,3130,C3_lidar_detail,C3_lidar_detail,91,off,detail,False,True,rtt=18.03ms
1779496518.032853,ack_recv,latency_ack,3131,C3_lidar_detail,C3_lidar_detail,91,off,detail,False,True,rtt=20.83ms
1779496518.1231406,ack_recv,latency_ack,3132,C3_lidar_detail,C3_lidar_detail,91,off,detail,False,True,rtt=10.36ms
1779496518.2343562,ack_recv,latency_ack,3133,C3_lidar_detail,C3_lidar_detail,91,off,detail,False,True,rtt=20.66ms
1779496518.3264148,ack_recv,latency_ack,3134,C3_lidar_detail,C3_lidar_detail,91,off,detail,False,True,rtt=12.21ms
1779496518.4345815,ack_recv,latency_ack,3135,C3_lidar_detail,C3_lidar_detail,91,off,detail,False,True,rtt=20.27ms
1779496518.52793,ack_recv,latency_ack,3136,C3_lidar_detail,C3_lidar_detail,91,off,detail,False,True,rtt=13.09ms
1779496518.6326184,ack_recv,latency_ack,3137,C3_lidar_detail,C3_lidar_detail,91,off,detail,False,True,rtt=17.50ms
1779496518.724449,ack_recv,latency_ack,3138,C3_lidar_detail,C3_lidar_detail,91,off,detail,False,True,rtt=6.46ms
1779496518.8354173,ack_recv,latency_ack,3139,C3_lidar_detail,C3_lidar_detail,91,off,detail,False,True,rtt=16.75ms
1779496518.9358604,ack_recv,latency_ack,3140,C3_lidar_detail,C3_lidar_detail,91,off,detail,False,True,rtt=16.96ms
1779496519.040469,ack_recv,latency_ack,3141,C3_lidar_detail,C3_lidar_detail,91,off,detail,False,True,rtt=20.30ms
1779496519.1345537,ack_recv,latency_ack,3142,C3_lidar_detail,C3_lidar_detail,91,off,detail,False,True,rtt=14.67ms
1779496519.2283893,ack_recv,latency_ack,3143,C3_lidar_detail,C3_lidar_detail,91,off,detail,False,True,rtt=8.01ms
1779496519.379029,ack_recv,latency_ack,3144,C3_lidar_detail,C3_lidar_detail,91,off,detail,False,True,rtt=58.48ms
1779496519.4667451,ack_recv,latency_ack,3145,C3_lidar_detail,C3_lidar_detail,91,off,detail,False,True,rtt=45.52ms
1779496519.5509405,ack_recv,latency_ack,3146,C3_lidar_detail,C3_lidar_detail,91,off,detail,False,True,rtt=29.47ms
1779496519.6321573,ack_recv,latency_ack,3147,C3_lidar_detail,C3_lidar_detail,91,off,detail,False,True,rtt=9.98ms
1779496519.736706,ack_recv,latency_ack,3148,C3_lidar_detail,C3_lidar_detail,91,off,detail,False,True,rtt=8.96ms
1779496519.8892462,ack_recv,latency_ack,3149,C3_lidar_detail,C3_lidar_detail,91,off,detail,False,True,rtt=60.41ms
1779496519.9733586,ack_recv,latency_ack,3150,C3_lidar_detail,C3_lidar_detail,91,off,detail,False,True,rtt=44.21ms
1779496520.0579357,ack_recv,latency_ack,3151,C3_lidar_detail,C3_lidar_detail,91,off,detail,False,True,rtt=28.61ms
1779496520.1963162,ack_recv,latency_ack,3152,C3_lidar_detail,C3_lidar_detail,91,off,detail,False,True,rtt=66.74ms
1779496520.2808847,ack_recv,latency_ack,3153,C3_lidar_detail,C3_lidar_detail,91,off,detail,False,True,rtt=49.71ms
1779496520.3661327,ack_recv,latency_ack,3154,C3_lidar_detail,C3_lidar_detail,91,off,detail,False,True,rtt=35.24ms
1779496520.4754667,ack_recv,latency_ack,3155,C3_lidar_detail,C3_lidar_detail,91,off,detail,False,True,rtt=43.74ms
1779496520.5706873,ack_recv,latency_ack,3156,C3_lidar_detail,C3_lidar_detail,91,off,detail,False,True,rtt=38.57ms
1779496520.6686156,ack_recv,latency_ack,3157,C3_lidar_detail,C3_lidar_detail,91,off,detail,False,True,rtt=36.34ms
1779496520.7547424,ack_recv,latency_ack,3158,C3_lidar_detail,C3_lidar_detail,91,off,detail,False,True,rtt=21.39ms
1779496520.8389096,ack_recv,latency_ack,3159,C3_lidar_detail,C3_lidar_detail,91,off,detail,False,True,rtt=3.62ms
1779496520.9506571,ack_recv,latency_ack,3160,C3_lidar_detail,C3_lidar_detail,91,off,detail,False,True,rtt=16.12ms
1779496521.0411522,ack_recv,latency_ack,3161,C3_lidar_detail,C3_lidar_detail,91,off,detail,False,True,rtt=6.10ms
1779496521.1501245,ack_recv,latency_ack,3162,C3_lidar_detail,C3_lidar_detail,91,off,detail,False,True,rtt=14.86ms
1779496521.2443542,ack_recv,latency_ack,3163,C3_lidar_detail,C3_lidar_detail,91,off,detail,False,True,rtt=8.73ms
1779496521.3517025,ack_recv,latency_ack,3164,C3_lidar_detail,C3_lidar_detail,91,off,detail,False,True,rtt=15.72ms
1779496521.4464417,ack_recv,latency_ack,3165,C3_lidar_detail,C3_lidar_detail,91,off,detail,False,True,rtt=9.63ms
1779496521.554155,ack_recv,latency_ack,3166,C3_lidar_detail,C3_lidar_detail,91,off,detail,False,True,rtt=17.01ms
1779496521.683735,ack_recv,latency_ack,3167,C3_lidar_detail,C3_lidar_detail,91,off,detail,False,True,rtt=46.26ms
1779496521.7689378,ack_recv,latency_ack,3168,C3_lidar_detail,C3_lidar_detail,91,off,detail,False,True,rtt=31.28ms
1779496521.864302,ack_recv,latency_ack,3169,C3_lidar_detail,C3_lidar_detail,91,off,detail,False,True,rtt=26.11ms
1779496521.9558046,ack_recv,latency_ack,3170,C3_lidar_detail,C3_lidar_detail,91,off,detail,False,True,rtt=17.44ms
1779496522.047914,ack_recv,latency_ack,3171,C3_lidar_detail,C3_lidar_detail,91,off,detail,False,True,rtt=8.94ms
1779496522.1565678,ack_recv,latency_ack,3172,C3_lidar_detail,C3_lidar_detail,91,off,detail,False,True,rtt=16.00ms
1779496522.2551181,ack_recv,latency_ack,3173,C3_lidar_detail,C3_lidar_detail,91,off,detail,False,True,rtt=15.48ms
1779496522.3637168,ack_recv,latency_ack,3174,C3_lidar_detail,C3_lidar_detail,91,off,detail,False,True,rtt=23.65ms
1779496522.4586322,ack_recv,latency_ack,3175,C3_lidar_detail,C3_lidar_detail,91,off,detail,False,True,rtt=17.78ms
1779496522.5468695,ack_recv,latency_ack,3176,C3_lidar_detail,C3_lidar_detail,91,off,detail,False,True,rtt=5.23ms
1779496522.6568437,ack_recv,latency_ack,3177,C3_lidar_detail,C3_lidar_detail,91,off,detail,False,True,rtt=14.30ms
1779496522.7540586,ack_recv,latency_ack,3178,C3_lidar_detail,C3_lidar_detail,91,off,detail,False,True,rtt=11.08ms
1779496522.8593166,ack_recv,latency_ack,3179,C3_lidar_detail,C3_lidar_detail,91,off,detail,False,True,rtt=15.80ms
1779496522.9650207,ack_recv,latency_ack,3180,C3_lidar_detail,C3_lidar_detail,91,off,detail,False,True,rtt=20.66ms
1779496523.0862706,ack_recv,latency_ack,3181,C3_lidar_detail,C3_lidar_detail,91,off,detail,False,True,rtt=41.14ms
1779496523.1757174,ack_recv,latency_ack,3182,C3_lidar_detail,C3_lidar_detail,91,off,detail,False,True,rtt=29.83ms
1779496523.2620234,ack_recv,latency_ack,3183,C3_lidar_detail,C3_lidar_detail,91,off,detail,False,True,rtt=15.90ms
1779496523.3720982,ack_recv,latency_ack,3184,C3_lidar_detail,C3_lidar_detail,91,off,detail,False,True,rtt=25.14ms
1779496523.4633179,ack_recv,latency_ack,3185,C3_lidar_detail,C3_lidar_detail,91,off,detail,False,True,rtt=15.49ms
1779496523.5601306,ack_recv,latency_ack,3186,C3_lidar_detail,C3_lidar_detail,91,off,detail,False,True,rtt=11.76ms
1779496523.6995897,ack_recv,latency_ack,3187,C3_lidar_detail,C3_lidar_detail,91,off,detail,False,True,rtt=50.77ms
1779496523.7824023,ack_recv,latency_ack,3188,C3_lidar_detail,C3_lidar_detail,91,off,detail,False,True,rtt=33.28ms
1779496523.8657935,ack_recv,latency_ack,3189,C3_lidar_detail,C3_lidar_detail,91,off,detail,False,True,rtt=10.07ms
1779496523.9650059,ack_recv,latency_ack,3190,C3_lidar_detail,C3_lidar_detail,91,off,detail,False,True,rtt=8.02ms
1779496524.0737975,ack_recv,latency_ack,3191,C3_lidar_detail,C3_lidar_detail,91,off,detail,False,True,rtt=16.25ms
1779496524.1767478,ack_recv,latency_ack,3192,C3_lidar_detail,C3_lidar_detail,91,off,detail,False,True,rtt=18.89ms
1779496524.2801034,ack_recv,latency_ack,3193,C3_lidar_detail,C3_lidar_detail,91,off,detail,False,True,rtt=22.05ms
1779496524.3719985,ack_recv,latency_ack,3194,C3_lidar_detail,C3_lidar_detail,91,off,detail,False,True,rtt=13.16ms
1779496524.464615,ack_recv,latency_ack,3195,C3_lidar_detail,C3_lidar_detail,91,off,detail,False,True,rtt=4.81ms
1779496524.5709789,ack_recv,latency_ack,3196,C3_lidar_detail,C3_lidar_detail,91,off,detail,False,True,rtt=10.25ms
1779496524.722389,ack_recv,latency_ack,3197,C3_lidar_detail,C3_lidar_detail,91,off,detail,False,True,rtt=60.92ms
1779496524.7780898,ack_recv,latency_ack,3198,C3_lidar_detail,C3_lidar_detail,91,off,detail,False,True,rtt=16.17ms
1779496524.8805676,ack_recv,latency_ack,3199,C3_lidar_detail,C3_lidar_detail,91,off,detail,False,True,rtt=18.07ms
1779496524.9765081,ack_recv,latency_ack,3200,C3_lidar_detail,C3_lidar_detail,91,off,detail,False,True,rtt=13.03ms
1779496525.0833738,ack_recv,latency_ack,3201,C3_lidar_detail,C3_lidar_detail,91,off,detail,False,True,rtt=19.22ms
1779496525.173455,ack_recv,latency_ack,3202,C3_lidar_detail,C3_lidar_detail,91,off,detail,False,True,rtt=7.65ms
1779496525.2855792,ack_recv,latency_ack,3203,C3_lidar_detail,C3_lidar_detail,91,off,detail,False,True,rtt=19.22ms
1779496525.3758664,ack_recv,latency_ack,3204,C3_lidar_detail,C3_lidar_detail,91,off,detail,False,True,rtt=4.73ms
1779496525.4813673,ack_recv,latency_ack,3205,C3_lidar_detail,C3_lidar_detail,91,off,detail,False,True,rtt=9.86ms
1779496525.5904562,ack_recv,latency_ack,3206,C3_lidar_detail,C3_lidar_detail,91,off,detail,False,True,rtt=18.43ms
1779496525.6828997,ack_recv,latency_ack,3207,C3_lidar_detail,C3_lidar_detail,91,off,detail,False,True,rtt=10.53ms
1779496525.8294342,ack_recv,latency_ack,3208,C3_lidar_detail,C3_lidar_detail,91,off,detail,False,True,rtt=56.82ms
1779496525.9162939,ack_recv,latency_ack,3209,C3_lidar_detail,C3_lidar_detail,91,off,detail,False,True,rtt=43.07ms
1779496526.0026329,ack_recv,latency_ack,3210,C3_lidar_detail,C3_lidar_detail,91,off,detail,False,True,rtt=29.05ms
1779496526.0863395,ack_recv,latency_ack,3211,C3_lidar_detail,C3_lidar_detail,91,off,detail,False,True,rtt=12.50ms
1779496526.191904,ack_recv,latency_ack,3212,C3_lidar_detail,C3_lidar_detail,91,off,detail,False,True,rtt=17.71ms
1779496526.2958727,ack_recv,latency_ack,3213,C3_lidar_detail,C3_lidar_detail,91,off,detail,False,True,rtt=21.57ms
1779496526.3840156,ack_recv,latency_ack,3214,C3_lidar_detail,C3_lidar_detail,91,off,detail,False,True,rtt=9.16ms
1779496526.4874916,ack_recv,latency_ack,3215,C3_lidar_detail,C3_lidar_detail,91,off,detail,False,True,rtt=12.21ms
1779496526.5822346,ack_recv,latency_ack,3216,C3_lidar_detail,C3_lidar_detail,91,off,detail,False,True,rtt=6.76ms
1779496526.690997,ack_recv,latency_ack,3217,C3_lidar_detail,C3_lidar_detail,91,off,detail,False,True,rtt=14.89ms
1779496526.7909079,ack_recv,latency_ack,3218,C3_lidar_detail,C3_lidar_detail,91,off,detail,False,True,rtt=14.04ms
1779496526.904932,ack_recv,latency_ack,3219,C3_lidar_detail,C3_lidar_detail,91,off,detail,False,True,rtt=27.68ms
1779496527.0053494,ack_recv,latency_ack,3220,C3_lidar_detail,C3_lidar_detail,91,off,detail,False,True,rtt=27.45ms
1779496527.090328,ack_recv,latency_ack,3221,C3_lidar_detail,C3_lidar_detail,91,off,detail,False,True,rtt=11.81ms
1779496527.19147,ack_recv,latency_ack,3222,C3_lidar_detail,C3_lidar_detail,91,off,detail,False,True,rtt=12.67ms
1779496527.2880447,ack_recv,latency_ack,3223,C3_lidar_detail,C3_lidar_detail,91,off,detail,False,True,rtt=8.84ms
1779496527.3965578,ack_recv,latency_ack,3224,C3_lidar_detail,C3_lidar_detail,91,off,detail,False,True,rtt=15.91ms
1779496527.5039911,ack_recv,latency_ack,3225,C3_lidar_detail,C3_lidar_detail,91,off,detail,False,True,rtt=23.58ms
1779496527.5923758,ack_recv,latency_ack,3226,C3_lidar_detail,C3_lidar_detail,91,off,detail,False,True,rtt=11.56ms
1779496527.7027597,ack_recv,latency_ack,3227,C3_lidar_detail,C3_lidar_detail,91,off,detail,False,True,rtt=21.38ms
1779496527.7960584,ack_recv,latency_ack,3228,C3_lidar_detail,C3_lidar_detail,91,off,detail,False,True,rtt=14.53ms
1779496527.9126565,ack_recv,latency_ack,3229,C3_lidar_detail,C3_lidar_detail,91,off,detail,False,True,rtt=30.48ms
1779496527.9995577,ack_recv,latency_ack,3230,C3_lidar_detail,C3_lidar_detail,91,off,detail,False,True,rtt=16.75ms
1779496528.0946522,ack_recv,latency_ack,3231,C3_lidar_detail,C3_lidar_detail,91,off,detail,False,True,rtt=11.08ms
1779496528.1955569,ack_recv,latency_ack,3232,C3_lidar_detail,C3_lidar_detail,91,off,detail,False,True,rtt=11.81ms
1779496528.3043659,ack_recv,latency_ack,3233,C3_lidar_detail,C3_lidar_detail,91,off,detail,False,True,rtt=19.99ms
1779496528.3978324,ack_recv,latency_ack,3234,C3_lidar_detail,C3_lidar_detail,91,off,detail,False,True,rtt=13.26ms
1779496528.4962063,ack_recv,latency_ack,3235,C3_lidar_detail,C3_lidar_detail,91,off,detail,False,True,rtt=11.21ms
1779496528.5925353,ack_recv,latency_ack,3236,C3_lidar_detail,C3_lidar_detail,91,off,detail,False,True,rtt=6.49ms
1779496528.708607,ack_recv,latency_ack,3237,C3_lidar_detail,C3_lidar_detail,91,off,detail,False,True,rtt=21.91ms
1779496528.7967844,ack_recv,latency_ack,3238,C3_lidar_detail,C3_lidar_detail,91,off,detail,False,True,rtt=9.21ms
1779496528.9114816,ack_recv,latency_ack,3239,C3_lidar_detail,C3_lidar_detail,91,off,detail,False,True,rtt=23.06ms
1779496529.0062602,ack_recv,latency_ack,3240,C3_lidar_detail,C3_lidar_detail,91,off,detail,False,True,rtt=17.56ms
1779496529.1243923,ack_recv,latency_ack,3241,C3_lidar_detail,C3_lidar_detail,91,off,detail,False,True,rtt=34.82ms
1779496529.2065027,ack_recv,latency_ack,3242,C3_lidar_detail,C3_lidar_detail,91,off,detail,False,True,rtt=16.81ms
1779496529.3094163,ack_recv,latency_ack,3243,C3_lidar_detail,C3_lidar_detail,91,off,detail,False,True,rtt=19.02ms
1779496529.4021006,ack_recv,latency_ack,3244,C3_lidar_detail,C3_lidar_detail,91,off,detail,False,True,rtt=11.36ms
1779496529.510101,ack_recv,latency_ack,3245,C3_lidar_detail,C3_lidar_detail,91,off,detail,False,True,rtt=19.00ms
1779496529.6031277,ack_recv,latency_ack,3246,C3_lidar_detail,C3_lidar_detail,91,off,detail,False,True,rtt=11.21ms
1779496529.7124503,ack_recv,latency_ack,3247,C3_lidar_detail,C3_lidar_detail,91,off,detail,False,True,rtt=19.99ms
1779496529.8083339,ack_recv,latency_ack,3248,C3_lidar_detail,C3_lidar_detail,91,off,detail,False,True,rtt=15.29ms
1779496529.9027007,ack_recv,latency_ack,3249,C3_lidar_detail,C3_lidar_detail,91,off,detail,False,True,rtt=9.22ms
1779496530.0128846,ack_recv,latency_ack,3250,C3_lidar_detail,C3_lidar_detail,91,off,detail,False,True,rtt=18.77ms
1779496530.101394,ack_recv,latency_ack,3251,C3_lidar_detail,C3_lidar_detail,91,off,detail,False,True,rtt=6.62ms
1779496530.214979,ack_recv,latency_ack,3252,C3_lidar_detail,C3_lidar_detail,91,off,detail,False,True,rtt=19.88ms
1779496530.3037398,ack_recv,latency_ack,3253,C3_lidar_detail,C3_lidar_detail,91,off,detail,False,True,rtt=8.20ms
1779496530.4124005,ack_recv,latency_ack,3254,C3_lidar_detail,C3_lidar_detail,91,off,detail,False,True,rtt=16.64ms
1779496530.52109,ack_recv,latency_ack,3255,C3_lidar_detail,C3_lidar_detail,91,off,detail,False,True,rtt=24.96ms
1779496530.6214569,ack_recv,latency_ack,3256,C3_lidar_detail,C3_lidar_detail,91,off,detail,False,True,rtt=24.64ms
1779496530.7137625,ack_recv,latency_ack,3257,C3_lidar_detail,C3_lidar_detail,91,off,detail,False,True,rtt=16.34ms
1779496530.8063517,ack_recv,latency_ack,3258,C3_lidar_detail,C3_lidar_detail,91,off,detail,False,True,rtt=8.42ms
1779496530.9134924,ack_recv,latency_ack,3259,C3_lidar_detail,C3_lidar_detail,91,off,detail,False,True,rtt=14.97ms
1779496531.0060384,ack_recv,latency_ack,3260,C3_lidar_detail,C3_lidar_detail,91,off,detail,False,True,rtt=6.91ms
1779496531.1048934,ack_recv,latency_ack,3261,C3_lidar_detail,C3_lidar_detail,91,off,detail,False,True,rtt=4.51ms
1779496531.2070606,ack_recv,latency_ack,3262,C3_lidar_detail,C3_lidar_detail,91,off,detail,False,True,rtt=6.06ms
1779496531.3760626,ack_recv,latency_ack,3263,C3_lidar_detail,C3_lidar_detail,91,off,detail,False,True,rtt=74.35ms
1779496531.4828346,ack_recv,latency_ack,3264,C3_lidar_detail,C3_lidar_detail,91,off,detail,False,True,rtt=80.69ms
1779496531.5811007,ack_recv,latency_ack,3265,C3_lidar_detail,C3_lidar_detail,91,off,detail,False,True,rtt=78.82ms
1779496531.6287632,ack_recv,latency_ack,3266,C3_lidar_detail,C3_lidar_detail,91,off,detail,False,True,rtt=24.71ms
1779496531.7156055,ack_recv,latency_ack,3267,C3_lidar_detail,C3_lidar_detail,91,off,detail,False,True,rtt=10.74ms
1779496531.8253338,ack_recv,latency_ack,3268,C3_lidar_detail,C3_lidar_detail,91,off,detail,False,True,rtt=19.78ms
1779496531.9187324,ack_recv,latency_ack,3269,C3_lidar_detail,C3_lidar_detail,91,off,detail,False,True,rtt=12.68ms
1779496532.0323691,ack_recv,latency_ack,3270,C3_lidar_detail,C3_lidar_detail,91,off,detail,False,True,rtt=25.62ms
1779496532.1175976,ack_recv,latency_ack,3271,C3_lidar_detail,C3_lidar_detail,91,off,detail,False,True,rtt=9.99ms
1779496532.2148852,ack_recv,latency_ack,3272,C3_lidar_detail,C3_lidar_detail,91,off,detail,False,True,rtt=7.02ms
1779496532.3266644,ack_recv,latency_ack,3273,C3_lidar_detail,C3_lidar_detail,91,off,detail,False,True,rtt=18.13ms
1779496532.4206398,ack_recv,latency_ack,3274,C3_lidar_detail,C3_lidar_detail,91,off,detail,False,True,rtt=11.56ms
1779496532.5344512,ack_recv,latency_ack,3275,C3_lidar_detail,C3_lidar_detail,91,off,detail,False,True,rtt=24.94ms
1779496532.6223876,ack_recv,latency_ack,3276,C3_lidar_detail,C3_lidar_detail,91,off,detail,False,True,rtt=12.00ms
1779496532.729968,ack_recv,latency_ack,3277,C3_lidar_detail,C3_lidar_detail,91,off,detail,False,True,rtt=19.13ms
1779496532.8227425,ack_recv,latency_ack,3278,C3_lidar_detail,C3_lidar_detail,91,off,detail,False,True,rtt=11.47ms
1779496532.9328504,ack_recv,latency_ack,3279,C3_lidar_detail,C3_lidar_detail,91,off,detail,False,True,rtt=21.15ms
1779496533.025889,ack_recv,latency_ack,3280,C3_lidar_detail,C3_lidar_detail,91,off,detail,False,True,rtt=13.87ms
1779496533.1182847,ack_recv,latency_ack,3281,C3_lidar_detail,C3_lidar_detail,91,off,detail,False,True,rtt=5.62ms
1779496533.2269452,ack_recv,latency_ack,3282,C3_lidar_detail,C3_lidar_detail,91,off,detail,False,True,rtt=13.80ms
1779496533.324454,ack_recv,latency_ack,3283,C3_lidar_detail,C3_lidar_detail,91,off,detail,False,True,rtt=10.97ms
1779496533.4322276,ack_recv,latency_ack,3284,C3_lidar_detail,C3_lidar_detail,91,off,detail,False,True,rtt=18.39ms
1779496533.5254707,ack_recv,latency_ack,3285,C3_lidar_detail,C3_lidar_detail,91,off,detail,False,True,rtt=11.05ms
1779496533.630794,ack_recv,latency_ack,3286,C3_lidar_detail,C3_lidar_detail,91,off,detail,False,True,rtt=16.13ms
1779496533.727503,ack_recv,latency_ack,3287,C3_lidar_detail,C3_lidar_detail,91,off,detail,False,True,rtt=12.23ms
1779496533.8349721,ack_recv,latency_ack,3288,C3_lidar_detail,C3_lidar_detail,91,off,detail,False,True,rtt=19.09ms
1779496533.9437313,ack_recv,latency_ack,3289,C3_lidar_detail,C3_lidar_detail,91,off,detail,False,True,rtt=26.24ms
1779496534.0384183,ack_recv,latency_ack,3290,C3_lidar_detail,C3_lidar_detail,91,off,detail,False,True,rtt=21.74ms
1779496534.144219,ack_recv,latency_ack,3291,C3_lidar_detail,C3_lidar_detail,91,off,detail,False,True,rtt=26.90ms
1779496534.2435868,ack_recv,latency_ack,3292,C3_lidar_detail,C3_lidar_detail,91,off,detail,False,True,rtt=25.24ms
1779496534.3310044,ack_recv,latency_ack,3293,C3_lidar_detail,C3_lidar_detail,91,off,detail,False,True,rtt=12.42ms
1779496534.4384,ack_recv,latency_ack,3294,C3_lidar_detail,C3_lidar_detail,91,off,detail,False,True,rtt=19.64ms
1779496534.5286882,ack_recv,latency_ack,3295,C3_lidar_detail,C3_lidar_detail,91,off,detail,False,True,rtt=9.28ms
1779496534.6352322,ack_recv,latency_ack,3296,C3_lidar_detail,C3_lidar_detail,91,off,detail,False,True,rtt=15.37ms
1779496534.7318249,ack_recv,latency_ack,3297,C3_lidar_detail,C3_lidar_detail,91,off,detail,False,True,rtt=11.81ms
1779496534.8388295,ack_recv,latency_ack,3298,C3_lidar_detail,C3_lidar_detail,91,off,detail,False,True,rtt=17.80ms
1779496534.933491,ack_recv,latency_ack,3299,C3_lidar_detail,C3_lidar_detail,91,off,detail,False,True,rtt=12.04ms
1779496535.0291464,ack_recv,latency_ack,3300,C3_lidar_detail,C3_lidar_detail,91,off,detail,False,True,rtt=7.29ms
1779496541.7172868,ack_recv,latency_ack,3301,C4_lidar_medium,C4_lidar_medium,91,off,medium,False,True,rtt=57.00ms
1779496541.812077,ack_recv,latency_ack,3302,C4_lidar_medium,C4_lidar_medium,91,off,medium,False,True,rtt=51.08ms
1779496541.8962455,ack_recv,latency_ack,3303,C4_lidar_medium,C4_lidar_medium,91,off,medium,False,True,rtt=34.82ms
1779496541.980586,ack_recv,latency_ack,3304,C4_lidar_medium,C4_lidar_medium,91,off,medium,False,True,rtt=18.17ms
1779496542.0687716,ack_recv,latency_ack,3305,C4_lidar_medium,C4_lidar_medium,91,off,medium,False,True,rtt=5.53ms
1779496542.178903,ack_recv,latency_ack,3306,C4_lidar_medium,C4_lidar_medium,91,off,medium,False,True,rtt=15.14ms
1779496542.2729485,ack_recv,latency_ack,3307,C4_lidar_medium,C4_lidar_medium,91,off,medium,False,True,rtt=8.31ms
1779496542.3809178,ack_recv,latency_ack,3308,C4_lidar_medium,C4_lidar_medium,91,off,medium,False,True,rtt=15.74ms
1779496542.4789853,ack_recv,latency_ack,3309,C4_lidar_medium,C4_lidar_medium,91,off,medium,False,True,rtt=12.86ms
1779496542.5824184,ack_recv,latency_ack,3310,C4_lidar_medium,C4_lidar_medium,91,off,medium,False,True,rtt=16.05ms
1779496542.718556,ack_recv,latency_ack,3311,C4_lidar_medium,C4_lidar_medium,91,off,medium,False,True,rtt=51.67ms
1779496542.7989326,ack_recv,latency_ack,3312,C4_lidar_medium,C4_lidar_medium,91,off,medium,False,True,rtt=30.69ms
1779496542.8894064,ack_recv,latency_ack,3313,C4_lidar_medium,C4_lidar_medium,91,off,medium,False,True,rtt=22.13ms
1779496542.9727826,ack_recv,latency_ack,3314,C4_lidar_medium,C4_lidar_medium,91,off,medium,False,True,rtt=3.61ms
1779496543.1332014,ack_recv,latency_ack,3315,C4_lidar_medium,C4_lidar_medium,91,off,medium,False,True,rtt=62.89ms
1779496543.22071,ack_recv,latency_ack,3316,C4_lidar_medium,C4_lidar_medium,91,off,medium,False,True,rtt=49.98ms
1779496543.3021784,ack_recv,latency_ack,3317,C4_lidar_medium,C4_lidar_medium,91,off,medium,False,True,rtt=30.96ms
1779496543.3887904,ack_recv,latency_ack,3318,C4_lidar_medium,C4_lidar_medium,91,off,medium,False,True,rtt=16.98ms
1779496543.476822,ack_recv,latency_ack,3319,C4_lidar_medium,C4_lidar_medium,91,off,medium,False,True,rtt=4.68ms
1779496543.5852642,ack_recv,latency_ack,3320,C4_lidar_medium,C4_lidar_medium,91,off,medium,False,True,rtt=11.97ms
1779496543.7325904,ack_recv,latency_ack,3321,C4_lidar_medium,C4_lidar_medium,91,off,medium,False,True,rtt=58.74ms
1779496543.8281028,ack_recv,latency_ack,3322,C4_lidar_medium,C4_lidar_medium,91,off,medium,False,True,rtt=53.31ms
1779496543.9166143,ack_recv,latency_ack,3323,C4_lidar_medium,C4_lidar_medium,91,off,medium,False,True,rtt=41.69ms
1779496544.0002325,ack_recv,latency_ack,3324,C4_lidar_medium,C4_lidar_medium,91,off,medium,False,True,rtt=18.27ms
1779496544.0935652,ack_recv,latency_ack,3325,C4_lidar_medium,C4_lidar_medium,91,off,medium,False,True,rtt=11.03ms
1779496544.22981,ack_recv,latency_ack,3326,C4_lidar_medium,C4_lidar_medium,91,off,medium,False,True,rtt=47.14ms
1779496544.3086298,ack_recv,latency_ack,3327,C4_lidar_medium,C4_lidar_medium,91,off,medium,False,True,rtt=25.37ms
1779496544.4041498,ack_recv,latency_ack,3328,C4_lidar_medium,C4_lidar_medium,91,off,medium,False,True,rtt=20.60ms
1779496544.498097,ack_recv,latency_ack,3329,C4_lidar_medium,C4_lidar_medium,91,off,medium,False,True,rtt=14.12ms
1779496544.6087132,ack_recv,latency_ack,3330,C4_lidar_medium,C4_lidar_medium,91,off,medium,False,True,rtt=24.25ms
1779496544.699574,ack_recv,latency_ack,3331,C4_lidar_medium,C4_lidar_medium,91,off,medium,False,True,rtt=14.66ms
1779496544.8057644,ack_recv,latency_ack,3332,C4_lidar_medium,C4_lidar_medium,91,off,medium,False,True,rtt=20.44ms
1779496544.902396,ack_recv,latency_ack,3333,C4_lidar_medium,C4_lidar_medium,91,off,medium,False,True,rtt=16.11ms
1779496545.0048122,ack_recv,latency_ack,3334,C4_lidar_medium,C4_lidar_medium,91,off,medium,False,True,rtt=7.78ms
1779496545.11611,ack_recv,latency_ack,3335,C4_lidar_medium,C4_lidar_medium,91,off,medium,False,True,rtt=18.57ms
1779496545.2106204,ack_recv,latency_ack,3336,C4_lidar_medium,C4_lidar_medium,91,off,medium,False,True,rtt=12.67ms
1779496545.3208773,ack_recv,latency_ack,3337,C4_lidar_medium,C4_lidar_medium,91,off,medium,False,True,rtt=22.22ms
1779496545.4110944,ack_recv,latency_ack,3338,C4_lidar_medium,C4_lidar_medium,91,off,medium,False,True,rtt=11.75ms
1779496545.5057914,ack_recv,latency_ack,3339,C4_lidar_medium,C4_lidar_medium,91,off,medium,False,True,rtt=5.72ms
1779496545.671607,ack_recv,latency_ack,3340,C4_lidar_medium,C4_lidar_medium,91,off,medium,False,True,rtt=70.85ms
1779496545.7597733,ack_recv,latency_ack,3341,C4_lidar_medium,C4_lidar_medium,91,off,medium,False,True,rtt=58.35ms
1779496545.8468251,ack_recv,latency_ack,3342,C4_lidar_medium,C4_lidar_medium,91,off,medium,False,True,rtt=45.27ms
1779496545.917006,ack_recv,latency_ack,3343,C4_lidar_medium,C4_lidar_medium,91,off,medium,False,True,rtt=14.89ms
1779496546.0098832,ack_recv,latency_ack,3344,C4_lidar_medium,C4_lidar_medium,91,off,medium,False,True,rtt=5.09ms
1779496546.1222446,ack_recv,latency_ack,3345,C4_lidar_medium,C4_lidar_medium,91,off,medium,False,True,rtt=17.15ms
1779496546.2221155,ack_recv,latency_ack,3346,C4_lidar_medium,C4_lidar_medium,91,off,medium,False,True,rtt=16.72ms
1779496546.3199072,ack_recv,latency_ack,3347,C4_lidar_medium,C4_lidar_medium,91,off,medium,False,True,rtt=13.96ms
1779496546.4243793,ack_recv,latency_ack,3348,C4_lidar_medium,C4_lidar_medium,91,off,medium,False,True,rtt=18.25ms
1779496546.5216947,ack_recv,latency_ack,3349,C4_lidar_medium,C4_lidar_medium,91,off,medium,False,True,rtt=15.12ms
1779496546.6372464,ack_recv,latency_ack,3350,C4_lidar_medium,C4_lidar_medium,91,off,medium,False,True,rtt=30.41ms
1779496546.7483778,ack_recv,latency_ack,3351,C4_lidar_medium,C4_lidar_medium,91,off,medium,False,True,rtt=41.06ms
1779496546.8292031,ack_recv,latency_ack,3352,C4_lidar_medium,C4_lidar_medium,91,off,medium,False,True,rtt=21.52ms
1779496546.9178874,ack_recv,latency_ack,3353,C4_lidar_medium,C4_lidar_medium,91,off,medium,False,True,rtt=10.13ms
1779496547.0276315,ack_recv,latency_ack,3354,C4_lidar_medium,C4_lidar_medium,91,off,medium,False,True,rtt=19.76ms
1779496547.124142,ack_recv,latency_ack,3355,C4_lidar_medium,C4_lidar_medium,91,off,medium,False,True,rtt=15.98ms
1779496547.2282739,ack_recv,latency_ack,3356,C4_lidar_medium,C4_lidar_medium,91,off,medium,False,True,rtt=19.96ms
1779496547.3209202,ack_recv,latency_ack,3357,C4_lidar_medium,C4_lidar_medium,91,off,medium,False,True,rtt=11.27ms
1779496547.443233,ack_recv,latency_ack,3358,C4_lidar_medium,C4_lidar_medium,91,off,medium,False,True,rtt=33.63ms
1779496547.5201142,ack_recv,latency_ack,3359,C4_lidar_medium,C4_lidar_medium,91,off,medium,False,True,rtt=10.11ms
1779496547.639342,ack_recv,latency_ack,3360,C4_lidar_medium,C4_lidar_medium,91,off,medium,False,True,rtt=29.12ms
1779496547.7223947,ack_recv,latency_ack,3361,C4_lidar_medium,C4_lidar_medium,91,off,medium,False,True,rtt=10.64ms
1779496547.8326838,ack_recv,latency_ack,3362,C4_lidar_medium,C4_lidar_medium,91,off,medium,False,True,rtt=21.13ms
1779496547.928105,ack_recv,latency_ack,3363,C4_lidar_medium,C4_lidar_medium,91,off,medium,False,True,rtt=16.04ms
1779496548.0333047,ack_recv,latency_ack,3364,C4_lidar_medium,C4_lidar_medium,91,off,medium,False,True,rtt=21.00ms
1779496548.1316798,ack_recv,latency_ack,3365,C4_lidar_medium,C4_lidar_medium,91,off,medium,False,True,rtt=19.13ms
1779496548.2198272,ack_recv,latency_ack,3366,C4_lidar_medium,C4_lidar_medium,91,off,medium,False,True,rtt=6.49ms
1779496548.3312137,ack_recv,latency_ack,3367,C4_lidar_medium,C4_lidar_medium,91,off,medium,False,True,rtt=17.56ms
1779496548.4267895,ack_recv,latency_ack,3368,C4_lidar_medium,C4_lidar_medium,91,off,medium,False,True,rtt=12.39ms
1779496548.5325603,ack_recv,latency_ack,3369,C4_lidar_medium,C4_lidar_medium,91,off,medium,False,True,rtt=17.74ms
1779496548.640494,ack_recv,latency_ack,3370,C4_lidar_medium,C4_lidar_medium,91,off,medium,False,True,rtt=25.00ms
1779496548.7378268,ack_recv,latency_ack,3371,C4_lidar_medium,C4_lidar_medium,91,off,medium,False,True,rtt=21.53ms
1779496548.8301358,ack_recv,latency_ack,3372,C4_lidar_medium,C4_lidar_medium,91,off,medium,False,True,rtt=12.89ms
1779496548.9370313,ack_recv,latency_ack,3373,C4_lidar_medium,C4_lidar_medium,91,off,medium,False,True,rtt=19.09ms
1779496549.0362754,ack_recv,latency_ack,3374,C4_lidar_medium,C4_lidar_medium,91,off,medium,False,True,rtt=7.46ms
1779496549.153568,ack_recv,latency_ack,3375,C4_lidar_medium,C4_lidar_medium,91,off,medium,False,True,rtt=24.18ms
1779496549.247067,ack_recv,latency_ack,3376,C4_lidar_medium,C4_lidar_medium,91,off,medium,False,True,rtt=16.88ms
1779496549.345479,ack_recv,latency_ack,3377,C4_lidar_medium,C4_lidar_medium,91,off,medium,False,True,rtt=14.64ms
1779496549.4488442,ack_recv,latency_ack,3378,C4_lidar_medium,C4_lidar_medium,91,off,medium,False,True,rtt=17.09ms
1779496549.5450397,ack_recv,latency_ack,3379,C4_lidar_medium,C4_lidar_medium,91,off,medium,False,True,rtt=12.78ms
1779496549.6528091,ack_recv,latency_ack,3380,C4_lidar_medium,C4_lidar_medium,91,off,medium,False,True,rtt=20.01ms
1779496549.7462754,ack_recv,latency_ack,3381,C4_lidar_medium,C4_lidar_medium,91,off,medium,False,True,rtt=12.85ms
1779496549.841505,ack_recv,latency_ack,3382,C4_lidar_medium,C4_lidar_medium,91,off,medium,False,True,rtt=7.47ms
1779496549.9483857,ack_recv,latency_ack,3383,C4_lidar_medium,C4_lidar_medium,91,off,medium,False,True,rtt=14.05ms
1779496550.0419571,ack_recv,latency_ack,3384,C4_lidar_medium,C4_lidar_medium,91,off,medium,False,True,rtt=7.03ms
1779496550.1615324,ack_recv,latency_ack,3385,C4_lidar_medium,C4_lidar_medium,91,off,medium,False,True,rtt=26.25ms
1779496550.2423196,ack_recv,latency_ack,3386,C4_lidar_medium,C4_lidar_medium,91,off,medium,False,True,rtt=6.52ms
1779496550.3496022,ack_recv,latency_ack,3387,C4_lidar_medium,C4_lidar_medium,91,off,medium,False,True,rtt=13.54ms
1779496550.443857,ack_recv,latency_ack,3388,C4_lidar_medium,C4_lidar_medium,91,off,medium,False,True,rtt=7.52ms
1779496550.5521758,ack_recv,latency_ack,3389,C4_lidar_medium,C4_lidar_medium,91,off,medium,False,True,rtt=15.36ms
1779496550.6510968,ack_recv,latency_ack,3390,C4_lidar_medium,C4_lidar_medium,91,off,medium,False,True,rtt=13.80ms
1779496550.7802858,ack_recv,latency_ack,3391,C4_lidar_medium,C4_lidar_medium,91,off,medium,False,True,rtt=42.80ms
1779496550.8458045,ack_recv,latency_ack,3392,C4_lidar_medium,C4_lidar_medium,91,off,medium,False,True,rtt=7.99ms
1779496550.9510388,ack_recv,latency_ack,3393,C4_lidar_medium,C4_lidar_medium,91,off,medium,False,True,rtt=12.78ms
1779496551.048094,ack_recv,latency_ack,3394,C4_lidar_medium,C4_lidar_medium,91,off,medium,False,True,rtt=5.69ms
1779496551.1633012,ack_recv,latency_ack,3395,C4_lidar_medium,C4_lidar_medium,91,off,medium,False,True,rtt=19.75ms
1779496551.2613795,ack_recv,latency_ack,3396,C4_lidar_medium,C4_lidar_medium,91,off,medium,False,True,rtt=17.23ms
1779496551.366772,ack_recv,latency_ack,3397,C4_lidar_medium,C4_lidar_medium,91,off,medium,False,True,rtt=22.09ms
1779496551.4645195,ack_recv,latency_ack,3398,C4_lidar_medium,C4_lidar_medium,91,off,medium,False,True,rtt=19.56ms
1779496551.562048,ack_recv,latency_ack,3399,C4_lidar_medium,C4_lidar_medium,91,off,medium,False,True,rtt=8.56ms
1779496551.6649747,ack_recv,latency_ack,3400,C4_lidar_medium,C4_lidar_medium,91,off,medium,False,True,rtt=7.17ms
1779496551.7829318,ack_recv,latency_ack,3401,C4_lidar_medium,C4_lidar_medium,91,off,medium,False,True,rtt=24.43ms
1779496551.8759232,ack_recv,latency_ack,3402,C4_lidar_medium,C4_lidar_medium,91,off,medium,False,True,rtt=16.52ms
1779496551.9698365,ack_recv,latency_ack,3403,C4_lidar_medium,C4_lidar_medium,91,off,medium,False,True,rtt=10.20ms
1779496552.0761297,ack_recv,latency_ack,3404,C4_lidar_medium,C4_lidar_medium,91,off,medium,False,True,rtt=15.73ms
1779496552.1721022,ack_recv,latency_ack,3405,C4_lidar_medium,C4_lidar_medium,91,off,medium,False,True,rtt=7.04ms
1779496552.2766278,ack_recv,latency_ack,3406,C4_lidar_medium,C4_lidar_medium,91,off,medium,False,True,rtt=11.04ms
1779496552.3975286,ack_recv,latency_ack,3407,C4_lidar_medium,C4_lidar_medium,91,off,medium,False,True,rtt=31.49ms
1779496552.4787,ack_recv,latency_ack,3408,C4_lidar_medium,C4_lidar_medium,91,off,medium,False,True,rtt=12.54ms
1779496552.5894315,ack_recv,latency_ack,3409,C4_lidar_medium,C4_lidar_medium,91,off,medium,False,True,rtt=22.39ms
1779496552.6776943,ack_recv,latency_ack,3410,C4_lidar_medium,C4_lidar_medium,91,off,medium,False,True,rtt=10.34ms
1779496552.7908633,ack_recv,latency_ack,3411,C4_lidar_medium,C4_lidar_medium,91,off,medium,False,True,rtt=23.05ms
1779496552.8897676,ack_recv,latency_ack,3412,C4_lidar_medium,C4_lidar_medium,91,off,medium,False,True,rtt=20.93ms
1779496552.9881737,ack_recv,latency_ack,3413,C4_lidar_medium,C4_lidar_medium,91,off,medium,False,True,rtt=18.98ms
1779496553.0856314,ack_recv,latency_ack,3414,C4_lidar_medium,C4_lidar_medium,91,off,medium,False,True,rtt=16.05ms
1779496553.1808617,ack_recv,latency_ack,3415,C4_lidar_medium,C4_lidar_medium,91,off,medium,False,True,rtt=10.34ms
1779496553.2842607,ack_recv,latency_ack,3416,C4_lidar_medium,C4_lidar_medium,91,off,medium,False,True,rtt=12.31ms
1779496553.39375,ack_recv,latency_ack,3417,C4_lidar_medium,C4_lidar_medium,91,off,medium,False,True,rtt=21.38ms
1779496553.5075545,ack_recv,latency_ack,3418,C4_lidar_medium,C4_lidar_medium,91,off,medium,False,True,rtt=34.15ms
1779496553.5996614,ack_recv,latency_ack,3419,C4_lidar_medium,C4_lidar_medium,91,off,medium,False,True,rtt=25.47ms
1779496553.7036703,ack_recv,latency_ack,3420,C4_lidar_medium,C4_lidar_medium,91,off,medium,False,True,rtt=28.79ms
1779496553.8038833,ack_recv,latency_ack,3421,C4_lidar_medium,C4_lidar_medium,91,off,medium,False,True,rtt=28.26ms
1779496553.8910623,ack_recv,latency_ack,3422,C4_lidar_medium,C4_lidar_medium,91,off,medium,False,True,rtt=14.65ms
1779496553.983009,ack_recv,latency_ack,3423,C4_lidar_medium,C4_lidar_medium,91,off,medium,False,True,rtt=6.13ms
1779496554.0992358,ack_recv,latency_ack,3424,C4_lidar_medium,C4_lidar_medium,91,off,medium,False,True,rtt=22.08ms
1779496554.2047675,ack_recv,latency_ack,3425,C4_lidar_medium,C4_lidar_medium,91,off,medium,False,True,rtt=27.38ms
1779496554.3187659,ack_recv,latency_ack,3426,C4_lidar_medium,C4_lidar_medium,91,off,medium,False,True,rtt=40.27ms
1779496554.393689,ack_recv,latency_ack,3427,C4_lidar_medium,C4_lidar_medium,91,off,medium,False,True,rtt=14.94ms
1779496554.4986658,ack_recv,latency_ack,3428,C4_lidar_medium,C4_lidar_medium,91,off,medium,False,True,rtt=19.50ms
1779496554.5943198,ack_recv,latency_ack,3429,C4_lidar_medium,C4_lidar_medium,91,off,medium,False,True,rtt=14.08ms
1779496554.7043014,ack_recv,latency_ack,3430,C4_lidar_medium,C4_lidar_medium,91,off,medium,False,True,rtt=23.69ms
1779496554.794873,ack_recv,latency_ack,3431,C4_lidar_medium,C4_lidar_medium,91,off,medium,False,True,rtt=13.27ms
1779496554.8918173,ack_recv,latency_ack,3432,C4_lidar_medium,C4_lidar_medium,91,off,medium,False,True,rtt=9.75ms
1779496555.0005293,ack_recv,latency_ack,3433,C4_lidar_medium,C4_lidar_medium,91,off,medium,False,True,rtt=16.86ms
1779496555.0893996,ack_recv,latency_ack,3434,C4_lidar_medium,C4_lidar_medium,91,off,medium,False,True,rtt=6.41ms
1779496555.1959283,ack_recv,latency_ack,3435,C4_lidar_medium,C4_lidar_medium,91,off,medium,False,True,rtt=12.69ms
1779496555.3265374,ack_recv,latency_ack,3436,C4_lidar_medium,C4_lidar_medium,91,off,medium,False,True,rtt=43.02ms
1779496555.3987627,ack_recv,latency_ack,3437,C4_lidar_medium,C4_lidar_medium,91,off,medium,False,True,rtt=14.80ms
1779496555.5080097,ack_recv,latency_ack,3438,C4_lidar_medium,C4_lidar_medium,91,off,medium,False,True,rtt=22.63ms
1779496555.6050217,ack_recv,latency_ack,3439,C4_lidar_medium,C4_lidar_medium,91,off,medium,False,True,rtt=20.13ms
1779496555.6932864,ack_recv,latency_ack,3440,C4_lidar_medium,C4_lidar_medium,91,off,medium,False,True,rtt=6.99ms
1779496555.800028,ack_recv,latency_ack,3441,C4_lidar_medium,C4_lidar_medium,91,off,medium,False,True,rtt=11.55ms
1779496555.8935409,ack_recv,latency_ack,3442,C4_lidar_medium,C4_lidar_medium,91,off,medium,False,True,rtt=5.64ms
1779496556.0048206,ack_recv,latency_ack,3443,C4_lidar_medium,C4_lidar_medium,91,off,medium,False,True,rtt=16.40ms
1779496556.094792,ack_recv,latency_ack,3444,C4_lidar_medium,C4_lidar_medium,91,off,medium,False,True,rtt=5.54ms
1779496556.2396421,ack_recv,latency_ack,3445,C4_lidar_medium,C4_lidar_medium,91,off,medium,False,True,rtt=49.92ms
1779496556.3277369,ack_recv,latency_ack,3446,C4_lidar_medium,C4_lidar_medium,91,off,medium,False,True,rtt=37.66ms
1779496556.412637,ack_recv,latency_ack,3447,C4_lidar_medium,C4_lidar_medium,91,off,medium,False,True,rtt=22.28ms
1779496556.4981499,ack_recv,latency_ack,3448,C4_lidar_medium,C4_lidar_medium,91,off,medium,False,True,rtt=7.69ms
1779496556.6525693,ack_recv,latency_ack,3449,C4_lidar_medium,C4_lidar_medium,91,off,medium,False,True,rtt=61.81ms
1779496556.7360752,ack_recv,latency_ack,3450,C4_lidar_medium,C4_lidar_medium,91,off,medium,False,True,rtt=42.20ms
1779496556.8270576,ack_recv,latency_ack,3451,C4_lidar_medium,C4_lidar_medium,91,off,medium,False,True,rtt=31.88ms
1779496556.9101355,ack_recv,latency_ack,3452,C4_lidar_medium,C4_lidar_medium,91,off,medium,False,True,rtt=13.25ms
1779496557.0097957,ack_recv,latency_ack,3453,C4_lidar_medium,C4_lidar_medium,91,off,medium,False,True,rtt=13.43ms
1779496557.1042204,ack_recv,latency_ack,3454,C4_lidar_medium,C4_lidar_medium,91,off,medium,False,True,rtt=7.00ms
1779496557.2032218,ack_recv,latency_ack,3455,C4_lidar_medium,C4_lidar_medium,91,off,medium,False,True,rtt=4.58ms
1779496557.3092132,ack_recv,latency_ack,3456,C4_lidar_medium,C4_lidar_medium,91,off,medium,False,True,rtt=10.17ms
1779496557.4164443,ack_recv,latency_ack,3457,C4_lidar_medium,C4_lidar_medium,91,off,medium,False,True,rtt=17.01ms
1779496557.5082695,ack_recv,latency_ack,3458,C4_lidar_medium,C4_lidar_medium,91,off,medium,False,True,rtt=8.42ms
1779496557.6226974,ack_recv,latency_ack,3459,C4_lidar_medium,C4_lidar_medium,91,off,medium,False,True,rtt=22.40ms
1779496557.708122,ack_recv,latency_ack,3460,C4_lidar_medium,C4_lidar_medium,91,off,medium,False,True,rtt=7.21ms
1779496557.8361742,ack_recv,latency_ack,3461,C4_lidar_medium,C4_lidar_medium,91,off,medium,False,True,rtt=33.70ms
1779496557.914743,ack_recv,latency_ack,3462,C4_lidar_medium,C4_lidar_medium,91,off,medium,False,True,rtt=12.91ms
1779496558.0466535,ack_recv,latency_ack,3463,C4_lidar_medium,C4_lidar_medium,91,off,medium,False,True,rtt=44.46ms
1779496558.1282933,ack_recv,latency_ack,3464,C4_lidar_medium,C4_lidar_medium,91,off,medium,False,True,rtt=25.33ms
1779496558.2121525,ack_recv,latency_ack,3465,C4_lidar_medium,C4_lidar_medium,91,off,medium,False,True,rtt=8.34ms
1779496558.3165772,ack_recv,latency_ack,3466,C4_lidar_medium,C4_lidar_medium,91,off,medium,False,True,rtt=11.71ms
1779496558.4230978,ack_recv,latency_ack,3467,C4_lidar_medium,C4_lidar_medium,91,off,medium,False,True,rtt=17.88ms
1779496558.5147295,ack_recv,latency_ack,3468,C4_lidar_medium,C4_lidar_medium,91,off,medium,False,True,rtt=9.02ms
1779496558.63267,ack_recv,latency_ack,3469,C4_lidar_medium,C4_lidar_medium,91,off,medium,False,True,rtt=26.68ms
1779496558.7162838,ack_recv,latency_ack,3470,C4_lidar_medium,C4_lidar_medium,91,off,medium,False,True,rtt=8.06ms
1779496558.8513184,ack_recv,latency_ack,3471,C4_lidar_medium,C4_lidar_medium,91,off,medium,False,True,rtt=42.15ms
1779496558.923783,ack_recv,latency_ack,3472,C4_lidar_medium,C4_lidar_medium,91,off,medium,False,True,rtt=14.22ms
1779496559.030405,ack_recv,latency_ack,3473,C4_lidar_medium,C4_lidar_medium,91,off,medium,False,True,rtt=19.55ms
1779496559.1205297,ack_recv,latency_ack,3474,C4_lidar_medium,C4_lidar_medium,91,off,medium,False,True,rtt=10.14ms
1779496559.2206612,ack_recv,latency_ack,3475,C4_lidar_medium,C4_lidar_medium,91,off,medium,False,True,rtt=9.23ms
1779496559.324035,ack_recv,latency_ack,3476,C4_lidar_medium,C4_lidar_medium,91,off,medium,False,True,rtt=11.23ms
1779496559.4293015,ack_recv,latency_ack,3477,C4_lidar_medium,C4_lidar_medium,91,off,medium,False,True,rtt=17.07ms
1779496559.526619,ack_recv,latency_ack,3478,C4_lidar_medium,C4_lidar_medium,91,off,medium,False,True,rtt=13.90ms
1779496559.6298795,ack_recv,latency_ack,3479,C4_lidar_medium,C4_lidar_medium,91,off,medium,False,True,rtt=16.89ms
1779496559.721173,ack_recv,latency_ack,3480,C4_lidar_medium,C4_lidar_medium,91,off,medium,False,True,rtt=5.38ms
1779496559.8537967,ack_recv,latency_ack,3481,C4_lidar_medium,C4_lidar_medium,91,off,medium,False,True,rtt=37.68ms
1779496559.9269204,ack_recv,latency_ack,3482,C4_lidar_medium,C4_lidar_medium,91,off,medium,False,True,rtt=9.91ms
1779496560.0368502,ack_recv,latency_ack,3483,C4_lidar_medium,C4_lidar_medium,91,off,medium,False,True,rtt=19.38ms
1779496560.1327353,ack_recv,latency_ack,3484,C4_lidar_medium,C4_lidar_medium,91,off,medium,False,True,rtt=14.72ms
1779496560.2236364,ack_recv,latency_ack,3485,C4_lidar_medium,C4_lidar_medium,91,off,medium,False,True,rtt=3.78ms
1779496560.3317928,ack_recv,latency_ack,3486,C4_lidar_medium,C4_lidar_medium,91,off,medium,False,True,rtt=11.60ms
1779496560.430083,ack_recv,latency_ack,3487,C4_lidar_medium,C4_lidar_medium,91,off,medium,False,True,rtt=9.15ms
1779496560.5401964,ack_recv,latency_ack,3488,C4_lidar_medium,C4_lidar_medium,91,off,medium,False,True,rtt=18.64ms
1779496560.6433878,ack_recv,latency_ack,3489,C4_lidar_medium,C4_lidar_medium,91,off,medium,False,True,rtt=21.24ms
1779496560.7287836,ack_recv,latency_ack,3490,C4_lidar_medium,C4_lidar_medium,91,off,medium,False,True,rtt=4.86ms
1779496560.8666663,ack_recv,latency_ack,3491,C4_lidar_medium,C4_lidar_medium,91,off,medium,False,True,rtt=42.07ms
1779496560.9345403,ack_recv,latency_ack,3492,C4_lidar_medium,C4_lidar_medium,91,off,medium,False,True,rtt=9.24ms
1779496561.0440094,ack_recv,latency_ack,3493,C4_lidar_medium,C4_lidar_medium,91,off,medium,False,True,rtt=18.17ms
1779496561.1361992,ack_recv,latency_ack,3494,C4_lidar_medium,C4_lidar_medium,91,off,medium,False,True,rtt=9.79ms
1779496561.2326813,ack_recv,latency_ack,3495,C4_lidar_medium,C4_lidar_medium,91,off,medium,False,True,rtt=5.51ms
1779496561.3376262,ack_recv,latency_ack,3496,C4_lidar_medium,C4_lidar_medium,91,off,medium,False,True,rtt=9.63ms
1779496561.4438858,ack_recv,latency_ack,3497,C4_lidar_medium,C4_lidar_medium,91,off,medium,False,True,rtt=15.56ms
1779496561.5372374,ack_recv,latency_ack,3498,C4_lidar_medium,C4_lidar_medium,91,off,medium,False,True,rtt=8.52ms
1779496561.6580148,ack_recv,latency_ack,3499,C4_lidar_medium,C4_lidar_medium,91,off,medium,False,True,rtt=28.89ms
1779496561.7387,ack_recv,latency_ack,3500,C4_lidar_medium,C4_lidar_medium,91,off,medium,False,True,rtt=9.26ms
1779496561.843995,ack_recv,latency_ack,3501,C4_lidar_medium,C4_lidar_medium,91,off,medium,False,True,rtt=13.65ms
1779496561.9405527,ack_recv,latency_ack,3502,C4_lidar_medium,C4_lidar_medium,91,off,medium,False,True,rtt=9.46ms
1779496562.045479,ack_recv,latency_ack,3503,C4_lidar_medium,C4_lidar_medium,91,off,medium,False,True,rtt=13.88ms
1779496562.1396768,ack_recv,latency_ack,3504,C4_lidar_medium,C4_lidar_medium,91,off,medium,False,True,rtt=7.54ms
1779496562.246632,ack_recv,latency_ack,3505,C4_lidar_medium,C4_lidar_medium,91,off,medium,False,True,rtt=14.09ms
1779496562.3410068,ack_recv,latency_ack,3506,C4_lidar_medium,C4_lidar_medium,91,off,medium,False,True,rtt=7.86ms
1779496562.4957507,ack_recv,latency_ack,3507,C4_lidar_medium,C4_lidar_medium,91,off,medium,False,True,rtt=61.94ms
1779496562.5805912,ack_recv,latency_ack,3508,C4_lidar_medium,C4_lidar_medium,91,off,medium,False,True,rtt=46.08ms
1779496562.6638317,ack_recv,latency_ack,3509,C4_lidar_medium,C4_lidar_medium,91,off,medium,False,True,rtt=28.60ms
1779496562.7517893,ack_recv,latency_ack,3510,C4_lidar_medium,C4_lidar_medium,91,off,medium,False,True,rtt=12.23ms
1779496562.8627472,ack_recv,latency_ack,3511,C4_lidar_medium,C4_lidar_medium,91,off,medium,False,True,rtt=22.74ms
1779496562.9504943,ack_recv,latency_ack,3512,C4_lidar_medium,C4_lidar_medium,91,off,medium,False,True,rtt=10.25ms
1779496563.1021488,ack_recv,latency_ack,3513,C4_lidar_medium,C4_lidar_medium,91,off,medium,False,True,rtt=61.56ms
1779496563.187183,ack_recv,latency_ack,3514,C4_lidar_medium,C4_lidar_medium,91,off,medium,False,True,rtt=46.13ms
1779496563.2717578,ack_recv,latency_ack,3515,C4_lidar_medium,C4_lidar_medium,91,off,medium,False,True,rtt=29.82ms
1779496563.35641,ack_recv,latency_ack,3516,C4_lidar_medium,C4_lidar_medium,91,off,medium,False,True,rtt=13.97ms
1779496563.4658573,ack_recv,latency_ack,3517,C4_lidar_medium,C4_lidar_medium,91,off,medium,False,True,rtt=22.99ms
1779496563.5562806,ack_recv,latency_ack,3518,C4_lidar_medium,C4_lidar_medium,91,off,medium,False,True,rtt=12.99ms
1779496563.666833,ack_recv,latency_ack,3519,C4_lidar_medium,C4_lidar_medium,91,off,medium,False,True,rtt=23.16ms
1779496563.7520714,ack_recv,latency_ack,3520,C4_lidar_medium,C4_lidar_medium,91,off,medium,False,True,rtt=6.33ms
1779496563.8710916,ack_recv,latency_ack,3521,C4_lidar_medium,C4_lidar_medium,91,off,medium,False,True,rtt=24.70ms
1779496563.9615119,ack_recv,latency_ack,3522,C4_lidar_medium,C4_lidar_medium,91,off,medium,False,True,rtt=14.85ms
1779496564.0536733,ack_recv,latency_ack,3523,C4_lidar_medium,C4_lidar_medium,91,off,medium,False,True,rtt=5.93ms
1779496564.165567,ack_recv,latency_ack,3524,C4_lidar_medium,C4_lidar_medium,91,off,medium,False,True,rtt=17.23ms
1779496564.2582617,ack_recv,latency_ack,3525,C4_lidar_medium,C4_lidar_medium,91,off,medium,False,True,rtt=6.06ms
1779496564.3873765,ack_recv,latency_ack,3526,C4_lidar_medium,C4_lidar_medium,91,off,medium,False,True,rtt=33.78ms
1779496564.4771633,ack_recv,latency_ack,3527,C4_lidar_medium,C4_lidar_medium,91,off,medium,False,True,rtt=23.02ms
1779496564.5673203,ack_recv,latency_ack,3528,C4_lidar_medium,C4_lidar_medium,91,off,medium,False,True,rtt=12.61ms
1779496564.664394,ack_recv,latency_ack,3529,C4_lidar_medium,C4_lidar_medium,91,off,medium,False,True,rtt=9.31ms
1779496564.7741144,ack_recv,latency_ack,3530,C4_lidar_medium,C4_lidar_medium,91,off,medium,False,True,rtt=18.54ms
1779496564.8645532,ack_recv,latency_ack,3531,C4_lidar_medium,C4_lidar_medium,91,off,medium,False,True,rtt=8.65ms
1779496564.9761567,ack_recv,latency_ack,3532,C4_lidar_medium,C4_lidar_medium,91,off,medium,False,True,rtt=19.80ms
1779496565.0700622,ack_recv,latency_ack,3533,C4_lidar_medium,C4_lidar_medium,91,off,medium,False,True,rtt=13.41ms
1779496565.1626074,ack_recv,latency_ack,3534,C4_lidar_medium,C4_lidar_medium,91,off,medium,False,True,rtt=5.57ms
1779496565.2689095,ack_recv,latency_ack,3535,C4_lidar_medium,C4_lidar_medium,91,off,medium,False,True,rtt=7.20ms
1779496565.4354854,ack_recv,latency_ack,3536,C4_lidar_medium,C4_lidar_medium,91,off,medium,False,True,rtt=72.69ms
1779496565.5542502,ack_recv,latency_ack,3537,C4_lidar_medium,C4_lidar_medium,91,off,medium,False,True,rtt=90.71ms
1779496565.5962815,ack_recv,latency_ack,3538,C4_lidar_medium,C4_lidar_medium,91,off,medium,False,True,rtt=32.34ms
1779496565.686794,ack_recv,latency_ack,3539,C4_lidar_medium,C4_lidar_medium,91,off,medium,False,True,rtt=22.32ms
1779496565.7868757,ack_recv,latency_ack,3540,C4_lidar_medium,C4_lidar_medium,91,off,medium,False,True,rtt=21.86ms
1779496565.8772867,ack_recv,latency_ack,3541,C4_lidar_medium,C4_lidar_medium,91,off,medium,False,True,rtt=12.16ms
1779496565.9713645,ack_recv,latency_ack,3542,C4_lidar_medium,C4_lidar_medium,91,off,medium,False,True,rtt=5.69ms
1779496566.0812726,ack_recv,latency_ack,3543,C4_lidar_medium,C4_lidar_medium,91,off,medium,False,True,rtt=14.77ms
1779496566.1725416,ack_recv,latency_ack,3544,C4_lidar_medium,C4_lidar_medium,91,off,medium,False,True,rtt=5.52ms
1779496566.2742834,ack_recv,latency_ack,3545,C4_lidar_medium,C4_lidar_medium,91,off,medium,False,True,rtt=6.02ms
1779496566.4392307,ack_recv,latency_ack,3546,C4_lidar_medium,C4_lidar_medium,91,off,medium,False,True,rtt=70.39ms
1779496566.5311353,ack_recv,latency_ack,3547,C4_lidar_medium,C4_lidar_medium,91,off,medium,False,True,rtt=61.75ms
1779496566.6028805,ack_recv,latency_ack,3548,C4_lidar_medium,C4_lidar_medium,91,off,medium,False,True,rtt=32.90ms
1779496566.6906998,ack_recv,latency_ack,3549,C4_lidar_medium,C4_lidar_medium,91,off,medium,False,True,rtt=20.42ms
1779496566.7755961,ack_recv,latency_ack,3550,C4_lidar_medium,C4_lidar_medium,91,off,medium,False,True,rtt=3.31ms
1779496566.884271,ack_recv,latency_ack,3551,C4_lidar_medium,C4_lidar_medium,91,off,medium,False,True,rtt=11.66ms
1779496566.9916964,ack_recv,latency_ack,3552,C4_lidar_medium,C4_lidar_medium,91,off,medium,False,True,rtt=18.40ms
1779496567.0891354,ack_recv,latency_ack,3553,C4_lidar_medium,C4_lidar_medium,91,off,medium,False,True,rtt=15.27ms
1779496567.1811502,ack_recv,latency_ack,3554,C4_lidar_medium,C4_lidar_medium,91,off,medium,False,True,rtt=7.13ms
1779496567.2885382,ack_recv,latency_ack,3555,C4_lidar_medium,C4_lidar_medium,91,off,medium,False,True,rtt=13.66ms
1779496567.454203,ack_recv,latency_ack,3556,C4_lidar_medium,C4_lidar_medium,91,off,medium,False,True,rtt=78.93ms
1779496567.5272968,ack_recv,latency_ack,3557,C4_lidar_medium,C4_lidar_medium,91,off,medium,False,True,rtt=51.43ms
1779496567.6112392,ack_recv,latency_ack,3558,C4_lidar_medium,C4_lidar_medium,91,off,medium,False,True,rtt=34.86ms
1779496567.695489,ack_recv,latency_ack,3559,C4_lidar_medium,C4_lidar_medium,91,off,medium,False,True,rtt=18.14ms
1779496567.7927077,ack_recv,latency_ack,3560,C4_lidar_medium,C4_lidar_medium,91,off,medium,False,True,rtt=9.85ms
1779496567.932683,ack_recv,latency_ack,3561,C4_lidar_medium,C4_lidar_medium,91,off,medium,False,True,rtt=49.43ms
1779496568.0260313,ack_recv,latency_ack,3562,C4_lidar_medium,C4_lidar_medium,91,off,medium,False,True,rtt=42.58ms
1779496568.1156118,ack_recv,latency_ack,3563,C4_lidar_medium,C4_lidar_medium,91,off,medium,False,True,rtt=31.99ms
1779496568.196797,ack_recv,latency_ack,3564,C4_lidar_medium,C4_lidar_medium,91,off,medium,False,True,rtt=12.62ms
1779496568.308443,ack_recv,latency_ack,3565,C4_lidar_medium,C4_lidar_medium,91,off,medium,False,True,rtt=23.67ms
1779496568.406176,ack_recv,latency_ack,3566,C4_lidar_medium,C4_lidar_medium,91,off,medium,False,True,rtt=20.46ms
1779496568.5072222,ack_recv,latency_ack,3567,C4_lidar_medium,C4_lidar_medium,91,off,medium,False,True,rtt=20.69ms
1779496568.6001651,ack_recv,latency_ack,3568,C4_lidar_medium,C4_lidar_medium,91,off,medium,False,True,rtt=12.77ms
1779496568.6946497,ack_recv,latency_ack,3569,C4_lidar_medium,C4_lidar_medium,91,off,medium,False,True,rtt=6.83ms
1779496568.8047378,ack_recv,latency_ack,3570,C4_lidar_medium,C4_lidar_medium,91,off,medium,False,True,rtt=16.42ms
1779496568.9096024,ack_recv,latency_ack,3571,C4_lidar_medium,C4_lidar_medium,91,off,medium,False,True,rtt=20.71ms
1779496569.0092416,ack_recv,latency_ack,3572,C4_lidar_medium,C4_lidar_medium,91,off,medium,False,True,rtt=20.15ms
1779496569.1348636,ack_recv,latency_ack,3573,C4_lidar_medium,C4_lidar_medium,91,off,medium,False,True,rtt=44.70ms
1779496569.2188563,ack_recv,latency_ack,3574,C4_lidar_medium,C4_lidar_medium,91,off,medium,False,True,rtt=28.27ms
1779496569.3177853,ack_recv,latency_ack,3575,C4_lidar_medium,C4_lidar_medium,91,off,medium,False,True,rtt=26.52ms
1779496569.4316506,ack_recv,latency_ack,3576,C4_lidar_medium,C4_lidar_medium,91,off,medium,False,True,rtt=39.79ms
1779496569.5171208,ack_recv,latency_ack,3577,C4_lidar_medium,C4_lidar_medium,91,off,medium,False,True,rtt=24.44ms
1779496569.6148312,ack_recv,latency_ack,3578,C4_lidar_medium,C4_lidar_medium,91,off,medium,False,True,rtt=21.77ms
1779496569.7061384,ack_recv,latency_ack,3579,C4_lidar_medium,C4_lidar_medium,91,off,medium,False,True,rtt=12.00ms
1779496569.7990263,ack_recv,latency_ack,3580,C4_lidar_medium,C4_lidar_medium,91,off,medium,False,True,rtt=4.56ms
1779496569.9145105,ack_recv,latency_ack,3581,C4_lidar_medium,C4_lidar_medium,91,off,medium,False,True,rtt=19.56ms
1779496570.001968,ack_recv,latency_ack,3582,C4_lidar_medium,C4_lidar_medium,91,off,medium,False,True,rtt=6.60ms
1779496570.1468227,ack_recv,latency_ack,3583,C4_lidar_medium,C4_lidar_medium,91,off,medium,False,True,rtt=51.15ms
1779496570.2273746,ack_recv,latency_ack,3584,C4_lidar_medium,C4_lidar_medium,91,off,medium,False,True,rtt=31.14ms
1779496570.316843,ack_recv,latency_ack,3585,C4_lidar_medium,C4_lidar_medium,91,off,medium,False,True,rtt=19.83ms
1779496570.4762542,ack_recv,latency_ack,3586,C4_lidar_medium,C4_lidar_medium,91,off,medium,False,True,rtt=78.92ms
1779496570.5095186,ack_recv,latency_ack,3587,C4_lidar_medium,C4_lidar_medium,91,off,medium,False,True,rtt=11.70ms
1779496570.615515,ack_recv,latency_ack,3588,C4_lidar_medium,C4_lidar_medium,91,off,medium,False,True,rtt=17.28ms
1779496570.7106903,ack_recv,latency_ack,3589,C4_lidar_medium,C4_lidar_medium,91,off,medium,False,True,rtt=11.87ms
1779496570.8141177,ack_recv,latency_ack,3590,C4_lidar_medium,C4_lidar_medium,91,off,medium,False,True,rtt=6.06ms
1779496570.9263306,ack_recv,latency_ack,3591,C4_lidar_medium,C4_lidar_medium,91,off,medium,False,True,rtt=18.28ms
1779496571.0232332,ack_recv,latency_ack,3592,C4_lidar_medium,C4_lidar_medium,91,off,medium,False,True,rtt=14.56ms
1779496571.118994,ack_recv,latency_ack,3593,C4_lidar_medium,C4_lidar_medium,91,off,medium,False,True,rtt=9.55ms
1779496571.2236836,ack_recv,latency_ack,3594,C4_lidar_medium,C4_lidar_medium,91,off,medium,False,True,rtt=13.60ms
1779496571.3169866,ack_recv,latency_ack,3595,C4_lidar_medium,C4_lidar_medium,91,off,medium,False,True,rtt=6.53ms
1779496571.4447749,ack_recv,latency_ack,3596,C4_lidar_medium,C4_lidar_medium,91,off,medium,False,True,rtt=33.28ms
1779496571.5189428,ack_recv,latency_ack,3597,C4_lidar_medium,C4_lidar_medium,91,off,medium,False,True,rtt=6.82ms
1779496571.6274471,ack_recv,latency_ack,3598,C4_lidar_medium,C4_lidar_medium,91,off,medium,False,True,rtt=14.57ms
1779496571.719085,ack_recv,latency_ack,3599,C4_lidar_medium,C4_lidar_medium,91,off,medium,False,True,rtt=5.59ms
1779496571.8306935,ack_recv,latency_ack,3600,C4_lidar_medium,C4_lidar_medium,91,off,medium,False,True,rtt=16.85ms
1779496571.9321074,ack_recv,latency_ack,3601,C4_lidar_medium,C4_lidar_medium,91,off,medium,False,True,rtt=17.73ms
1779496572.0296683,ack_recv,latency_ack,3602,C4_lidar_medium,C4_lidar_medium,91,off,medium,False,True,rtt=15.07ms
1779496572.125171,ack_recv,latency_ack,3603,C4_lidar_medium,C4_lidar_medium,91,off,medium,False,True,rtt=9.85ms
1779496572.2295337,ack_recv,latency_ack,3604,C4_lidar_medium,C4_lidar_medium,91,off,medium,False,True,rtt=13.81ms
1779496572.338999,ack_recv,latency_ack,3605,C4_lidar_medium,C4_lidar_medium,91,off,medium,False,True,rtt=22.89ms
1779496572.438274,ack_recv,latency_ack,3606,C4_lidar_medium,C4_lidar_medium,91,off,medium,False,True,rtt=21.74ms
1779496572.5282478,ack_recv,latency_ack,3607,C4_lidar_medium,C4_lidar_medium,91,off,medium,False,True,rtt=11.32ms
1779496572.6377542,ack_recv,latency_ack,3608,C4_lidar_medium,C4_lidar_medium,91,off,medium,False,True,rtt=20.44ms
1779496572.7497907,ack_recv,latency_ack,3609,C4_lidar_medium,C4_lidar_medium,91,off,medium,False,True,rtt=32.28ms
1779496572.849378,ack_recv,latency_ack,3610,C4_lidar_medium,C4_lidar_medium,91,off,medium,False,True,rtt=31.22ms
1779496572.9248292,ack_recv,latency_ack,3611,C4_lidar_medium,C4_lidar_medium,91,off,medium,False,True,rtt=6.16ms
1779496573.0565453,ack_recv,latency_ack,3612,C4_lidar_medium,C4_lidar_medium,91,off,medium,False,True,rtt=37.43ms
1779496573.1400526,ack_recv,latency_ack,3613,C4_lidar_medium,C4_lidar_medium,91,off,medium,False,True,rtt=20.56ms
1779496573.233375,ack_recv,latency_ack,3614,C4_lidar_medium,C4_lidar_medium,91,off,medium,False,True,rtt=13.53ms
1779496573.3456168,ack_recv,latency_ack,3615,C4_lidar_medium,C4_lidar_medium,91,off,medium,False,True,rtt=25.14ms
1779496573.4595456,ack_recv,latency_ack,3616,C4_lidar_medium,C4_lidar_medium,91,off,medium,False,True,rtt=38.45ms
1779496573.5302267,ack_recv,latency_ack,3617,C4_lidar_medium,C4_lidar_medium,91,off,medium,False,True,rtt=8.78ms
1779496573.6392803,ack_recv,latency_ack,3618,C4_lidar_medium,C4_lidar_medium,91,off,medium,False,True,rtt=17.51ms
1779496573.7350585,ack_recv,latency_ack,3619,C4_lidar_medium,C4_lidar_medium,91,off,medium,False,True,rtt=12.66ms
1779496573.844264,ack_recv,latency_ack,3620,C4_lidar_medium,C4_lidar_medium,91,off,medium,False,True,rtt=20.89ms
1779496573.9361331,ack_recv,latency_ack,3621,C4_lidar_medium,C4_lidar_medium,91,off,medium,False,True,rtt=12.24ms
1779496574.032254,ack_recv,latency_ack,3622,C4_lidar_medium,C4_lidar_medium,91,off,medium,False,True,rtt=8.02ms
1779496574.1429303,ack_recv,latency_ack,3623,C4_lidar_medium,C4_lidar_medium,91,off,medium,False,True,rtt=18.46ms
1779496574.2378118,ack_recv,latency_ack,3624,C4_lidar_medium,C4_lidar_medium,91,off,medium,False,True,rtt=12.99ms
1779496574.3425364,ack_recv,latency_ack,3625,C4_lidar_medium,C4_lidar_medium,91,off,medium,False,True,rtt=3.83ms
1779496574.4884636,ack_recv,latency_ack,3626,C4_lidar_medium,C4_lidar_medium,91,off,medium,False,True,rtt=49.23ms
1779496574.583616,ack_recv,latency_ack,3627,C4_lidar_medium,C4_lidar_medium,91,off,medium,False,True,rtt=44.01ms
1779496574.6575837,ack_recv,latency_ack,3628,C4_lidar_medium,C4_lidar_medium,91,off,medium,False,True,rtt=17.34ms
1779496574.749298,ack_recv,latency_ack,3629,C4_lidar_medium,C4_lidar_medium,91,off,medium,False,True,rtt=8.50ms
1779496574.8581653,ack_recv,latency_ack,3630,C4_lidar_medium,C4_lidar_medium,91,off,medium,False,True,rtt=16.71ms
1779496574.9648027,ack_recv,latency_ack,3631,C4_lidar_medium,C4_lidar_medium,91,off,medium,False,True,rtt=23.03ms
1779496575.0593019,ack_recv,latency_ack,3632,C4_lidar_medium,C4_lidar_medium,91,off,medium,False,True,rtt=16.96ms
1779496575.152536,ack_recv,latency_ack,3633,C4_lidar_medium,C4_lidar_medium,91,off,medium,False,True,rtt=9.72ms
1779496575.2609706,ack_recv,latency_ack,3634,C4_lidar_medium,C4_lidar_medium,91,off,medium,False,True,rtt=17.90ms
1779496575.358686,ack_recv,latency_ack,3635,C4_lidar_medium,C4_lidar_medium,91,off,medium,False,True,rtt=9.42ms
1779496575.4663708,ack_recv,latency_ack,3636,C4_lidar_medium,C4_lidar_medium,91,off,medium,False,True,rtt=5.88ms
1779496575.5731776,ack_recv,latency_ack,3637,C4_lidar_medium,C4_lidar_medium,91,off,medium,False,True,rtt=11.59ms
1779496575.685154,ack_recv,latency_ack,3638,C4_lidar_medium,C4_lidar_medium,91,off,medium,False,True,rtt=22.94ms
1779496575.7757745,ack_recv,latency_ack,3639,C4_lidar_medium,C4_lidar_medium,91,off,medium,False,True,rtt=12.90ms
1779496575.8729627,ack_recv,latency_ack,3640,C4_lidar_medium,C4_lidar_medium,91,off,medium,False,True,rtt=9.61ms
1779496575.9785082,ack_recv,latency_ack,3641,C4_lidar_medium,C4_lidar_medium,91,off,medium,False,True,rtt=4.85ms
1779496576.1271636,ack_recv,latency_ack,3642,C4_lidar_medium,C4_lidar_medium,91,off,medium,False,True,rtt=52.66ms
1779496576.2138777,ack_recv,latency_ack,3643,C4_lidar_medium,C4_lidar_medium,91,off,medium,False,True,rtt=39.12ms
1779496576.2967348,ack_recv,latency_ack,3644,C4_lidar_medium,C4_lidar_medium,91,off,medium,False,True,rtt=21.12ms
1779496576.3983357,ack_recv,latency_ack,3645,C4_lidar_medium,C4_lidar_medium,91,off,medium,False,True,rtt=21.91ms
1779496576.4893656,ack_recv,latency_ack,3646,C4_lidar_medium,C4_lidar_medium,91,off,medium,False,True,rtt=11.79ms
1779496576.60479,ack_recv,latency_ack,3647,C4_lidar_medium,C4_lidar_medium,91,off,medium,False,True,rtt=26.52ms
1779496576.6960876,ack_recv,latency_ack,3648,C4_lidar_medium,C4_lidar_medium,91,off,medium,False,True,rtt=17.56ms
1779496576.7900171,ack_recv,latency_ack,3649,C4_lidar_medium,C4_lidar_medium,91,off,medium,False,True,rtt=10.73ms
1779496576.8960826,ack_recv,latency_ack,3650,C4_lidar_medium,C4_lidar_medium,91,off,medium,False,True,rtt=16.50ms
1779496577.0051653,ack_recv,latency_ack,3651,C4_lidar_medium,C4_lidar_medium,91,off,medium,False,True,rtt=25.38ms
1779496577.1011393,ack_recv,latency_ack,3652,C4_lidar_medium,C4_lidar_medium,91,off,medium,False,True,rtt=20.77ms
1779496577.1925914,ack_recv,latency_ack,3653,C4_lidar_medium,C4_lidar_medium,91,off,medium,False,True,rtt=12.03ms
1779496577.2975776,ack_recv,latency_ack,3654,C4_lidar_medium,C4_lidar_medium,91,off,medium,False,True,rtt=16.50ms
1779496577.3928118,ack_recv,latency_ack,3655,C4_lidar_medium,C4_lidar_medium,91,off,medium,False,True,rtt=11.02ms
1779496577.498316,ack_recv,latency_ack,3656,C4_lidar_medium,C4_lidar_medium,91,off,medium,False,True,rtt=15.55ms
1779496577.600085,ack_recv,latency_ack,3657,C4_lidar_medium,C4_lidar_medium,91,off,medium,False,True,rtt=16.80ms
1779496577.7459798,ack_recv,latency_ack,3658,C4_lidar_medium,C4_lidar_medium,91,off,medium,False,True,rtt=62.03ms
1779496577.8415122,ack_recv,latency_ack,3659,C4_lidar_medium,C4_lidar_medium,91,off,medium,False,True,rtt=57.36ms
1779496577.939811,ack_recv,latency_ack,3660,C4_lidar_medium,C4_lidar_medium,91,off,medium,False,True,rtt=55.15ms
1779496578.026786,ack_recv,latency_ack,3661,C4_lidar_medium,C4_lidar_medium,91,off,medium,False,True,rtt=36.01ms
1779496578.111823,ack_recv,latency_ack,3662,C4_lidar_medium,C4_lidar_medium,91,off,medium,False,True,rtt=20.23ms
1779496578.212476,ack_recv,latency_ack,3663,C4_lidar_medium,C4_lidar_medium,91,off,medium,False,True,rtt=20.46ms
1779496578.3026216,ack_recv,latency_ack,3664,C4_lidar_medium,C4_lidar_medium,91,off,medium,False,True,rtt=9.96ms
1779496578.4090753,ack_recv,latency_ack,3665,C4_lidar_medium,C4_lidar_medium,91,off,medium,False,True,rtt=15.89ms
1779496578.504481,ack_recv,latency_ack,3666,C4_lidar_medium,C4_lidar_medium,91,off,medium,False,True,rtt=10.78ms
1779496578.6647258,ack_recv,latency_ack,3667,C4_lidar_medium,C4_lidar_medium,91,off,medium,False,True,rtt=70.76ms
1779496578.749034,ack_recv,latency_ack,3668,C4_lidar_medium,C4_lidar_medium,91,off,medium,False,True,rtt=54.51ms
1779496578.8337946,ack_recv,latency_ack,3669,C4_lidar_medium,C4_lidar_medium,91,off,medium,False,True,rtt=38.97ms
1779496578.910026,ack_recv,latency_ack,3670,C4_lidar_medium,C4_lidar_medium,91,off,medium,False,True,rtt=14.85ms
1779496579.0127456,ack_recv,latency_ack,3671,C4_lidar_medium,C4_lidar_medium,91,off,medium,False,True,rtt=16.88ms
1779496579.1203554,ack_recv,latency_ack,3672,C4_lidar_medium,C4_lidar_medium,91,off,medium,False,True,rtt=23.62ms
1779496579.2142277,ack_recv,latency_ack,3673,C4_lidar_medium,C4_lidar_medium,91,off,medium,False,True,rtt=16.59ms
1779496579.3148863,ack_recv,latency_ack,3674,C4_lidar_medium,C4_lidar_medium,91,off,medium,False,True,rtt=16.85ms
1779496579.4163806,ack_recv,latency_ack,3675,C4_lidar_medium,C4_lidar_medium,91,off,medium,False,True,rtt=17.78ms
1779496579.5123198,ack_recv,latency_ack,3676,C4_lidar_medium,C4_lidar_medium,91,off,medium,False,True,rtt=6.79ms
1779496579.6269865,ack_recv,latency_ack,3677,C4_lidar_medium,C4_lidar_medium,91,off,medium,False,True,rtt=4.92ms
1779496579.7921183,ack_recv,latency_ack,3678,C4_lidar_medium,C4_lidar_medium,91,off,medium,False,True,rtt=68.78ms
1779496579.8784423,ack_recv,latency_ack,3679,C4_lidar_medium,C4_lidar_medium,91,off,medium,False,True,rtt=54.45ms
1779496579.964396,ack_recv,latency_ack,3680,C4_lidar_medium,C4_lidar_medium,91,off,medium,False,True,rtt=39.26ms
1779496580.0523038,ack_recv,latency_ack,3681,C4_lidar_medium,C4_lidar_medium,91,off,medium,False,True,rtt=27.95ms
1779496580.1450222,ack_recv,latency_ack,3682,C4_lidar_medium,C4_lidar_medium,91,off,medium,False,True,rtt=19.86ms
1779496580.2427714,ack_recv,latency_ack,3683,C4_lidar_medium,C4_lidar_medium,91,off,medium,False,True,rtt=17.08ms
1779496580.3335593,ack_recv,latency_ack,3684,C4_lidar_medium,C4_lidar_medium,91,off,medium,False,True,rtt=7.41ms
1779496580.440074,ack_recv,latency_ack,3685,C4_lidar_medium,C4_lidar_medium,91,off,medium,False,True,rtt=13.35ms
1779496580.5330076,ack_recv,latency_ack,3686,C4_lidar_medium,C4_lidar_medium,91,off,medium,False,True,rtt=6.08ms
1779496580.6390026,ack_recv,latency_ack,3687,C4_lidar_medium,C4_lidar_medium,91,off,medium,False,True,rtt=7.96ms
1779496580.7494504,ack_recv,latency_ack,3688,C4_lidar_medium,C4_lidar_medium,91,off,medium,False,True,rtt=17.92ms
1779496580.8415158,ack_recv,latency_ack,3689,C4_lidar_medium,C4_lidar_medium,91,off,medium,False,True,rtt=9.74ms
1779496580.952368,ack_recv,latency_ack,3690,C4_lidar_medium,C4_lidar_medium,91,off,medium,False,True,rtt=20.14ms
1779496581.0459943,ack_recv,latency_ack,3691,C4_lidar_medium,C4_lidar_medium,91,off,medium,False,True,rtt=12.98ms
1779496581.1537597,ack_recv,latency_ack,3692,C4_lidar_medium,C4_lidar_medium,91,off,medium,False,True,rtt=20.30ms
1779496581.2525299,ack_recv,latency_ack,3693,C4_lidar_medium,C4_lidar_medium,91,off,medium,False,True,rtt=18.37ms
1779496581.3425505,ack_recv,latency_ack,3694,C4_lidar_medium,C4_lidar_medium,91,off,medium,False,True,rtt=7.96ms
1779496581.4701905,ack_recv,latency_ack,3695,C4_lidar_medium,C4_lidar_medium,91,off,medium,False,True,rtt=35.09ms
1779496581.5583599,ack_recv,latency_ack,3696,C4_lidar_medium,C4_lidar_medium,91,off,medium,False,True,rtt=22.72ms
1779496581.6523092,ack_recv,latency_ack,3697,C4_lidar_medium,C4_lidar_medium,91,off,medium,False,True,rtt=4.48ms
1779496581.7674634,ack_recv,latency_ack,3698,C4_lidar_medium,C4_lidar_medium,91,off,medium,False,True,rtt=4.62ms
1779496581.8721929,ack_recv,latency_ack,3699,C4_lidar_medium,C4_lidar_medium,91,off,medium,False,True,rtt=8.67ms
1779496582.020155,ack_recv,latency_ack,3700,C4_lidar_medium,C4_lidar_medium,91,off,medium,False,True,rtt=55.71ms
1779496582.0897677,ack_recv,latency_ack,3701,C4_lidar_medium,C4_lidar_medium,91,off,medium,False,True,rtt=24.17ms
1779496582.1819332,ack_recv,latency_ack,3702,C4_lidar_medium,C4_lidar_medium,91,off,medium,False,True,rtt=16.19ms
1779496582.274533,ack_recv,latency_ack,3703,C4_lidar_medium,C4_lidar_medium,91,off,medium,False,True,rtt=8.41ms
1779496582.4428184,ack_recv,latency_ack,3704,C4_lidar_medium,C4_lidar_medium,91,off,medium,False,True,rtt=75.88ms
1779496582.5283425,ack_recv,latency_ack,3705,C4_lidar_medium,C4_lidar_medium,91,off,medium,False,True,rtt=60.42ms
1779496582.612058,ack_recv,latency_ack,3706,C4_lidar_medium,C4_lidar_medium,91,off,medium,False,True,rtt=43.43ms
1779496582.6823895,ack_recv,latency_ack,3707,C4_lidar_medium,C4_lidar_medium,91,off,medium,False,True,rtt=13.15ms
1779496582.821949,ack_recv,latency_ack,3708,C4_lidar_medium,C4_lidar_medium,91,off,medium,False,True,rtt=52.44ms
1779496582.90628,ack_recv,latency_ack,3709,C4_lidar_medium,C4_lidar_medium,91,off,medium,False,True,rtt=36.40ms
1779496582.9907277,ack_recv,latency_ack,3710,C4_lidar_medium,C4_lidar_medium,91,off,medium,False,True,rtt=20.76ms
1779496583.079849,ack_recv,latency_ack,3711,C4_lidar_medium,C4_lidar_medium,91,off,medium,False,True,rtt=9.74ms
1779496583.1871147,ack_recv,latency_ack,3712,C4_lidar_medium,C4_lidar_medium,91,off,medium,False,True,rtt=16.55ms
1779496583.2778258,ack_recv,latency_ack,3713,C4_lidar_medium,C4_lidar_medium,91,off,medium,False,True,rtt=7.10ms
1779496583.4429114,ack_recv,latency_ack,3714,C4_lidar_medium,C4_lidar_medium,91,off,medium,False,True,rtt=71.68ms
1779496583.52593,ack_recv,latency_ack,3715,C4_lidar_medium,C4_lidar_medium,91,off,medium,False,True,rtt=53.72ms
1779496583.602226,ack_recv,latency_ack,3716,C4_lidar_medium,C4_lidar_medium,91,off,medium,False,True,rtt=29.57ms
1779496583.6883254,ack_recv,latency_ack,3717,C4_lidar_medium,C4_lidar_medium,91,off,medium,False,True,rtt=15.23ms
1779496583.797022,ack_recv,latency_ack,3718,C4_lidar_medium,C4_lidar_medium,91,off,medium,False,True,rtt=22.79ms
1779496583.8947105,ack_recv,latency_ack,3719,C4_lidar_medium,C4_lidar_medium,91,off,medium,False,True,rtt=19.65ms
1779496583.9938772,ack_recv,latency_ack,3720,C4_lidar_medium,C4_lidar_medium,91,off,medium,False,True,rtt=18.28ms
1779496584.0874119,ack_recv,latency_ack,3721,C4_lidar_medium,C4_lidar_medium,91,off,medium,False,True,rtt=10.87ms
1779496584.196246,ack_recv,latency_ack,3722,C4_lidar_medium,C4_lidar_medium,91,off,medium,False,True,rtt=19.20ms
1779496584.293599,ack_recv,latency_ack,3723,C4_lidar_medium,C4_lidar_medium,91,off,medium,False,True,rtt=16.14ms
1779496584.4647489,ack_recv,latency_ack,3724,C4_lidar_medium,C4_lidar_medium,91,off,medium,False,True,rtt=86.70ms
1779496584.4975073,ack_recv,latency_ack,3725,C4_lidar_medium,C4_lidar_medium,91,off,medium,False,True,rtt=18.53ms
1779496584.5996382,ack_recv,latency_ack,3726,C4_lidar_medium,C4_lidar_medium,91,off,medium,False,True,rtt=20.16ms
1779496584.693241,ack_recv,latency_ack,3727,C4_lidar_medium,C4_lidar_medium,91,off,medium,False,True,rtt=13.47ms
1779496584.7927864,ack_recv,latency_ack,3728,C4_lidar_medium,C4_lidar_medium,91,off,medium,False,True,rtt=12.30ms
1779496584.9020789,ack_recv,latency_ack,3729,C4_lidar_medium,C4_lidar_medium,91,off,medium,False,True,rtt=21.16ms
1779496584.9893022,ack_recv,latency_ack,3730,C4_lidar_medium,C4_lidar_medium,91,off,medium,False,True,rtt=7.42ms
1779496585.1047118,ack_recv,latency_ack,3731,C4_lidar_medium,C4_lidar_medium,91,off,medium,False,True,rtt=21.96ms
1779496585.1935744,ack_recv,latency_ack,3732,C4_lidar_medium,C4_lidar_medium,91,off,medium,False,True,rtt=10.64ms
1779496585.3458261,ack_recv,latency_ack,3733,C4_lidar_medium,C4_lidar_medium,91,off,medium,False,True,rtt=62.49ms
1779496585.3958504,ack_recv,latency_ack,3734,C4_lidar_medium,C4_lidar_medium,91,off,medium,False,True,rtt=12.27ms
1779496585.501861,ack_recv,latency_ack,3735,C4_lidar_medium,C4_lidar_medium,91,off,medium,False,True,rtt=18.04ms
1779496585.6008391,ack_recv,latency_ack,3736,C4_lidar_medium,C4_lidar_medium,91,off,medium,False,True,rtt=16.69ms
1779496585.6925893,ack_recv,latency_ack,3737,C4_lidar_medium,C4_lidar_medium,91,off,medium,False,True,rtt=8.16ms
1779496585.8549523,ack_recv,latency_ack,3738,C4_lidar_medium,C4_lidar_medium,91,off,medium,False,True,rtt=70.00ms
1779496585.9401639,ack_recv,latency_ack,3739,C4_lidar_medium,C4_lidar_medium,91,off,medium,False,True,rtt=54.34ms
1779496586.0326107,ack_recv,latency_ack,3740,C4_lidar_medium,C4_lidar_medium,91,off,medium,False,True,rtt=46.05ms
1779496586.1079528,ack_recv,latency_ack,3741,C4_lidar_medium,C4_lidar_medium,91,off,medium,False,True,rtt=21.11ms
1779496586.2037823,ack_recv,latency_ack,3742,C4_lidar_medium,C4_lidar_medium,91,off,medium,False,True,rtt=16.23ms
1779496586.308831,ack_recv,latency_ack,3743,C4_lidar_medium,C4_lidar_medium,91,off,medium,False,True,rtt=7.08ms
1779496586.4147959,ack_recv,latency_ack,3744,C4_lidar_medium,C4_lidar_medium,91,off,medium,False,True,rtt=4.56ms
1779496586.5431075,ack_recv,latency_ack,3745,C4_lidar_medium,C4_lidar_medium,91,off,medium,False,True,rtt=32.14ms
1779496586.6324093,ack_recv,latency_ack,3746,C4_lidar_medium,C4_lidar_medium,91,off,medium,False,True,rtt=20.84ms
1779496586.7317934,ack_recv,latency_ack,3747,C4_lidar_medium,C4_lidar_medium,91,off,medium,False,True,rtt=19.69ms
1779496586.8206391,ack_recv,latency_ack,3748,C4_lidar_medium,C4_lidar_medium,91,off,medium,False,True,rtt=8.05ms
1779496586.9201403,ack_recv,latency_ack,3749,C4_lidar_medium,C4_lidar_medium,91,off,medium,False,True,rtt=5.02ms
1779496587.0251517,ack_recv,latency_ack,3750,C4_lidar_medium,C4_lidar_medium,91,off,medium,False,True,rtt=9.55ms
1779496587.1300623,ack_recv,latency_ack,3751,C4_lidar_medium,C4_lidar_medium,91,off,medium,False,True,rtt=14.24ms
1779496587.235786,ack_recv,latency_ack,3752,C4_lidar_medium,C4_lidar_medium,91,off,medium,False,True,rtt=19.39ms
1779496587.3442264,ack_recv,latency_ack,3753,C4_lidar_medium,C4_lidar_medium,91,off,medium,False,True,rtt=27.12ms
1779496587.4259229,ack_recv,latency_ack,3754,C4_lidar_medium,C4_lidar_medium,91,off,medium,False,True,rtt=8.68ms
1779496587.5855417,ack_recv,latency_ack,3755,C4_lidar_medium,C4_lidar_medium,91,off,medium,False,True,rtt=66.63ms
1779496587.6709783,ack_recv,latency_ack,3756,C4_lidar_medium,C4_lidar_medium,91,off,medium,False,True,rtt=52.82ms
1779496587.7547202,ack_recv,latency_ack,3757,C4_lidar_medium,C4_lidar_medium,91,off,medium,False,True,rtt=36.13ms
1779496587.8381615,ack_recv,latency_ack,3758,C4_lidar_medium,C4_lidar_medium,91,off,medium,False,True,rtt=19.38ms
1779496587.9247613,ack_recv,latency_ack,3759,C4_lidar_medium,C4_lidar_medium,91,off,medium,False,True,rtt=4.54ms
1779496588.069414,ack_recv,latency_ack,3760,C4_lidar_medium,C4_lidar_medium,91,off,medium,False,True,rtt=48.58ms
1779496588.1869173,ack_recv,latency_ack,3761,C4_lidar_medium,C4_lidar_medium,91,off,medium,False,True,rtt=65.82ms
1779496588.2495606,ack_recv,latency_ack,3762,C4_lidar_medium,C4_lidar_medium,91,off,medium,False,True,rtt=28.18ms
1779496588.3478236,ack_recv,latency_ack,3763,C4_lidar_medium,C4_lidar_medium,91,off,medium,False,True,rtt=25.79ms
1779496588.4362085,ack_recv,latency_ack,3764,C4_lidar_medium,C4_lidar_medium,91,off,medium,False,True,rtt=10.14ms
1779496588.5318894,ack_recv,latency_ack,3765,C4_lidar_medium,C4_lidar_medium,91,off,medium,False,True,rtt=4.61ms
1779496588.641118,ack_recv,latency_ack,3766,C4_lidar_medium,C4_lidar_medium,91,off,medium,False,True,rtt=13.14ms
1779496588.7463531,ack_recv,latency_ack,3767,C4_lidar_medium,C4_lidar_medium,91,off,medium,False,True,rtt=17.59ms
1779496588.8393002,ack_recv,latency_ack,3768,C4_lidar_medium,C4_lidar_medium,91,off,medium,False,True,rtt=9.65ms
1779496588.947665,ack_recv,latency_ack,3769,C4_lidar_medium,C4_lidar_medium,91,off,medium,False,True,rtt=17.41ms
1779496589.0422053,ack_recv,latency_ack,3770,C4_lidar_medium,C4_lidar_medium,91,off,medium,False,True,rtt=11.29ms
1779496589.1504793,ack_recv,latency_ack,3771,C4_lidar_medium,C4_lidar_medium,91,off,medium,False,True,rtt=19.06ms
1779496589.2430007,ack_recv,latency_ack,3772,C4_lidar_medium,C4_lidar_medium,91,off,medium,False,True,rtt=11.45ms
1779496589.351295,ack_recv,latency_ack,3773,C4_lidar_medium,C4_lidar_medium,91,off,medium,False,True,rtt=19.06ms
1779496589.4619722,ack_recv,latency_ack,3774,C4_lidar_medium,C4_lidar_medium,91,off,medium,False,True,rtt=28.78ms
1779496589.5603576,ack_recv,latency_ack,3775,C4_lidar_medium,C4_lidar_medium,91,off,medium,False,True,rtt=26.60ms
1779496589.6427217,ack_recv,latency_ack,3776,C4_lidar_medium,C4_lidar_medium,91,off,medium,False,True,rtt=8.69ms
1779496589.756438,ack_recv,latency_ack,3777,C4_lidar_medium,C4_lidar_medium,91,off,medium,False,True,rtt=21.52ms
1779496589.8483572,ack_recv,latency_ack,3778,C4_lidar_medium,C4_lidar_medium,91,off,medium,False,True,rtt=12.94ms
1779496589.9409208,ack_recv,latency_ack,3779,C4_lidar_medium,C4_lidar_medium,91,off,medium,False,True,rtt=5.09ms
1779496590.050474,ack_recv,latency_ack,3780,C4_lidar_medium,C4_lidar_medium,91,off,medium,False,True,rtt=13.94ms
1779496590.1570501,ack_recv,latency_ack,3781,C4_lidar_medium,C4_lidar_medium,91,off,medium,False,True,rtt=19.90ms
1779496590.250106,ack_recv,latency_ack,3782,C4_lidar_medium,C4_lidar_medium,91,off,medium,False,True,rtt=12.54ms
1779496590.345046,ack_recv,latency_ack,3783,C4_lidar_medium,C4_lidar_medium,91,off,medium,False,True,rtt=7.09ms
1779496590.4432542,ack_recv,latency_ack,3784,C4_lidar_medium,C4_lidar_medium,91,off,medium,False,True,rtt=3.60ms
1779496590.565391,ack_recv,latency_ack,3785,C4_lidar_medium,C4_lidar_medium,91,off,medium,False,True,rtt=25.07ms
1779496590.6513317,ack_recv,latency_ack,3786,C4_lidar_medium,C4_lidar_medium,91,off,medium,False,True,rtt=10.68ms
1779496590.7596889,ack_recv,latency_ack,3787,C4_lidar_medium,C4_lidar_medium,91,off,medium,False,True,rtt=18.45ms
1779496590.856377,ack_recv,latency_ack,3788,C4_lidar_medium,C4_lidar_medium,91,off,medium,False,True,rtt=14.71ms
1779496590.9482107,ack_recv,latency_ack,3789,C4_lidar_medium,C4_lidar_medium,91,off,medium,False,True,rtt=4.51ms
1779496591.0561247,ack_recv,latency_ack,3790,C4_lidar_medium,C4_lidar_medium,91,off,medium,False,True,rtt=11.48ms
1779496591.1657038,ack_recv,latency_ack,3791,C4_lidar_medium,C4_lidar_medium,91,off,medium,False,True,rtt=20.46ms
1779496591.2620103,ack_recv,latency_ack,3792,C4_lidar_medium,C4_lidar_medium,91,off,medium,False,True,rtt=15.95ms
1779496591.3859727,ack_recv,latency_ack,3793,C4_lidar_medium,C4_lidar_medium,91,off,medium,False,True,rtt=39.45ms
1779496591.486519,ack_recv,latency_ack,3794,C4_lidar_medium,C4_lidar_medium,91,off,medium,False,True,rtt=39.34ms
1779496591.5872977,ack_recv,latency_ack,3795,C4_lidar_medium,C4_lidar_medium,91,off,medium,False,True,rtt=39.25ms
1779496591.7025955,ack_recv,latency_ack,3796,C4_lidar_medium,C4_lidar_medium,91,off,medium,False,True,rtt=53.80ms
1779496591.7760851,ack_recv,latency_ack,3797,C4_lidar_medium,C4_lidar_medium,91,off,medium,False,True,rtt=27.05ms
1779496591.8618393,ack_recv,latency_ack,3798,C4_lidar_medium,C4_lidar_medium,91,off,medium,False,True,rtt=12.54ms
1779496591.9601405,ack_recv,latency_ack,3799,C4_lidar_medium,C4_lidar_medium,91,off,medium,False,True,rtt=5.36ms
1779496592.062226,ack_recv,latency_ack,3800,C4_lidar_medium,C4_lidar_medium,91,off,medium,False,True,rtt=6.10ms
1779496592.1747656,ack_recv,latency_ack,3801,C4_lidar_medium,C4_lidar_medium,91,off,medium,False,True,rtt=17.69ms
1779496592.2756917,ack_recv,latency_ack,3802,C4_lidar_medium,C4_lidar_medium,91,off,medium,False,True,rtt=18.31ms
1779496592.370501,ack_recv,latency_ack,3803,C4_lidar_medium,C4_lidar_medium,91,off,medium,False,True,rtt=12.21ms
1779496592.4777226,ack_recv,latency_ack,3804,C4_lidar_medium,C4_lidar_medium,91,off,medium,False,True,rtt=17.83ms
1779496592.578621,ack_recv,latency_ack,3805,C4_lidar_medium,C4_lidar_medium,91,off,medium,False,True,rtt=18.79ms
1779496592.6827586,ack_recv,latency_ack,3806,C4_lidar_medium,C4_lidar_medium,91,off,medium,False,True,rtt=22.79ms
1779496592.7747579,ack_recv,latency_ack,3807,C4_lidar_medium,C4_lidar_medium,91,off,medium,False,True,rtt=14.17ms
1779496592.8655462,ack_recv,latency_ack,3808,C4_lidar_medium,C4_lidar_medium,91,off,medium,False,True,rtt=4.62ms
1779496592.9757972,ack_recv,latency_ack,3809,C4_lidar_medium,C4_lidar_medium,91,off,medium,False,True,rtt=14.46ms
1779496593.0706666,ack_recv,latency_ack,3810,C4_lidar_medium,C4_lidar_medium,91,off,medium,False,True,rtt=8.98ms
1779496593.1791172,ack_recv,latency_ack,3811,C4_lidar_medium,C4_lidar_medium,91,off,medium,False,True,rtt=17.18ms
1779496593.283604,ack_recv,latency_ack,3812,C4_lidar_medium,C4_lidar_medium,91,off,medium,False,True,rtt=21.29ms
1779496593.3857007,ack_recv,latency_ack,3813,C4_lidar_medium,C4_lidar_medium,91,off,medium,False,True,rtt=23.30ms
1779496593.479114,ack_recv,latency_ack,3814,C4_lidar_medium,C4_lidar_medium,91,off,medium,False,True,rtt=8.05ms
1779496593.5873957,ack_recv,latency_ack,3815,C4_lidar_medium,C4_lidar_medium,91,off,medium,False,True,rtt=15.29ms
1779496593.6930826,ack_recv,latency_ack,3816,C4_lidar_medium,C4_lidar_medium,91,off,medium,False,True,rtt=20.82ms
1779496593.7851684,ack_recv,latency_ack,3817,C4_lidar_medium,C4_lidar_medium,91,off,medium,False,True,rtt=12.34ms
1779496593.9144328,ack_recv,latency_ack,3818,C4_lidar_medium,C4_lidar_medium,91,off,medium,False,True,rtt=41.11ms
1779496594.045892,ack_recv,latency_ack,3819,C4_lidar_medium,C4_lidar_medium,91,off,medium,False,True,rtt=71.71ms
1779496594.1498604,ack_recv,latency_ack,3820,C4_lidar_medium,C4_lidar_medium,91,off,medium,False,True,rtt=75.21ms
1779496594.2513523,ack_recv,latency_ack,3821,C4_lidar_medium,C4_lidar_medium,91,off,medium,False,True,rtt=76.11ms
1779496594.3534966,ack_recv,latency_ack,3822,C4_lidar_medium,C4_lidar_medium,91,off,medium,False,True,rtt=77.89ms
1779496594.4401689,ack_recv,latency_ack,3823,C4_lidar_medium,C4_lidar_medium,91,off,medium,False,True,rtt=63.13ms
1779496594.525798,ack_recv,latency_ack,3824,C4_lidar_medium,C4_lidar_medium,91,off,medium,False,True,rtt=39.86ms
1779496594.609418,ack_recv,latency_ack,3825,C4_lidar_medium,C4_lidar_medium,91,off,medium,False,True,rtt=14.55ms
1779496594.7215898,ack_recv,latency_ack,3826,C4_lidar_medium,C4_lidar_medium,91,off,medium,False,True,rtt=25.67ms
1779496594.8123128,ack_recv,latency_ack,3827,C4_lidar_medium,C4_lidar_medium,91,off,medium,False,True,rtt=16.00ms
1779496594.9081225,ack_recv,latency_ack,3828,C4_lidar_medium,C4_lidar_medium,91,off,medium,False,True,rtt=11.29ms
1779496595.0150213,ack_recv,latency_ack,3829,C4_lidar_medium,C4_lidar_medium,91,off,medium,False,True,rtt=17.83ms
1779496595.123772,ack_recv,latency_ack,3830,C4_lidar_medium,C4_lidar_medium,91,off,medium,False,True,rtt=8.26ms
1779496595.2296126,ack_recv,latency_ack,3831,C4_lidar_medium,C4_lidar_medium,91,off,medium,False,True,rtt=6.43ms
1779496595.341121,ack_recv,latency_ack,3832,C4_lidar_medium,C4_lidar_medium,91,off,medium,False,True,rtt=16.96ms
1779496595.438669,ack_recv,latency_ack,3833,C4_lidar_medium,C4_lidar_medium,91,off,medium,False,True,rtt=13.75ms
1779496595.5486202,ack_recv,latency_ack,3834,C4_lidar_medium,C4_lidar_medium,91,off,medium,False,True,rtt=23.20ms
1779496595.6382053,ack_recv,latency_ack,3835,C4_lidar_medium,C4_lidar_medium,91,off,medium,False,True,rtt=12.00ms
1779496595.73369,ack_recv,latency_ack,3836,C4_lidar_medium,C4_lidar_medium,91,off,medium,False,True,rtt=5.20ms
1779496595.8418329,ack_recv,latency_ack,3837,C4_lidar_medium,C4_lidar_medium,91,off,medium,False,True,rtt=12.52ms
1779496595.933746,ack_recv,latency_ack,3838,C4_lidar_medium,C4_lidar_medium,91,off,medium,False,True,rtt=3.62ms
1779496596.0423455,ack_recv,latency_ack,3839,C4_lidar_medium,C4_lidar_medium,91,off,medium,False,True,rtt=11.55ms
1779496596.1510756,ack_recv,latency_ack,3840,C4_lidar_medium,C4_lidar_medium,91,off,medium,False,True,rtt=20.02ms
1779496596.2494924,ack_recv,latency_ack,3841,C4_lidar_medium,C4_lidar_medium,91,off,medium,False,True,rtt=4.54ms
1779496596.3623528,ack_recv,latency_ack,3842,C4_lidar_medium,C4_lidar_medium,91,off,medium,False,True,rtt=16.02ms
1779496596.4635427,ack_recv,latency_ack,3843,C4_lidar_medium,C4_lidar_medium,91,off,medium,False,True,rtt=16.14ms
1779496596.5564594,ack_recv,latency_ack,3844,C4_lidar_medium,C4_lidar_medium,91,off,medium,False,True,rtt=8.76ms
1779496596.660535,ack_recv,latency_ack,3845,C4_lidar_medium,C4_lidar_medium,91,off,medium,False,True,rtt=12.25ms
1779496596.7647755,ack_recv,latency_ack,3846,C4_lidar_medium,C4_lidar_medium,91,off,medium,False,True,rtt=6.35ms
1779496596.8705308,ack_recv,latency_ack,3847,C4_lidar_medium,C4_lidar_medium,91,off,medium,False,True,rtt=5.05ms
1779496596.9750762,ack_recv,latency_ack,3848,C4_lidar_medium,C4_lidar_medium,91,off,medium,False,True,rtt=8.92ms
1779496597.1035357,ack_recv,latency_ack,3849,C4_lidar_medium,C4_lidar_medium,91,off,medium,False,True,rtt=36.97ms
1779496597.1871634,ack_recv,latency_ack,3850,C4_lidar_medium,C4_lidar_medium,91,off,medium,False,True,rtt=18.68ms
1779496597.2827485,ack_recv,latency_ack,3851,C4_lidar_medium,C4_lidar_medium,91,off,medium,False,True,rtt=15.42ms
1779496597.3967576,ack_recv,latency_ack,3852,C4_lidar_medium,C4_lidar_medium,91,off,medium,False,True,rtt=5.52ms
1779496597.5061953,ack_recv,latency_ack,3853,C4_lidar_medium,C4_lidar_medium,91,off,medium,False,True,rtt=4.27ms
1779496597.6083195,ack_recv,latency_ack,3854,C4_lidar_medium,C4_lidar_medium,91,off,medium,False,True,rtt=5.09ms
1779496597.7168114,ack_recv,latency_ack,3855,C4_lidar_medium,C4_lidar_medium,91,off,medium,False,True,rtt=12.73ms
1779496597.8096502,ack_recv,latency_ack,3856,C4_lidar_medium,C4_lidar_medium,91,off,medium,False,True,rtt=5.62ms
1779496597.918834,ack_recv,latency_ack,3857,C4_lidar_medium,C4_lidar_medium,91,off,medium,False,True,rtt=13.82ms
1779496598.026183,ack_recv,latency_ack,3858,C4_lidar_medium,C4_lidar_medium,91,off,medium,False,True,rtt=20.75ms
1779496598.1238966,ack_recv,latency_ack,3859,C4_lidar_medium,C4_lidar_medium,91,off,medium,False,True,rtt=18.00ms
1779496598.2276642,ack_recv,latency_ack,3860,C4_lidar_medium,C4_lidar_medium,91,off,medium,False,True,rtt=20.47ms
1779496598.3179338,ack_recv,latency_ack,3861,C4_lidar_medium,C4_lidar_medium,91,off,medium,False,True,rtt=10.62ms
1779496598.413622,ack_recv,latency_ack,3862,C4_lidar_medium,C4_lidar_medium,91,off,medium,False,True,rtt=5.51ms
1779496598.5205762,ack_recv,latency_ack,3863,C4_lidar_medium,C4_lidar_medium,91,off,medium,False,True,rtt=11.91ms
1779496598.6901662,ack_recv,latency_ack,3864,C4_lidar_medium,C4_lidar_medium,91,off,medium,False,True,rtt=81.10ms
1779496598.7563658,ack_recv,latency_ack,3865,C4_lidar_medium,C4_lidar_medium,91,off,medium,False,True,rtt=46.43ms
1779496598.8409688,ack_recv,latency_ack,3866,C4_lidar_medium,C4_lidar_medium,91,off,medium,False,True,rtt=30.51ms
1779496598.9296696,ack_recv,latency_ack,3867,C4_lidar_medium,C4_lidar_medium,91,off,medium,False,True,rtt=18.92ms
1779496599.0340576,ack_recv,latency_ack,3868,C4_lidar_medium,C4_lidar_medium,91,off,medium,False,True,rtt=22.71ms
1779496599.147456,ack_recv,latency_ack,3869,C4_lidar_medium,C4_lidar_medium,91,off,medium,False,True,rtt=35.71ms
1779496599.2232554,ack_recv,latency_ack,3870,C4_lidar_medium,C4_lidar_medium,91,off,medium,False,True,rtt=10.74ms
1779496599.328761,ack_recv,latency_ack,3871,C4_lidar_medium,C4_lidar_medium,91,off,medium,False,True,rtt=15.77ms
1779496599.4295228,ack_recv,latency_ack,3872,C4_lidar_medium,C4_lidar_medium,91,off,medium,False,True,rtt=16.32ms
1779496599.5340538,ack_recv,latency_ack,3873,C4_lidar_medium,C4_lidar_medium,91,off,medium,False,True,rtt=20.00ms
1779496599.6335795,ack_recv,latency_ack,3874,C4_lidar_medium,C4_lidar_medium,91,off,medium,False,True,rtt=19.24ms
1779496599.7369058,ack_recv,latency_ack,3875,C4_lidar_medium,C4_lidar_medium,91,off,medium,False,True,rtt=22.01ms
1779496599.8276947,ack_recv,latency_ack,3876,C4_lidar_medium,C4_lidar_medium,91,off,medium,False,True,rtt=12.24ms
1779496599.9200437,ack_recv,latency_ack,3877,C4_lidar_medium,C4_lidar_medium,91,off,medium,False,True,rtt=4.42ms
1779496600.071774,ack_recv,latency_ack,3878,C4_lidar_medium,C4_lidar_medium,91,off,medium,False,True,rtt=55.32ms
1779496600.154726,ack_recv,latency_ack,3879,C4_lidar_medium,C4_lidar_medium,91,off,medium,False,True,rtt=37.67ms
1779496600.238179,ack_recv,latency_ack,3880,C4_lidar_medium,C4_lidar_medium,91,off,medium,False,True,rtt=20.42ms
1779496600.3261554,ack_recv,latency_ack,3881,C4_lidar_medium,C4_lidar_medium,91,off,medium,False,True,rtt=8.22ms
1779496600.4417243,ack_recv,latency_ack,3882,C4_lidar_medium,C4_lidar_medium,91,off,medium,False,True,rtt=23.41ms
1779496600.5349736,ack_recv,latency_ack,3883,C4_lidar_medium,C4_lidar_medium,91,off,medium,False,True,rtt=16.27ms
1779496600.6316202,ack_recv,latency_ack,3884,C4_lidar_medium,C4_lidar_medium,91,off,medium,False,True,rtt=12.61ms
1779496600.7835155,ack_recv,latency_ack,3885,C4_lidar_medium,C4_lidar_medium,91,off,medium,False,True,rtt=64.17ms
1779496600.8678555,ack_recv,latency_ack,3886,C4_lidar_medium,C4_lidar_medium,91,off,medium,False,True,rtt=47.63ms
1779496600.9549263,ack_recv,latency_ack,3887,C4_lidar_medium,C4_lidar_medium,91,off,medium,False,True,rtt=34.46ms
1779496601.0403857,ack_recv,latency_ack,3888,C4_lidar_medium,C4_lidar_medium,91,off,medium,False,True,rtt=14.88ms
1779496601.1935508,ack_recv,latency_ack,3889,C4_lidar_medium,C4_lidar_medium,91,off,medium,False,True,rtt=67.29ms
1779496601.283031,ack_recv,latency_ack,3890,C4_lidar_medium,C4_lidar_medium,91,off,medium,False,True,rtt=56.59ms
1779496601.3678854,ack_recv,latency_ack,3891,C4_lidar_medium,C4_lidar_medium,91,off,medium,False,True,rtt=41.30ms
1779496601.451449,ack_recv,latency_ack,3892,C4_lidar_medium,C4_lidar_medium,91,off,medium,False,True,rtt=24.34ms
1779496601.536073,ack_recv,latency_ack,3893,C4_lidar_medium,C4_lidar_medium,91,off,medium,False,True,rtt=8.68ms
1779496601.7051451,ack_recv,latency_ack,3894,C4_lidar_medium,C4_lidar_medium,91,off,medium,False,True,rtt=77.46ms
1779496601.788679,ack_recv,latency_ack,3895,C4_lidar_medium,C4_lidar_medium,91,off,medium,False,True,rtt=60.13ms
1779496601.8789742,ack_recv,latency_ack,3896,C4_lidar_medium,C4_lidar_medium,91,off,medium,False,True,rtt=48.77ms
1779496601.9621863,ack_recv,latency_ack,3897,C4_lidar_medium,C4_lidar_medium,91,off,medium,False,True,rtt=32.02ms
1779496602.0530179,ack_recv,latency_ack,3898,C4_lidar_medium,C4_lidar_medium,91,off,medium,False,True,rtt=22.48ms
1779496602.1515265,ack_recv,latency_ack,3899,C4_lidar_medium,C4_lidar_medium,91,off,medium,False,True,rtt=20.19ms
1779496602.2597158,ack_recv,latency_ack,3900,C4_lidar_medium,C4_lidar_medium,91,off,medium,False,True,rtt=28.02ms
1779496602.3561487,ack_recv,latency_ack,3901,C4_lidar_medium,C4_lidar_medium,91,off,medium,False,True,rtt=23.94ms
1779496602.4523304,ack_recv,latency_ack,3902,C4_lidar_medium,C4_lidar_medium,91,off,medium,False,True,rtt=19.64ms
1779496602.5571845,ack_recv,latency_ack,3903,C4_lidar_medium,C4_lidar_medium,91,off,medium,False,True,rtt=24.01ms
1779496602.6588378,ack_recv,latency_ack,3904,C4_lidar_medium,C4_lidar_medium,91,off,medium,False,True,rtt=25.44ms
1779496602.7522295,ack_recv,latency_ack,3905,C4_lidar_medium,C4_lidar_medium,91,off,medium,False,True,rtt=18.36ms
1779496602.849105,ack_recv,latency_ack,3906,C4_lidar_medium,C4_lidar_medium,91,off,medium,False,True,rtt=14.72ms
1779496602.9491713,ack_recv,latency_ack,3907,C4_lidar_medium,C4_lidar_medium,91,off,medium,False,True,rtt=14.13ms
1779496603.0576692,ack_recv,latency_ack,3908,C4_lidar_medium,C4_lidar_medium,91,off,medium,False,True,rtt=22.38ms
1779496603.1572433,ack_recv,latency_ack,3909,C4_lidar_medium,C4_lidar_medium,91,off,medium,False,True,rtt=21.62ms
1779496603.2419777,ack_recv,latency_ack,3910,C4_lidar_medium,C4_lidar_medium,91,off,medium,False,True,rtt=6.09ms
1779496603.3494132,ack_recv,latency_ack,3911,C4_lidar_medium,C4_lidar_medium,91,off,medium,False,True,rtt=13.19ms
1779496603.4573147,ack_recv,latency_ack,3912,C4_lidar_medium,C4_lidar_medium,91,off,medium,False,True,rtt=20.86ms
1779496603.5641823,ack_recv,latency_ack,3913,C4_lidar_medium,C4_lidar_medium,91,off,medium,False,True,rtt=27.15ms
1779496603.675987,ack_recv,latency_ack,3914,C4_lidar_medium,C4_lidar_medium,91,off,medium,False,True,rtt=38.37ms
1779496603.747435,ack_recv,latency_ack,3915,C4_lidar_medium,C4_lidar_medium,91,off,medium,False,True,rtt=9.63ms
1779496603.8568943,ack_recv,latency_ack,3916,C4_lidar_medium,C4_lidar_medium,91,off,medium,False,True,rtt=18.63ms
1779496603.951259,ack_recv,latency_ack,3917,C4_lidar_medium,C4_lidar_medium,91,off,medium,False,True,rtt=12.67ms
1779496604.046433,ack_recv,latency_ack,3918,C4_lidar_medium,C4_lidar_medium,91,off,medium,False,True,rtt=7.18ms
1779496604.152512,ack_recv,latency_ack,3919,C4_lidar_medium,C4_lidar_medium,91,off,medium,False,True,rtt=12.66ms
1779496604.260607,ack_recv,latency_ack,3920,C4_lidar_medium,C4_lidar_medium,91,off,medium,False,True,rtt=19.95ms
1779496604.3538682,ack_recv,latency_ack,3921,C4_lidar_medium,C4_lidar_medium,91,off,medium,False,True,rtt=12.83ms
1779496604.4645371,ack_recv,latency_ack,3922,C4_lidar_medium,C4_lidar_medium,91,off,medium,False,True,rtt=23.08ms
1779496604.5472238,ack_recv,latency_ack,3923,C4_lidar_medium,C4_lidar_medium,91,off,medium,False,True,rtt=5.48ms
1779496604.6969907,ack_recv,latency_ack,3924,C4_lidar_medium,C4_lidar_medium,91,off,medium,False,True,rtt=53.57ms
1779496604.7820067,ack_recv,latency_ack,3925,C4_lidar_medium,C4_lidar_medium,91,off,medium,False,True,rtt=38.05ms
1779496604.8672404,ack_recv,latency_ack,3926,C4_lidar_medium,C4_lidar_medium,91,off,medium,False,True,rtt=22.86ms
1779496604.958251,ack_recv,latency_ack,3927,C4_lidar_medium,C4_lidar_medium,91,off,medium,False,True,rtt=13.28ms
1779496605.0632439,ack_recv,latency_ack,3928,C4_lidar_medium,C4_lidar_medium,91,off,medium,False,True,rtt=14.51ms
1779496605.1584141,ack_recv,latency_ack,3929,C4_lidar_medium,C4_lidar_medium,91,off,medium,False,True,rtt=9.23ms
1779496605.2673597,ack_recv,latency_ack,3930,C4_lidar_medium,C4_lidar_medium,91,off,medium,False,True,rtt=17.90ms
1779496605.3616796,ack_recv,latency_ack,3931,C4_lidar_medium,C4_lidar_medium,91,off,medium,False,True,rtt=10.84ms
1779496605.4718184,ack_recv,latency_ack,3932,C4_lidar_medium,C4_lidar_medium,91,off,medium,False,True,rtt=21.04ms
1779496605.5605156,ack_recv,latency_ack,3933,C4_lidar_medium,C4_lidar_medium,91,off,medium,False,True,rtt=7.62ms
1779496605.7230053,ack_recv,latency_ack,3934,C4_lidar_medium,C4_lidar_medium,91,off,medium,False,True,rtt=68.82ms
1779496605.8099763,ack_recv,latency_ack,3935,C4_lidar_medium,C4_lidar_medium,91,off,medium,False,True,rtt=55.62ms
1779496605.89717,ack_recv,latency_ack,3936,C4_lidar_medium,C4_lidar_medium,91,off,medium,False,True,rtt=42.49ms
1779496605.9821386,ack_recv,latency_ack,3937,C4_lidar_medium,C4_lidar_medium,91,off,medium,False,True,rtt=26.87ms
1779496606.0731285,ack_recv,latency_ack,3938,C4_lidar_medium,C4_lidar_medium,91,off,medium,False,True,rtt=4.56ms
1779496606.190904,ack_recv,latency_ack,3939,C4_lidar_medium,C4_lidar_medium,91,off,medium,False,True,rtt=21.47ms
1779496606.306755,ack_recv,latency_ack,3940,C4_lidar_medium,C4_lidar_medium,91,off,medium,False,True,rtt=36.98ms
1779496606.3901591,ack_recv,latency_ack,3941,C4_lidar_medium,C4_lidar_medium,91,off,medium,False,True,rtt=19.00ms
1779496606.4842188,ack_recv,latency_ack,3942,C4_lidar_medium,C4_lidar_medium,91,off,medium,False,True,rtt=13.56ms
1779496606.5923274,ack_recv,latency_ack,3943,C4_lidar_medium,C4_lidar_medium,91,off,medium,False,True,rtt=20.86ms
1779496606.7529306,ack_recv,latency_ack,3944,C4_lidar_medium,C4_lidar_medium,91,off,medium,False,True,rtt=80.79ms
1779496606.778788,ack_recv,latency_ack,3945,C4_lidar_medium,C4_lidar_medium,91,off,medium,False,True,rtt=5.88ms
1779496606.8891282,ack_recv,latency_ack,3946,C4_lidar_medium,C4_lidar_medium,91,off,medium,False,True,rtt=16.07ms
1779496607.0244005,ack_recv,latency_ack,3947,C4_lidar_medium,C4_lidar_medium,91,off,medium,False,True,rtt=50.94ms
1779496607.0899787,ack_recv,latency_ack,3948,C4_lidar_medium,C4_lidar_medium,91,off,medium,False,True,rtt=16.13ms
1779496607.194527,ack_recv,latency_ack,3949,C4_lidar_medium,C4_lidar_medium,91,off,medium,False,True,rtt=20.29ms
1779496607.2914941,ack_recv,latency_ack,3950,C4_lidar_medium,C4_lidar_medium,91,off,medium,False,True,rtt=17.13ms
1779496607.3858893,ack_recv,latency_ack,3951,C4_lidar_medium,C4_lidar_medium,91,off,medium,False,True,rtt=11.17ms
1779496607.4960604,ack_recv,latency_ack,3952,C4_lidar_medium,C4_lidar_medium,91,off,medium,False,True,rtt=21.01ms
1779496607.5884135,ack_recv,latency_ack,3953,C4_lidar_medium,C4_lidar_medium,91,off,medium,False,True,rtt=12.93ms
1779496607.7124655,ack_recv,latency_ack,3954,C4_lidar_medium,C4_lidar_medium,91,off,medium,False,True,rtt=36.44ms
1779496607.7888787,ack_recv,latency_ack,3955,C4_lidar_medium,C4_lidar_medium,91,off,medium,False,True,rtt=12.45ms
1779496607.883279,ack_recv,latency_ack,3956,C4_lidar_medium,C4_lidar_medium,91,off,medium,False,True,rtt=6.36ms
1779496607.991957,ack_recv,latency_ack,3957,C4_lidar_medium,C4_lidar_medium,91,off,medium,False,True,rtt=14.16ms
1779496608.0879762,ack_recv,latency_ack,3958,C4_lidar_medium,C4_lidar_medium,91,off,medium,False,True,rtt=8.65ms
1779496608.2006335,ack_recv,latency_ack,3959,C4_lidar_medium,C4_lidar_medium,91,off,medium,False,True,rtt=21.39ms
1779496608.2910428,ack_recv,latency_ack,3960,C4_lidar_medium,C4_lidar_medium,91,off,medium,False,True,rtt=11.29ms
1779496608.3975408,ack_recv,latency_ack,3961,C4_lidar_medium,C4_lidar_medium,91,off,medium,False,True,rtt=17.57ms
1779496608.4885209,ack_recv,latency_ack,3962,C4_lidar_medium,C4_lidar_medium,91,off,medium,False,True,rtt=8.07ms
1779496608.5941138,ack_recv,latency_ack,3963,C4_lidar_medium,C4_lidar_medium,91,off,medium,False,True,rtt=13.38ms
1779496608.6896808,ack_recv,latency_ack,3964,C4_lidar_medium,C4_lidar_medium,91,off,medium,False,True,rtt=8.23ms
1779496608.796131,ack_recv,latency_ack,3965,C4_lidar_medium,C4_lidar_medium,91,off,medium,False,True,rtt=14.16ms
1779496608.889204,ack_recv,latency_ack,3966,C4_lidar_medium,C4_lidar_medium,91,off,medium,False,True,rtt=6.40ms
1779496608.999876,ack_recv,latency_ack,3967,C4_lidar_medium,C4_lidar_medium,91,off,medium,False,True,rtt=16.26ms
1779496609.1271803,ack_recv,latency_ack,3968,C4_lidar_medium,C4_lidar_medium,91,off,medium,False,True,rtt=42.91ms
1779496609.220368,ack_recv,latency_ack,3969,C4_lidar_medium,C4_lidar_medium,91,off,medium,False,True,rtt=35.79ms
1779496609.3043017,ack_recv,latency_ack,3970,C4_lidar_medium,C4_lidar_medium,91,off,medium,False,True,rtt=19.48ms
1779496609.409913,ack_recv,latency_ack,3971,C4_lidar_medium,C4_lidar_medium,91,off,medium,False,True,rtt=24.39ms
1779496609.5124946,ack_recv,latency_ack,3972,C4_lidar_medium,C4_lidar_medium,91,off,medium,False,True,rtt=26.40ms
1779496609.61391,ack_recv,latency_ack,3973,C4_lidar_medium,C4_lidar_medium,91,off,medium,False,True,rtt=27.24ms
1779496609.705151,ack_recv,latency_ack,3974,C4_lidar_medium,C4_lidar_medium,91,off,medium,False,True,rtt=17.53ms
1779496609.8090415,ack_recv,latency_ack,3975,C4_lidar_medium,C4_lidar_medium,91,off,medium,False,True,rtt=21.00ms
1779496609.9033356,ack_recv,latency_ack,3976,C4_lidar_medium,C4_lidar_medium,91,off,medium,False,True,rtt=14.80ms
1779496610.0086045,ack_recv,latency_ack,3977,C4_lidar_medium,C4_lidar_medium,91,off,medium,False,True,rtt=19.83ms
1779496610.104033,ack_recv,latency_ack,3978,C4_lidar_medium,C4_lidar_medium,91,off,medium,False,True,rtt=14.57ms
1779496610.2137704,ack_recv,latency_ack,3979,C4_lidar_medium,C4_lidar_medium,91,off,medium,False,True,rtt=24.12ms
1779496610.3025663,ack_recv,latency_ack,3980,C4_lidar_medium,C4_lidar_medium,91,off,medium,False,True,rtt=12.01ms
1779496610.3998377,ack_recv,latency_ack,3981,C4_lidar_medium,C4_lidar_medium,91,off,medium,False,True,rtt=9.05ms
1779496610.505451,ack_recv,latency_ack,3982,C4_lidar_medium,C4_lidar_medium,91,off,medium,False,True,rtt=14.51ms
1779496610.5963702,ack_recv,latency_ack,3983,C4_lidar_medium,C4_lidar_medium,91,off,medium,False,True,rtt=4.98ms
1779496610.7119467,ack_recv,latency_ack,3984,C4_lidar_medium,C4_lidar_medium,91,off,medium,False,True,rtt=20.18ms
1779496610.8008704,ack_recv,latency_ack,3985,C4_lidar_medium,C4_lidar_medium,91,off,medium,False,True,rtt=8.62ms
1779496610.9112482,ack_recv,latency_ack,3986,C4_lidar_medium,C4_lidar_medium,91,off,medium,False,True,rtt=18.74ms
1779496611.0025365,ack_recv,latency_ack,3987,C4_lidar_medium,C4_lidar_medium,91,off,medium,False,True,rtt=9.58ms
1779496611.1128435,ack_recv,latency_ack,3988,C4_lidar_medium,C4_lidar_medium,91,off,medium,False,True,rtt=19.46ms
1779496611.240155,ack_recv,latency_ack,3989,C4_lidar_medium,C4_lidar_medium,91,off,medium,False,True,rtt=46.64ms
1779496611.3094666,ack_recv,latency_ack,3990,C4_lidar_medium,C4_lidar_medium,91,off,medium,False,True,rtt=15.49ms
1779496611.4049425,ack_recv,latency_ack,3991,C4_lidar_medium,C4_lidar_medium,91,off,medium,False,True,rtt=10.32ms
1779496611.5185397,ack_recv,latency_ack,3992,C4_lidar_medium,C4_lidar_medium,91,off,medium,False,True,rtt=23.22ms
1779496611.620093,ack_recv,latency_ack,3993,C4_lidar_medium,C4_lidar_medium,91,off,medium,False,True,rtt=24.00ms
1779496611.720011,ack_recv,latency_ack,3994,C4_lidar_medium,C4_lidar_medium,91,off,medium,False,True,rtt=22.65ms
1779496611.807101,ack_recv,latency_ack,3995,C4_lidar_medium,C4_lidar_medium,91,off,medium,False,True,rtt=9.92ms
1779496611.9144564,ack_recv,latency_ack,3996,C4_lidar_medium,C4_lidar_medium,91,off,medium,False,True,rtt=16.79ms
1779496612.0089324,ack_recv,latency_ack,3997,C4_lidar_medium,C4_lidar_medium,91,off,medium,False,True,rtt=10.66ms
1779496612.1060271,ack_recv,latency_ack,3998,C4_lidar_medium,C4_lidar_medium,91,off,medium,False,True,rtt=7.60ms
1779496612.2094314,ack_recv,latency_ack,3999,C4_lidar_medium,C4_lidar_medium,91,off,medium,False,True,rtt=10.36ms
1779496612.318781,ack_recv,latency_ack,4000,C4_lidar_medium,C4_lidar_medium,91,off,medium,False,True,rtt=19.42ms
1779496612.409362,ack_recv,latency_ack,4001,C4_lidar_medium,C4_lidar_medium,91,off,medium,False,True,rtt=9.82ms
1779496612.5190287,ack_recv,latency_ack,4002,C4_lidar_medium,C4_lidar_medium,91,off,medium,False,True,rtt=18.68ms
1779496612.605376,ack_recv,latency_ack,4003,C4_lidar_medium,C4_lidar_medium,91,off,medium,False,True,rtt=4.75ms
1779496612.7057002,ack_recv,latency_ack,4004,C4_lidar_medium,C4_lidar_medium,91,off,medium,False,True,rtt=4.79ms
1779496612.8259292,ack_recv,latency_ack,4005,C4_lidar_medium,C4_lidar_medium,91,off,medium,False,True,rtt=24.62ms
1779496612.9084234,ack_recv,latency_ack,4006,C4_lidar_medium,C4_lidar_medium,91,off,medium,False,True,rtt=6.58ms
1779496613.0150843,ack_recv,latency_ack,4007,C4_lidar_medium,C4_lidar_medium,91,off,medium,False,True,rtt=12.79ms
1779496613.111824,ack_recv,latency_ack,4008,C4_lidar_medium,C4_lidar_medium,91,off,medium,False,True,rtt=7.90ms
1779496613.2185013,ack_recv,latency_ack,4009,C4_lidar_medium,C4_lidar_medium,91,off,medium,False,True,rtt=14.03ms
1779496613.3644896,ack_recv,latency_ack,4010,C4_lidar_medium,C4_lidar_medium,91,off,medium,False,True,rtt=59.78ms
1779496613.50885,ack_recv,latency_ack,4011,C4_lidar_medium,C4_lidar_medium,91,off,medium,False,True,rtt=103.81ms
1779496613.512033,ack_recv,latency_ack,4012,C4_lidar_medium,C4_lidar_medium,91,off,medium,False,True,rtt=6.77ms
1779496613.614447,ack_recv,latency_ack,4013,C4_lidar_medium,C4_lidar_medium,91,off,medium,False,True,rtt=8.00ms
1779496613.718696,ack_recv,latency_ack,4014,C4_lidar_medium,C4_lidar_medium,91,off,medium,False,True,rtt=10.39ms
1779496613.8255742,ack_recv,latency_ack,4015,C4_lidar_medium,C4_lidar_medium,91,off,medium,False,True,rtt=17.97ms
1779496613.9210224,ack_recv,latency_ack,4016,C4_lidar_medium,C4_lidar_medium,91,off,medium,False,True,rtt=12.86ms
1779496614.0248873,ack_recv,latency_ack,4017,C4_lidar_medium,C4_lidar_medium,91,off,medium,False,True,rtt=16.52ms
1779496614.1152604,ack_recv,latency_ack,4018,C4_lidar_medium,C4_lidar_medium,91,off,medium,False,True,rtt=6.28ms
1779496614.2366781,ack_recv,latency_ack,4019,C4_lidar_medium,C4_lidar_medium,91,off,medium,False,True,rtt=25.34ms
1779496614.3261912,ack_recv,latency_ack,4020,C4_lidar_medium,C4_lidar_medium,91,off,medium,False,True,rtt=15.55ms
1779496614.4177573,ack_recv,latency_ack,4021,C4_lidar_medium,C4_lidar_medium,91,off,medium,False,True,rtt=6.17ms
1779496614.5305316,ack_recv,latency_ack,4022,C4_lidar_medium,C4_lidar_medium,91,off,medium,False,True,rtt=18.06ms
1779496614.6390626,ack_recv,latency_ack,4023,C4_lidar_medium,C4_lidar_medium,91,off,medium,False,True,rtt=22.35ms
1779496614.7408743,ack_recv,latency_ack,4024,C4_lidar_medium,C4_lidar_medium,91,off,medium,False,True,rtt=23.23ms
1779496614.827749,ack_recv,latency_ack,4025,C4_lidar_medium,C4_lidar_medium,91,off,medium,False,True,rtt=9.60ms
1779496614.9342263,ack_recv,latency_ack,4026,C4_lidar_medium,C4_lidar_medium,91,off,medium,False,True,rtt=15.63ms
1779496615.0265086,ack_recv,latency_ack,4027,C4_lidar_medium,C4_lidar_medium,91,off,medium,False,True,rtt=7.53ms
1779496615.147793,ack_recv,latency_ack,4028,C4_lidar_medium,C4_lidar_medium,91,off,medium,False,True,rtt=28.62ms
1779496615.2488794,ack_recv,latency_ack,4029,C4_lidar_medium,C4_lidar_medium,91,off,medium,False,True,rtt=29.21ms
1779496615.3457596,ack_recv,latency_ack,4030,C4_lidar_medium,C4_lidar_medium,91,off,medium,False,True,rtt=25.73ms
1779496615.4312115,ack_recv,latency_ack,4031,C4_lidar_medium,C4_lidar_medium,91,off,medium,False,True,rtt=10.63ms
1779496615.5363364,ack_recv,latency_ack,4032,C4_lidar_medium,C4_lidar_medium,91,off,medium,False,True,rtt=14.54ms
1779496615.6529534,ack_recv,latency_ack,4033,C4_lidar_medium,C4_lidar_medium,91,off,medium,False,True,rtt=29.36ms
1779496615.7481723,ack_recv,latency_ack,4034,C4_lidar_medium,C4_lidar_medium,91,off,medium,False,True,rtt=23.30ms
1779496615.835058,ack_recv,latency_ack,4035,C4_lidar_medium,C4_lidar_medium,91,off,medium,False,True,rtt=10.00ms
1779496615.9408777,ack_recv,latency_ack,4036,C4_lidar_medium,C4_lidar_medium,91,off,medium,False,True,rtt=14.95ms
1779496616.034922,ack_recv,latency_ack,4037,C4_lidar_medium,C4_lidar_medium,91,off,medium,False,True,rtt=8.78ms
1779496616.135183,ack_recv,latency_ack,4038,C4_lidar_medium,C4_lidar_medium,91,off,medium,False,True,rtt=8.18ms
1779496616.3008869,ack_recv,latency_ack,4039,C4_lidar_medium,C4_lidar_medium,91,off,medium,False,True,rtt=73.17ms
1779496616.3360627,ack_recv,latency_ack,4040,C4_lidar_medium,C4_lidar_medium,91,off,medium,False,True,rtt=7.90ms
1779496616.4433236,ack_recv,latency_ack,4041,C4_lidar_medium,C4_lidar_medium,91,off,medium,False,True,rtt=14.42ms
1779496616.5369399,ack_recv,latency_ack,4042,C4_lidar_medium,C4_lidar_medium,91,off,medium,False,True,rtt=7.42ms
1779496616.6357794,ack_recv,latency_ack,4043,C4_lidar_medium,C4_lidar_medium,91,off,medium,False,True,rtt=5.79ms
1779496616.7594535,ack_recv,latency_ack,4044,C4_lidar_medium,C4_lidar_medium,91,off,medium,False,True,rtt=28.88ms
1779496616.8522537,ack_recv,latency_ack,4045,C4_lidar_medium,C4_lidar_medium,91,off,medium,False,True,rtt=20.91ms
1779496616.9482937,ack_recv,latency_ack,4046,C4_lidar_medium,C4_lidar_medium,91,off,medium,False,True,rtt=16.11ms
1779496617.0539165,ack_recv,latency_ack,4047,C4_lidar_medium,C4_lidar_medium,91,off,medium,False,True,rtt=21.05ms
1779496617.1469746,ack_recv,latency_ack,4048,C4_lidar_medium,C4_lidar_medium,91,off,medium,False,True,rtt=13.05ms
1779496617.2635686,ack_recv,latency_ack,4049,C4_lidar_medium,C4_lidar_medium,91,off,medium,False,True,rtt=29.17ms
1779496617.352427,ack_recv,latency_ack,4050,C4_lidar_medium,C4_lidar_medium,91,off,medium,False,True,rtt=16.88ms
1779496617.4464784,ack_recv,latency_ack,4051,C4_lidar_medium,C4_lidar_medium,91,off,medium,False,True,rtt=10.36ms
1779496617.5514085,ack_recv,latency_ack,4052,C4_lidar_medium,C4_lidar_medium,91,off,medium,False,True,rtt=14.50ms
1779496617.6464202,ack_recv,latency_ack,4053,C4_lidar_medium,C4_lidar_medium,91,off,medium,False,True,rtt=9.27ms
1779496617.7616935,ack_recv,latency_ack,4054,C4_lidar_medium,C4_lidar_medium,91,off,medium,False,True,rtt=23.93ms
1779496617.8525326,ack_recv,latency_ack,4055,C4_lidar_medium,C4_lidar_medium,91,off,medium,False,True,rtt=13.88ms
1779496617.9603777,ack_recv,latency_ack,4056,C4_lidar_medium,C4_lidar_medium,91,off,medium,False,True,rtt=20.85ms
1779496618.0552921,ack_recv,latency_ack,4057,C4_lidar_medium,C4_lidar_medium,91,off,medium,False,True,rtt=15.04ms
1779496618.1469288,ack_recv,latency_ack,4058,C4_lidar_medium,C4_lidar_medium,91,off,medium,False,True,rtt=6.37ms
1779496618.3001342,ack_recv,latency_ack,4059,C4_lidar_medium,C4_lidar_medium,91,off,medium,False,True,rtt=59.32ms
1779496618.400689,ack_recv,latency_ack,4060,C4_lidar_medium,C4_lidar_medium,91,off,medium,False,True,rtt=59.22ms
1779496618.4754984,ack_recv,latency_ack,4061,C4_lidar_medium,C4_lidar_medium,91,off,medium,False,True,rtt=33.26ms
1779496618.5629387,ack_recv,latency_ack,4062,C4_lidar_medium,C4_lidar_medium,91,off,medium,False,True,rtt=20.01ms
1779496618.6588855,ack_recv,latency_ack,4063,C4_lidar_medium,C4_lidar_medium,91,off,medium,False,True,rtt=6.12ms
1779496618.8096266,ack_recv,latency_ack,4064,C4_lidar_medium,C4_lidar_medium,91,off,medium,False,True,rtt=55.78ms
1779496618.90549,ack_recv,latency_ack,4065,C4_lidar_medium,C4_lidar_medium,91,off,medium,False,True,rtt=51.04ms
1779496618.9791389,ack_recv,latency_ack,4066,C4_lidar_medium,C4_lidar_medium,91,off,medium,False,True,rtt=23.92ms
1779496619.0780778,ack_recv,latency_ack,4067,C4_lidar_medium,C4_lidar_medium,91,off,medium,False,True,rtt=22.55ms
1779496619.1700842,ack_recv,latency_ack,4068,C4_lidar_medium,C4_lidar_medium,91,off,medium,False,True,rtt=14.20ms
1779496619.2615755,ack_recv,latency_ack,4069,C4_lidar_medium,C4_lidar_medium,91,off,medium,False,True,rtt=5.23ms
1779496619.3720906,ack_recv,latency_ack,4070,C4_lidar_medium,C4_lidar_medium,91,off,medium,False,True,rtt=15.25ms
1779496619.4665182,ack_recv,latency_ack,4071,C4_lidar_medium,C4_lidar_medium,91,off,medium,False,True,rtt=9.20ms
1779496619.5703607,ack_recv,latency_ack,4072,C4_lidar_medium,C4_lidar_medium,91,off,medium,False,True,rtt=12.50ms
1779496619.6802351,ack_recv,latency_ack,4073,C4_lidar_medium,C4_lidar_medium,91,off,medium,False,True,rtt=21.88ms
1779496619.8369546,ack_recv,latency_ack,4074,C4_lidar_medium,C4_lidar_medium,91,off,medium,False,True,rtt=76.97ms
1779496619.8670669,ack_recv,latency_ack,4075,C4_lidar_medium,C4_lidar_medium,91,off,medium,False,True,rtt=7.78ms
1779496619.9792402,ack_recv,latency_ack,4076,C4_lidar_medium,C4_lidar_medium,91,off,medium,False,True,rtt=19.48ms
1779496620.0739644,ack_recv,latency_ack,4077,C4_lidar_medium,C4_lidar_medium,91,off,medium,False,True,rtt=13.73ms
1779496620.1745853,ack_recv,latency_ack,4078,C4_lidar_medium,C4_lidar_medium,91,off,medium,False,True,rtt=7.06ms
1779496620.2857742,ack_recv,latency_ack,4079,C4_lidar_medium,C4_lidar_medium,91,off,medium,False,True,rtt=16.62ms
1779496620.395413,ack_recv,latency_ack,4080,C4_lidar_medium,C4_lidar_medium,91,off,medium,False,True,rtt=26.03ms
1779496620.4900718,ack_recv,latency_ack,4081,C4_lidar_medium,C4_lidar_medium,91,off,medium,False,True,rtt=20.43ms
1779496620.5860813,ack_recv,latency_ack,4082,C4_lidar_medium,C4_lidar_medium,91,off,medium,False,True,rtt=15.35ms
1779496620.6898112,ack_recv,latency_ack,4083,C4_lidar_medium,C4_lidar_medium,91,off,medium,False,True,rtt=18.79ms
1779496620.7910247,ack_recv,latency_ack,4084,C4_lidar_medium,C4_lidar_medium,91,off,medium,False,True,rtt=19.81ms
1779496620.8898122,ack_recv,latency_ack,4085,C4_lidar_medium,C4_lidar_medium,91,off,medium,False,True,rtt=18.42ms
1779496620.986939,ack_recv,latency_ack,4086,C4_lidar_medium,C4_lidar_medium,91,off,medium,False,True,rtt=14.97ms
1779496621.0827868,ack_recv,latency_ack,4087,C4_lidar_medium,C4_lidar_medium,91,off,medium,False,True,rtt=9.75ms
1779496621.1893182,ack_recv,latency_ack,4088,C4_lidar_medium,C4_lidar_medium,91,off,medium,False,True,rtt=15.98ms
1779496621.2928352,ack_recv,latency_ack,4089,C4_lidar_medium,C4_lidar_medium,91,off,medium,False,True,rtt=19.13ms
1779496621.3986819,ack_recv,latency_ack,4090,C4_lidar_medium,C4_lidar_medium,91,off,medium,False,True,rtt=24.38ms
1779496621.4876244,ack_recv,latency_ack,4091,C4_lidar_medium,C4_lidar_medium,91,off,medium,False,True,rtt=12.50ms
1779496621.5946047,ack_recv,latency_ack,4092,C4_lidar_medium,C4_lidar_medium,91,off,medium,False,True,rtt=18.71ms
1779496621.6892786,ack_recv,latency_ack,4093,C4_lidar_medium,C4_lidar_medium,91,off,medium,False,True,rtt=12.93ms
1779496621.8027859,ack_recv,latency_ack,4094,C4_lidar_medium,C4_lidar_medium,91,off,medium,False,True,rtt=26.01ms
1779496621.9232156,ack_recv,latency_ack,4095,C4_lidar_medium,C4_lidar_medium,91,off,medium,False,True,rtt=45.88ms
1779496621.9895546,ack_recv,latency_ack,4096,C4_lidar_medium,C4_lidar_medium,91,off,medium,False,True,rtt=11.92ms
1779496622.1001604,ack_recv,latency_ack,4097,C4_lidar_medium,C4_lidar_medium,91,off,medium,False,True,rtt=21.80ms
1779496622.1919043,ack_recv,latency_ack,4098,C4_lidar_medium,C4_lidar_medium,91,off,medium,False,True,rtt=13.06ms
1779496622.2846124,ack_recv,latency_ack,4099,C4_lidar_medium,C4_lidar_medium,91,off,medium,False,True,rtt=5.51ms
1779496622.396081,ack_recv,latency_ack,4100,C4_lidar_medium,C4_lidar_medium,91,off,medium,False,True,rtt=16.63ms
1779496622.4883728,ack_recv,latency_ack,4101,C4_lidar_medium,C4_lidar_medium,91,off,medium,False,True,rtt=8.10ms
1779496622.6114106,ack_recv,latency_ack,4102,C4_lidar_medium,C4_lidar_medium,91,off,medium,False,True,rtt=30.52ms
1779496622.7017899,ack_recv,latency_ack,4103,C4_lidar_medium,C4_lidar_medium,91,off,medium,False,True,rtt=13.22ms
1779496622.8031507,ack_recv,latency_ack,4104,C4_lidar_medium,C4_lidar_medium,91,off,medium,False,True,rtt=4.22ms
1779496622.9091306,ack_recv,latency_ack,4105,C4_lidar_medium,C4_lidar_medium,91,off,medium,False,True,rtt=9.17ms
1779496623.020429,ack_recv,latency_ack,4106,C4_lidar_medium,C4_lidar_medium,91,off,medium,False,True,rtt=19.51ms
1779496623.1125062,ack_recv,latency_ack,4107,C4_lidar_medium,C4_lidar_medium,91,off,medium,False,True,rtt=11.22ms
1779496623.2234194,ack_recv,latency_ack,4108,C4_lidar_medium,C4_lidar_medium,91,off,medium,False,True,rtt=21.70ms
1779496623.3087692,ack_recv,latency_ack,4109,C4_lidar_medium,C4_lidar_medium,91,off,medium,False,True,rtt=4.51ms
1779496623.4261115,ack_recv,latency_ack,4110,C4_lidar_medium,C4_lidar_medium,91,off,medium,False,True,rtt=21.49ms
1779496623.5148754,ack_recv,latency_ack,4111,C4_lidar_medium,C4_lidar_medium,91,off,medium,False,True,rtt=9.67ms
1779496623.627978,ack_recv,latency_ack,4112,C4_lidar_medium,C4_lidar_medium,91,off,medium,False,True,rtt=22.65ms
1779496623.7180502,ack_recv,latency_ack,4113,C4_lidar_medium,C4_lidar_medium,91,off,medium,False,True,rtt=12.11ms
1779496623.8130903,ack_recv,latency_ack,4114,C4_lidar_medium,C4_lidar_medium,91,off,medium,False,True,rtt=6.63ms
1779496623.9326172,ack_recv,latency_ack,4115,C4_lidar_medium,C4_lidar_medium,91,off,medium,False,True,rtt=25.34ms
1779496624.017471,ack_recv,latency_ack,4116,C4_lidar_medium,C4_lidar_medium,91,off,medium,False,True,rtt=9.85ms
1779496624.1256628,ack_recv,latency_ack,4117,C4_lidar_medium,C4_lidar_medium,91,off,medium,False,True,rtt=17.70ms
1779496624.2136188,ack_recv,latency_ack,4118,C4_lidar_medium,C4_lidar_medium,91,off,medium,False,True,rtt=5.51ms
1779496624.3126297,ack_recv,latency_ack,4119,C4_lidar_medium,C4_lidar_medium,91,off,medium,False,True,rtt=4.41ms
1779496624.4169335,ack_recv,latency_ack,4120,C4_lidar_medium,C4_lidar_medium,91,off,medium,False,True,rtt=8.01ms
1779496624.5263498,ack_recv,latency_ack,4121,C4_lidar_medium,C4_lidar_medium,91,off,medium,False,True,rtt=17.04ms
1779496624.6203802,ack_recv,latency_ack,4122,C4_lidar_medium,C4_lidar_medium,91,off,medium,False,True,rtt=10.16ms
1779496624.7278812,ack_recv,latency_ack,4123,C4_lidar_medium,C4_lidar_medium,91,off,medium,False,True,rtt=17.01ms
1779496624.8159704,ack_recv,latency_ack,4124,C4_lidar_medium,C4_lidar_medium,91,off,medium,False,True,rtt=4.80ms
1779496624.9277992,ack_recv,latency_ack,4125,C4_lidar_medium,C4_lidar_medium,91,off,medium,False,True,rtt=15.63ms
1779496625.022871,ack_recv,latency_ack,4126,C4_lidar_medium,C4_lidar_medium,91,off,medium,False,True,rtt=10.38ms
1779496625.1372318,ack_recv,latency_ack,4127,C4_lidar_medium,C4_lidar_medium,91,off,medium,False,True,rtt=23.84ms
1779496625.2405488,ack_recv,latency_ack,4128,C4_lidar_medium,C4_lidar_medium,91,off,medium,False,True,rtt=26.73ms
1779496625.3241751,ack_recv,latency_ack,4129,C4_lidar_medium,C4_lidar_medium,91,off,medium,False,True,rtt=8.30ms
1779496625.4241521,ack_recv,latency_ack,4130,C4_lidar_medium,C4_lidar_medium,91,off,medium,False,True,rtt=7.89ms
1779496625.5341418,ack_recv,latency_ack,4131,C4_lidar_medium,C4_lidar_medium,91,off,medium,False,True,rtt=17.06ms
1779496625.6653771,ack_recv,latency_ack,4132,C4_lidar_medium,C4_lidar_medium,91,off,medium,False,True,rtt=47.53ms
1779496625.7360072,ack_recv,latency_ack,4133,C4_lidar_medium,C4_lidar_medium,91,off,medium,False,True,rtt=17.72ms
1779496625.848198,ack_recv,latency_ack,4134,C4_lidar_medium,C4_lidar_medium,91,off,medium,False,True,rtt=29.20ms
1779496625.944107,ack_recv,latency_ack,4135,C4_lidar_medium,C4_lidar_medium,91,off,medium,False,True,rtt=24.62ms
1779496626.0327692,ack_recv,latency_ack,4136,C4_lidar_medium,C4_lidar_medium,91,off,medium,False,True,rtt=12.86ms
1779496626.1808054,ack_recv,latency_ack,4137,C4_lidar_medium,C4_lidar_medium,91,off,medium,False,True,rtt=60.44ms
1779496626.2332146,ack_recv,latency_ack,4138,C4_lidar_medium,C4_lidar_medium,91,off,medium,False,True,rtt=12.28ms
1779496626.3423867,ack_recv,latency_ack,4139,C4_lidar_medium,C4_lidar_medium,91,off,medium,False,True,rtt=20.89ms
1779496626.4343424,ack_recv,latency_ack,4140,C4_lidar_medium,C4_lidar_medium,91,off,medium,False,True,rtt=11.46ms
1779496626.5414462,ack_recv,latency_ack,4141,C4_lidar_medium,C4_lidar_medium,91,off,medium,False,True,rtt=18.05ms
1779496626.6340597,ack_recv,latency_ack,4142,C4_lidar_medium,C4_lidar_medium,91,off,medium,False,True,rtt=10.03ms
1779496626.7421913,ack_recv,latency_ack,4143,C4_lidar_medium,C4_lidar_medium,91,off,medium,False,True,rtt=17.44ms
1779496626.8370728,ack_recv,latency_ack,4144,C4_lidar_medium,C4_lidar_medium,91,off,medium,False,True,rtt=11.58ms
1779496626.9326441,ack_recv,latency_ack,4145,C4_lidar_medium,C4_lidar_medium,91,off,medium,False,True,rtt=6.67ms
1779496627.0383787,ack_recv,latency_ack,4146,C4_lidar_medium,C4_lidar_medium,91,off,medium,False,True,rtt=11.80ms
1779496627.1485782,ack_recv,latency_ack,4147,C4_lidar_medium,C4_lidar_medium,91,off,medium,False,True,rtt=21.78ms
1779496627.2377925,ack_recv,latency_ack,4148,C4_lidar_medium,C4_lidar_medium,91,off,medium,False,True,rtt=10.76ms
1779496627.3321404,ack_recv,latency_ack,4149,C4_lidar_medium,C4_lidar_medium,91,off,medium,False,True,rtt=4.89ms
1779496627.4427447,ack_recv,latency_ack,4150,C4_lidar_medium,C4_lidar_medium,91,off,medium,False,True,rtt=14.51ms
1779496627.550733,ack_recv,latency_ack,4151,C4_lidar_medium,C4_lidar_medium,91,off,medium,False,True,rtt=22.10ms
1779496627.6455872,ack_recv,latency_ack,4152,C4_lidar_medium,C4_lidar_medium,91,off,medium,False,True,rtt=16.81ms
1779496627.7424524,ack_recv,latency_ack,4153,C4_lidar_medium,C4_lidar_medium,91,off,medium,False,True,rtt=13.04ms
1779496627.8414443,ack_recv,latency_ack,4154,C4_lidar_medium,C4_lidar_medium,91,off,medium,False,True,rtt=5.62ms
1779496628.0147467,ack_recv,latency_ack,4155,C4_lidar_medium,C4_lidar_medium,91,off,medium,False,True,rtt=77.89ms
1779496628.0923846,ack_recv,latency_ack,4156,C4_lidar_medium,C4_lidar_medium,91,off,medium,False,True,rtt=55.34ms
1779496628.1767206,ack_recv,latency_ack,4157,C4_lidar_medium,C4_lidar_medium,91,off,medium,False,True,rtt=39.09ms
1779496628.251433,ack_recv,latency_ack,4158,C4_lidar_medium,C4_lidar_medium,91,off,medium,False,True,rtt=13.27ms
1779496628.3547246,ack_recv,latency_ack,4159,C4_lidar_medium,C4_lidar_medium,91,off,medium,False,True,rtt=16.43ms
1779496628.4509351,ack_recv,latency_ack,4160,C4_lidar_medium,C4_lidar_medium,91,off,medium,False,True,rtt=12.38ms
1779496628.559247,ack_recv,latency_ack,4161,C4_lidar_medium,C4_lidar_medium,91,off,medium,False,True,rtt=20.35ms
1779496628.6563418,ack_recv,latency_ack,4162,C4_lidar_medium,C4_lidar_medium,91,off,medium,False,True,rtt=16.37ms
1779496628.757732,ack_recv,latency_ack,4163,C4_lidar_medium,C4_lidar_medium,91,off,medium,False,True,rtt=17.79ms
1779496628.8583398,ack_recv,latency_ack,4164,C4_lidar_medium,C4_lidar_medium,91,off,medium,False,True,rtt=3.63ms
1779496628.967114,ack_recv,latency_ack,4165,C4_lidar_medium,C4_lidar_medium,91,off,medium,False,True,rtt=3.87ms
1779496629.069988,ack_recv,latency_ack,4166,C4_lidar_medium,C4_lidar_medium,91,off,medium,False,True,rtt=5.57ms
1779496629.1842697,ack_recv,latency_ack,4167,C4_lidar_medium,C4_lidar_medium,91,off,medium,False,True,rtt=19.27ms
1779496629.282883,ack_recv,latency_ack,4168,C4_lidar_medium,C4_lidar_medium,91,off,medium,False,True,rtt=17.32ms
1779496629.3966331,ack_recv,latency_ack,4169,C4_lidar_medium,C4_lidar_medium,91,off,medium,False,True,rtt=30.66ms
1779496629.4954352,ack_recv,latency_ack,4170,C4_lidar_medium,C4_lidar_medium,91,off,medium,False,True,rtt=28.96ms
1779496629.5780618,ack_recv,latency_ack,4171,C4_lidar_medium,C4_lidar_medium,91,off,medium,False,True,rtt=10.53ms
1779496629.6884997,ack_recv,latency_ack,4172,C4_lidar_medium,C4_lidar_medium,91,off,medium,False,True,rtt=20.16ms
1779496629.8178709,ack_recv,latency_ack,4173,C4_lidar_medium,C4_lidar_medium,91,off,medium,False,True,rtt=48.67ms
1779496629.9025688,ack_recv,latency_ack,4174,C4_lidar_medium,C4_lidar_medium,91,off,medium,False,True,rtt=33.00ms
1779496629.9891047,ack_recv,latency_ack,4175,C4_lidar_medium,C4_lidar_medium,91,off,medium,False,True,rtt=18.57ms
1779496630.101255,ack_recv,latency_ack,4176,C4_lidar_medium,C4_lidar_medium,91,off,medium,False,True,rtt=29.73ms
1779496630.1894374,ack_recv,latency_ack,4177,C4_lidar_medium,C4_lidar_medium,91,off,medium,False,True,rtt=17.33ms
1779496630.279721,ack_recv,latency_ack,4178,C4_lidar_medium,C4_lidar_medium,91,off,medium,False,True,rtt=7.18ms
1779496630.3899374,ack_recv,latency_ack,4179,C4_lidar_medium,C4_lidar_medium,91,off,medium,False,True,rtt=16.71ms
1779496630.47991,ack_recv,latency_ack,4180,C4_lidar_medium,C4_lidar_medium,91,off,medium,False,True,rtt=4.55ms
1779496630.6074662,ack_recv,latency_ack,4181,C4_lidar_medium,C4_lidar_medium,91,off,medium,False,True,rtt=30.87ms
1779496630.684688,ack_recv,latency_ack,4182,C4_lidar_medium,C4_lidar_medium,91,off,medium,False,True,rtt=7.87ms
1779496630.793369,ack_recv,latency_ack,4183,C4_lidar_medium,C4_lidar_medium,91,off,medium,False,True,rtt=15.81ms
1779496630.9126368,ack_recv,latency_ack,4184,C4_lidar_medium,C4_lidar_medium,91,off,medium,False,True,rtt=34.44ms
1779496630.9969099,ack_recv,latency_ack,4185,C4_lidar_medium,C4_lidar_medium,91,off,medium,False,True,rtt=18.54ms
1779496631.091525,ack_recv,latency_ack,4186,C4_lidar_medium,C4_lidar_medium,91,off,medium,False,True,rtt=12.66ms
1779496631.1984897,ack_recv,latency_ack,4187,C4_lidar_medium,C4_lidar_medium,91,off,medium,False,True,rtt=19.10ms
1779496631.2912474,ack_recv,latency_ack,4188,C4_lidar_medium,C4_lidar_medium,91,off,medium,False,True,rtt=11.49ms
1779496631.3871796,ack_recv,latency_ack,4189,C4_lidar_medium,C4_lidar_medium,91,off,medium,False,True,rtt=6.90ms
1779496631.5119677,ack_recv,latency_ack,4190,C4_lidar_medium,C4_lidar_medium,91,off,medium,False,True,rtt=5.01ms
1779496631.6131933,ack_recv,latency_ack,4191,C4_lidar_medium,C4_lidar_medium,91,off,medium,False,True,rtt=4.15ms
1779496631.7139647,ack_recv,latency_ack,4192,C4_lidar_medium,C4_lidar_medium,91,off,medium,False,True,rtt=4.05ms
1779496631.8310485,ack_recv,latency_ack,4193,C4_lidar_medium,C4_lidar_medium,91,off,medium,False,True,rtt=20.04ms
1779496631.9543116,ack_recv,latency_ack,4194,C4_lidar_medium,C4_lidar_medium,91,off,medium,False,True,rtt=42.73ms
1779496632.0934467,ack_recv,latency_ack,4195,C4_lidar_medium,C4_lidar_medium,91,off,medium,False,True,rtt=81.45ms
1779496632.134412,ack_recv,latency_ack,4196,C4_lidar_medium,C4_lidar_medium,91,off,medium,False,True,rtt=22.12ms
1779496632.3268044,ack_recv,latency_ack,4197,C4_lidar_medium,C4_lidar_medium,91,off,medium,False,True,rtt=114.27ms
1779496632.3268044,ack_recv,latency_ack,4198,C4_lidar_medium,C4_lidar_medium,91,off,medium,False,True,rtt=13.98ms
1779496632.509383,ack_recv,latency_ack,4199,C4_lidar_medium,C4_lidar_medium,91,off,medium,False,True,rtt=96.16ms
1779496632.5232158,ack_recv,latency_ack,4200,C4_lidar_medium,C4_lidar_medium,91,off,medium,False,True,rtt=9.55ms
1779496632.7296987,ack_recv,latency_ack,4201,C4_lidar_medium,C4_lidar_medium,91,off,medium,False,True,rtt=113.68ms
1779496632.7296987,ack_recv,latency_ack,4202,C4_lidar_medium,C4_lidar_medium,91,off,medium,False,True,rtt=12.61ms
1779496632.8437805,ack_recv,latency_ack,4203,C4_lidar_medium,C4_lidar_medium,91,off,medium,False,True,rtt=26.49ms
1779496632.99549,ack_recv,latency_ack,4204,C4_lidar_medium,C4_lidar_medium,91,off,medium,False,True,rtt=77.78ms
1779496633.0351384,ack_recv,latency_ack,4205,C4_lidar_medium,C4_lidar_medium,91,off,medium,False,True,rtt=17.12ms
1779496633.2339537,ack_recv,latency_ack,4206,C4_lidar_medium,C4_lidar_medium,91,off,medium,False,True,rtt=114.07ms
1779496633.256507,ack_recv,latency_ack,4207,C4_lidar_medium,C4_lidar_medium,91,off,medium,False,True,rtt=35.84ms
1779496633.32957,ack_recv,latency_ack,4208,C4_lidar_medium,C4_lidar_medium,91,off,medium,False,True,rtt=8.47ms
1779496633.4971442,ack_recv,latency_ack,4209,C4_lidar_medium,C4_lidar_medium,91,off,medium,False,True,rtt=75.57ms
1779496633.5308669,ack_recv,latency_ack,4210,C4_lidar_medium,C4_lidar_medium,91,off,medium,False,True,rtt=9.17ms
1779496633.724231,ack_recv,latency_ack,4211,C4_lidar_medium,C4_lidar_medium,91,off,medium,False,True,rtt=101.04ms
1779496633.7307703,ack_recv,latency_ack,4212,C4_lidar_medium,C4_lidar_medium,91,off,medium,False,True,rtt=6.54ms
1779496633.9810815,ack_recv,latency_ack,4213,C4_lidar_medium,C4_lidar_medium,91,off,medium,False,True,rtt=156.37ms
1779496633.9810815,ack_recv,latency_ack,4214,C4_lidar_medium,C4_lidar_medium,91,off,medium,False,True,rtt=56.14ms
1779496634.0629282,ack_recv,latency_ack,4215,C4_lidar_medium,C4_lidar_medium,91,off,medium,False,True,rtt=37.70ms
1779496634.2110567,ack_recv,latency_ack,4216,C4_lidar_medium,C4_lidar_medium,91,off,medium,False,True,rtt=79.33ms
1779496634.2591906,ack_recv,latency_ack,4217,C4_lidar_medium,C4_lidar_medium,91,off,medium,False,True,rtt=26.59ms
1779496634.4557412,ack_recv,latency_ack,4218,C4_lidar_medium,C4_lidar_medium,91,off,medium,False,True,rtt=122.63ms
1779496634.4557412,ack_recv,latency_ack,4219,C4_lidar_medium,C4_lidar_medium,91,off,medium,False,True,rtt=22.05ms
1779496634.5559907,ack_recv,latency_ack,4220,C4_lidar_medium,C4_lidar_medium,91,off,medium,False,True,rtt=21.68ms
1779496634.6987572,ack_recv,latency_ack,4221,C4_lidar_medium,C4_lidar_medium,91,off,medium,False,True,rtt=64.11ms
1779496634.7763987,ack_recv,latency_ack,4222,C4_lidar_medium,C4_lidar_medium,91,off,medium,False,True,rtt=41.16ms
1779496634.9575307,ack_recv,latency_ack,4223,C4_lidar_medium,C4_lidar_medium,91,off,medium,False,True,rtt=121.71ms
1779496634.9575307,ack_recv,latency_ack,4224,C4_lidar_medium,C4_lidar_medium,91,off,medium,False,True,rtt=21.50ms
1779496635.1623695,ack_recv,latency_ack,4225,C4_lidar_medium,C4_lidar_medium,91,off,medium,False,True,rtt=125.84ms
1779496635.1623695,ack_recv,latency_ack,4226,C4_lidar_medium,C4_lidar_medium,91,off,medium,False,True,rtt=15.87ms
1779496635.2595196,ack_recv,latency_ack,4227,C4_lidar_medium,C4_lidar_medium,91,off,medium,False,True,rtt=12.65ms
1779496635.4091868,ack_recv,latency_ack,4228,C4_lidar_medium,C4_lidar_medium,91,off,medium,False,True,rtt=61.62ms
1779496635.465436,ack_recv,latency_ack,4229,C4_lidar_medium,C4_lidar_medium,91,off,medium,False,True,rtt=16.17ms
1779496635.6474524,ack_recv,latency_ack,4230,C4_lidar_medium,C4_lidar_medium,91,off,medium,False,True,rtt=98.36ms
1779496635.6665022,ack_recv,latency_ack,4231,C4_lidar_medium,C4_lidar_medium,91,off,medium,False,True,rtt=17.02ms
1779496635.7980795,ack_recv,latency_ack,4232,C4_lidar_medium,C4_lidar_medium,91,off,medium,False,True,rtt=47.73ms
1779496635.922606,ack_recv,latency_ack,4233,C4_lidar_medium,C4_lidar_medium,91,off,medium,False,True,rtt=71.89ms
1779496635.9977891,ack_recv,latency_ack,4234,C4_lidar_medium,C4_lidar_medium,91,off,medium,False,True,rtt=46.70ms
1779496636.0819466,ack_recv,latency_ack,4235,C4_lidar_medium,C4_lidar_medium,91,off,medium,False,True,rtt=30.57ms
1779496636.2219539,ack_recv,latency_ack,4236,C4_lidar_medium,C4_lidar_medium,91,off,medium,False,True,rtt=70.00ms
1779496636.3252711,ack_recv,latency_ack,4237,C4_lidar_medium,C4_lidar_medium,91,off,medium,False,True,rtt=72.41ms
1779496636.4018493,ack_recv,latency_ack,4238,C4_lidar_medium,C4_lidar_medium,91,off,medium,False,True,rtt=48.60ms
1779496636.492794,ack_recv,latency_ack,4239,C4_lidar_medium,C4_lidar_medium,91,off,medium,False,True,rtt=39.36ms
1779496636.5974495,ack_recv,latency_ack,4240,C4_lidar_medium,C4_lidar_medium,91,off,medium,False,True,rtt=43.43ms
1779496636.6767213,ack_recv,latency_ack,4241,C4_lidar_medium,C4_lidar_medium,91,off,medium,False,True,rtt=22.46ms
1779496636.7671654,ack_recv,latency_ack,4242,C4_lidar_medium,C4_lidar_medium,91,off,medium,False,True,rtt=12.68ms
1779496636.902684,ack_recv,latency_ack,4243,C4_lidar_medium,C4_lidar_medium,91,off,medium,False,True,rtt=48.02ms
1779496636.9809499,ack_recv,latency_ack,4244,C4_lidar_medium,C4_lidar_medium,91,off,medium,False,True,rtt=26.01ms
1779496637.0750563,ack_recv,latency_ack,4245,C4_lidar_medium,C4_lidar_medium,91,off,medium,False,True,rtt=19.84ms
1779496637.2079742,ack_recv,latency_ack,4246,C4_lidar_medium,C4_lidar_medium,91,off,medium,False,True,rtt=52.56ms
1779496637.2888005,ack_recv,latency_ack,4247,C4_lidar_medium,C4_lidar_medium,91,off,medium,False,True,rtt=33.05ms
1779496637.3655524,ack_recv,latency_ack,4248,C4_lidar_medium,C4_lidar_medium,91,off,medium,False,True,rtt=9.71ms
1779496637.5146167,ack_recv,latency_ack,4249,C4_lidar_medium,C4_lidar_medium,91,off,medium,False,True,rtt=58.36ms
1779496637.59654,ack_recv,latency_ack,4250,C4_lidar_medium,C4_lidar_medium,91,off,medium,False,True,rtt=39.62ms
1779496637.6748905,ack_recv,latency_ack,4251,C4_lidar_medium,C4_lidar_medium,91,off,medium,False,True,rtt=17.80ms
1779496637.7667348,ack_recv,latency_ack,4252,C4_lidar_medium,C4_lidar_medium,91,off,medium,False,True,rtt=9.17ms
1779496637.876317,ack_recv,latency_ack,4253,C4_lidar_medium,C4_lidar_medium,91,off,medium,False,True,rtt=18.12ms
1779496637.995716,ack_recv,latency_ack,4254,C4_lidar_medium,C4_lidar_medium,91,off,medium,False,True,rtt=37.26ms
1779496638.0756426,ack_recv,latency_ack,4255,C4_lidar_medium,C4_lidar_medium,91,off,medium,False,True,rtt=16.60ms
1779496638.165845,ack_recv,latency_ack,4256,C4_lidar_medium,C4_lidar_medium,91,off,medium,False,True,rtt=6.43ms
1779496638.2907994,ack_recv,latency_ack,4257,C4_lidar_medium,C4_lidar_medium,91,off,medium,False,True,rtt=30.70ms
1779496638.3679435,ack_recv,latency_ack,4258,C4_lidar_medium,C4_lidar_medium,91,off,medium,False,True,rtt=7.64ms
1779496638.4798722,ack_recv,latency_ack,4259,C4_lidar_medium,C4_lidar_medium,91,off,medium,False,True,rtt=19.05ms
1779496638.5863314,ack_recv,latency_ack,4260,C4_lidar_medium,C4_lidar_medium,91,off,medium,False,True,rtt=25.25ms
1779496638.7198622,ack_recv,latency_ack,4261,C4_lidar_medium,C4_lidar_medium,91,off,medium,False,True,rtt=57.89ms
1779496638.789528,ack_recv,latency_ack,4262,C4_lidar_medium,C4_lidar_medium,91,off,medium,False,True,rtt=27.14ms
1779496638.8849826,ack_recv,latency_ack,4263,C4_lidar_medium,C4_lidar_medium,91,off,medium,False,True,rtt=22.03ms
1779496638.994279,ack_recv,latency_ack,4264,C4_lidar_medium,C4_lidar_medium,91,off,medium,False,True,rtt=30.38ms
1779496639.1339564,ack_recv,latency_ack,4265,C4_lidar_medium,C4_lidar_medium,91,off,medium,False,True,rtt=69.89ms
1779496639.170731,ack_recv,latency_ack,4266,C4_lidar_medium,C4_lidar_medium,91,off,medium,False,True,rtt=4.31ms
1779496639.3121681,ack_recv,latency_ack,4267,C4_lidar_medium,C4_lidar_medium,91,off,medium,False,True,rtt=45.05ms
1779496639.4186597,ack_recv,latency_ack,4268,C4_lidar_medium,C4_lidar_medium,91,off,medium,False,True,rtt=50.64ms
1779496639.4929025,ack_recv,latency_ack,4269,C4_lidar_medium,C4_lidar_medium,91,off,medium,False,True,rtt=24.10ms
1779496639.5804124,ack_recv,latency_ack,4270,C4_lidar_medium,C4_lidar_medium,91,off,medium,False,True,rtt=10.97ms
1779496639.7160494,ack_recv,latency_ack,4271,C4_lidar_medium,C4_lidar_medium,91,off,medium,False,True,rtt=40.14ms
1779496639.846694,ack_recv,latency_ack,4272,C4_lidar_medium,C4_lidar_medium,91,off,medium,False,True,rtt=69.80ms
1779496639.9352913,ack_recv,latency_ack,4273,C4_lidar_medium,C4_lidar_medium,91,off,medium,False,True,rtt=57.98ms
1779496640.0052922,ack_recv,latency_ack,4274,C4_lidar_medium,C4_lidar_medium,91,off,medium,False,True,rtt=27.42ms
1779496640.1428282,ack_recv,latency_ack,4275,C4_lidar_medium,C4_lidar_medium,91,off,medium,False,True,rtt=63.99ms
1779496640.2245736,ack_recv,latency_ack,4276,C4_lidar_medium,C4_lidar_medium,91,off,medium,False,True,rtt=45.36ms
1779496640.3012128,ack_recv,latency_ack,4277,C4_lidar_medium,C4_lidar_medium,91,off,medium,False,True,rtt=21.75ms
1779496640.433309,ack_recv,latency_ack,4278,C4_lidar_medium,C4_lidar_medium,91,off,medium,False,True,rtt=53.09ms
1779496640.567843,ack_recv,latency_ack,4279,C4_lidar_medium,C4_lidar_medium,91,off,medium,False,True,rtt=86.48ms
1779496640.5877357,ack_recv,latency_ack,4280,C4_lidar_medium,C4_lidar_medium,91,off,medium,False,True,rtt=6.66ms
1779496640.6977935,ack_recv,latency_ack,4281,C4_lidar_medium,C4_lidar_medium,91,off,medium,False,True,rtt=12.61ms
1779496640.8365722,ack_recv,latency_ack,4282,C4_lidar_medium,C4_lidar_medium,91,off,medium,False,True,rtt=50.55ms
1779496640.9420347,ack_recv,latency_ack,4283,C4_lidar_medium,C4_lidar_medium,91,off,medium,False,True,rtt=55.32ms
1779496641.011468,ack_recv,latency_ack,4284,C4_lidar_medium,C4_lidar_medium,91,off,medium,False,True,rtt=23.60ms
1779496641.1001117,ack_recv,latency_ack,4285,C4_lidar_medium,C4_lidar_medium,91,off,medium,False,True,rtt=11.64ms
1779496641.2092586,ack_recv,latency_ack,4286,C4_lidar_medium,C4_lidar_medium,91,off,medium,False,True,rtt=20.00ms
1779496641.3113713,ack_recv,latency_ack,4287,C4_lidar_medium,C4_lidar_medium,91,off,medium,False,True,rtt=21.85ms
1779496641.4204814,ack_recv,latency_ack,4288,C4_lidar_medium,C4_lidar_medium,91,off,medium,False,True,rtt=30.46ms
1779496641.5112634,ack_recv,latency_ack,4289,C4_lidar_medium,C4_lidar_medium,91,off,medium,False,True,rtt=20.62ms
1779496641.6080523,ack_recv,latency_ack,4290,C4_lidar_medium,C4_lidar_medium,91,off,medium,False,True,rtt=16.79ms
1779496641.7202542,ack_recv,latency_ack,4291,C4_lidar_medium,C4_lidar_medium,91,off,medium,False,True,rtt=28.33ms
1779496641.810913,ack_recv,latency_ack,4292,C4_lidar_medium,C4_lidar_medium,91,off,medium,False,True,rtt=18.59ms
1779496641.9079604,ack_recv,latency_ack,4293,C4_lidar_medium,C4_lidar_medium,91,off,medium,False,True,rtt=15.16ms
1779496642.002563,ack_recv,latency_ack,4294,C4_lidar_medium,C4_lidar_medium,91,off,medium,False,True,rtt=8.92ms
1779496642.1100786,ack_recv,latency_ack,4295,C4_lidar_medium,C4_lidar_medium,91,off,medium,False,True,rtt=15.64ms
1779496642.2026725,ack_recv,latency_ack,4296,C4_lidar_medium,C4_lidar_medium,91,off,medium,False,True,rtt=7.39ms
1779496642.3210762,ack_recv,latency_ack,4297,C4_lidar_medium,C4_lidar_medium,91,off,medium,False,True,rtt=25.45ms
1779496642.4074655,ack_recv,latency_ack,4298,C4_lidar_medium,C4_lidar_medium,91,off,medium,False,True,rtt=11.16ms
1779496642.5133636,ack_recv,latency_ack,4299,C4_lidar_medium,C4_lidar_medium,91,off,medium,False,True,rtt=16.71ms
1779496642.607025,ack_recv,latency_ack,4300,C4_lidar_medium,C4_lidar_medium,91,off,medium,False,True,rtt=9.91ms
1779496642.7151613,ack_recv,latency_ack,4301,C4_lidar_medium,C4_lidar_medium,91,off,medium,False,True,rtt=17.62ms
1779496642.8177435,ack_recv,latency_ack,4302,C4_lidar_medium,C4_lidar_medium,91,off,medium,False,True,rtt=19.30ms
1779496642.9148767,ack_recv,latency_ack,4303,C4_lidar_medium,C4_lidar_medium,91,off,medium,False,True,rtt=15.98ms
1779496643.0089114,ack_recv,latency_ack,4304,C4_lidar_medium,C4_lidar_medium,91,off,medium,False,True,rtt=9.52ms
1779496643.1208816,ack_recv,latency_ack,4305,C4_lidar_medium,C4_lidar_medium,91,off,medium,False,True,rtt=19.58ms
1779496643.2094722,ack_recv,latency_ack,4306,C4_lidar_medium,C4_lidar_medium,91,off,medium,False,True,rtt=9.03ms
1779496643.3242953,ack_recv,latency_ack,4307,C4_lidar_medium,C4_lidar_medium,91,off,medium,False,True,rtt=23.21ms
1779496643.411537,ack_recv,latency_ack,4308,C4_lidar_medium,C4_lidar_medium,91,off,medium,False,True,rtt=10.00ms
1779496643.5225205,ack_recv,latency_ack,4309,C4_lidar_medium,C4_lidar_medium,91,off,medium,False,True,rtt=20.58ms
1779496643.6124594,ack_recv,latency_ack,4310,C4_lidar_medium,C4_lidar_medium,91,off,medium,False,True,rtt=9.06ms
1779496643.7167778,ack_recv,latency_ack,4311,C4_lidar_medium,C4_lidar_medium,91,off,medium,False,True,rtt=14.25ms
1779496643.811434,ack_recv,latency_ack,4312,C4_lidar_medium,C4_lidar_medium,91,off,medium,False,True,rtt=8.45ms
1779496643.9210835,ack_recv,latency_ack,4313,C4_lidar_medium,C4_lidar_medium,91,off,medium,False,True,rtt=17.71ms
1779496644.0150902,ack_recv,latency_ack,4314,C4_lidar_medium,C4_lidar_medium,91,off,medium,False,True,rtt=11.20ms
1779496644.1220114,ack_recv,latency_ack,4315,C4_lidar_medium,C4_lidar_medium,91,off,medium,False,True,rtt=17.89ms
1779496644.2144654,ack_recv,latency_ack,4316,C4_lidar_medium,C4_lidar_medium,91,off,medium,False,True,rtt=9.44ms
1779496644.3287063,ack_recv,latency_ack,4317,C4_lidar_medium,C4_lidar_medium,91,off,medium,False,True,rtt=22.83ms
1779496644.4324775,ack_recv,latency_ack,4318,C4_lidar_medium,C4_lidar_medium,91,off,medium,False,True,rtt=25.56ms
1779496644.532353,ack_recv,latency_ack,4319,C4_lidar_medium,C4_lidar_medium,91,off,medium,False,True,rtt=26.01ms
1779496644.633601,ack_recv,latency_ack,4320,C4_lidar_medium,C4_lidar_medium,91,off,medium,False,True,rtt=26.40ms
1779496644.7413166,ack_recv,latency_ack,4321,C4_lidar_medium,C4_lidar_medium,91,off,medium,False,True,rtt=33.28ms
1779496644.8292763,ack_recv,latency_ack,4322,C4_lidar_medium,C4_lidar_medium,91,off,medium,False,True,rtt=19.18ms
1779496644.9223745,ack_recv,latency_ack,4323,C4_lidar_medium,C4_lidar_medium,91,off,medium,False,True,rtt=13.32ms
1779496645.0229099,ack_recv,latency_ack,4324,C4_lidar_medium,C4_lidar_medium,91,off,medium,False,True,rtt=13.54ms
1779496645.1306875,ack_recv,latency_ack,4325,C4_lidar_medium,C4_lidar_medium,91,off,medium,False,True,rtt=20.55ms
1779496645.2383487,ack_recv,latency_ack,4326,C4_lidar_medium,C4_lidar_medium,91,off,medium,False,True,rtt=26.84ms
1779496645.3369813,ack_recv,latency_ack,4327,C4_lidar_medium,C4_lidar_medium,91,off,medium,False,True,rtt=25.45ms
1779496645.4275572,ack_recv,latency_ack,4328,C4_lidar_medium,C4_lidar_medium,91,off,medium,False,True,rtt=15.37ms
1779496645.531005,ack_recv,latency_ack,4329,C4_lidar_medium,C4_lidar_medium,91,off,medium,False,True,rtt=18.22ms
1779496645.62317,ack_recv,latency_ack,4330,C4_lidar_medium,C4_lidar_medium,91,off,medium,False,True,rtt=9.54ms
1779496645.731819,ack_recv,latency_ack,4331,C4_lidar_medium,C4_lidar_medium,91,off,medium,False,True,rtt=17.48ms
1779496645.826237,ack_recv,latency_ack,4332,C4_lidar_medium,C4_lidar_medium,91,off,medium,False,True,rtt=11.29ms
1779496645.9341073,ack_recv,latency_ack,4333,C4_lidar_medium,C4_lidar_medium,91,off,medium,False,True,rtt=18.34ms
1779496646.0325806,ack_recv,latency_ack,4334,C4_lidar_medium,C4_lidar_medium,91,off,medium,False,True,rtt=16.26ms
1779496646.1390545,ack_recv,latency_ack,4335,C4_lidar_medium,C4_lidar_medium,91,off,medium,False,True,rtt=22.05ms
1779496646.2314112,ack_recv,latency_ack,4336,C4_lidar_medium,C4_lidar_medium,91,off,medium,False,True,rtt=8.62ms
1779496646.3450303,ack_recv,latency_ack,4337,C4_lidar_medium,C4_lidar_medium,91,off,medium,False,True,rtt=21.61ms
1779496646.4368029,ack_recv,latency_ack,4338,C4_lidar_medium,C4_lidar_medium,91,off,medium,False,True,rtt=13.23ms
1779496646.5436862,ack_recv,latency_ack,4339,C4_lidar_medium,C4_lidar_medium,91,off,medium,False,True,rtt=19.27ms
1779496646.634101,ack_recv,latency_ack,4340,C4_lidar_medium,C4_lidar_medium,91,off,medium,False,True,rtt=9.07ms
1779496646.7450042,ack_recv,latency_ack,4341,C4_lidar_medium,C4_lidar_medium,91,off,medium,False,True,rtt=19.28ms
1779496646.8459826,ack_recv,latency_ack,4342,C4_lidar_medium,C4_lidar_medium,91,off,medium,False,True,rtt=19.37ms
1779496646.9575365,ack_recv,latency_ack,4343,C4_lidar_medium,C4_lidar_medium,91,off,medium,False,True,rtt=30.02ms
1779496647.0414517,ack_recv,latency_ack,4344,C4_lidar_medium,C4_lidar_medium,91,off,medium,False,True,rtt=13.51ms
1779496647.195217,ack_recv,latency_ack,4345,C4_lidar_medium,C4_lidar_medium,91,off,medium,False,True,rtt=66.40ms
1779496647.29641,ack_recv,latency_ack,4346,C4_lidar_medium,C4_lidar_medium,91,off,medium,False,True,rtt=67.23ms
1779496647.397358,ack_recv,latency_ack,4347,C4_lidar_medium,C4_lidar_medium,91,off,medium,False,True,rtt=67.36ms
1779496647.5152645,ack_recv,latency_ack,4348,C4_lidar_medium,C4_lidar_medium,91,off,medium,False,True,rtt=84.95ms
1779496647.5386145,ack_recv,latency_ack,4349,C4_lidar_medium,C4_lidar_medium,91,off,medium,False,True,rtt=7.24ms
1779496647.6466823,ack_recv,latency_ack,4350,C4_lidar_medium,C4_lidar_medium,91,off,medium,False,True,rtt=14.06ms
1779496647.738581,ack_recv,latency_ack,4351,C4_lidar_medium,C4_lidar_medium,91,off,medium,False,True,rtt=4.61ms
1779496647.8932104,ack_recv,latency_ack,4352,C4_lidar_medium,C4_lidar_medium,91,off,medium,False,True,rtt=58.13ms
1779496647.9464831,ack_recv,latency_ack,4353,C4_lidar_medium,C4_lidar_medium,91,off,medium,False,True,rtt=11.03ms
1779496648.0519602,ack_recv,latency_ack,4354,C4_lidar_medium,C4_lidar_medium,91,off,medium,False,True,rtt=16.16ms
1779496648.148271,ack_recv,latency_ack,4355,C4_lidar_medium,C4_lidar_medium,91,off,medium,False,True,rtt=11.90ms
1779496648.2485516,ack_recv,latency_ack,4356,C4_lidar_medium,C4_lidar_medium,91,off,medium,False,True,rtt=3.51ms
1779496648.404166,ack_recv,latency_ack,4357,C4_lidar_medium,C4_lidar_medium,91,off,medium,False,True,rtt=58.21ms
1779496648.4915526,ack_recv,latency_ack,4358,C4_lidar_medium,C4_lidar_medium,91,off,medium,False,True,rtt=45.35ms
1779496648.580798,ack_recv,latency_ack,4359,C4_lidar_medium,C4_lidar_medium,91,off,medium,False,True,rtt=34.26ms
1779496648.6685474,ack_recv,latency_ack,4360,C4_lidar_medium,C4_lidar_medium,91,off,medium,False,True,rtt=21.41ms
1779496648.806367,ack_recv,latency_ack,4361,C4_lidar_medium,C4_lidar_medium,91,off,medium,False,True,rtt=58.54ms
1779496648.8892267,ack_recv,latency_ack,4362,C4_lidar_medium,C4_lidar_medium,91,off,medium,False,True,rtt=40.78ms
1779496648.9738092,ack_recv,latency_ack,4363,C4_lidar_medium,C4_lidar_medium,91,off,medium,False,True,rtt=24.96ms
1779496649.065641,ack_recv,latency_ack,4364,C4_lidar_medium,C4_lidar_medium,91,off,medium,False,True,rtt=15.97ms
1779496649.1569083,ack_recv,latency_ack,4365,C4_lidar_medium,C4_lidar_medium,91,off,medium,False,True,rtt=6.67ms
1779496649.2630153,ack_recv,latency_ack,4366,C4_lidar_medium,C4_lidar_medium,91,off,medium,False,True,rtt=12.21ms
1779496649.368039,ack_recv,latency_ack,4367,C4_lidar_medium,C4_lidar_medium,91,off,medium,False,True,rtt=16.66ms
1779496649.4647748,ack_recv,latency_ack,4368,C4_lidar_medium,C4_lidar_medium,91,off,medium,False,True,rtt=13.23ms
1779496649.572145,ack_recv,latency_ack,4369,C4_lidar_medium,C4_lidar_medium,91,off,medium,False,True,rtt=20.38ms
1779496649.6668754,ack_recv,latency_ack,4370,C4_lidar_medium,C4_lidar_medium,91,off,medium,False,True,rtt=14.71ms
1779496649.7623012,ack_recv,latency_ack,4371,C4_lidar_medium,C4_lidar_medium,91,off,medium,False,True,rtt=9.90ms
1779496649.8718636,ack_recv,latency_ack,4372,C4_lidar_medium,C4_lidar_medium,91,off,medium,False,True,rtt=18.72ms
1779496649.9617028,ack_recv,latency_ack,4373,C4_lidar_medium,C4_lidar_medium,91,off,medium,False,True,rtt=8.09ms
1779496650.07439,ack_recv,latency_ack,4374,C4_lidar_medium,C4_lidar_medium,91,off,medium,False,True,rtt=20.15ms
1779496650.1639252,ack_recv,latency_ack,4375,C4_lidar_medium,C4_lidar_medium,91,off,medium,False,True,rtt=8.84ms
1779496650.273799,ack_recv,latency_ack,4376,C4_lidar_medium,C4_lidar_medium,91,off,medium,False,True,rtt=18.38ms
1779496650.3725107,ack_recv,latency_ack,4377,C4_lidar_medium,C4_lidar_medium,91,off,medium,False,True,rtt=16.68ms
1779496650.4763253,ack_recv,latency_ack,4378,C4_lidar_medium,C4_lidar_medium,91,off,medium,False,True,rtt=19.93ms
1779496650.5760717,ack_recv,latency_ack,4379,C4_lidar_medium,C4_lidar_medium,91,off,medium,False,True,rtt=19.15ms
1779496650.6825585,ack_recv,latency_ack,4380,C4_lidar_medium,C4_lidar_medium,91,off,medium,False,True,rtt=25.27ms
1779496650.7709212,ack_recv,latency_ack,4381,C4_lidar_medium,C4_lidar_medium,91,off,medium,False,True,rtt=13.37ms
1779496650.864262,ack_recv,latency_ack,4382,C4_lidar_medium,C4_lidar_medium,91,off,medium,False,True,rtt=6.16ms
1779496650.9732678,ack_recv,latency_ack,4383,C4_lidar_medium,C4_lidar_medium,91,off,medium,False,True,rtt=14.97ms
1779496651.0670629,ack_recv,latency_ack,4384,C4_lidar_medium,C4_lidar_medium,91,off,medium,False,True,rtt=8.24ms
1779496651.1732125,ack_recv,latency_ack,4385,C4_lidar_medium,C4_lidar_medium,91,off,medium,False,True,rtt=13.42ms
1779496651.284119,ack_recv,latency_ack,4386,C4_lidar_medium,C4_lidar_medium,91,off,medium,False,True,rtt=22.77ms
1779496651.3867235,ack_recv,latency_ack,4387,C4_lidar_medium,C4_lidar_medium,91,off,medium,False,True,rtt=25.83ms
1779496651.473946,ack_recv,latency_ack,4388,C4_lidar_medium,C4_lidar_medium,91,off,medium,False,True,rtt=12.42ms
1779496651.578073,ack_recv,latency_ack,4389,C4_lidar_medium,C4_lidar_medium,91,off,medium,False,True,rtt=16.39ms
1779496651.667711,ack_recv,latency_ack,4390,C4_lidar_medium,C4_lidar_medium,91,off,medium,False,True,rtt=5.48ms
1779496651.778846,ack_recv,latency_ack,4391,C4_lidar_medium,C4_lidar_medium,91,off,medium,False,True,rtt=16.10ms
1779496651.8695383,ack_recv,latency_ack,4392,C4_lidar_medium,C4_lidar_medium,91,off,medium,False,True,rtt=6.29ms
1779496652.0080466,ack_recv,latency_ack,4393,C4_lidar_medium,C4_lidar_medium,91,off,medium,False,True,rtt=42.79ms
1779496652.0872624,ack_recv,latency_ack,4394,C4_lidar_medium,C4_lidar_medium,91,off,medium,False,True,rtt=22.97ms
1779496652.1780918,ack_recv,latency_ack,4395,C4_lidar_medium,C4_lidar_medium,91,off,medium,False,True,rtt=13.06ms
1779496652.2837145,ack_recv,latency_ack,4396,C4_lidar_medium,C4_lidar_medium,91,off,medium,False,True,rtt=18.37ms
1779496652.3762968,ack_recv,latency_ack,4397,C4_lidar_medium,C4_lidar_medium,91,off,medium,False,True,rtt=10.24ms
1779496652.4846215,ack_recv,latency_ack,4398,C4_lidar_medium,C4_lidar_medium,91,off,medium,False,True,rtt=18.00ms
1779496652.5784426,ack_recv,latency_ack,4399,C4_lidar_medium,C4_lidar_medium,91,off,medium,False,True,rtt=11.12ms
1779496652.683296,ack_recv,latency_ack,4400,C4_lidar_medium,C4_lidar_medium,91,off,medium,False,True,rtt=15.83ms
1779496659.3851318,ack_recv,latency_ack,4401,C5_lidar_panorama,C5_lidar_panorama,95,off,panorama,False,True,rtt=72.06ms
1779496659.4679177,ack_recv,latency_ack,4402,C5_lidar_panorama,C5_lidar_panorama,95,off,panorama,False,True,rtt=53.54ms
1779496659.5566704,ack_recv,latency_ack,4403,C5_lidar_panorama,C5_lidar_panorama,95,off,panorama,False,True,rtt=41.18ms
1779496659.642742,ack_recv,latency_ack,4404,C5_lidar_panorama,C5_lidar_panorama,95,off,panorama,False,True,rtt=26.46ms
1779496659.7439365,ack_recv,latency_ack,4405,C5_lidar_panorama,C5_lidar_panorama,95,off,panorama,False,True,rtt=27.34ms
1779496659.8301282,ack_recv,latency_ack,4406,C5_lidar_panorama,C5_lidar_panorama,95,off,panorama,False,True,rtt=12.80ms
1779496659.94465,ack_recv,latency_ack,4407,C5_lidar_panorama,C5_lidar_panorama,95,off,panorama,False,True,rtt=26.83ms
1779496660.028001,ack_recv,latency_ack,4408,C5_lidar_panorama,C5_lidar_panorama,95,off,panorama,False,True,rtt=10.01ms
1779496660.1362016,ack_recv,latency_ack,4409,C5_lidar_panorama,C5_lidar_panorama,95,off,panorama,False,True,rtt=17.73ms
1779496660.2235835,ack_recv,latency_ack,4410,C5_lidar_panorama,C5_lidar_panorama,95,off,panorama,False,True,rtt=4.53ms
1779496660.3861187,ack_recv,latency_ack,4411,C5_lidar_panorama,C5_lidar_panorama,95,off,panorama,False,True,rtt=66.60ms
1779496660.4702554,ack_recv,latency_ack,4412,C5_lidar_panorama,C5_lidar_panorama,95,off,panorama,False,True,rtt=49.71ms
1779496660.559787,ack_recv,latency_ack,4413,C5_lidar_panorama,C5_lidar_panorama,95,off,panorama,False,True,rtt=38.16ms
1779496660.6465013,ack_recv,latency_ack,4414,C5_lidar_panorama,C5_lidar_panorama,95,off,panorama,False,True,rtt=24.30ms
1779496660.7362454,ack_recv,latency_ack,4415,C5_lidar_panorama,C5_lidar_panorama,95,off,panorama,False,True,rtt=13.92ms
1779496660.8406518,ack_recv,latency_ack,4416,C5_lidar_panorama,C5_lidar_panorama,95,off,panorama,False,True,rtt=18.16ms
1779496661.003561,ack_recv,latency_ack,4417,C5_lidar_panorama,C5_lidar_panorama,95,off,panorama,False,True,rtt=49.95ms
1779496661.0883813,ack_recv,latency_ack,4418,C5_lidar_panorama,C5_lidar_panorama,95,off,panorama,False,True,rtt=33.95ms
1779496661.1726773,ack_recv,latency_ack,4419,C5_lidar_panorama,C5_lidar_panorama,95,off,panorama,False,True,rtt=17.97ms
1779496661.2648127,ack_recv,latency_ack,4420,C5_lidar_panorama,C5_lidar_panorama,95,off,panorama,False,True,rtt=9.43ms
1779496661.373223,ack_recv,latency_ack,4421,C5_lidar_panorama,C5_lidar_panorama,95,off,panorama,False,True,rtt=17.21ms
1779496661.4725707,ack_recv,latency_ack,4422,C5_lidar_panorama,C5_lidar_panorama,95,off,panorama,False,True,rtt=8.75ms
1779496661.574307,ack_recv,latency_ack,4423,C5_lidar_panorama,C5_lidar_panorama,95,off,panorama,False,True,rtt=9.71ms
1779496661.7340271,ack_recv,latency_ack,4424,C5_lidar_panorama,C5_lidar_panorama,95,off,panorama,False,True,rtt=68.77ms
1779496661.8319645,ack_recv,latency_ack,4425,C5_lidar_panorama,C5_lidar_panorama,95,off,panorama,False,True,rtt=66.47ms
1779496661.9132693,ack_recv,latency_ack,4426,C5_lidar_panorama,C5_lidar_panorama,95,off,panorama,False,True,rtt=47.40ms
1779496661.999875,ack_recv,latency_ack,4427,C5_lidar_panorama,C5_lidar_panorama,95,off,panorama,False,True,rtt=33.12ms
1779496662.0847666,ack_recv,latency_ack,4428,C5_lidar_panorama,C5_lidar_panorama,95,off,panorama,False,True,rtt=17.38ms
1779496662.2046163,ack_recv,latency_ack,4429,C5_lidar_panorama,C5_lidar_panorama,95,off,panorama,False,True,rtt=36.45ms
1779496662.327748,ack_recv,latency_ack,4430,C5_lidar_panorama,C5_lidar_panorama,95,off,panorama,False,True,rtt=59.09ms
1779496662.411111,ack_recv,latency_ack,4431,C5_lidar_panorama,C5_lidar_panorama,95,off,panorama,False,True,rtt=42.06ms
1779496662.5007813,ack_recv,latency_ack,4432,C5_lidar_panorama,C5_lidar_panorama,95,off,panorama,False,True,rtt=31.58ms
1779496662.5793633,ack_recv,latency_ack,4433,C5_lidar_panorama,C5_lidar_panorama,95,off,panorama,False,True,rtt=9.63ms
1779496662.712291,ack_recv,latency_ack,4434,C5_lidar_panorama,C5_lidar_panorama,95,off,panorama,False,True,rtt=41.83ms
1779496662.8054698,ack_recv,latency_ack,4435,C5_lidar_panorama,C5_lidar_panorama,95,off,panorama,False,True,rtt=34.52ms
1779496662.8895288,ack_recv,latency_ack,4436,C5_lidar_panorama,C5_lidar_panorama,95,off,panorama,False,True,rtt=18.37ms
1779496662.9922233,ack_recv,latency_ack,4437,C5_lidar_panorama,C5_lidar_panorama,95,off,panorama,False,True,rtt=20.14ms
1779496663.0873034,ack_recv,latency_ack,4438,C5_lidar_panorama,C5_lidar_panorama,95,off,panorama,False,True,rtt=14.66ms
1779496663.2528565,ack_recv,latency_ack,4439,C5_lidar_panorama,C5_lidar_panorama,95,off,panorama,False,True,rtt=78.87ms
1779496663.3365922,ack_recv,latency_ack,4440,C5_lidar_panorama,C5_lidar_panorama,95,off,panorama,False,True,rtt=60.19ms
1779496663.4313774,ack_recv,latency_ack,4441,C5_lidar_panorama,C5_lidar_panorama,95,off,panorama,False,True,rtt=56.15ms
1779496663.5175982,ack_recv,latency_ack,4442,C5_lidar_panorama,C5_lidar_panorama,95,off,panorama,False,True,rtt=41.27ms
1779496663.6009817,ack_recv,latency_ack,4443,C5_lidar_panorama,C5_lidar_panorama,95,off,panorama,False,True,rtt=24.19ms
1779496663.7106051,ack_recv,latency_ack,4444,C5_lidar_panorama,C5_lidar_panorama,95,off,panorama,False,True,rtt=33.15ms
1779496663.7973466,ack_recv,latency_ack,4445,C5_lidar_panorama,C5_lidar_panorama,95,off,panorama,False,True,rtt=19.55ms
1779496663.8887408,ack_recv,latency_ack,4446,C5_lidar_panorama,C5_lidar_panorama,95,off,panorama,False,True,rtt=10.10ms
1779496663.9970047,ack_recv,latency_ack,4447,C5_lidar_panorama,C5_lidar_panorama,95,off,panorama,False,True,rtt=17.83ms
1779496664.089738,ack_recv,latency_ack,4448,C5_lidar_panorama,C5_lidar_panorama,95,off,panorama,False,True,rtt=9.77ms
1779496664.2636456,ack_recv,latency_ack,4449,C5_lidar_panorama,C5_lidar_panorama,95,off,panorama,False,True,rtt=82.50ms
1779496664.2971878,ack_recv,latency_ack,4450,C5_lidar_panorama,C5_lidar_panorama,95,off,panorama,False,True,rtt=15.33ms
1779496664.4026701,ack_recv,latency_ack,4451,C5_lidar_panorama,C5_lidar_panorama,95,off,panorama,False,True,rtt=20.66ms
1779496664.4913952,ack_recv,latency_ack,4452,C5_lidar_panorama,C5_lidar_panorama,95,off,panorama,False,True,rtt=8.64ms
1779496664.5983555,ack_recv,latency_ack,4453,C5_lidar_panorama,C5_lidar_panorama,95,off,panorama,False,True,rtt=15.34ms
1779496664.7060232,ack_recv,latency_ack,4454,C5_lidar_panorama,C5_lidar_panorama,95,off,panorama,False,True,rtt=22.48ms
1779496664.797646,ack_recv,latency_ack,4455,C5_lidar_panorama,C5_lidar_panorama,95,off,panorama,False,True,rtt=13.58ms
1779496664.890618,ack_recv,latency_ack,4456,C5_lidar_panorama,C5_lidar_panorama,95,off,panorama,False,True,rtt=4.83ms
1779496665.0021844,ack_recv,latency_ack,4457,C5_lidar_panorama,C5_lidar_panorama,95,off,panorama,False,True,rtt=16.63ms
1779496665.094748,ack_recv,latency_ack,4458,C5_lidar_panorama,C5_lidar_panorama,95,off,panorama,False,True,rtt=8.33ms
1779496665.2593884,ack_recv,latency_ack,4459,C5_lidar_panorama,C5_lidar_panorama,95,off,panorama,False,True,rtt=72.78ms
1779496665.2962432,ack_recv,latency_ack,4460,C5_lidar_panorama,C5_lidar_panorama,95,off,panorama,False,True,rtt=9.14ms
1779496665.4026113,ack_recv,latency_ack,4461,C5_lidar_panorama,C5_lidar_panorama,95,off,panorama,False,True,rtt=14.85ms
1779496665.4962428,ack_recv,latency_ack,4462,C5_lidar_panorama,C5_lidar_panorama,95,off,panorama,False,True,rtt=8.12ms
1779496665.6232512,ack_recv,latency_ack,4463,C5_lidar_panorama,C5_lidar_panorama,95,off,panorama,False,True,rtt=34.19ms
1779496665.719973,ack_recv,latency_ack,4464,C5_lidar_panorama,C5_lidar_panorama,95,off,panorama,False,True,rtt=30.65ms
1779496665.8096964,ack_recv,latency_ack,4465,C5_lidar_panorama,C5_lidar_panorama,95,off,panorama,False,True,rtt=19.78ms
1779496665.899246,ack_recv,latency_ack,4466,C5_lidar_panorama,C5_lidar_panorama,95,off,panorama,False,True,rtt=8.99ms
1779496666.0071008,ack_recv,latency_ack,4467,C5_lidar_panorama,C5_lidar_panorama,95,off,panorama,False,True,rtt=16.47ms
1779496666.1007617,ack_recv,latency_ack,4468,C5_lidar_panorama,C5_lidar_panorama,95,off,panorama,False,True,rtt=9.39ms
1779496666.2663639,ack_recv,latency_ack,4469,C5_lidar_panorama,C5_lidar_panorama,95,off,panorama,False,True,rtt=74.80ms
1779496666.34309,ack_recv,latency_ack,4470,C5_lidar_panorama,C5_lidar_panorama,95,off,panorama,False,True,rtt=50.72ms
1779496666.4296267,ack_recv,latency_ack,4471,C5_lidar_panorama,C5_lidar_panorama,95,off,panorama,False,True,rtt=36.77ms
1779496666.5129633,ack_recv,latency_ack,4472,C5_lidar_panorama,C5_lidar_panorama,95,off,panorama,False,True,rtt=19.18ms
1779496666.5990424,ack_recv,latency_ack,4473,C5_lidar_panorama,C5_lidar_panorama,95,off,panorama,False,True,rtt=4.53ms
1779496666.755279,ack_recv,latency_ack,4474,C5_lidar_panorama,C5_lidar_panorama,95,off,panorama,False,True,rtt=60.29ms
1779496666.8381507,ack_recv,latency_ack,4475,C5_lidar_panorama,C5_lidar_panorama,95,off,panorama,False,True,rtt=42.50ms
1779496666.908001,ack_recv,latency_ack,4476,C5_lidar_panorama,C5_lidar_panorama,95,off,panorama,False,True,rtt=12.06ms
1779496667.0197823,ack_recv,latency_ack,4477,C5_lidar_panorama,C5_lidar_panorama,95,off,panorama,False,True,rtt=22.89ms
1779496667.1115668,ack_recv,latency_ack,4478,C5_lidar_panorama,C5_lidar_panorama,95,off,panorama,False,True,rtt=14.44ms
1779496667.2243228,ack_recv,latency_ack,4479,C5_lidar_panorama,C5_lidar_panorama,95,off,panorama,False,True,rtt=8.53ms
1779496667.3336742,ack_recv,latency_ack,4480,C5_lidar_panorama,C5_lidar_panorama,95,off,panorama,False,True,rtt=17.31ms
1779496667.424703,ack_recv,latency_ack,4481,C5_lidar_panorama,C5_lidar_panorama,95,off,panorama,False,True,rtt=8.11ms
1779496667.5328612,ack_recv,latency_ack,4482,C5_lidar_panorama,C5_lidar_panorama,95,off,panorama,False,True,rtt=15.64ms
1779496667.6241527,ack_recv,latency_ack,4483,C5_lidar_panorama,C5_lidar_panorama,95,off,panorama,False,True,rtt=6.45ms
1779496667.7234933,ack_recv,latency_ack,4484,C5_lidar_panorama,C5_lidar_panorama,95,off,panorama,False,True,rtt=4.62ms
1779496667.8420634,ack_recv,latency_ack,4485,C5_lidar_panorama,C5_lidar_panorama,95,off,panorama,False,True,rtt=21.74ms
1779496667.9344957,ack_recv,latency_ack,4486,C5_lidar_panorama,C5_lidar_panorama,95,off,panorama,False,True,rtt=13.61ms
1779496668.0295339,ack_recv,latency_ack,4487,C5_lidar_panorama,C5_lidar_panorama,95,off,panorama,False,True,rtt=7.97ms
1779496668.1378605,ack_recv,latency_ack,4488,C5_lidar_panorama,C5_lidar_panorama,95,off,panorama,False,True,rtt=15.80ms
1779496668.2561076,ack_recv,latency_ack,4489,C5_lidar_panorama,C5_lidar_panorama,95,off,panorama,False,True,rtt=33.46ms
1779496668.3402467,ack_recv,latency_ack,4490,C5_lidar_panorama,C5_lidar_panorama,95,off,panorama,False,True,rtt=17.25ms
1779496668.44341,ack_recv,latency_ack,4491,C5_lidar_panorama,C5_lidar_panorama,95,off,panorama,False,True,rtt=20.17ms
1779496668.5355566,ack_recv,latency_ack,4492,C5_lidar_panorama,C5_lidar_panorama,95,off,panorama,False,True,rtt=11.47ms
1779496668.6313262,ack_recv,latency_ack,4493,C5_lidar_panorama,C5_lidar_panorama,95,off,panorama,False,True,rtt=6.58ms
1779496668.731671,ack_recv,latency_ack,4494,C5_lidar_panorama,C5_lidar_panorama,95,off,panorama,False,True,rtt=6.43ms
1779496668.8454537,ack_recv,latency_ack,4495,C5_lidar_panorama,C5_lidar_panorama,95,off,panorama,False,True,rtt=19.56ms
1779496668.935844,ack_recv,latency_ack,4496,C5_lidar_panorama,C5_lidar_panorama,95,off,panorama,False,True,rtt=9.01ms
1779496669.0483804,ack_recv,latency_ack,4497,C5_lidar_panorama,C5_lidar_panorama,95,off,panorama,False,True,rtt=20.37ms
1779496669.144855,ack_recv,latency_ack,4498,C5_lidar_panorama,C5_lidar_panorama,95,off,panorama,False,True,rtt=16.22ms
1779496669.2481296,ack_recv,latency_ack,4499,C5_lidar_panorama,C5_lidar_panorama,95,off,panorama,False,True,rtt=18.64ms
1779496669.3463652,ack_recv,latency_ack,4500,C5_lidar_panorama,C5_lidar_panorama,95,off,panorama,False,True,rtt=16.32ms
1779496669.4730854,ack_recv,latency_ack,4501,C5_lidar_panorama,C5_lidar_panorama,95,off,panorama,False,True,rtt=42.35ms
1779496669.5424144,ack_recv,latency_ack,4502,C5_lidar_panorama,C5_lidar_panorama,95,off,panorama,False,True,rtt=10.87ms
1779496669.6507223,ack_recv,latency_ack,4503,C5_lidar_panorama,C5_lidar_panorama,95,off,panorama,False,True,rtt=18.28ms
1779496669.7421846,ack_recv,latency_ack,4504,C5_lidar_panorama,C5_lidar_panorama,95,off,panorama,False,True,rtt=8.65ms
1779496669.8478138,ack_recv,latency_ack,4505,C5_lidar_panorama,C5_lidar_panorama,95,off,panorama,False,True,rtt=13.98ms
1779496669.943973,ack_recv,latency_ack,4506,C5_lidar_panorama,C5_lidar_panorama,95,off,panorama,False,True,rtt=9.79ms
1779496670.0544393,ack_recv,latency_ack,4507,C5_lidar_panorama,C5_lidar_panorama,95,off,panorama,False,True,rtt=20.04ms
1779496670.1477973,ack_recv,latency_ack,4508,C5_lidar_panorama,C5_lidar_panorama,95,off,panorama,False,True,rtt=12.53ms
1779496670.2519898,ack_recv,latency_ack,4509,C5_lidar_panorama,C5_lidar_panorama,95,off,panorama,False,True,rtt=16.09ms
1779496670.3462694,ack_recv,latency_ack,4510,C5_lidar_panorama,C5_lidar_panorama,95,off,panorama,False,True,rtt=10.22ms
1779496670.452498,ack_recv,latency_ack,4511,C5_lidar_panorama,C5_lidar_panorama,95,off,panorama,False,True,rtt=16.12ms
1779496670.5526505,ack_recv,latency_ack,4512,C5_lidar_panorama,C5_lidar_panorama,95,off,panorama,False,True,rtt=16.23ms
1779496670.6602983,ack_recv,latency_ack,4513,C5_lidar_panorama,C5_lidar_panorama,95,off,panorama,False,True,rtt=23.55ms
1779496670.7488046,ack_recv,latency_ack,4514,C5_lidar_panorama,C5_lidar_panorama,95,off,panorama,False,True,rtt=11.70ms
1779496670.8562644,ack_recv,latency_ack,4515,C5_lidar_panorama,C5_lidar_panorama,95,off,panorama,False,True,rtt=18.69ms
1779496670.9468408,ack_recv,latency_ack,4516,C5_lidar_panorama,C5_lidar_panorama,95,off,panorama,False,True,rtt=8.80ms
1779496671.0662599,ack_recv,latency_ack,4517,C5_lidar_panorama,C5_lidar_panorama,95,off,panorama,False,True,rtt=27.72ms
1779496671.1558723,ack_recv,latency_ack,4518,C5_lidar_panorama,C5_lidar_panorama,95,off,panorama,False,True,rtt=16.83ms
1779496671.2577431,ack_recv,latency_ack,4519,C5_lidar_panorama,C5_lidar_panorama,95,off,panorama,False,True,rtt=18.05ms
1779496671.3539422,ack_recv,latency_ack,4520,C5_lidar_panorama,C5_lidar_panorama,95,off,panorama,False,True,rtt=13.95ms
1779496671.485539,ack_recv,latency_ack,4521,C5_lidar_panorama,C5_lidar_panorama,95,off,panorama,False,True,rtt=44.84ms
1779496671.5509102,ack_recv,latency_ack,4522,C5_lidar_panorama,C5_lidar_panorama,95,off,panorama,False,True,rtt=10.05ms
1779496671.66029,ack_recv,latency_ack,4523,C5_lidar_panorama,C5_lidar_panorama,95,off,panorama,False,True,rtt=19.32ms
1779496671.752955,ack_recv,latency_ack,4524,C5_lidar_panorama,C5_lidar_panorama,95,off,panorama,False,True,rtt=11.30ms
1779496671.8621552,ack_recv,latency_ack,4525,C5_lidar_panorama,C5_lidar_panorama,95,off,panorama,False,True,rtt=20.31ms
1779496671.9559739,ack_recv,latency_ack,4526,C5_lidar_panorama,C5_lidar_panorama,95,off,panorama,False,True,rtt=13.19ms
1779496672.073115,ack_recv,latency_ack,4527,C5_lidar_panorama,C5_lidar_panorama,95,off,panorama,False,True,rtt=29.90ms
1779496672.1557672,ack_recv,latency_ack,4528,C5_lidar_panorama,C5_lidar_panorama,95,off,panorama,False,True,rtt=12.08ms
1779496672.264531,ack_recv,latency_ack,4529,C5_lidar_panorama,C5_lidar_panorama,95,off,panorama,False,True,rtt=20.34ms
1779496672.3571713,ack_recv,latency_ack,4530,C5_lidar_panorama,C5_lidar_panorama,95,off,panorama,False,True,rtt=12.80ms
1779496672.451973,ack_recv,latency_ack,4531,C5_lidar_panorama,C5_lidar_panorama,95,off,panorama,False,True,rtt=6.65ms
1779496672.5643148,ack_recv,latency_ack,4532,C5_lidar_panorama,C5_lidar_panorama,95,off,panorama,False,True,rtt=18.53ms
1779496672.6546295,ack_recv,latency_ack,4533,C5_lidar_panorama,C5_lidar_panorama,95,off,panorama,False,True,rtt=8.40ms
1779496672.7632449,ack_recv,latency_ack,4534,C5_lidar_panorama,C5_lidar_panorama,95,off,panorama,False,True,rtt=16.38ms
1779496672.8594782,ack_recv,latency_ack,4535,C5_lidar_panorama,C5_lidar_panorama,95,off,panorama,False,True,rtt=11.94ms
1779496672.990049,ack_recv,latency_ack,4536,C5_lidar_panorama,C5_lidar_panorama,95,off,panorama,False,True,rtt=42.09ms
1779496673.060527,ack_recv,latency_ack,4537,C5_lidar_panorama,C5_lidar_panorama,95,off,panorama,False,True,rtt=11.75ms
1779496673.1536038,ack_recv,latency_ack,4538,C5_lidar_panorama,C5_lidar_panorama,95,off,panorama,False,True,rtt=4.75ms
1779496673.2621667,ack_recv,latency_ack,4539,C5_lidar_panorama,C5_lidar_panorama,95,off,panorama,False,True,rtt=12.52ms
1779496673.412823,ack_recv,latency_ack,4540,C5_lidar_panorama,C5_lidar_panorama,95,off,panorama,False,True,rtt=63.02ms
1779496673.5226126,ack_recv,latency_ack,4541,C5_lidar_panorama,C5_lidar_panorama,95,off,panorama,False,True,rtt=72.02ms
1779496673.6133685,ack_recv,latency_ack,4542,C5_lidar_panorama,C5_lidar_panorama,95,off,panorama,False,True,rtt=62.48ms
1779496673.717851,ack_recv,latency_ack,4543,C5_lidar_panorama,C5_lidar_panorama,95,off,panorama,False,True,rtt=66.26ms
1779496673.8046572,ack_recv,latency_ack,4544,C5_lidar_panorama,C5_lidar_panorama,95,off,panorama,False,True,rtt=45.49ms
1779496673.8687167,ack_recv,latency_ack,4545,C5_lidar_panorama,C5_lidar_panorama,95,off,panorama,False,True,rtt=8.36ms
1779496673.99867,ack_recv,latency_ack,4546,C5_lidar_panorama,C5_lidar_panorama,95,off,panorama,False,True,rtt=37.75ms
1779496674.0803957,ack_recv,latency_ack,4547,C5_lidar_panorama,C5_lidar_panorama,95,off,panorama,False,True,rtt=18.87ms
1779496674.1813421,ack_recv,latency_ack,4548,C5_lidar_panorama,C5_lidar_panorama,95,off,panorama,False,True,rtt=19.31ms
1779496674.2713757,ack_recv,latency_ack,4549,C5_lidar_panorama,C5_lidar_panorama,95,off,panorama,False,True,rtt=8.84ms
1779496674.3835125,ack_recv,latency_ack,4550,C5_lidar_panorama,C5_lidar_panorama,95,off,panorama,False,True,rtt=20.45ms
1779496674.490728,ack_recv,latency_ack,4551,C5_lidar_panorama,C5_lidar_panorama,95,off,panorama,False,True,rtt=26.17ms
1779496674.5971684,ack_recv,latency_ack,4552,C5_lidar_panorama,C5_lidar_panorama,95,off,panorama,False,True,rtt=33.51ms
1779496674.6753228,ack_recv,latency_ack,4553,C5_lidar_panorama,C5_lidar_panorama,95,off,panorama,False,True,rtt=11.09ms
1779496674.7837305,ack_recv,latency_ack,4554,C5_lidar_panorama,C5_lidar_panorama,95,off,panorama,False,True,rtt=18.97ms
1779496674.877753,ack_recv,latency_ack,4555,C5_lidar_panorama,C5_lidar_panorama,95,off,panorama,False,True,rtt=12.51ms
1779496674.9703755,ack_recv,latency_ack,4556,C5_lidar_panorama,C5_lidar_panorama,95,off,panorama,False,True,rtt=4.52ms
1779496675.078313,ack_recv,latency_ack,4557,C5_lidar_panorama,C5_lidar_panorama,95,off,panorama,False,True,rtt=12.21ms
1779496675.172913,ack_recv,latency_ack,4558,C5_lidar_panorama,C5_lidar_panorama,95,off,panorama,False,True,rtt=6.27ms
1779496675.2786188,ack_recv,latency_ack,4559,C5_lidar_panorama,C5_lidar_panorama,95,off,panorama,False,True,rtt=11.49ms
1779496675.3900673,ack_recv,latency_ack,4560,C5_lidar_panorama,C5_lidar_panorama,95,off,panorama,False,True,rtt=22.66ms
1779496675.4999177,ack_recv,latency_ack,4561,C5_lidar_panorama,C5_lidar_panorama,95,off,panorama,False,True,rtt=32.11ms
1779496675.5733476,ack_recv,latency_ack,4562,C5_lidar_panorama,C5_lidar_panorama,95,off,panorama,False,True,rtt=5.32ms
1779496675.6826913,ack_recv,latency_ack,4563,C5_lidar_panorama,C5_lidar_panorama,95,off,panorama,False,True,rtt=14.29ms
1779496675.7869325,ack_recv,latency_ack,4564,C5_lidar_panorama,C5_lidar_panorama,95,off,panorama,False,True,rtt=18.25ms
1779496675.883045,ack_recv,latency_ack,4565,C5_lidar_panorama,C5_lidar_panorama,95,off,panorama,False,True,rtt=14.15ms
1779496676.018128,ack_recv,latency_ack,4566,C5_lidar_panorama,C5_lidar_panorama,95,off,panorama,False,True,rtt=48.69ms
1779496676.1122773,ack_recv,latency_ack,4567,C5_lidar_panorama,C5_lidar_panorama,95,off,panorama,False,True,rtt=42.20ms
1779496676.2793963,ack_recv,latency_ack,4568,C5_lidar_panorama,C5_lidar_panorama,95,off,panorama,False,True,rtt=108.42ms
1779496676.2861338,ack_recv,latency_ack,4569,C5_lidar_panorama,C5_lidar_panorama,95,off,panorama,False,True,rtt=14.79ms
1779496676.378055,ack_recv,latency_ack,4570,C5_lidar_panorama,C5_lidar_panorama,95,off,panorama,False,True,rtt=5.87ms
1779496676.5362487,ack_recv,latency_ack,4571,C5_lidar_panorama,C5_lidar_panorama,95,off,panorama,False,True,rtt=63.40ms
1779496676.6908822,ack_recv,latency_ack,4572,C5_lidar_panorama,C5_lidar_panorama,95,off,panorama,False,True,rtt=117.50ms
1779496676.6919024,ack_recv,latency_ack,4573,C5_lidar_panorama,C5_lidar_panorama,95,off,panorama,False,True,rtt=18.11ms
1779496676.803936,ack_recv,latency_ack,4574,C5_lidar_panorama,C5_lidar_panorama,95,off,panorama,False,True,rtt=29.00ms
1779496676.891987,ack_recv,latency_ack,4575,C5_lidar_panorama,C5_lidar_panorama,95,off,panorama,False,True,rtt=16.48ms
1779496677.0174155,ack_recv,latency_ack,4576,C5_lidar_panorama,C5_lidar_panorama,95,off,panorama,False,True,rtt=41.27ms
1779496677.1508183,ack_recv,latency_ack,4577,C5_lidar_panorama,C5_lidar_panorama,95,off,panorama,False,True,rtt=73.84ms
1779496677.2574184,ack_recv,latency_ack,4578,C5_lidar_panorama,C5_lidar_panorama,95,off,panorama,False,True,rtt=79.76ms
1779496677.300097,ack_recv,latency_ack,4579,C5_lidar_panorama,C5_lidar_panorama,95,off,panorama,False,True,rtt=20.97ms
1779496677.391714,ack_recv,latency_ack,4580,C5_lidar_panorama,C5_lidar_panorama,95,off,panorama,False,True,rtt=13.31ms
1779496677.5059586,ack_recv,latency_ack,4581,C5_lidar_panorama,C5_lidar_panorama,95,off,panorama,False,True,rtt=26.70ms
1779496677.600334,ack_recv,latency_ack,4582,C5_lidar_panorama,C5_lidar_panorama,95,off,panorama,False,True,rtt=20.27ms
1779496677.6906385,ack_recv,latency_ack,4583,C5_lidar_panorama,C5_lidar_panorama,95,off,panorama,False,True,rtt=10.20ms
1779496677.7973654,ack_recv,latency_ack,4584,C5_lidar_panorama,C5_lidar_panorama,95,off,panorama,False,True,rtt=16.23ms
1779496677.8911846,ack_recv,latency_ack,4585,C5_lidar_panorama,C5_lidar_panorama,95,off,panorama,False,True,rtt=9.71ms
1779496678.022804,ack_recv,latency_ack,4586,C5_lidar_panorama,C5_lidar_panorama,95,off,panorama,False,True,rtt=40.66ms
1779496678.1275182,ack_recv,latency_ack,4587,C5_lidar_panorama,C5_lidar_panorama,95,off,panorama,False,True,rtt=44.54ms
1779496678.2201872,ack_recv,latency_ack,4588,C5_lidar_panorama,C5_lidar_panorama,95,off,panorama,False,True,rtt=36.68ms
1779496678.3044403,ack_recv,latency_ack,4589,C5_lidar_panorama,C5_lidar_panorama,95,off,panorama,False,True,rtt=20.62ms
1779496678.4004915,ack_recv,latency_ack,4590,C5_lidar_panorama,C5_lidar_panorama,95,off,panorama,False,True,rtt=16.40ms
1779496678.5661657,ack_recv,latency_ack,4591,C5_lidar_panorama,C5_lidar_panorama,95,off,panorama,False,True,rtt=81.84ms
1779496678.6313496,ack_recv,latency_ack,4592,C5_lidar_panorama,C5_lidar_panorama,95,off,panorama,False,True,rtt=46.27ms
1779496678.7194653,ack_recv,latency_ack,4593,C5_lidar_panorama,C5_lidar_panorama,95,off,panorama,False,True,rtt=33.65ms
1779496678.8049102,ack_recv,latency_ack,4594,C5_lidar_panorama,C5_lidar_panorama,95,off,panorama,False,True,rtt=18.11ms
1779496678.8976557,ack_recv,latency_ack,4595,C5_lidar_panorama,C5_lidar_panorama,95,off,panorama,False,True,rtt=10.47ms
1779496679.0405405,ack_recv,latency_ack,4596,C5_lidar_panorama,C5_lidar_panorama,95,off,panorama,False,True,rtt=32.18ms
1779496679.1414175,ack_recv,latency_ack,4597,C5_lidar_panorama,C5_lidar_panorama,95,off,panorama,False,True,rtt=32.55ms
1779496679.2226124,ack_recv,latency_ack,4598,C5_lidar_panorama,C5_lidar_panorama,95,off,panorama,False,True,rtt=13.16ms
1779496679.3191464,ack_recv,latency_ack,4599,C5_lidar_panorama,C5_lidar_panorama,95,off,panorama,False,True,rtt=8.99ms
1779496679.4253192,ack_recv,latency_ack,4600,C5_lidar_panorama,C5_lidar_panorama,95,off,panorama,False,True,rtt=14.64ms
1779496679.529138,ack_recv,latency_ack,4601,C5_lidar_panorama,C5_lidar_panorama,95,off,panorama,False,True,rtt=17.96ms
1779496679.628569,ack_recv,latency_ack,4602,C5_lidar_panorama,C5_lidar_panorama,95,off,panorama,False,True,rtt=17.17ms
1779496679.7230964,ack_recv,latency_ack,4603,C5_lidar_panorama,C5_lidar_panorama,95,off,panorama,False,True,rtt=11.51ms
1779496679.8302455,ack_recv,latency_ack,4604,C5_lidar_panorama,C5_lidar_panorama,95,off,panorama,False,True,rtt=17.87ms
1779496679.921722,ack_recv,latency_ack,4605,C5_lidar_panorama,C5_lidar_panorama,95,off,panorama,False,True,rtt=8.92ms
1779496680.0201752,ack_recv,latency_ack,4606,C5_lidar_panorama,C5_lidar_panorama,95,off,panorama,False,True,rtt=7.05ms
1779496680.133237,ack_recv,latency_ack,4607,C5_lidar_panorama,C5_lidar_panorama,95,off,panorama,False,True,rtt=18.83ms
1779496680.2273386,ack_recv,latency_ack,4608,C5_lidar_panorama,C5_lidar_panorama,95,off,panorama,False,True,rtt=11.96ms
1779496680.3358452,ack_recv,latency_ack,4609,C5_lidar_panorama,C5_lidar_panorama,95,off,panorama,False,True,rtt=20.29ms
1779496680.4330518,ack_recv,latency_ack,4610,C5_lidar_panorama,C5_lidar_panorama,95,off,panorama,False,True,rtt=17.11ms
1779496680.5451562,ack_recv,latency_ack,4611,C5_lidar_panorama,C5_lidar_panorama,95,off,panorama,False,True,rtt=28.89ms
1779496680.6285133,ack_recv,latency_ack,4612,C5_lidar_panorama,C5_lidar_panorama,95,off,panorama,False,True,rtt=11.42ms
1779496680.736942,ack_recv,latency_ack,4613,C5_lidar_panorama,C5_lidar_panorama,95,off,panorama,False,True,rtt=19.60ms
1779496680.8309531,ack_recv,latency_ack,4614,C5_lidar_panorama,C5_lidar_panorama,95,off,panorama,False,True,rtt=13.35ms
1779496680.927783,ack_recv,latency_ack,4615,C5_lidar_panorama,C5_lidar_panorama,95,off,panorama,False,True,rtt=9.31ms
1779496681.0374367,ack_recv,latency_ack,4616,C5_lidar_panorama,C5_lidar_panorama,95,off,panorama,False,True,rtt=7.85ms
1779496681.142525,ack_recv,latency_ack,4617,C5_lidar_panorama,C5_lidar_panorama,95,off,panorama,False,True,rtt=12.67ms
1779496681.236983,ack_recv,latency_ack,4618,C5_lidar_panorama,C5_lidar_panorama,95,off,panorama,False,True,rtt=6.58ms
1779496681.3439972,ack_recv,latency_ack,4619,C5_lidar_panorama,C5_lidar_panorama,95,off,panorama,False,True,rtt=13.17ms
1779496681.4400375,ack_recv,latency_ack,4620,C5_lidar_panorama,C5_lidar_panorama,95,off,panorama,False,True,rtt=8.54ms
1779496681.5523922,ack_recv,latency_ack,4621,C5_lidar_panorama,C5_lidar_panorama,95,off,panorama,False,True,rtt=20.42ms
1779496681.6440728,ack_recv,latency_ack,4622,C5_lidar_panorama,C5_lidar_panorama,95,off,panorama,False,True,rtt=11.28ms
1779496681.7370849,ack_recv,latency_ack,4623,C5_lidar_panorama,C5_lidar_panorama,95,off,panorama,False,True,rtt=4.08ms
1779496681.8887007,ack_recv,latency_ack,4624,C5_lidar_panorama,C5_lidar_panorama,95,off,panorama,False,True,rtt=54.90ms
1779496681.9713006,ack_recv,latency_ack,4625,C5_lidar_panorama,C5_lidar_panorama,95,off,panorama,False,True,rtt=37.30ms
1779496682.069915,ack_recv,latency_ack,4626,C5_lidar_panorama,C5_lidar_panorama,95,off,panorama,False,True,rtt=35.11ms
1779496682.1577077,ack_recv,latency_ack,4627,C5_lidar_panorama,C5_lidar_panorama,95,off,panorama,False,True,rtt=22.67ms
1779496682.246683,ack_recv,latency_ack,4628,C5_lidar_panorama,C5_lidar_panorama,95,off,panorama,False,True,rtt=11.12ms
1779496682.3986816,ack_recv,latency_ack,4629,C5_lidar_panorama,C5_lidar_panorama,95,off,panorama,False,True,rtt=62.94ms
1779496682.484149,ack_recv,latency_ack,4630,C5_lidar_panorama,C5_lidar_panorama,95,off,panorama,False,True,rtt=47.85ms
1779496682.5718396,ack_recv,latency_ack,4631,C5_lidar_panorama,C5_lidar_panorama,95,off,panorama,False,True,rtt=34.98ms
1779496682.6559808,ack_recv,latency_ack,4632,C5_lidar_panorama,C5_lidar_panorama,95,off,panorama,False,True,rtt=17.85ms
1779496682.8119879,ack_recv,latency_ack,4633,C5_lidar_panorama,C5_lidar_panorama,95,off,panorama,False,True,rtt=74.64ms
1779496682.8981376,ack_recv,latency_ack,4634,C5_lidar_panorama,C5_lidar_panorama,95,off,panorama,False,True,rtt=60.15ms
1779496682.9841487,ack_recv,latency_ack,4635,C5_lidar_panorama,C5_lidar_panorama,95,off,panorama,False,True,rtt=45.81ms
1779496683.0678458,ack_recv,latency_ack,4636,C5_lidar_panorama,C5_lidar_panorama,95,off,panorama,False,True,rtt=28.59ms
1779496683.1595109,ack_recv,latency_ack,4637,C5_lidar_panorama,C5_lidar_panorama,95,off,panorama,False,True,rtt=19.96ms
1779496683.2894487,ack_recv,latency_ack,4638,C5_lidar_panorama,C5_lidar_panorama,95,off,panorama,False,True,rtt=49.37ms
1779496683.3769429,ack_recv,latency_ack,4639,C5_lidar_panorama,C5_lidar_panorama,95,off,panorama,False,True,rtt=36.33ms
1779496683.4542978,ack_recv,latency_ack,4640,C5_lidar_panorama,C5_lidar_panorama,95,off,panorama,False,True,rtt=13.14ms
1779496683.567307,ack_recv,latency_ack,4641,C5_lidar_panorama,C5_lidar_panorama,95,off,panorama,False,True,rtt=25.89ms
1779496683.6651113,ack_recv,latency_ack,4642,C5_lidar_panorama,C5_lidar_panorama,95,off,panorama,False,True,rtt=23.38ms
1779496683.752568,ack_recv,latency_ack,4643,C5_lidar_panorama,C5_lidar_panorama,95,off,panorama,False,True,rtt=10.27ms
1779496683.8598056,ack_recv,latency_ack,4644,C5_lidar_panorama,C5_lidar_panorama,95,off,panorama,False,True,rtt=17.30ms
1779496683.9550436,ack_recv,latency_ack,4645,C5_lidar_panorama,C5_lidar_panorama,95,off,panorama,False,True,rtt=12.12ms
1779496684.062154,ack_recv,latency_ack,4646,C5_lidar_panorama,C5_lidar_panorama,95,off,panorama,False,True,rtt=18.79ms
1779496684.1588526,ack_recv,latency_ack,4647,C5_lidar_panorama,C5_lidar_panorama,95,off,panorama,False,True,rtt=15.09ms
1779496684.276292,ack_recv,latency_ack,4648,C5_lidar_panorama,C5_lidar_panorama,95,off,panorama,False,True,rtt=32.05ms
1779496684.3592458,ack_recv,latency_ack,4649,C5_lidar_panorama,C5_lidar_panorama,95,off,panorama,False,True,rtt=14.59ms
1779496684.4527838,ack_recv,latency_ack,4650,C5_lidar_panorama,C5_lidar_panorama,95,off,panorama,False,True,rtt=7.27ms
1779496684.561002,ack_recv,latency_ack,4651,C5_lidar_panorama,C5_lidar_panorama,95,off,panorama,False,True,rtt=14.93ms
1779496684.670909,ack_recv,latency_ack,4652,C5_lidar_panorama,C5_lidar_panorama,95,off,panorama,False,True,rtt=23.52ms
1779496684.7835932,ack_recv,latency_ack,4653,C5_lidar_panorama,C5_lidar_panorama,95,off,panorama,False,True,rtt=35.67ms
1779496684.8549678,ack_recv,latency_ack,4654,C5_lidar_panorama,C5_lidar_panorama,95,off,panorama,False,True,rtt=6.78ms
1779496684.9708126,ack_recv,latency_ack,4655,C5_lidar_panorama,C5_lidar_panorama,95,off,panorama,False,True,rtt=22.06ms
1779496685.0592842,ack_recv,latency_ack,4656,C5_lidar_panorama,C5_lidar_panorama,95,off,panorama,False,True,rtt=9.55ms
1779496685.172671,ack_recv,latency_ack,4657,C5_lidar_panorama,C5_lidar_panorama,95,off,panorama,False,True,rtt=22.33ms
1779496685.2877052,ack_recv,latency_ack,4658,C5_lidar_panorama,C5_lidar_panorama,95,off,panorama,False,True,rtt=37.15ms
1779496685.3715653,ack_recv,latency_ack,4659,C5_lidar_panorama,C5_lidar_panorama,95,off,panorama,False,True,rtt=20.31ms
1779496685.464638,ack_recv,latency_ack,4660,C5_lidar_panorama,C5_lidar_panorama,95,off,panorama,False,True,rtt=12.88ms
1779496685.5624552,ack_recv,latency_ack,4661,C5_lidar_panorama,C5_lidar_panorama,95,off,panorama,False,True,rtt=10.12ms
1779496685.6687505,ack_recv,latency_ack,4662,C5_lidar_panorama,C5_lidar_panorama,95,off,panorama,False,True,rtt=15.87ms
1779496685.779842,ack_recv,latency_ack,4663,C5_lidar_panorama,C5_lidar_panorama,95,off,panorama,False,True,rtt=26.48ms
1779496685.8763905,ack_recv,latency_ack,4664,C5_lidar_panorama,C5_lidar_panorama,95,off,panorama,False,True,rtt=22.66ms
1779496685.9634304,ack_recv,latency_ack,4665,C5_lidar_panorama,C5_lidar_panorama,95,off,panorama,False,True,rtt=9.31ms
1779496686.0695436,ack_recv,latency_ack,4666,C5_lidar_panorama,C5_lidar_panorama,95,off,panorama,False,True,rtt=14.56ms
1779496686.1643012,ack_recv,latency_ack,4667,C5_lidar_panorama,C5_lidar_panorama,95,off,panorama,False,True,rtt=9.06ms
1779496686.3209298,ack_recv,latency_ack,4668,C5_lidar_panorama,C5_lidar_panorama,95,off,panorama,False,True,rtt=65.55ms
1779496686.4167724,ack_recv,latency_ack,4669,C5_lidar_panorama,C5_lidar_panorama,95,off,panorama,False,True,rtt=60.57ms
1779496686.5015156,ack_recv,latency_ack,4670,C5_lidar_panorama,C5_lidar_panorama,95,off,panorama,False,True,rtt=44.89ms
1779496686.5885665,ack_recv,latency_ack,4671,C5_lidar_panorama,C5_lidar_panorama,95,off,panorama,False,True,rtt=31.27ms
1779496686.6797826,ack_recv,latency_ack,4672,C5_lidar_panorama,C5_lidar_panorama,95,off,panorama,False,True,rtt=22.02ms
1779496686.793007,ack_recv,latency_ack,4673,C5_lidar_panorama,C5_lidar_panorama,95,off,panorama,False,True,rtt=34.62ms
1779496686.8779364,ack_recv,latency_ack,4674,C5_lidar_panorama,C5_lidar_panorama,95,off,panorama,False,True,rtt=18.57ms
1779496686.9739785,ack_recv,latency_ack,4675,C5_lidar_panorama,C5_lidar_panorama,95,off,panorama,False,True,rtt=14.30ms
1779496687.0830736,ack_recv,latency_ack,4676,C5_lidar_panorama,C5_lidar_panorama,95,off,panorama,False,True,rtt=22.79ms
1779496687.175435,ack_recv,latency_ack,4677,C5_lidar_panorama,C5_lidar_panorama,95,off,panorama,False,True,rtt=14.58ms
1779496687.2920399,ack_recv,latency_ack,4678,C5_lidar_panorama,C5_lidar_panorama,95,off,panorama,False,True,rtt=30.95ms
1779496687.4182446,ack_recv,latency_ack,4679,C5_lidar_panorama,C5_lidar_panorama,95,off,panorama,False,True,rtt=56.81ms
1779496687.5036197,ack_recv,latency_ack,4680,C5_lidar_panorama,C5_lidar_panorama,95,off,panorama,False,True,rtt=41.75ms
1779496687.5899935,ack_recv,latency_ack,4681,C5_lidar_panorama,C5_lidar_panorama,95,off,panorama,False,True,rtt=27.82ms
1779496687.6745868,ack_recv,latency_ack,4682,C5_lidar_panorama,C5_lidar_panorama,95,off,panorama,False,True,rtt=12.24ms
1779496687.8256707,ack_recv,latency_ack,4683,C5_lidar_panorama,C5_lidar_panorama,95,off,panorama,False,True,rtt=62.78ms
1779496687.9122589,ack_recv,latency_ack,4684,C5_lidar_panorama,C5_lidar_panorama,95,off,panorama,False,True,rtt=48.89ms
1779496687.9993675,ack_recv,latency_ack,4685,C5_lidar_panorama,C5_lidar_panorama,95,off,panorama,False,True,rtt=35.78ms
1779496688.083343,ack_recv,latency_ack,4686,C5_lidar_panorama,C5_lidar_panorama,95,off,panorama,False,True,rtt=19.52ms
1779496688.1795428,ack_recv,latency_ack,4687,C5_lidar_panorama,C5_lidar_panorama,95,off,panorama,False,True,rtt=15.57ms
1779496688.294997,ack_recv,latency_ack,4688,C5_lidar_panorama,C5_lidar_panorama,95,off,panorama,False,True,rtt=30.62ms
1779496688.3836293,ack_recv,latency_ack,4689,C5_lidar_panorama,C5_lidar_panorama,95,off,panorama,False,True,rtt=18.82ms
1779496688.4765747,ack_recv,latency_ack,4690,C5_lidar_panorama,C5_lidar_panorama,95,off,panorama,False,True,rtt=11.61ms
1779496688.58722,ack_recv,latency_ack,4691,C5_lidar_panorama,C5_lidar_panorama,95,off,panorama,False,True,rtt=21.63ms
1779496688.6951854,ack_recv,latency_ack,4692,C5_lidar_panorama,C5_lidar_panorama,95,off,panorama,False,True,rtt=28.51ms
1779496688.7913628,ack_recv,latency_ack,4693,C5_lidar_panorama,C5_lidar_panorama,95,off,panorama,False,True,rtt=24.80ms
1779496688.8825088,ack_recv,latency_ack,4694,C5_lidar_panorama,C5_lidar_panorama,95,off,panorama,False,True,rtt=15.17ms
1779496688.9736965,ack_recv,latency_ack,4695,C5_lidar_panorama,C5_lidar_panorama,95,off,panorama,False,True,rtt=5.78ms
1779496689.0827541,ack_recv,latency_ack,4696,C5_lidar_panorama,C5_lidar_panorama,95,off,panorama,False,True,rtt=14.61ms
1779496689.175809,ack_recv,latency_ack,4697,C5_lidar_panorama,C5_lidar_panorama,95,off,panorama,False,True,rtt=6.95ms
1779496689.3427143,ack_recv,latency_ack,4698,C5_lidar_panorama,C5_lidar_panorama,95,off,panorama,False,True,rtt=73.15ms
1779496689.426892,ack_recv,latency_ack,4699,C5_lidar_panorama,C5_lidar_panorama,95,off,panorama,False,True,rtt=56.74ms
1779496689.515875,ack_recv,latency_ack,4700,C5_lidar_panorama,C5_lidar_panorama,95,off,panorama,False,True,rtt=44.94ms
1779496689.5901544,ack_recv,latency_ack,4701,C5_lidar_panorama,C5_lidar_panorama,95,off,panorama,False,True,rtt=18.82ms
1779496689.6834226,ack_recv,latency_ack,4702,C5_lidar_panorama,C5_lidar_panorama,95,off,panorama,False,True,rtt=11.27ms
1779496689.8505692,ack_recv,latency_ack,4703,C5_lidar_panorama,C5_lidar_panorama,95,off,panorama,False,True,rtt=77.88ms
1779496689.8856106,ack_recv,latency_ack,4704,C5_lidar_panorama,C5_lidar_panorama,95,off,panorama,False,True,rtt=12.51ms
1779496689.9922962,ack_recv,latency_ack,4705,C5_lidar_panorama,C5_lidar_panorama,95,off,panorama,False,True,rtt=18.59ms
1779496690.0920424,ack_recv,latency_ack,4706,C5_lidar_panorama,C5_lidar_panorama,95,off,panorama,False,True,rtt=18.12ms
1779496690.1923153,ack_recv,latency_ack,4707,C5_lidar_panorama,C5_lidar_panorama,95,off,panorama,False,True,rtt=17.83ms
1779496690.304911,ack_recv,latency_ack,4708,C5_lidar_panorama,C5_lidar_panorama,95,off,panorama,False,True,rtt=30.00ms
1779496690.3943489,ack_recv,latency_ack,4709,C5_lidar_panorama,C5_lidar_panorama,95,off,panorama,False,True,rtt=18.89ms
1779496690.4838293,ack_recv,latency_ack,4710,C5_lidar_panorama,C5_lidar_panorama,95,off,panorama,False,True,rtt=8.06ms
1779496690.5916958,ack_recv,latency_ack,4711,C5_lidar_panorama,C5_lidar_panorama,95,off,panorama,False,True,rtt=15.36ms
1779496690.6851387,ack_recv,latency_ack,4712,C5_lidar_panorama,C5_lidar_panorama,95,off,panorama,False,True,rtt=8.59ms
1779496690.8686874,ack_recv,latency_ack,4713,C5_lidar_panorama,C5_lidar_panorama,95,off,panorama,False,True,rtt=91.56ms
1779496690.8860712,ack_recv,latency_ack,4714,C5_lidar_panorama,C5_lidar_panorama,95,off,panorama,False,True,rtt=8.09ms
1779496690.9956353,ack_recv,latency_ack,4715,C5_lidar_panorama,C5_lidar_panorama,95,off,panorama,False,True,rtt=16.92ms
1779496691.0886538,ack_recv,latency_ack,4716,C5_lidar_panorama,C5_lidar_panorama,95,off,panorama,False,True,rtt=5.58ms
1779496691.1986732,ack_recv,latency_ack,4717,C5_lidar_panorama,C5_lidar_panorama,95,off,panorama,False,True,rtt=14.51ms
1779496691.306137,ack_recv,latency_ack,4718,C5_lidar_panorama,C5_lidar_panorama,95,off,panorama,False,True,rtt=6.48ms
1779496691.4147801,ack_recv,latency_ack,4719,C5_lidar_panorama,C5_lidar_panorama,95,off,panorama,False,True,rtt=14.36ms
1779496691.5077813,ack_recv,latency_ack,4720,C5_lidar_panorama,C5_lidar_panorama,95,off,panorama,False,True,rtt=6.89ms
1779496691.6173565,ack_recv,latency_ack,4721,C5_lidar_panorama,C5_lidar_panorama,95,off,panorama,False,True,rtt=16.07ms
1779496691.7106318,ack_recv,latency_ack,4722,C5_lidar_panorama,C5_lidar_panorama,95,off,panorama,False,True,rtt=8.80ms
1779496691.8216019,ack_recv,latency_ack,4723,C5_lidar_panorama,C5_lidar_panorama,95,off,panorama,False,True,rtt=10.71ms
1779496691.927458,ack_recv,latency_ack,4724,C5_lidar_panorama,C5_lidar_panorama,95,off,panorama,False,True,rtt=16.27ms
1779496692.020879,ack_recv,latency_ack,4725,C5_lidar_panorama,C5_lidar_panorama,95,off,panorama,False,True,rtt=9.49ms
1779496692.1271982,ack_recv,latency_ack,4726,C5_lidar_panorama,C5_lidar_panorama,95,off,panorama,False,True,rtt=15.27ms
1779496692.2223947,ack_recv,latency_ack,4727,C5_lidar_panorama,C5_lidar_panorama,95,off,panorama,False,True,rtt=10.13ms
1779496692.3326232,ack_recv,latency_ack,4728,C5_lidar_panorama,C5_lidar_panorama,95,off,panorama,False,True,rtt=20.03ms
1779496692.42552,ack_recv,latency_ack,4729,C5_lidar_panorama,C5_lidar_panorama,95,off,panorama,False,True,rtt=11.96ms
1779496692.5576487,ack_recv,latency_ack,4730,C5_lidar_panorama,C5_lidar_panorama,95,off,panorama,False,True,rtt=42.82ms
1779496692.6303809,ack_recv,latency_ack,4731,C5_lidar_panorama,C5_lidar_panorama,95,off,panorama,False,True,rtt=16.20ms
1779496692.752901,ack_recv,latency_ack,4732,C5_lidar_panorama,C5_lidar_panorama,95,off,panorama,False,True,rtt=38.32ms
1779496692.8362358,ack_recv,latency_ack,4733,C5_lidar_panorama,C5_lidar_panorama,95,off,panorama,False,True,rtt=21.29ms
1779496692.9238865,ack_recv,latency_ack,4734,C5_lidar_panorama,C5_lidar_panorama,95,off,panorama,False,True,rtt=8.45ms
1779496693.0299366,ack_recv,latency_ack,4735,C5_lidar_panorama,C5_lidar_panorama,95,off,panorama,False,True,rtt=13.57ms
1779496693.1268778,ack_recv,latency_ack,4736,C5_lidar_panorama,C5_lidar_panorama,95,off,panorama,False,True,rtt=10.04ms
1779496693.2344947,ack_recv,latency_ack,4737,C5_lidar_panorama,C5_lidar_panorama,95,off,panorama,False,True,rtt=17.14ms
1779496693.3279548,ack_recv,latency_ack,4738,C5_lidar_panorama,C5_lidar_panorama,95,off,panorama,False,True,rtt=10.06ms
1779496693.4368165,ack_recv,latency_ack,4739,C5_lidar_panorama,C5_lidar_panorama,95,off,panorama,False,True,rtt=18.00ms
1779496693.5279887,ack_recv,latency_ack,4740,C5_lidar_panorama,C5_lidar_panorama,95,off,panorama,False,True,rtt=8.86ms
1779496693.6387055,ack_recv,latency_ack,4741,C5_lidar_panorama,C5_lidar_panorama,95,off,panorama,False,True,rtt=18.89ms
1779496693.7315562,ack_recv,latency_ack,4742,C5_lidar_panorama,C5_lidar_panorama,95,off,panorama,False,True,rtt=11.26ms
1779496693.8376036,ack_recv,latency_ack,4743,C5_lidar_panorama,C5_lidar_panorama,95,off,panorama,False,True,rtt=16.29ms
1779496693.9355464,ack_recv,latency_ack,4744,C5_lidar_panorama,C5_lidar_panorama,95,off,panorama,False,True,rtt=13.39ms
1779496694.0603223,ack_recv,latency_ack,4745,C5_lidar_panorama,C5_lidar_panorama,95,off,panorama,False,True,rtt=37.74ms
1779496694.1395013,ack_recv,latency_ack,4746,C5_lidar_panorama,C5_lidar_panorama,95,off,panorama,False,True,rtt=16.23ms
1779496694.2419753,ack_recv,latency_ack,4747,C5_lidar_panorama,C5_lidar_panorama,95,off,panorama,False,True,rtt=18.26ms
1779496694.340489,ack_recv,latency_ack,4748,C5_lidar_panorama,C5_lidar_panorama,95,off,panorama,False,True,rtt=16.42ms
1779496694.432211,ack_recv,latency_ack,4749,C5_lidar_panorama,C5_lidar_panorama,95,off,panorama,False,True,rtt=7.99ms
1779496694.585056,ack_recv,latency_ack,4750,C5_lidar_panorama,C5_lidar_panorama,95,off,panorama,False,True,rtt=60.54ms
1779496694.6318295,ack_recv,latency_ack,4751,C5_lidar_panorama,C5_lidar_panorama,95,off,panorama,False,True,rtt=7.20ms
1779496694.7910943,ack_recv,latency_ack,4752,C5_lidar_panorama,C5_lidar_panorama,95,off,panorama,False,True,rtt=65.93ms
1779496694.8755457,ack_recv,latency_ack,4753,C5_lidar_panorama,C5_lidar_panorama,95,off,panorama,False,True,rtt=49.90ms
1779496694.963559,ack_recv,latency_ack,4754,C5_lidar_panorama,C5_lidar_panorama,95,off,panorama,False,True,rtt=36.38ms
1779496695.0653858,ack_recv,latency_ack,4755,C5_lidar_panorama,C5_lidar_panorama,95,off,panorama,False,True,rtt=38.91ms
1779496695.1430714,ack_recv,latency_ack,4756,C5_lidar_panorama,C5_lidar_panorama,95,off,panorama,False,True,rtt=16.37ms
1779496695.2853136,ack_recv,latency_ack,4757,C5_lidar_panorama,C5_lidar_panorama,95,off,panorama,False,True,rtt=58.28ms
1779496695.37569,ack_recv,latency_ack,4758,C5_lidar_panorama,C5_lidar_panorama,95,off,panorama,False,True,rtt=48.33ms
1779496695.4610312,ack_recv,latency_ack,4759,C5_lidar_panorama,C5_lidar_panorama,95,off,panorama,False,True,rtt=33.40ms
1779496695.5688133,ack_recv,latency_ack,4760,C5_lidar_panorama,C5_lidar_panorama,95,off,panorama,False,True,rtt=40.63ms
1779496695.6420825,ack_recv,latency_ack,4761,C5_lidar_panorama,C5_lidar_panorama,95,off,panorama,False,True,rtt=13.65ms
1779496695.7339132,ack_recv,latency_ack,4762,C5_lidar_panorama,C5_lidar_panorama,95,off,panorama,False,True,rtt=4.92ms
1779496695.8454194,ack_recv,latency_ack,4763,C5_lidar_panorama,C5_lidar_panorama,95,off,panorama,False,True,rtt=16.22ms
1779496695.9369092,ack_recv,latency_ack,4764,C5_lidar_panorama,C5_lidar_panorama,95,off,panorama,False,True,rtt=7.26ms
1779496696.0489256,ack_recv,latency_ack,4765,C5_lidar_panorama,C5_lidar_panorama,95,off,panorama,False,True,rtt=18.75ms
1779496696.139439,ack_recv,latency_ack,4766,C5_lidar_panorama,C5_lidar_panorama,95,off,panorama,False,True,rtt=8.57ms
1779496696.248794,ack_recv,latency_ack,4767,C5_lidar_panorama,C5_lidar_panorama,95,off,panorama,False,True,rtt=16.60ms
1779496696.342571,ack_recv,latency_ack,4768,C5_lidar_panorama,C5_lidar_panorama,95,off,panorama,False,True,rtt=10.70ms
1779496696.45022,ack_recv,latency_ack,4769,C5_lidar_panorama,C5_lidar_panorama,95,off,panorama,False,True,rtt=17.95ms
1779496696.5425193,ack_recv,latency_ack,4770,C5_lidar_panorama,C5_lidar_panorama,95,off,panorama,False,True,rtt=9.91ms
1779496696.65178,ack_recv,latency_ack,4771,C5_lidar_panorama,C5_lidar_panorama,95,off,panorama,False,True,rtt=18.26ms
1779496696.7452557,ack_recv,latency_ack,4772,C5_lidar_panorama,C5_lidar_panorama,95,off,panorama,False,True,rtt=11.44ms
1779496696.854862,ack_recv,latency_ack,4773,C5_lidar_panorama,C5_lidar_panorama,95,off,panorama,False,True,rtt=20.45ms
1779496696.9463577,ack_recv,latency_ack,4774,C5_lidar_panorama,C5_lidar_panorama,95,off,panorama,False,True,rtt=11.63ms
1779496697.0882263,ack_recv,latency_ack,4775,C5_lidar_panorama,C5_lidar_panorama,95,off,panorama,False,True,rtt=52.17ms
1779496697.1467888,ack_recv,latency_ack,4776,C5_lidar_panorama,C5_lidar_panorama,95,off,panorama,False,True,rtt=10.04ms
1779496697.2730775,ack_recv,latency_ack,4777,C5_lidar_panorama,C5_lidar_panorama,95,off,panorama,False,True,rtt=36.22ms
1779496697.357354,ack_recv,latency_ack,4778,C5_lidar_panorama,C5_lidar_panorama,95,off,panorama,False,True,rtt=20.28ms
1779496697.4576757,ack_recv,latency_ack,4779,C5_lidar_panorama,C5_lidar_panorama,95,off,panorama,False,True,rtt=20.27ms
1779496697.5488513,ack_recv,latency_ack,4780,C5_lidar_panorama,C5_lidar_panorama,95,off,panorama,False,True,rtt=10.96ms
1779496697.6429188,ack_recv,latency_ack,4781,C5_lidar_panorama,C5_lidar_panorama,95,off,panorama,False,True,rtt=4.57ms
1779496697.7529905,ack_recv,latency_ack,4782,C5_lidar_panorama,C5_lidar_panorama,95,off,panorama,False,True,rtt=14.02ms
1779496697.8444488,ack_recv,latency_ack,4783,C5_lidar_panorama,C5_lidar_panorama,95,off,panorama,False,True,rtt=4.83ms
1779496697.952495,ack_recv,latency_ack,4784,C5_lidar_panorama,C5_lidar_panorama,95,off,panorama,False,True,rtt=10.87ms
1779496698.0467472,ack_recv,latency_ack,4785,C5_lidar_panorama,C5_lidar_panorama,95,off,panorama,False,True,rtt=5.84ms
1779496698.1576028,ack_recv,latency_ack,4786,C5_lidar_panorama,C5_lidar_panorama,95,off,panorama,False,True,rtt=15.70ms
1779496698.2500505,ack_recv,latency_ack,4787,C5_lidar_panorama,C5_lidar_panorama,95,off,panorama,False,True,rtt=7.57ms
1779496698.3611712,ack_recv,latency_ack,4788,C5_lidar_panorama,C5_lidar_panorama,95,off,panorama,False,True,rtt=18.12ms
1779496698.4510345,ack_recv,latency_ack,4789,C5_lidar_panorama,C5_lidar_panorama,95,off,panorama,False,True,rtt=7.44ms
1779496698.5768282,ack_recv,latency_ack,4790,C5_lidar_panorama,C5_lidar_panorama,95,off,panorama,False,True,rtt=32.68ms
1779496698.6566381,ack_recv,latency_ack,4791,C5_lidar_panorama,C5_lidar_panorama,95,off,panorama,False,True,rtt=11.65ms
1779496698.7689743,ack_recv,latency_ack,4792,C5_lidar_panorama,C5_lidar_panorama,95,off,panorama,False,True,rtt=22.83ms
1779496698.8596694,ack_recv,latency_ack,4793,C5_lidar_panorama,C5_lidar_panorama,95,off,panorama,False,True,rtt=13.52ms
1779496698.9723477,ack_recv,latency_ack,4794,C5_lidar_panorama,C5_lidar_panorama,95,off,panorama,False,True,rtt=25.60ms
1779496699.086616,ack_recv,latency_ack,4795,C5_lidar_panorama,C5_lidar_panorama,95,off,panorama,False,True,rtt=39.23ms
1779496699.191472,ack_recv,latency_ack,4796,C5_lidar_panorama,C5_lidar_panorama,95,off,panorama,False,True,rtt=43.82ms
1779496699.2759483,ack_recv,latency_ack,4797,C5_lidar_panorama,C5_lidar_panorama,95,off,panorama,False,True,rtt=28.13ms
1779496699.360661,ack_recv,latency_ack,4798,C5_lidar_panorama,C5_lidar_panorama,95,off,panorama,False,True,rtt=12.48ms
1779496699.4717295,ack_recv,latency_ack,4799,C5_lidar_panorama,C5_lidar_panorama,95,off,panorama,False,True,rtt=22.93ms
1779496699.5575616,ack_recv,latency_ack,4800,C5_lidar_panorama,C5_lidar_panorama,95,off,panorama,False,True,rtt=8.47ms
1779496699.7190754,ack_recv,latency_ack,4801,C5_lidar_panorama,C5_lidar_panorama,95,off,panorama,False,True,rtt=68.77ms
1779496699.8062127,ack_recv,latency_ack,4802,C5_lidar_panorama,C5_lidar_panorama,95,off,panorama,False,True,rtt=55.11ms
1779496699.8928618,ack_recv,latency_ack,4803,C5_lidar_panorama,C5_lidar_panorama,95,off,panorama,False,True,rtt=41.54ms
1779496699.975037,ack_recv,latency_ack,4804,C5_lidar_panorama,C5_lidar_panorama,95,off,panorama,False,True,rtt=23.19ms
1779496700.097845,ack_recv,latency_ack,4805,C5_lidar_panorama,C5_lidar_panorama,95,off,panorama,False,True,rtt=45.71ms
1779496700.208616,ack_recv,latency_ack,4806,C5_lidar_panorama,C5_lidar_panorama,95,off,panorama,False,True,rtt=55.87ms
1779496700.2937946,ack_recv,latency_ack,4807,C5_lidar_panorama,C5_lidar_panorama,95,off,panorama,False,True,rtt=40.32ms
1779496700.381692,ack_recv,latency_ack,4808,C5_lidar_panorama,C5_lidar_panorama,95,off,panorama,False,True,rtt=27.75ms
1779496700.4693441,ack_recv,latency_ack,4809,C5_lidar_panorama,C5_lidar_panorama,95,off,panorama,False,True,rtt=15.12ms
1779496700.6300478,ack_recv,latency_ack,4810,C5_lidar_panorama,C5_lidar_panorama,95,off,panorama,False,True,rtt=75.52ms
1779496700.715911,ack_recv,latency_ack,4811,C5_lidar_panorama,C5_lidar_panorama,95,off,panorama,False,True,rtt=60.79ms
1779496700.8008626,ack_recv,latency_ack,4812,C5_lidar_panorama,C5_lidar_panorama,95,off,panorama,False,True,rtt=45.57ms
1779496700.884963,ack_recv,latency_ack,4813,C5_lidar_panorama,C5_lidar_panorama,95,off,panorama,False,True,rtt=29.47ms
1779496700.980411,ack_recv,latency_ack,4814,C5_lidar_panorama,C5_lidar_panorama,95,off,panorama,False,True,rtt=24.22ms
1779496701.0675523,ack_recv,latency_ack,4815,C5_lidar_panorama,C5_lidar_panorama,95,off,panorama,False,True,rtt=10.49ms
1779496701.1797438,ack_recv,latency_ack,4816,C5_lidar_panorama,C5_lidar_panorama,95,off,panorama,False,True,rtt=21.96ms
1779496701.267696,ack_recv,latency_ack,4817,C5_lidar_panorama,C5_lidar_panorama,95,off,panorama,False,True,rtt=9.30ms
1779496701.3713396,ack_recv,latency_ack,4818,C5_lidar_panorama,C5_lidar_panorama,95,off,panorama,False,True,rtt=12.28ms
1779496701.4701562,ack_recv,latency_ack,4819,C5_lidar_panorama,C5_lidar_panorama,95,off,panorama,False,True,rtt=10.83ms
1779496701.5921042,ack_recv,latency_ack,4820,C5_lidar_panorama,C5_lidar_panorama,95,off,panorama,False,True,rtt=32.51ms
1779496701.6993973,ack_recv,latency_ack,4821,C5_lidar_panorama,C5_lidar_panorama,95,off,panorama,False,True,rtt=39.46ms
1779496701.7768407,ack_recv,latency_ack,4822,C5_lidar_panorama,C5_lidar_panorama,95,off,panorama,False,True,rtt=16.42ms
1779496701.8722067,ack_recv,latency_ack,4823,C5_lidar_panorama,C5_lidar_panorama,95,off,panorama,False,True,rtt=11.61ms
1779496701.9796789,ack_recv,latency_ack,4824,C5_lidar_panorama,C5_lidar_panorama,95,off,panorama,False,True,rtt=18.24ms
1779496702.0899487,ack_recv,latency_ack,4825,C5_lidar_panorama,C5_lidar_panorama,95,off,panorama,False,True,rtt=27.65ms
1779496702.1846552,ack_recv,latency_ack,4826,C5_lidar_panorama,C5_lidar_panorama,95,off,panorama,False,True,rtt=21.49ms
1779496702.2698808,ack_recv,latency_ack,4827,C5_lidar_panorama,C5_lidar_panorama,95,off,panorama,False,True,rtt=6.34ms
1779496702.384143,ack_recv,latency_ack,4828,C5_lidar_panorama,C5_lidar_panorama,95,off,panorama,False,True,rtt=20.04ms
1779496702.4751163,ack_recv,latency_ack,4829,C5_lidar_panorama,C5_lidar_panorama,95,off,panorama,False,True,rtt=10.47ms
1779496702.6479418,ack_recv,latency_ack,4830,C5_lidar_panorama,C5_lidar_panorama,95,off,panorama,False,True,rtt=82.63ms
1779496702.6800506,ack_recv,latency_ack,4831,C5_lidar_panorama,C5_lidar_panorama,95,off,panorama,False,True,rtt=14.63ms
1779496702.7880638,ack_recv,latency_ack,4832,C5_lidar_panorama,C5_lidar_panorama,95,off,panorama,False,True,rtt=22.04ms
1779496702.8804045,ack_recv,latency_ack,4833,C5_lidar_panorama,C5_lidar_panorama,95,off,panorama,False,True,rtt=13.89ms
1779496702.9844413,ack_recv,latency_ack,4834,C5_lidar_panorama,C5_lidar_panorama,95,off,panorama,False,True,rtt=16.92ms
1779496703.101602,ack_recv,latency_ack,4835,C5_lidar_panorama,C5_lidar_panorama,95,off,panorama,False,True,rtt=33.80ms
1779496703.1935463,ack_recv,latency_ack,4836,C5_lidar_panorama,C5_lidar_panorama,95,off,panorama,False,True,rtt=24.97ms
1779496703.285989,ack_recv,latency_ack,4837,C5_lidar_panorama,C5_lidar_panorama,95,off,panorama,False,True,rtt=16.79ms
1779496703.3770568,ack_recv,latency_ack,4838,C5_lidar_panorama,C5_lidar_panorama,95,off,panorama,False,True,rtt=6.87ms
1779496703.487546,ack_recv,latency_ack,4839,C5_lidar_panorama,C5_lidar_panorama,95,off,panorama,False,True,rtt=16.97ms
1779496703.619059,ack_recv,latency_ack,4840,C5_lidar_panorama,C5_lidar_panorama,95,off,panorama,False,True,rtt=48.02ms
1779496703.6879818,ack_recv,latency_ack,4841,C5_lidar_panorama,C5_lidar_panorama,95,off,panorama,False,True,rtt=15.41ms
1779496703.784897,ack_recv,latency_ack,4842,C5_lidar_panorama,C5_lidar_panorama,95,off,panorama,False,True,rtt=12.41ms
1779496703.8908086,ack_recv,latency_ack,4843,C5_lidar_panorama,C5_lidar_panorama,95,off,panorama,False,True,rtt=17.35ms
1779496703.9823296,ack_recv,latency_ack,4844,C5_lidar_panorama,C5_lidar_panorama,95,off,panorama,False,True,rtt=8.34ms
1779496704.128905,ack_recv,latency_ack,4845,C5_lidar_panorama,C5_lidar_panorama,95,off,panorama,False,True,rtt=54.37ms
1779496704.213866,ack_recv,latency_ack,4846,C5_lidar_panorama,C5_lidar_panorama,95,off,panorama,False,True,rtt=37.19ms
1779496704.2964118,ack_recv,latency_ack,4847,C5_lidar_panorama,C5_lidar_panorama,95,off,panorama,False,True,rtt=20.41ms
1779496704.3865955,ack_recv,latency_ack,4848,C5_lidar_panorama,C5_lidar_panorama,95,off,panorama,False,True,rtt=10.39ms
1779496704.494326,ack_recv,latency_ack,4849,C5_lidar_panorama,C5_lidar_panorama,95,off,panorama,False,True,rtt=17.66ms
1779496704.6055388,ack_recv,latency_ack,4850,C5_lidar_panorama,C5_lidar_panorama,95,off,panorama,False,True,rtt=28.53ms
1779496704.7423508,ack_recv,latency_ack,4851,C5_lidar_panorama,C5_lidar_panorama,95,off,panorama,False,True,rtt=65.05ms
1779496704.8276184,ack_recv,latency_ack,4852,C5_lidar_panorama,C5_lidar_panorama,95,off,panorama,False,True,rtt=49.91ms
1779496704.911413,ack_recv,latency_ack,4853,C5_lidar_panorama,C5_lidar_panorama,95,off,panorama,False,True,rtt=33.34ms
1779496704.9956594,ack_recv,latency_ack,4854,C5_lidar_panorama,C5_lidar_panorama,95,off,panorama,False,True,rtt=16.82ms
1779496705.1594746,ack_recv,latency_ack,4855,C5_lidar_panorama,C5_lidar_panorama,95,off,panorama,False,True,rtt=80.25ms
1779496705.1850839,ack_recv,latency_ack,4856,C5_lidar_panorama,C5_lidar_panorama,95,off,panorama,False,True,rtt=5.40ms
1779496705.292318,ack_recv,latency_ack,4857,C5_lidar_panorama,C5_lidar_panorama,95,off,panorama,False,True,rtt=12.10ms
1779496705.3943934,ack_recv,latency_ack,4858,C5_lidar_panorama,C5_lidar_panorama,95,off,panorama,False,True,rtt=13.99ms
1779496705.4948428,ack_recv,latency_ack,4859,C5_lidar_panorama,C5_lidar_panorama,95,off,panorama,False,True,rtt=13.94ms
1779496705.6053386,ack_recv,latency_ack,4860,C5_lidar_panorama,C5_lidar_panorama,95,off,panorama,False,True,rtt=23.59ms
1779496705.7016518,ack_recv,latency_ack,4861,C5_lidar_panorama,C5_lidar_panorama,95,off,panorama,False,True,rtt=19.29ms
1779496705.7916348,ack_recv,latency_ack,4862,C5_lidar_panorama,C5_lidar_panorama,95,off,panorama,False,True,rtt=8.52ms
1779496705.9528651,ack_recv,latency_ack,4863,C5_lidar_panorama,C5_lidar_panorama,95,off,panorama,False,True,rtt=69.53ms
1779496706.0405347,ack_recv,latency_ack,4864,C5_lidar_panorama,C5_lidar_panorama,95,off,panorama,False,True,rtt=56.68ms
1779496706.1237435,ack_recv,latency_ack,4865,C5_lidar_panorama,C5_lidar_panorama,95,off,panorama,False,True,rtt=39.56ms
1779496706.2143495,ack_recv,latency_ack,4866,C5_lidar_panorama,C5_lidar_panorama,95,off,panorama,False,True,rtt=29.35ms
1779496706.2919133,ack_recv,latency_ack,4867,C5_lidar_panorama,C5_lidar_panorama,95,off,panorama,False,True,rtt=6.52ms
1779496706.402994,ack_recv,latency_ack,4868,C5_lidar_panorama,C5_lidar_panorama,95,off,panorama,False,True,rtt=16.97ms
1779496706.4951944,ack_recv,latency_ack,4869,C5_lidar_panorama,C5_lidar_panorama,95,off,panorama,False,True,rtt=8.96ms
1779496706.6171775,ack_recv,latency_ack,4870,C5_lidar_panorama,C5_lidar_panorama,95,off,panorama,False,True,rtt=30.35ms
1779496706.7512085,ack_recv,latency_ack,4871,C5_lidar_panorama,C5_lidar_panorama,95,off,panorama,False,True,rtt=64.03ms
1779496706.8598626,ack_recv,latency_ack,4872,C5_lidar_panorama,C5_lidar_panorama,95,off,panorama,False,True,rtt=72.33ms
1779496706.9478068,ack_recv,latency_ack,4873,C5_lidar_panorama,C5_lidar_panorama,95,off,panorama,False,True,rtt=59.43ms
1779496707.0438795,ack_recv,latency_ack,4874,C5_lidar_panorama,C5_lidar_panorama,95,off,panorama,False,True,rtt=54.88ms
1779496707.1435726,ack_recv,latency_ack,4875,C5_lidar_panorama,C5_lidar_panorama,95,off,panorama,False,True,rtt=54.15ms
1779496707.2051148,ack_recv,latency_ack,4876,C5_lidar_panorama,C5_lidar_panorama,95,off,panorama,False,True,rtt=14.73ms
1779496707.3105142,ack_recv,latency_ack,4877,C5_lidar_panorama,C5_lidar_panorama,95,off,panorama,False,True,rtt=19.60ms
1779496707.405262,ack_recv,latency_ack,4878,C5_lidar_panorama,C5_lidar_panorama,95,off,panorama,False,True,rtt=13.71ms
1779496707.5137992,ack_recv,latency_ack,4879,C5_lidar_panorama,C5_lidar_panorama,95,off,panorama,False,True,rtt=21.83ms
1779496707.6569388,ack_recv,latency_ack,4880,C5_lidar_panorama,C5_lidar_panorama,95,off,panorama,False,True,rtt=64.05ms
1779496707.74271,ack_recv,latency_ack,4881,C5_lidar_panorama,C5_lidar_panorama,95,off,panorama,False,True,rtt=49.07ms
1779496707.8315022,ack_recv,latency_ack,4882,C5_lidar_panorama,C5_lidar_panorama,95,off,panorama,False,True,rtt=36.64ms
1779496707.9132922,ack_recv,latency_ack,4883,C5_lidar_panorama,C5_lidar_panorama,95,off,panorama,False,True,rtt=17.55ms
1779496708.0408905,ack_recv,latency_ack,4884,C5_lidar_panorama,C5_lidar_panorama,95,off,panorama,False,True,rtt=44.77ms
1779496708.1265674,ack_recv,latency_ack,4885,C5_lidar_panorama,C5_lidar_panorama,95,off,panorama,False,True,rtt=29.84ms
1779496708.2227526,ack_recv,latency_ack,4886,C5_lidar_panorama,C5_lidar_panorama,95,off,panorama,False,True,rtt=25.42ms
1779496708.3249135,ack_recv,latency_ack,4887,C5_lidar_panorama,C5_lidar_panorama,95,off,panorama,False,True,rtt=27.01ms
1779496708.414316,ack_recv,latency_ack,4888,C5_lidar_panorama,C5_lidar_panorama,95,off,panorama,False,True,rtt=15.91ms
1779496708.5038226,ack_recv,latency_ack,4889,C5_lidar_panorama,C5_lidar_panorama,95,off,panorama,False,True,rtt=4.87ms
1779496708.6703982,ack_recv,latency_ack,4890,C5_lidar_panorama,C5_lidar_panorama,95,off,panorama,False,True,rtt=51.86ms
1779496708.7368667,ack_recv,latency_ack,4891,C5_lidar_panorama,C5_lidar_panorama,95,off,panorama,False,True,rtt=17.72ms
1779496708.8297694,ack_recv,latency_ack,4892,C5_lidar_panorama,C5_lidar_panorama,95,off,panorama,False,True,rtt=10.33ms
1779496708.9369347,ack_recv,latency_ack,4893,C5_lidar_panorama,C5_lidar_panorama,95,off,panorama,False,True,rtt=16.57ms
1779496709.0311792,ack_recv,latency_ack,4894,C5_lidar_panorama,C5_lidar_panorama,95,off,panorama,False,True,rtt=10.48ms
1779496709.1392763,ack_recv,latency_ack,4895,C5_lidar_panorama,C5_lidar_panorama,95,off,panorama,False,True,rtt=16.91ms
1779496709.2298548,ack_recv,latency_ack,4896,C5_lidar_panorama,C5_lidar_panorama,95,off,panorama,False,True,rtt=6.05ms
1779496709.377324,ack_recv,latency_ack,4897,C5_lidar_panorama,C5_lidar_panorama,95,off,panorama,False,True,rtt=53.31ms
1779496709.4327173,ack_recv,latency_ack,4898,C5_lidar_panorama,C5_lidar_panorama,95,off,panorama,False,True,rtt=8.46ms
1779496709.5396335,ack_recv,latency_ack,4899,C5_lidar_panorama,C5_lidar_panorama,95,off,panorama,False,True,rtt=14.98ms
1779496709.6310422,ack_recv,latency_ack,4900,C5_lidar_panorama,C5_lidar_panorama,95,off,panorama,False,True,rtt=6.13ms
1779496709.7426088,ack_recv,latency_ack,4901,C5_lidar_panorama,C5_lidar_panorama,95,off,panorama,False,True,rtt=15.93ms
1779496709.8317118,ack_recv,latency_ack,4902,C5_lidar_panorama,C5_lidar_panorama,95,off,panorama,False,True,rtt=4.56ms
1779496709.9446743,ack_recv,latency_ack,4903,C5_lidar_panorama,C5_lidar_panorama,95,off,panorama,False,True,rtt=17.21ms
1779496710.0390887,ack_recv,latency_ack,4904,C5_lidar_panorama,C5_lidar_panorama,95,off,panorama,False,True,rtt=11.18ms
1779496710.145003,ack_recv,latency_ack,4905,C5_lidar_panorama,C5_lidar_panorama,95,off,panorama,False,True,rtt=16.47ms
1779496710.2364318,ack_recv,latency_ack,4906,C5_lidar_panorama,C5_lidar_panorama,95,off,panorama,False,True,rtt=6.75ms
1779496710.345056,ack_recv,latency_ack,4907,C5_lidar_panorama,C5_lidar_panorama,95,off,panorama,False,True,rtt=14.88ms
1779496710.437521,ack_recv,latency_ack,4908,C5_lidar_panorama,C5_lidar_panorama,95,off,panorama,False,True,rtt=6.91ms
1779496710.548757,ack_recv,latency_ack,4909,C5_lidar_panorama,C5_lidar_panorama,95,off,panorama,False,True,rtt=17.36ms
1779496710.6533031,ack_recv,latency_ack,4910,C5_lidar_panorama,C5_lidar_panorama,95,off,panorama,False,True,rtt=21.59ms
1779496710.7464895,ack_recv,latency_ack,4911,C5_lidar_panorama,C5_lidar_panorama,95,off,panorama,False,True,rtt=14.67ms
1779496710.8380547,ack_recv,latency_ack,4912,C5_lidar_panorama,C5_lidar_panorama,95,off,panorama,False,True,rtt=6.04ms
1779496710.9468734,ack_recv,latency_ack,4913,C5_lidar_panorama,C5_lidar_panorama,95,off,panorama,False,True,rtt=14.66ms
1779496711.0388453,ack_recv,latency_ack,4914,C5_lidar_panorama,C5_lidar_panorama,95,off,panorama,False,True,rtt=6.05ms
1779496711.1452844,ack_recv,latency_ack,4915,C5_lidar_panorama,C5_lidar_panorama,95,off,panorama,False,True,rtt=6.93ms
1779496711.3015964,ack_recv,latency_ack,4916,C5_lidar_panorama,C5_lidar_panorama,95,off,panorama,False,True,rtt=62.56ms
1779496711.3986363,ack_recv,latency_ack,4917,C5_lidar_panorama,C5_lidar_panorama,95,off,panorama,False,True,rtt=59.16ms
1779496711.5035548,ack_recv,latency_ack,4918,C5_lidar_panorama,C5_lidar_panorama,95,off,panorama,False,True,rtt=63.88ms
1779496711.5505528,ack_recv,latency_ack,4919,C5_lidar_panorama,C5_lidar_panorama,95,off,panorama,False,True,rtt=10.24ms
1779496711.6583982,ack_recv,latency_ack,4920,C5_lidar_panorama,C5_lidar_panorama,95,off,panorama,False,True,rtt=17.86ms
1779496711.7508786,ack_recv,latency_ack,4921,C5_lidar_panorama,C5_lidar_panorama,95,off,panorama,False,True,rtt=9.90ms
1779496711.8569334,ack_recv,latency_ack,4922,C5_lidar_panorama,C5_lidar_panorama,95,off,panorama,False,True,rtt=15.34ms
1779496711.9555416,ack_recv,latency_ack,4923,C5_lidar_panorama,C5_lidar_panorama,95,off,panorama,False,True,rtt=13.62ms
1779496712.062853,ack_recv,latency_ack,4924,C5_lidar_panorama,C5_lidar_panorama,95,off,panorama,False,True,rtt=20.51ms
1779496712.1558504,ack_recv,latency_ack,4925,C5_lidar_panorama,C5_lidar_panorama,95,off,panorama,False,True,rtt=12.61ms
1779496712.262885,ack_recv,latency_ack,4926,C5_lidar_panorama,C5_lidar_panorama,95,off,panorama,False,True,rtt=19.11ms
1779496712.3558686,ack_recv,latency_ack,4927,C5_lidar_panorama,C5_lidar_panorama,95,off,panorama,False,True,rtt=11.41ms
1779496712.46412,ack_recv,latency_ack,4928,C5_lidar_panorama,C5_lidar_panorama,95,off,panorama,False,True,rtt=19.56ms
1779496712.558396,ack_recv,latency_ack,4929,C5_lidar_panorama,C5_lidar_panorama,95,off,panorama,False,True,rtt=12.72ms
1779496712.6656713,ack_recv,latency_ack,4930,C5_lidar_panorama,C5_lidar_panorama,95,off,panorama,False,True,rtt=20.74ms
1779496712.7628522,ack_recv,latency_ack,4931,C5_lidar_panorama,C5_lidar_panorama,95,off,panorama,False,True,rtt=16.98ms
1779496712.85697,ack_recv,latency_ack,4932,C5_lidar_panorama,C5_lidar_panorama,95,off,panorama,False,True,rtt=10.33ms
1779496712.9648135,ack_recv,latency_ack,4933,C5_lidar_panorama,C5_lidar_panorama,95,off,panorama,False,True,rtt=17.88ms
1779496713.0584948,ack_recv,latency_ack,4934,C5_lidar_panorama,C5_lidar_panorama,95,off,panorama,False,True,rtt=11.08ms
1779496713.168967,ack_recv,latency_ack,4935,C5_lidar_panorama,C5_lidar_panorama,95,off,panorama,False,True,rtt=21.00ms
1779496713.2618666,ack_recv,latency_ack,4936,C5_lidar_panorama,C5_lidar_panorama,95,off,panorama,False,True,rtt=13.54ms
1779496713.406691,ack_recv,latency_ack,4937,C5_lidar_panorama,C5_lidar_panorama,95,off,panorama,False,True,rtt=58.14ms
1779496713.4603493,ack_recv,latency_ack,4938,C5_lidar_panorama,C5_lidar_panorama,95,off,panorama,False,True,rtt=11.19ms
1779496713.5736349,ack_recv,latency_ack,4939,C5_lidar_panorama,C5_lidar_panorama,95,off,panorama,False,True,rtt=24.12ms
1779496713.6619668,ack_recv,latency_ack,4940,C5_lidar_panorama,C5_lidar_panorama,95,off,panorama,False,True,rtt=12.14ms
1779496713.7571626,ack_recv,latency_ack,4941,C5_lidar_panorama,C5_lidar_panorama,95,off,panorama,False,True,rtt=6.93ms
1779496713.8654616,ack_recv,latency_ack,4942,C5_lidar_panorama,C5_lidar_panorama,95,off,panorama,False,True,rtt=14.61ms
1779496713.9630241,ack_recv,latency_ack,4943,C5_lidar_panorama,C5_lidar_panorama,95,off,panorama,False,True,rtt=11.93ms
1779496714.069995,ack_recv,latency_ack,4944,C5_lidar_panorama,C5_lidar_panorama,95,off,panorama,False,True,rtt=18.40ms
1779496714.1644776,ack_recv,latency_ack,4945,C5_lidar_panorama,C5_lidar_panorama,95,off,panorama,False,True,rtt=12.34ms
1779496714.2721915,ack_recv,latency_ack,4946,C5_lidar_panorama,C5_lidar_panorama,95,off,panorama,False,True,rtt=19.65ms
1779496714.3642902,ack_recv,latency_ack,4947,C5_lidar_panorama,C5_lidar_panorama,95,off,panorama,False,True,rtt=11.30ms
1779496714.4710474,ack_recv,latency_ack,4948,C5_lidar_panorama,C5_lidar_panorama,95,off,panorama,False,True,rtt=17.90ms
1779496714.562659,ack_recv,latency_ack,4949,C5_lidar_panorama,C5_lidar_panorama,95,off,panorama,False,True,rtt=8.82ms
1779496714.6738613,ack_recv,latency_ack,4950,C5_lidar_panorama,C5_lidar_panorama,95,off,panorama,False,True,rtt=18.77ms
1779496714.7600257,ack_recv,latency_ack,4951,C5_lidar_panorama,C5_lidar_panorama,95,off,panorama,False,True,rtt=5.29ms
1779496714.8676531,ack_recv,latency_ack,4952,C5_lidar_panorama,C5_lidar_panorama,95,off,panorama,False,True,rtt=12.37ms
1779496714.964409,ack_recv,latency_ack,4953,C5_lidar_panorama,C5_lidar_panorama,95,off,panorama,False,True,rtt=8.36ms
1779496715.0728157,ack_recv,latency_ack,4954,C5_lidar_panorama,C5_lidar_panorama,95,off,panorama,False,True,rtt=16.42ms
1779496715.1667542,ack_recv,latency_ack,4955,C5_lidar_panorama,C5_lidar_panorama,95,off,panorama,False,True,rtt=10.00ms
1779496715.2737937,ack_recv,latency_ack,4956,C5_lidar_panorama,C5_lidar_panorama,95,off,panorama,False,True,rtt=16.62ms
1779496715.3706758,ack_recv,latency_ack,4957,C5_lidar_panorama,C5_lidar_panorama,95,off,panorama,False,True,rtt=12.85ms
1779496715.4794822,ack_recv,latency_ack,4958,C5_lidar_panorama,C5_lidar_panorama,95,off,panorama,False,True,rtt=21.44ms
1779496715.5745697,ack_recv,latency_ack,4959,C5_lidar_panorama,C5_lidar_panorama,95,off,panorama,False,True,rtt=15.76ms
1779496715.6814463,ack_recv,latency_ack,4960,C5_lidar_panorama,C5_lidar_panorama,95,off,panorama,False,True,rtt=22.36ms
1779496715.7732918,ack_recv,latency_ack,4961,C5_lidar_panorama,C5_lidar_panorama,95,off,panorama,False,True,rtt=13.61ms
1779496715.89555,ack_recv,latency_ack,4962,C5_lidar_panorama,C5_lidar_panorama,95,off,panorama,False,True,rtt=35.44ms
1779496715.9726837,ack_recv,latency_ack,4963,C5_lidar_panorama,C5_lidar_panorama,95,off,panorama,False,True,rtt=12.19ms
1779496716.0691028,ack_recv,latency_ack,4964,C5_lidar_panorama,C5_lidar_panorama,95,off,panorama,False,True,rtt=7.64ms
1779496716.171611,ack_recv,latency_ack,4965,C5_lidar_panorama,C5_lidar_panorama,95,off,panorama,False,True,rtt=6.60ms
1779496716.2822402,ack_recv,latency_ack,4966,C5_lidar_panorama,C5_lidar_panorama,95,off,panorama,False,True,rtt=16.61ms
1779496716.3977787,ack_recv,latency_ack,4967,C5_lidar_panorama,C5_lidar_panorama,95,off,panorama,False,True,rtt=31.91ms
1779496716.4836314,ack_recv,latency_ack,4968,C5_lidar_panorama,C5_lidar_panorama,95,off,panorama,False,True,rtt=17.25ms
1779496716.5787644,ack_recv,latency_ack,4969,C5_lidar_panorama,C5_lidar_panorama,95,off,panorama,False,True,rtt=11.77ms
1779496716.686781,ack_recv,latency_ack,4970,C5_lidar_panorama,C5_lidar_panorama,95,off,panorama,False,True,rtt=11.88ms
1779496716.7948518,ack_recv,latency_ack,4971,C5_lidar_panorama,C5_lidar_panorama,95,off,panorama,False,True,rtt=18.36ms
1779496716.9619691,ack_recv,latency_ack,4972,C5_lidar_panorama,C5_lidar_panorama,95,off,panorama,False,True,rtt=85.10ms
1779496717.0322182,ack_recv,latency_ack,4973,C5_lidar_panorama,C5_lidar_panorama,95,off,panorama,False,True,rtt=53.65ms
1779496717.1163025,ack_recv,latency_ack,4974,C5_lidar_panorama,C5_lidar_panorama,95,off,panorama,False,True,rtt=37.86ms
1779496717.2040944,ack_recv,latency_ack,4975,C5_lidar_panorama,C5_lidar_panorama,95,off,panorama,False,True,rtt=25.41ms
1779496717.295141,ack_recv,latency_ack,4976,C5_lidar_panorama,C5_lidar_panorama,95,off,panorama,False,True,rtt=16.26ms
1779496717.4161253,ack_recv,latency_ack,4977,C5_lidar_panorama,C5_lidar_panorama,95,off,panorama,False,True,rtt=37.08ms
1779496717.4989471,ack_recv,latency_ack,4978,C5_lidar_panorama,C5_lidar_panorama,95,off,panorama,False,True,rtt=19.42ms
1779496717.5923603,ack_recv,latency_ack,4979,C5_lidar_panorama,C5_lidar_panorama,95,off,panorama,False,True,rtt=12.37ms
1779496717.7010002,ack_recv,latency_ack,4980,C5_lidar_panorama,C5_lidar_panorama,95,off,panorama,False,True,rtt=20.49ms
1779496717.7975054,ack_recv,latency_ack,4981,C5_lidar_panorama,C5_lidar_panorama,95,off,panorama,False,True,rtt=16.68ms
1779496717.9545977,ack_recv,latency_ack,4982,C5_lidar_panorama,C5_lidar_panorama,95,off,panorama,False,True,rtt=73.59ms
1779496718.0624502,ack_recv,latency_ack,4983,C5_lidar_panorama,C5_lidar_panorama,95,off,panorama,False,True,rtt=81.10ms
1779496718.0901434,ack_recv,latency_ack,4984,C5_lidar_panorama,C5_lidar_panorama,95,off,panorama,False,True,rtt=8.21ms
1779496718.1981936,ack_recv,latency_ack,4985,C5_lidar_panorama,C5_lidar_panorama,95,off,panorama,False,True,rtt=15.67ms
1779496718.300469,ack_recv,latency_ack,4986,C5_lidar_panorama,C5_lidar_panorama,95,off,panorama,False,True,rtt=17.70ms
1779496718.4456513,ack_recv,latency_ack,4987,C5_lidar_panorama,C5_lidar_panorama,95,off,panorama,False,True,rtt=62.67ms
1779496718.530684,ack_recv,latency_ack,4988,C5_lidar_panorama,C5_lidar_panorama,95,off,panorama,False,True,rtt=47.54ms
1779496718.618958,ack_recv,latency_ack,4989,C5_lidar_panorama,C5_lidar_panorama,95,off,panorama,False,True,rtt=35.48ms
1779496718.7033086,ack_recv,latency_ack,4990,C5_lidar_panorama,C5_lidar_panorama,95,off,panorama,False,True,rtt=19.30ms
1779496718.7983952,ack_recv,latency_ack,4991,C5_lidar_panorama,C5_lidar_panorama,95,off,panorama,False,True,rtt=13.44ms
1779496718.957837,ack_recv,latency_ack,4992,C5_lidar_panorama,C5_lidar_panorama,95,off,panorama,False,True,rtt=52.85ms
1779496719.0428953,ack_recv,latency_ack,4993,C5_lidar_panorama,C5_lidar_panorama,95,off,panorama,False,True,rtt=37.36ms
1779496719.1313367,ack_recv,latency_ack,4994,C5_lidar_panorama,C5_lidar_panorama,95,off,panorama,False,True,rtt=25.28ms
1779496719.2173853,ack_recv,latency_ack,4995,C5_lidar_panorama,C5_lidar_panorama,95,off,panorama,False,True,rtt=10.73ms
1779496719.368368,ack_recv,latency_ack,4996,C5_lidar_panorama,C5_lidar_panorama,95,off,panorama,False,True,rtt=61.20ms
1779496719.456195,ack_recv,latency_ack,4997,C5_lidar_panorama,C5_lidar_panorama,95,off,panorama,False,True,rtt=46.10ms
1779496719.5423522,ack_recv,latency_ack,4998,C5_lidar_panorama,C5_lidar_panorama,95,off,panorama,False,True,rtt=31.12ms
1779496719.632595,ack_recv,latency_ack,4999,C5_lidar_panorama,C5_lidar_panorama,95,off,panorama,False,True,rtt=20.69ms
1779496719.723739,ack_recv,latency_ack,5000,C5_lidar_panorama,C5_lidar_panorama,95,off,panorama,False,True,rtt=11.44ms
1779496719.8784678,ack_recv,latency_ack,5001,C5_lidar_panorama,C5_lidar_panorama,95,off,panorama,False,True,rtt=65.81ms
1779496719.9653735,ack_recv,latency_ack,5002,C5_lidar_panorama,C5_lidar_panorama,95,off,panorama,False,True,rtt=52.06ms
1779496720.0540857,ack_recv,latency_ack,5003,C5_lidar_panorama,C5_lidar_panorama,95,off,panorama,False,True,rtt=40.25ms
1779496720.1689746,ack_recv,latency_ack,5004,C5_lidar_panorama,C5_lidar_panorama,95,off,panorama,False,True,rtt=54.99ms
1779496720.2687197,ack_recv,latency_ack,5005,C5_lidar_panorama,C5_lidar_panorama,95,off,panorama,False,True,rtt=54.23ms
1779496720.3559222,ack_recv,latency_ack,5006,C5_lidar_panorama,C5_lidar_panorama,95,off,panorama,False,True,rtt=40.58ms
1779496720.4434433,ack_recv,latency_ack,5007,C5_lidar_panorama,C5_lidar_panorama,95,off,panorama,False,True,rtt=27.68ms
1779496720.533559,ack_recv,latency_ack,5008,C5_lidar_panorama,C5_lidar_panorama,95,off,panorama,False,True,rtt=16.46ms
1779496720.625123,ack_recv,latency_ack,5009,C5_lidar_panorama,C5_lidar_panorama,95,off,panorama,False,True,rtt=7.58ms
1779496720.7312214,ack_recv,latency_ack,5010,C5_lidar_panorama,C5_lidar_panorama,95,off,panorama,False,True,rtt=13.37ms
1779496720.8224916,ack_recv,latency_ack,5011,C5_lidar_panorama,C5_lidar_panorama,95,off,panorama,False,True,rtt=4.24ms
1779496720.9348114,ack_recv,latency_ack,5012,C5_lidar_panorama,C5_lidar_panorama,95,off,panorama,False,True,rtt=15.62ms
1779496721.0278916,ack_recv,latency_ack,5013,C5_lidar_panorama,C5_lidar_panorama,95,off,panorama,False,True,rtt=8.17ms
1779496721.136223,ack_recv,latency_ack,5014,C5_lidar_panorama,C5_lidar_panorama,95,off,panorama,False,True,rtt=16.26ms
1779496721.2287097,ack_recv,latency_ack,5015,C5_lidar_panorama,C5_lidar_panorama,95,off,panorama,False,True,rtt=8.14ms
1779496721.3362217,ack_recv,latency_ack,5016,C5_lidar_panorama,C5_lidar_panorama,95,off,panorama,False,True,rtt=15.15ms
1779496721.4432585,ack_recv,latency_ack,5017,C5_lidar_panorama,C5_lidar_panorama,95,off,panorama,False,True,rtt=21.42ms
1779496721.5396497,ack_recv,latency_ack,5018,C5_lidar_panorama,C5_lidar_panorama,95,off,panorama,False,True,rtt=17.47ms
1779496721.636012,ack_recv,latency_ack,5019,C5_lidar_panorama,C5_lidar_panorama,95,off,panorama,False,True,rtt=13.27ms
1779496721.7384677,ack_recv,latency_ack,5020,C5_lidar_panorama,C5_lidar_panorama,95,off,panorama,False,True,rtt=15.08ms
1779496721.830802,ack_recv,latency_ack,5021,C5_lidar_panorama,C5_lidar_panorama,95,off,panorama,False,True,rtt=6.93ms
1779496721.9419072,ack_recv,latency_ack,5022,C5_lidar_panorama,C5_lidar_panorama,95,off,panorama,False,True,rtt=17.75ms
1779496722.037297,ack_recv,latency_ack,5023,C5_lidar_panorama,C5_lidar_panorama,95,off,panorama,False,True,rtt=12.72ms
1779496722.1676927,ack_recv,latency_ack,5024,C5_lidar_panorama,C5_lidar_panorama,95,off,panorama,False,True,rtt=42.37ms
1779496722.2383332,ack_recv,latency_ack,5025,C5_lidar_panorama,C5_lidar_panorama,95,off,panorama,False,True,rtt=12.87ms
1779496722.3332853,ack_recv,latency_ack,5026,C5_lidar_panorama,C5_lidar_panorama,95,off,panorama,False,True,rtt=7.62ms
1779496722.5043788,ack_recv,latency_ack,5027,C5_lidar_panorama,C5_lidar_panorama,95,off,panorama,False,True,rtt=78.03ms
1779496722.5781481,ack_recv,latency_ack,5028,C5_lidar_panorama,C5_lidar_panorama,95,off,panorama,False,True,rtt=51.35ms
1779496722.6484745,ack_recv,latency_ack,5029,C5_lidar_panorama,C5_lidar_panorama,95,off,panorama,False,True,rtt=21.11ms
1779496722.7658913,ack_recv,latency_ack,5030,C5_lidar_panorama,C5_lidar_panorama,95,off,panorama,False,True,rtt=37.90ms
1779496722.8506873,ack_recv,latency_ack,5031,C5_lidar_panorama,C5_lidar_panorama,95,off,panorama,False,True,rtt=22.07ms
1779496722.9555452,ack_recv,latency_ack,5032,C5_lidar_panorama,C5_lidar_panorama,95,off,panorama,False,True,rtt=26.49ms
1779496723.0407474,ack_recv,latency_ack,5033,C5_lidar_panorama,C5_lidar_panorama,95,off,panorama,False,True,rtt=11.25ms
1779496723.1388996,ack_recv,latency_ack,5034,C5_lidar_panorama,C5_lidar_panorama,95,off,panorama,False,True,rtt=8.75ms
1779496723.2561865,ack_recv,latency_ack,5035,C5_lidar_panorama,C5_lidar_panorama,95,off,panorama,False,True,rtt=25.36ms
1779496723.3366568,ack_recv,latency_ack,5036,C5_lidar_panorama,C5_lidar_panorama,95,off,panorama,False,True,rtt=5.22ms
1779496723.484387,ack_recv,latency_ack,5037,C5_lidar_panorama,C5_lidar_panorama,95,off,panorama,False,True,rtt=30.76ms
1779496723.5687523,ack_recv,latency_ack,5038,C5_lidar_panorama,C5_lidar_panorama,95,off,panorama,False,True,rtt=13.25ms
1779496723.6787899,ack_recv,latency_ack,5039,C5_lidar_panorama,C5_lidar_panorama,95,off,panorama,False,True,rtt=6.51ms
1779496723.7850215,ack_recv,latency_ack,5040,C5_lidar_panorama,C5_lidar_panorama,95,off,panorama,False,True,rtt=12.17ms
1779496723.87919,ack_recv,latency_ack,5041,C5_lidar_panorama,C5_lidar_panorama,95,off,panorama,False,True,rtt=5.88ms
1779496723.98896,ack_recv,latency_ack,5042,C5_lidar_panorama,C5_lidar_panorama,95,off,panorama,False,True,rtt=15.16ms
1779496724.0816367,ack_recv,latency_ack,5043,C5_lidar_panorama,C5_lidar_panorama,95,off,panorama,False,True,rtt=6.98ms
1779496724.194849,ack_recv,latency_ack,5044,C5_lidar_panorama,C5_lidar_panorama,95,off,panorama,False,True,rtt=7.70ms
1779496724.2977211,ack_recv,latency_ack,5045,C5_lidar_panorama,C5_lidar_panorama,95,off,panorama,False,True,rtt=9.89ms
1779496724.403958,ack_recv,latency_ack,5046,C5_lidar_panorama,C5_lidar_panorama,95,off,panorama,False,True,rtt=15.94ms
1779496724.499694,ack_recv,latency_ack,5047,C5_lidar_panorama,C5_lidar_panorama,95,off,panorama,False,True,rtt=11.14ms
1779496724.6031077,ack_recv,latency_ack,5048,C5_lidar_panorama,C5_lidar_panorama,95,off,panorama,False,True,rtt=13.89ms
1779496724.695519,ack_recv,latency_ack,5049,C5_lidar_panorama,C5_lidar_panorama,95,off,panorama,False,True,rtt=6.16ms
1779496724.803764,ack_recv,latency_ack,5050,C5_lidar_panorama,C5_lidar_panorama,95,off,panorama,False,True,rtt=14.15ms
1779496724.9523392,ack_recv,latency_ack,5051,C5_lidar_panorama,C5_lidar_panorama,95,off,panorama,False,True,rtt=62.43ms
1779496725.0209785,ack_recv,latency_ack,5052,C5_lidar_panorama,C5_lidar_panorama,95,off,panorama,False,True,rtt=30.72ms
1779496725.1512277,ack_recv,latency_ack,5053,C5_lidar_panorama,C5_lidar_panorama,95,off,panorama,False,True,rtt=59.97ms
1779496725.2316847,ack_recv,latency_ack,5054,C5_lidar_panorama,C5_lidar_panorama,95,off,panorama,False,True,rtt=39.95ms
1779496725.3160942,ack_recv,latency_ack,5055,C5_lidar_panorama,C5_lidar_panorama,95,off,panorama,False,True,rtt=24.19ms
1779496725.453081,ack_recv,latency_ack,5056,C5_lidar_panorama,C5_lidar_panorama,95,off,panorama,False,True,rtt=60.43ms
1779496725.5215023,ack_recv,latency_ack,5057,C5_lidar_panorama,C5_lidar_panorama,95,off,panorama,False,True,rtt=28.06ms
1779496725.6096182,ack_recv,latency_ack,5058,C5_lidar_panorama,C5_lidar_panorama,95,off,panorama,False,True,rtt=15.58ms
1779496725.7180061,ack_recv,latency_ack,5059,C5_lidar_panorama,C5_lidar_panorama,95,off,panorama,False,True,rtt=23.43ms
1779496725.8130398,ack_recv,latency_ack,5060,C5_lidar_panorama,C5_lidar_panorama,95,off,panorama,False,True,rtt=17.66ms
1779496725.927416,ack_recv,latency_ack,5061,C5_lidar_panorama,C5_lidar_panorama,95,off,panorama,False,True,rtt=31.84ms
1779496726.0174866,ack_recv,latency_ack,5062,C5_lidar_panorama,C5_lidar_panorama,95,off,panorama,False,True,rtt=20.85ms
1779496726.1118658,ack_recv,latency_ack,5063,C5_lidar_panorama,C5_lidar_panorama,95,off,panorama,False,True,rtt=14.72ms
1779496726.2167976,ack_recv,latency_ack,5064,C5_lidar_panorama,C5_lidar_panorama,95,off,panorama,False,True,rtt=18.86ms
1779496726.3095968,ack_recv,latency_ack,5065,C5_lidar_panorama,C5_lidar_panorama,95,off,panorama,False,True,rtt=11.31ms
1779496726.4590678,ack_recv,latency_ack,5066,C5_lidar_panorama,C5_lidar_panorama,95,off,panorama,False,True,rtt=60.16ms
1779496726.5465024,ack_recv,latency_ack,5067,C5_lidar_panorama,C5_lidar_panorama,95,off,panorama,False,True,rtt=47.12ms
1779496726.6362312,ack_recv,latency_ack,5068,C5_lidar_panorama,C5_lidar_panorama,95,off,panorama,False,True,rtt=36.40ms
1779496726.7135935,ack_recv,latency_ack,5069,C5_lidar_panorama,C5_lidar_panorama,95,off,panorama,False,True,rtt=12.30ms
1779496726.8092859,ack_recv,latency_ack,5070,C5_lidar_panorama,C5_lidar_panorama,95,off,panorama,False,True,rtt=8.89ms
1779496726.9504895,ack_recv,latency_ack,5071,C5_lidar_panorama,C5_lidar_panorama,95,off,panorama,False,True,rtt=49.36ms
1779496727.0107145,ack_recv,latency_ack,5072,C5_lidar_panorama,C5_lidar_panorama,95,off,panorama,False,True,rtt=9.03ms
1779496727.1173954,ack_recv,latency_ack,5073,C5_lidar_panorama,C5_lidar_panorama,95,off,panorama,False,True,rtt=15.28ms
1779496727.2095346,ack_recv,latency_ack,5074,C5_lidar_panorama,C5_lidar_panorama,95,off,panorama,False,True,rtt=6.55ms
1779496727.3162143,ack_recv,latency_ack,5075,C5_lidar_panorama,C5_lidar_panorama,95,off,panorama,False,True,rtt=12.70ms
1779496727.408874,ack_recv,latency_ack,5076,C5_lidar_panorama,C5_lidar_panorama,95,off,panorama,False,True,rtt=4.92ms
1779496727.5225887,ack_recv,latency_ack,5077,C5_lidar_panorama,C5_lidar_panorama,95,off,panorama,False,True,rtt=18.48ms
1779496727.6146898,ack_recv,latency_ack,5078,C5_lidar_panorama,C5_lidar_panorama,95,off,panorama,False,True,rtt=10.44ms
1779496727.7231424,ack_recv,latency_ack,5079,C5_lidar_panorama,C5_lidar_panorama,95,off,panorama,False,True,rtt=18.55ms
1779496727.8347235,ack_recv,latency_ack,5080,C5_lidar_panorama,C5_lidar_panorama,95,off,panorama,False,True,rtt=29.94ms
1779496727.9484057,ack_recv,latency_ack,5081,C5_lidar_panorama,C5_lidar_panorama,95,off,panorama,False,True,rtt=43.19ms
1779496728.0165455,ack_recv,latency_ack,5082,C5_lidar_panorama,C5_lidar_panorama,95,off,panorama,False,True,rtt=10.52ms
1779496728.1259928,ack_recv,latency_ack,5083,C5_lidar_panorama,C5_lidar_panorama,95,off,panorama,False,True,rtt=19.09ms
1779496728.2261772,ack_recv,latency_ack,5084,C5_lidar_panorama,C5_lidar_panorama,95,off,panorama,False,True,rtt=18.38ms
1779496728.313243,ack_recv,latency_ack,5085,C5_lidar_panorama,C5_lidar_panorama,95,off,panorama,False,True,rtt=4.78ms
1779496728.43835,ack_recv,latency_ack,5086,C5_lidar_panorama,C5_lidar_panorama,95,off,panorama,False,True,rtt=29.49ms
1779496728.526046,ack_recv,latency_ack,5087,C5_lidar_panorama,C5_lidar_panorama,95,off,panorama,False,True,rtt=16.85ms
1779496728.6229112,ack_recv,latency_ack,5088,C5_lidar_panorama,C5_lidar_panorama,95,off,panorama,False,True,rtt=13.13ms
1779496728.7292037,ack_recv,latency_ack,5089,C5_lidar_panorama,C5_lidar_panorama,95,off,panorama,False,True,rtt=18.87ms
1779496728.824849,ack_recv,latency_ack,5090,C5_lidar_panorama,C5_lidar_panorama,95,off,panorama,False,True,rtt=13.82ms
1779496728.9186502,ack_recv,latency_ack,5091,C5_lidar_panorama,C5_lidar_panorama,95,off,panorama,False,True,rtt=6.93ms
1779496729.0797963,ack_recv,latency_ack,5092,C5_lidar_panorama,C5_lidar_panorama,95,off,panorama,False,True,rtt=67.76ms
1779496729.2176113,ack_recv,latency_ack,5093,C5_lidar_panorama,C5_lidar_panorama,95,off,panorama,False,True,rtt=104.93ms
1779496729.2271442,ack_recv,latency_ack,5094,C5_lidar_panorama,C5_lidar_panorama,95,off,panorama,False,True,rtt=13.93ms
1779496729.3228672,ack_recv,latency_ack,5095,C5_lidar_panorama,C5_lidar_panorama,95,off,panorama,False,True,rtt=8.73ms
1779496729.4597545,ack_recv,latency_ack,5096,C5_lidar_panorama,C5_lidar_panorama,95,off,panorama,False,True,rtt=45.01ms
1779496729.5280569,ack_recv,latency_ack,5097,C5_lidar_panorama,C5_lidar_panorama,95,off,panorama,False,True,rtt=12.84ms
1779496729.634168,ack_recv,latency_ack,5098,C5_lidar_panorama,C5_lidar_panorama,95,off,panorama,False,True,rtt=18.15ms
1779496729.727757,ack_recv,latency_ack,5099,C5_lidar_panorama,C5_lidar_panorama,95,off,panorama,False,True,rtt=11.12ms
1779496729.8423426,ack_recv,latency_ack,5100,C5_lidar_panorama,C5_lidar_panorama,95,off,panorama,False,True,rtt=24.92ms
1779496729.943499,ack_recv,latency_ack,5101,C5_lidar_panorama,C5_lidar_panorama,95,off,panorama,False,True,rtt=25.50ms
1779496730.039303,ack_recv,latency_ack,5102,C5_lidar_panorama,C5_lidar_panorama,95,off,panorama,False,True,rtt=21.15ms
1779496730.1303456,ack_recv,latency_ack,5103,C5_lidar_panorama,C5_lidar_panorama,95,off,panorama,False,True,rtt=11.54ms
1779496730.2382026,ack_recv,latency_ack,5104,C5_lidar_panorama,C5_lidar_panorama,95,off,panorama,False,True,rtt=19.00ms
1779496730.3393912,ack_recv,latency_ack,5105,C5_lidar_panorama,C5_lidar_panorama,95,off,panorama,False,True,rtt=19.94ms
1779496730.4577355,ack_recv,latency_ack,5106,C5_lidar_panorama,C5_lidar_panorama,95,off,panorama,False,True,rtt=37.84ms
1779496730.552992,ack_recv,latency_ack,5107,C5_lidar_panorama,C5_lidar_panorama,95,off,panorama,False,True,rtt=32.37ms
1779496730.6427279,ack_recv,latency_ack,5108,C5_lidar_panorama,C5_lidar_panorama,95,off,panorama,False,True,rtt=21.88ms
1779496730.7355864,ack_recv,latency_ack,5109,C5_lidar_panorama,C5_lidar_panorama,95,off,panorama,False,True,rtt=14.01ms
1779496730.8401327,ack_recv,latency_ack,5110,C5_lidar_panorama,C5_lidar_panorama,95,off,panorama,False,True,rtt=18.19ms
1779496730.9532351,ack_recv,latency_ack,5111,C5_lidar_panorama,C5_lidar_panorama,95,off,panorama,False,True,rtt=30.55ms
1779496731.0463355,ack_recv,latency_ack,5112,C5_lidar_panorama,C5_lidar_panorama,95,off,panorama,False,True,rtt=23.65ms
1779496731.1973817,ack_recv,latency_ack,5113,C5_lidar_panorama,C5_lidar_panorama,95,off,panorama,False,True,rtt=74.24ms
1779496731.2324243,ack_recv,latency_ack,5114,C5_lidar_panorama,C5_lidar_panorama,95,off,panorama,False,True,rtt=8.70ms
1779496731.3453197,ack_recv,latency_ack,5115,C5_lidar_panorama,C5_lidar_panorama,95,off,panorama,False,True,rtt=21.00ms
1779496731.4512546,ack_recv,latency_ack,5116,C5_lidar_panorama,C5_lidar_panorama,95,off,panorama,False,True,rtt=26.22ms
1779496731.5489745,ack_recv,latency_ack,5117,C5_lidar_panorama,C5_lidar_panorama,95,off,panorama,False,True,rtt=23.69ms
1779496731.6374953,ack_recv,latency_ack,5118,C5_lidar_panorama,C5_lidar_panorama,95,off,panorama,False,True,rtt=12.03ms
1779496731.747037,ack_recv,latency_ack,5119,C5_lidar_panorama,C5_lidar_panorama,95,off,panorama,False,True,rtt=20.33ms
1779496731.835986,ack_recv,latency_ack,5120,C5_lidar_panorama,C5_lidar_panorama,95,off,panorama,False,True,rtt=9.68ms
1779496731.9566503,ack_recv,latency_ack,5121,C5_lidar_panorama,C5_lidar_panorama,95,off,panorama,False,True,rtt=29.64ms
1779496732.0419588,ack_recv,latency_ack,5122,C5_lidar_panorama,C5_lidar_panorama,95,off,panorama,False,True,rtt=14.59ms
1779496732.1476507,ack_recv,latency_ack,5123,C5_lidar_panorama,C5_lidar_panorama,95,off,panorama,False,True,rtt=19.83ms
1779496732.2429607,ack_recv,latency_ack,5124,C5_lidar_panorama,C5_lidar_panorama,95,off,panorama,False,True,rtt=14.53ms
1779496732.3383844,ack_recv,latency_ack,5125,C5_lidar_panorama,C5_lidar_panorama,95,off,panorama,False,True,rtt=9.78ms
1779496732.4616184,ack_recv,latency_ack,5126,C5_lidar_panorama,C5_lidar_panorama,95,off,panorama,False,True,rtt=32.90ms
1779496732.5384467,ack_recv,latency_ack,5127,C5_lidar_panorama,C5_lidar_panorama,95,off,panorama,False,True,rtt=9.17ms
1779496732.6444976,ack_recv,latency_ack,5128,C5_lidar_panorama,C5_lidar_panorama,95,off,panorama,False,True,rtt=14.31ms
1779496732.7380571,ack_recv,latency_ack,5129,C5_lidar_panorama,C5_lidar_panorama,95,off,panorama,False,True,rtt=7.52ms
1779496732.8461542,ack_recv,latency_ack,5130,C5_lidar_panorama,C5_lidar_panorama,95,off,panorama,False,True,rtt=15.08ms
1779496732.9620128,ack_recv,latency_ack,5131,C5_lidar_panorama,C5_lidar_panorama,95,off,panorama,False,True,rtt=30.29ms
1779496733.046106,ack_recv,latency_ack,5132,C5_lidar_panorama,C5_lidar_panorama,95,off,panorama,False,True,rtt=13.80ms
1779496733.151354,ack_recv,latency_ack,5133,C5_lidar_panorama,C5_lidar_panorama,95,off,panorama,False,True,rtt=18.94ms
1779496733.2434292,ack_recv,latency_ack,5134,C5_lidar_panorama,C5_lidar_panorama,95,off,panorama,False,True,rtt=10.58ms
1779496733.41841,ack_recv,latency_ack,5135,C5_lidar_panorama,C5_lidar_panorama,95,off,panorama,False,True,rtt=85.06ms
1779496733.5450232,ack_recv,latency_ack,5136,C5_lidar_panorama,C5_lidar_panorama,95,off,panorama,False,True,rtt=111.17ms
1779496733.552415,ack_recv,latency_ack,5137,C5_lidar_panorama,C5_lidar_panorama,95,off,panorama,False,True,rtt=18.15ms
1779496733.6468525,ack_recv,latency_ack,5138,C5_lidar_panorama,C5_lidar_panorama,95,off,panorama,False,True,rtt=10.79ms
1779496733.7538352,ack_recv,latency_ack,5139,C5_lidar_panorama,C5_lidar_panorama,95,off,panorama,False,True,rtt=19.14ms
1779496733.847562,ack_recv,latency_ack,5140,C5_lidar_panorama,C5_lidar_panorama,95,off,panorama,False,True,rtt=12.40ms
1779496734.009197,ack_recv,latency_ack,5141,C5_lidar_panorama,C5_lidar_panorama,95,off,panorama,False,True,rtt=73.21ms
1779496734.0964515,ack_recv,latency_ack,5142,C5_lidar_panorama,C5_lidar_panorama,95,off,panorama,False,True,rtt=59.64ms
1779496734.1809688,ack_recv,latency_ack,5143,C5_lidar_panorama,C5_lidar_panorama,95,off,panorama,False,True,rtt=43.93ms
1779496734.2539377,ack_recv,latency_ack,5144,C5_lidar_panorama,C5_lidar_panorama,95,off,panorama,False,True,rtt=16.77ms
1779496734.3465674,ack_recv,latency_ack,5145,C5_lidar_panorama,C5_lidar_panorama,95,off,panorama,False,True,rtt=8.94ms
1779496734.5247552,ack_recv,latency_ack,5146,C5_lidar_panorama,C5_lidar_panorama,95,off,panorama,False,True,rtt=86.87ms
1779496734.5436018,ack_recv,latency_ack,5147,C5_lidar_panorama,C5_lidar_panorama,95,off,panorama,False,True,rtt=4.90ms
1779496734.7504632,ack_recv,latency_ack,5148,C5_lidar_panorama,C5_lidar_panorama,95,off,panorama,False,True,rtt=111.33ms
1779496734.750995,ack_recv,latency_ack,5149,C5_lidar_panorama,C5_lidar_panorama,95,off,panorama,False,True,rtt=11.19ms
1779496734.857648,ack_recv,latency_ack,5150,C5_lidar_panorama,C5_lidar_panorama,95,off,panorama,False,True,rtt=17.17ms
1779496734.9697177,ack_recv,latency_ack,5151,C5_lidar_panorama,C5_lidar_panorama,95,off,panorama,False,True,rtt=28.59ms
1779496735.0634325,ack_recv,latency_ack,5152,C5_lidar_panorama,C5_lidar_panorama,95,off,panorama,False,True,rtt=21.62ms
1779496735.1544142,ack_recv,latency_ack,5153,C5_lidar_panorama,C5_lidar_panorama,95,off,panorama,False,True,rtt=11.49ms
1779496735.2645867,ack_recv,latency_ack,5154,C5_lidar_panorama,C5_lidar_panorama,95,off,panorama,False,True,rtt=21.12ms
1779496735.3582833,ack_recv,latency_ack,5155,C5_lidar_panorama,C5_lidar_panorama,95,off,panorama,False,True,rtt=14.36ms
1779496735.5251539,ack_recv,latency_ack,5156,C5_lidar_panorama,C5_lidar_panorama,95,off,panorama,False,True,rtt=80.67ms
1779496735.5913575,ack_recv,latency_ack,5157,C5_lidar_panorama,C5_lidar_panorama,95,off,panorama,False,True,rtt=45.74ms
1779496735.6700928,ack_recv,latency_ack,5158,C5_lidar_panorama,C5_lidar_panorama,95,off,panorama,False,True,rtt=23.93ms
1779496735.7620747,ack_recv,latency_ack,5159,C5_lidar_panorama,C5_lidar_panorama,95,off,panorama,False,True,rtt=15.16ms
1779496735.8579786,ack_recv,latency_ack,5160,C5_lidar_panorama,C5_lidar_panorama,95,off,panorama,False,True,rtt=9.37ms
1779496735.9708755,ack_recv,latency_ack,5161,C5_lidar_panorama,C5_lidar_panorama,95,off,panorama,False,True,rtt=4.69ms
1779496736.0741413,ack_recv,latency_ack,5162,C5_lidar_panorama,C5_lidar_panorama,95,off,panorama,False,True,rtt=6.36ms
1779496736.1853552,ack_recv,latency_ack,5163,C5_lidar_panorama,C5_lidar_panorama,95,off,panorama,False,True,rtt=17.13ms
1779496736.2780094,ack_recv,latency_ack,5164,C5_lidar_panorama,C5_lidar_panorama,95,off,panorama,False,True,rtt=9.63ms
1779496736.3732228,ack_recv,latency_ack,5165,C5_lidar_panorama,C5_lidar_panorama,95,off,panorama,False,True,rtt=3.95ms
1779496736.478464,ack_recv,latency_ack,5166,C5_lidar_panorama,C5_lidar_panorama,95,off,panorama,False,True,rtt=8.33ms
1779496736.5761395,ack_recv,latency_ack,5167,C5_lidar_panorama,C5_lidar_panorama,95,off,panorama,False,True,rtt=5.01ms
1779496736.6879323,ack_recv,latency_ack,5168,C5_lidar_panorama,C5_lidar_panorama,95,off,panorama,False,True,rtt=16.50ms
1779496736.7801802,ack_recv,latency_ack,5169,C5_lidar_panorama,C5_lidar_panorama,95,off,panorama,False,True,rtt=8.21ms
1779496736.8926666,ack_recv,latency_ack,5170,C5_lidar_panorama,C5_lidar_panorama,95,off,panorama,False,True,rtt=20.46ms
1779496736.9951143,ack_recv,latency_ack,5171,C5_lidar_panorama,C5_lidar_panorama,95,off,panorama,False,True,rtt=21.88ms
1779496737.0895329,ack_recv,latency_ack,5172,C5_lidar_panorama,C5_lidar_panorama,95,off,panorama,False,True,rtt=15.83ms
1779496737.1918087,ack_recv,latency_ack,5173,C5_lidar_panorama,C5_lidar_panorama,95,off,panorama,False,True,rtt=17.49ms
1779496737.2913902,ack_recv,latency_ack,5174,C5_lidar_panorama,C5_lidar_panorama,95,off,panorama,False,True,rtt=16.58ms
1779496737.383136,ack_recv,latency_ack,5175,C5_lidar_panorama,C5_lidar_panorama,95,off,panorama,False,True,rtt=7.83ms
1779496737.4927406,ack_recv,latency_ack,5176,C5_lidar_panorama,C5_lidar_panorama,95,off,panorama,False,True,rtt=17.02ms
1779496737.5846965,ack_recv,latency_ack,5177,C5_lidar_panorama,C5_lidar_panorama,95,off,panorama,False,True,rtt=8.57ms
1779496737.754058,ack_recv,latency_ack,5178,C5_lidar_panorama,C5_lidar_panorama,95,off,panorama,False,True,rtt=77.71ms
1779496737.7825193,ack_recv,latency_ack,5179,C5_lidar_panorama,C5_lidar_panorama,95,off,panorama,False,True,rtt=5.59ms
1779496737.8953116,ack_recv,latency_ack,5180,C5_lidar_panorama,C5_lidar_panorama,95,off,panorama,False,True,rtt=18.15ms
1779496738.0247383,ack_recv,latency_ack,5181,C5_lidar_panorama,C5_lidar_panorama,95,off,panorama,False,True,rtt=47.44ms
1779496738.1340575,ack_recv,latency_ack,5182,C5_lidar_panorama,C5_lidar_panorama,95,off,panorama,False,True,rtt=56.44ms
1779496738.2318344,ack_recv,latency_ack,5183,C5_lidar_panorama,C5_lidar_panorama,95,off,panorama,False,True,rtt=53.21ms
1779496738.3439572,ack_recv,latency_ack,5184,C5_lidar_panorama,C5_lidar_panorama,95,off,panorama,False,True,rtt=65.01ms
1779496738.4317517,ack_recv,latency_ack,5185,C5_lidar_panorama,C5_lidar_panorama,95,off,panorama,False,True,rtt=52.25ms
1779496738.5018964,ack_recv,latency_ack,5186,C5_lidar_panorama,C5_lidar_panorama,95,off,panorama,False,True,rtt=21.93ms
1779496738.5954585,ack_recv,latency_ack,5187,C5_lidar_panorama,C5_lidar_panorama,95,off,panorama,False,True,rtt=14.76ms
1779496738.689056,ack_recv,latency_ack,5188,C5_lidar_panorama,C5_lidar_panorama,95,off,panorama,False,True,rtt=6.87ms
1779496738.7959273,ack_recv,latency_ack,5189,C5_lidar_panorama,C5_lidar_panorama,95,off,panorama,False,True,rtt=14.45ms
1779496738.892059,ack_recv,latency_ack,5190,C5_lidar_panorama,C5_lidar_panorama,95,off,panorama,False,True,rtt=10.09ms
1779496739.0012493,ack_recv,latency_ack,5191,C5_lidar_panorama,C5_lidar_panorama,95,off,panorama,False,True,rtt=18.86ms
1779496739.0908427,ack_recv,latency_ack,5192,C5_lidar_panorama,C5_lidar_panorama,95,off,panorama,False,True,rtt=7.65ms
1779496739.2001152,ack_recv,latency_ack,5193,C5_lidar_panorama,C5_lidar_panorama,95,off,panorama,False,True,rtt=16.38ms
1779496739.2953465,ack_recv,latency_ack,5194,C5_lidar_panorama,C5_lidar_panorama,95,off,panorama,False,True,rtt=11.39ms
1779496739.440923,ack_recv,latency_ack,5195,C5_lidar_panorama,C5_lidar_panorama,95,off,panorama,False,True,rtt=56.31ms
1779496739.525599,ack_recv,latency_ack,5196,C5_lidar_panorama,C5_lidar_panorama,95,off,panorama,False,True,rtt=40.29ms
1779496739.6108851,ack_recv,latency_ack,5197,C5_lidar_panorama,C5_lidar_panorama,95,off,panorama,False,True,rtt=24.92ms
1779496739.700914,ack_recv,latency_ack,5198,C5_lidar_panorama,C5_lidar_panorama,95,off,panorama,False,True,rtt=14.72ms
1779496739.8535097,ack_recv,latency_ack,5199,C5_lidar_panorama,C5_lidar_panorama,95,off,panorama,False,True,rtt=66.38ms
1779496739.9415138,ack_recv,latency_ack,5200,C5_lidar_panorama,C5_lidar_panorama,95,off,panorama,False,True,rtt=53.65ms
1779496740.028183,ack_recv,latency_ack,5201,C5_lidar_panorama,C5_lidar_panorama,95,off,panorama,False,True,rtt=39.91ms
1779496740.1157951,ack_recv,latency_ack,5202,C5_lidar_panorama,C5_lidar_panorama,95,off,panorama,False,True,rtt=27.00ms
1779496740.2107575,ack_recv,latency_ack,5203,C5_lidar_panorama,C5_lidar_panorama,95,off,panorama,False,True,rtt=21.46ms
1779496740.3035254,ack_recv,latency_ack,5204,C5_lidar_panorama,C5_lidar_panorama,95,off,panorama,False,True,rtt=13.85ms
1779496740.3972645,ack_recv,latency_ack,5205,C5_lidar_panorama,C5_lidar_panorama,95,off,panorama,False,True,rtt=7.40ms
1779496740.5062387,ack_recv,latency_ack,5206,C5_lidar_panorama,C5_lidar_panorama,95,off,panorama,False,True,rtt=15.74ms
1779496740.6029623,ack_recv,latency_ack,5207,C5_lidar_panorama,C5_lidar_panorama,95,off,panorama,False,True,rtt=12.13ms
1779496740.7098565,ack_recv,latency_ack,5208,C5_lidar_panorama,C5_lidar_panorama,95,off,panorama,False,True,rtt=18.81ms
1779496740.8019612,ack_recv,latency_ack,5209,C5_lidar_panorama,C5_lidar_panorama,95,off,panorama,False,True,rtt=10.52ms
1779496740.9230254,ack_recv,latency_ack,5210,C5_lidar_panorama,C5_lidar_panorama,95,off,panorama,False,True,rtt=31.08ms
1779496741.024509,ack_recv,latency_ack,5211,C5_lidar_panorama,C5_lidar_panorama,95,off,panorama,False,True,rtt=31.99ms
1779496741.114445,ack_recv,latency_ack,5212,C5_lidar_panorama,C5_lidar_panorama,95,off,panorama,False,True,rtt=21.26ms
1779496741.2064455,ack_recv,latency_ack,5213,C5_lidar_panorama,C5_lidar_panorama,95,off,panorama,False,True,rtt=13.13ms
1779496741.3159137,ack_recv,latency_ack,5214,C5_lidar_panorama,C5_lidar_panorama,95,off,panorama,False,True,rtt=22.05ms
1779496741.411723,ack_recv,latency_ack,5215,C5_lidar_panorama,C5_lidar_panorama,95,off,panorama,False,True,rtt=17.27ms
1779496741.52478,ack_recv,latency_ack,5216,C5_lidar_panorama,C5_lidar_panorama,95,off,panorama,False,True,rtt=29.47ms
1779496741.6141086,ack_recv,latency_ack,5217,C5_lidar_panorama,C5_lidar_panorama,95,off,panorama,False,True,rtt=17.94ms
1779496741.708281,ack_recv,latency_ack,5218,C5_lidar_panorama,C5_lidar_panorama,95,off,panorama,False,True,rtt=11.21ms
1779496741.8131433,ack_recv,latency_ack,5219,C5_lidar_panorama,C5_lidar_panorama,95,off,panorama,False,True,rtt=15.22ms
1779496741.9082756,ack_recv,latency_ack,5220,C5_lidar_panorama,C5_lidar_panorama,95,off,panorama,False,True,rtt=9.59ms
1779496742.0127032,ack_recv,latency_ack,5221,C5_lidar_panorama,C5_lidar_panorama,95,off,panorama,False,True,rtt=4.84ms
1779496742.1246397,ack_recv,latency_ack,5222,C5_lidar_panorama,C5_lidar_panorama,95,off,panorama,False,True,rtt=15.86ms
1779496742.2194862,ack_recv,latency_ack,5223,C5_lidar_panorama,C5_lidar_panorama,95,off,panorama,False,True,rtt=10.07ms
1779496742.3251605,ack_recv,latency_ack,5224,C5_lidar_panorama,C5_lidar_panorama,95,off,panorama,False,True,rtt=15.00ms
1779496742.4211688,ack_recv,latency_ack,5225,C5_lidar_panorama,C5_lidar_panorama,95,off,panorama,False,True,rtt=10.36ms
1779496742.5690575,ack_recv,latency_ack,5226,C5_lidar_panorama,C5_lidar_panorama,95,off,panorama,False,True,rtt=57.61ms
1779496742.6568146,ack_recv,latency_ack,5227,C5_lidar_panorama,C5_lidar_panorama,95,off,panorama,False,True,rtt=44.66ms
1779496742.7518888,ack_recv,latency_ack,5228,C5_lidar_panorama,C5_lidar_panorama,95,off,panorama,False,True,rtt=39.33ms
1779496742.8370688,ack_recv,latency_ack,5229,C5_lidar_panorama,C5_lidar_panorama,95,off,panorama,False,True,rtt=23.77ms
1779496742.9342277,ack_recv,latency_ack,5230,C5_lidar_panorama,C5_lidar_panorama,95,off,panorama,False,True,rtt=19.55ms
1779496743.0339413,ack_recv,latency_ack,5231,C5_lidar_panorama,C5_lidar_panorama,95,off,panorama,False,True,rtt=18.59ms
1779496743.1393514,ack_recv,latency_ack,5232,C5_lidar_panorama,C5_lidar_panorama,95,off,panorama,False,True,rtt=23.40ms
1779496743.2558908,ack_recv,latency_ack,5233,C5_lidar_panorama,C5_lidar_panorama,95,off,panorama,False,True,rtt=39.40ms
1779496743.349093,ack_recv,latency_ack,5234,C5_lidar_panorama,C5_lidar_panorama,95,off,panorama,False,True,rtt=31.96ms
1779496743.432003,ack_recv,latency_ack,5235,C5_lidar_panorama,C5_lidar_panorama,95,off,panorama,False,True,rtt=14.32ms
1779496743.5408902,ack_recv,latency_ack,5236,C5_lidar_panorama,C5_lidar_panorama,95,off,panorama,False,True,rtt=23.10ms
1779496743.6319969,ack_recv,latency_ack,5237,C5_lidar_panorama,C5_lidar_panorama,95,off,panorama,False,True,rtt=14.08ms
1779496743.7256784,ack_recv,latency_ack,5238,C5_lidar_panorama,C5_lidar_panorama,95,off,panorama,False,True,rtt=6.74ms
1779496743.8647463,ack_recv,latency_ack,5239,C5_lidar_panorama,C5_lidar_panorama,95,off,panorama,False,True,rtt=45.90ms
1779496743.9494145,ack_recv,latency_ack,5240,C5_lidar_panorama,C5_lidar_panorama,95,off,panorama,False,True,rtt=29.97ms
1779496744.038454,ack_recv,latency_ack,5241,C5_lidar_panorama,C5_lidar_panorama,95,off,panorama,False,True,rtt=18.50ms
1779496744.1412683,ack_recv,latency_ack,5242,C5_lidar_panorama,C5_lidar_panorama,95,off,panorama,False,True,rtt=19.59ms
1779496744.2543352,ack_recv,latency_ack,5243,C5_lidar_panorama,C5_lidar_panorama,95,off,panorama,False,True,rtt=32.01ms
1779496744.340294,ack_recv,latency_ack,5244,C5_lidar_panorama,C5_lidar_panorama,95,off,panorama,False,True,rtt=17.27ms
1779496744.4400034,ack_recv,latency_ack,5245,C5_lidar_panorama,C5_lidar_panorama,95,off,panorama,False,True,rtt=16.27ms
1779496744.5318184,ack_recv,latency_ack,5246,C5_lidar_panorama,C5_lidar_panorama,95,off,panorama,False,True,rtt=7.30ms
1779496744.643357,ack_recv,latency_ack,5247,C5_lidar_panorama,C5_lidar_panorama,95,off,panorama,False,True,rtt=18.09ms
1779496744.7475066,ack_recv,latency_ack,5248,C5_lidar_panorama,C5_lidar_panorama,95,off,panorama,False,True,rtt=21.49ms
1779496744.8613567,ack_recv,latency_ack,5249,C5_lidar_panorama,C5_lidar_panorama,95,off,panorama,False,True,rtt=34.48ms
1779496744.9580054,ack_recv,latency_ack,5250,C5_lidar_panorama,C5_lidar_panorama,95,off,panorama,False,True,rtt=30.85ms
1779496745.0443523,ack_recv,latency_ack,5251,C5_lidar_panorama,C5_lidar_panorama,95,off,panorama,False,True,rtt=16.66ms
1779496745.1375227,ack_recv,latency_ack,5252,C5_lidar_panorama,C5_lidar_panorama,95,off,panorama,False,True,rtt=9.11ms
1779496745.2990205,ack_recv,latency_ack,5253,C5_lidar_panorama,C5_lidar_panorama,95,off,panorama,False,True,rtt=69.96ms
1779496745.380503,ack_recv,latency_ack,5254,C5_lidar_panorama,C5_lidar_panorama,95,off,panorama,False,True,rtt=51.08ms
1779496745.4683576,ack_recv,latency_ack,5255,C5_lidar_panorama,C5_lidar_panorama,95,off,panorama,False,True,rtt=38.49ms
1779496745.553261,ack_recv,latency_ack,5256,C5_lidar_panorama,C5_lidar_panorama,95,off,panorama,False,True,rtt=23.35ms
1779496745.6406162,ack_recv,latency_ack,5257,C5_lidar_panorama,C5_lidar_panorama,95,off,panorama,False,True,rtt=10.06ms
1779496745.797006,ack_recv,latency_ack,5258,C5_lidar_panorama,C5_lidar_panorama,95,off,panorama,False,True,rtt=66.24ms
1779496745.8798175,ack_recv,latency_ack,5259,C5_lidar_panorama,C5_lidar_panorama,95,off,panorama,False,True,rtt=48.75ms
1779496745.9644177,ack_recv,latency_ack,5260,C5_lidar_panorama,C5_lidar_panorama,95,off,panorama,False,True,rtt=33.20ms
1779496746.0493693,ack_recv,latency_ack,5261,C5_lidar_panorama,C5_lidar_panorama,95,off,panorama,False,True,rtt=17.23ms
1779496746.152698,ack_recv,latency_ack,5262,C5_lidar_panorama,C5_lidar_panorama,95,off,panorama,False,True,rtt=20.01ms
1779496746.2982569,ack_recv,latency_ack,5263,C5_lidar_panorama,C5_lidar_panorama,95,off,panorama,False,True,rtt=64.65ms
1779496746.3839803,ack_recv,latency_ack,5264,C5_lidar_panorama,C5_lidar_panorama,95,off,panorama,False,True,rtt=49.74ms
1779496746.4693148,ack_recv,latency_ack,5265,C5_lidar_panorama,C5_lidar_panorama,95,off,panorama,False,True,rtt=34.26ms
1779496746.5558991,ack_recv,latency_ack,5266,C5_lidar_panorama,C5_lidar_panorama,95,off,panorama,False,True,rtt=20.44ms
1779496746.6490126,ack_recv,latency_ack,5267,C5_lidar_panorama,C5_lidar_panorama,95,off,panorama,False,True,rtt=13.22ms
1779496746.7621837,ack_recv,latency_ack,5268,C5_lidar_panorama,C5_lidar_panorama,95,off,panorama,False,True,rtt=7.24ms
1779496746.8638668,ack_recv,latency_ack,5269,C5_lidar_panorama,C5_lidar_panorama,95,off,panorama,False,True,rtt=8.19ms
1779496747.0175195,ack_recv,latency_ack,5270,C5_lidar_panorama,C5_lidar_panorama,95,off,panorama,False,True,rtt=61.67ms
1779496747.104643,ack_recv,latency_ack,5271,C5_lidar_panorama,C5_lidar_panorama,95,off,panorama,False,True,rtt=48.55ms
1779496747.1935813,ack_recv,latency_ack,5272,C5_lidar_panorama,C5_lidar_panorama,95,off,panorama,False,True,rtt=36.76ms
1779496747.275893,ack_recv,latency_ack,5273,C5_lidar_panorama,C5_lidar_panorama,95,off,panorama,False,True,rtt=9.96ms
1779496747.3983436,ack_recv,latency_ack,5274,C5_lidar_panorama,C5_lidar_panorama,95,off,panorama,False,True,rtt=30.60ms
1779496747.483092,ack_recv,latency_ack,5275,C5_lidar_panorama,C5_lidar_panorama,95,off,panorama,False,True,rtt=14.95ms
1779496747.5814426,ack_recv,latency_ack,5276,C5_lidar_panorama,C5_lidar_panorama,95,off,panorama,False,True,rtt=12.74ms
1779496747.734525,ack_recv,latency_ack,5277,C5_lidar_panorama,C5_lidar_panorama,95,off,panorama,False,True,rtt=65.51ms
1779496747.8189244,ack_recv,latency_ack,5278,C5_lidar_panorama,C5_lidar_panorama,95,off,panorama,False,True,rtt=49.21ms
1779496747.9033873,ack_recv,latency_ack,5279,C5_lidar_panorama,C5_lidar_panorama,95,off,panorama,False,True,rtt=33.22ms
1779496747.9879196,ack_recv,latency_ack,5280,C5_lidar_panorama,C5_lidar_panorama,95,off,panorama,False,True,rtt=17.34ms
1779496748.0818067,ack_recv,latency_ack,5281,C5_lidar_panorama,C5_lidar_panorama,95,off,panorama,False,True,rtt=10.97ms
1779496748.1872506,ack_recv,latency_ack,5282,C5_lidar_panorama,C5_lidar_panorama,95,off,panorama,False,True,rtt=15.93ms
1779496748.2831707,ack_recv,latency_ack,5283,C5_lidar_panorama,C5_lidar_panorama,95,off,panorama,False,True,rtt=9.54ms
1779496748.387637,ack_recv,latency_ack,5284,C5_lidar_panorama,C5_lidar_panorama,95,off,panorama,False,True,rtt=13.07ms
1779496748.5134878,ack_recv,latency_ack,5285,C5_lidar_panorama,C5_lidar_panorama,95,off,panorama,False,True,rtt=38.30ms
1779496748.5867605,ack_recv,latency_ack,5286,C5_lidar_panorama,C5_lidar_panorama,95,off,panorama,False,True,rtt=11.13ms
1779496748.7022192,ack_recv,latency_ack,5287,C5_lidar_panorama,C5_lidar_panorama,95,off,panorama,False,True,rtt=24.87ms
1779496748.7853045,ack_recv,latency_ack,5288,C5_lidar_panorama,C5_lidar_panorama,95,off,panorama,False,True,rtt=8.05ms
1779496748.8819072,ack_recv,latency_ack,5289,C5_lidar_panorama,C5_lidar_panorama,95,off,panorama,False,True,rtt=3.89ms
1779496748.993157,ack_recv,latency_ack,5290,C5_lidar_panorama,C5_lidar_panorama,95,off,panorama,False,True,rtt=14.62ms
1779496749.1771462,ack_recv,latency_ack,5291,C5_lidar_panorama,C5_lidar_panorama,95,off,panorama,False,True,rtt=98.03ms
1779496749.1988335,ack_recv,latency_ack,5292,C5_lidar_panorama,C5_lidar_panorama,95,off,panorama,False,True,rtt=18.83ms
1779496749.2880514,ack_recv,latency_ack,5293,C5_lidar_panorama,C5_lidar_panorama,95,off,panorama,False,True,rtt=7.60ms
1779496749.39477,ack_recv,latency_ack,5294,C5_lidar_panorama,C5_lidar_panorama,95,off,panorama,False,True,rtt=13.51ms
1779496749.490385,ack_recv,latency_ack,5295,C5_lidar_panorama,C5_lidar_panorama,95,off,panorama,False,True,rtt=8.46ms
1779496749.6011307,ack_recv,latency_ack,5296,C5_lidar_panorama,C5_lidar_panorama,95,off,panorama,False,True,rtt=18.57ms
1779496749.6921425,ack_recv,latency_ack,5297,C5_lidar_panorama,C5_lidar_panorama,95,off,panorama,False,True,rtt=8.84ms
1779496749.8021967,ack_recv,latency_ack,5298,C5_lidar_panorama,C5_lidar_panorama,95,off,panorama,False,True,rtt=18.32ms
1779496749.8966746,ack_recv,latency_ack,5299,C5_lidar_panorama,C5_lidar_panorama,95,off,panorama,False,True,rtt=12.24ms
1779496750.0621383,ack_recv,latency_ack,5300,C5_lidar_panorama,C5_lidar_panorama,95,off,panorama,False,True,rtt=77.10ms
1779496750.1504798,ack_recv,latency_ack,5301,C5_lidar_panorama,C5_lidar_panorama,95,off,panorama,False,True,rtt=64.09ms
1779496750.237975,ack_recv,latency_ack,5302,C5_lidar_panorama,C5_lidar_panorama,95,off,panorama,False,True,rtt=51.26ms
1779496750.3150356,ack_recv,latency_ack,5303,C5_lidar_panorama,C5_lidar_panorama,95,off,panorama,False,True,rtt=28.04ms
1779496750.405828,ack_recv,latency_ack,5304,C5_lidar_panorama,C5_lidar_panorama,95,off,panorama,False,True,rtt=18.38ms
1779496750.5272415,ack_recv,latency_ack,5305,C5_lidar_panorama,C5_lidar_panorama,95,off,panorama,False,True,rtt=39.37ms
1779496750.598339,ack_recv,latency_ack,5306,C5_lidar_panorama,C5_lidar_panorama,95,off,panorama,False,True,rtt=9.74ms
1779496750.7057858,ack_recv,latency_ack,5307,C5_lidar_panorama,C5_lidar_panorama,95,off,panorama,False,True,rtt=16.67ms
1779496750.794844,ack_recv,latency_ack,5308,C5_lidar_panorama,C5_lidar_panorama,95,off,panorama,False,True,rtt=5.62ms
1779496750.9037678,ack_recv,latency_ack,5309,C5_lidar_panorama,C5_lidar_panorama,95,off,panorama,False,True,rtt=13.34ms
1779496750.9975512,ack_recv,latency_ack,5310,C5_lidar_panorama,C5_lidar_panorama,95,off,panorama,False,True,rtt=7.63ms
1779496751.1035817,ack_recv,latency_ack,5311,C5_lidar_panorama,C5_lidar_panorama,95,off,panorama,False,True,rtt=13.28ms
1779496751.1963868,ack_recv,latency_ack,5312,C5_lidar_panorama,C5_lidar_panorama,95,off,panorama,False,True,rtt=5.76ms
1779496751.305143,ack_recv,latency_ack,5313,C5_lidar_panorama,C5_lidar_panorama,95,off,panorama,False,True,rtt=14.29ms
1779496751.4140103,ack_recv,latency_ack,5314,C5_lidar_panorama,C5_lidar_panorama,95,off,panorama,False,True,rtt=22.28ms
1779496751.5347567,ack_recv,latency_ack,5315,C5_lidar_panorama,C5_lidar_panorama,95,off,panorama,False,True,rtt=42.19ms
1779496751.597878,ack_recv,latency_ack,5316,C5_lidar_panorama,C5_lidar_panorama,95,off,panorama,False,True,rtt=4.57ms
1779496751.704936,ack_recv,latency_ack,5317,C5_lidar_panorama,C5_lidar_panorama,95,off,panorama,False,True,rtt=11.22ms
1779496751.8139918,ack_recv,latency_ack,5318,C5_lidar_panorama,C5_lidar_panorama,95,off,panorama,False,True,rtt=19.88ms
1779496751.9138913,ack_recv,latency_ack,5319,C5_lidar_panorama,C5_lidar_panorama,95,off,panorama,False,True,rtt=19.06ms
1779496752.0536299,ack_recv,latency_ack,5320,C5_lidar_panorama,C5_lidar_panorama,95,off,panorama,False,True,rtt=58.30ms
1779496752.1495092,ack_recv,latency_ack,5321,C5_lidar_panorama,C5_lidar_panorama,95,off,panorama,False,True,rtt=53.36ms
1779496752.233788,ack_recv,latency_ack,5322,C5_lidar_panorama,C5_lidar_panorama,95,off,panorama,False,True,rtt=37.14ms
1779496752.3281908,ack_recv,latency_ack,5323,C5_lidar_panorama,C5_lidar_panorama,95,off,panorama,False,True,rtt=31.12ms
1779496752.4090781,ack_recv,latency_ack,5324,C5_lidar_panorama,C5_lidar_panorama,95,off,panorama,False,True,rtt=11.44ms
1779496752.5471785,ack_recv,latency_ack,5325,C5_lidar_panorama,C5_lidar_panorama,95,off,panorama,False,True,rtt=49.07ms
1779496752.6055326,ack_recv,latency_ack,5326,C5_lidar_panorama,C5_lidar_panorama,95,off,panorama,False,True,rtt=6.58ms
1779496752.7494483,ack_recv,latency_ack,5327,C5_lidar_panorama,C5_lidar_panorama,95,off,panorama,False,True,rtt=49.45ms
1779496752.8344991,ack_recv,latency_ack,5328,C5_lidar_panorama,C5_lidar_panorama,95,off,panorama,False,True,rtt=34.22ms
1779496752.9158027,ack_recv,latency_ack,5329,C5_lidar_panorama,C5_lidar_panorama,95,off,panorama,False,True,rtt=15.06ms
1779496753.043406,ack_recv,latency_ack,5330,C5_lidar_panorama,C5_lidar_panorama,95,off,panorama,False,True,rtt=42.55ms
1779496753.1272852,ack_recv,latency_ack,5331,C5_lidar_panorama,C5_lidar_panorama,95,off,panorama,False,True,rtt=26.09ms
1779496753.2128737,ack_recv,latency_ack,5332,C5_lidar_panorama,C5_lidar_panorama,95,off,panorama,False,True,rtt=11.36ms
1779496753.3229604,ack_recv,latency_ack,5333,C5_lidar_panorama,C5_lidar_panorama,95,off,panorama,False,True,rtt=20.92ms
1779496753.415128,ack_recv,latency_ack,5334,C5_lidar_panorama,C5_lidar_panorama,95,off,panorama,False,True,rtt=12.67ms
1779496753.576157,ack_recv,latency_ack,5335,C5_lidar_panorama,C5_lidar_panorama,95,off,panorama,False,True,rtt=72.53ms
1779496753.6604643,ack_recv,latency_ack,5336,C5_lidar_panorama,C5_lidar_panorama,95,off,panorama,False,True,rtt=56.13ms
1779496753.760341,ack_recv,latency_ack,5337,C5_lidar_panorama,C5_lidar_panorama,95,off,panorama,False,True,rtt=55.52ms
1779496753.8172946,ack_recv,latency_ack,5338,C5_lidar_panorama,C5_lidar_panorama,95,off,panorama,False,True,rtt=11.63ms
1779496753.9271111,ack_recv,latency_ack,5339,C5_lidar_panorama,C5_lidar_panorama,95,off,panorama,False,True,rtt=20.79ms
1779496754.081286,ack_recv,latency_ack,5340,C5_lidar_panorama,C5_lidar_panorama,95,off,panorama,False,True,rtt=74.32ms
1779496754.17545,ack_recv,latency_ack,5341,C5_lidar_panorama,C5_lidar_panorama,95,off,panorama,False,True,rtt=68.11ms
1779496754.2601042,ack_recv,latency_ack,5342,C5_lidar_panorama,C5_lidar_panorama,95,off,panorama,False,True,rtt=52.44ms
1779496754.3437219,ack_recv,latency_ack,5343,C5_lidar_panorama,C5_lidar_panorama,95,off,panorama,False,True,rtt=34.12ms
1779496754.424447,ack_recv,latency_ack,5344,C5_lidar_panorama,C5_lidar_panorama,95,off,panorama,False,True,rtt=16.12ms
1779496754.5442457,ack_recv,latency_ack,5345,C5_lidar_panorama,C5_lidar_panorama,95,off,panorama,False,True,rtt=34.77ms
1779496754.6254568,ack_recv,latency_ack,5346,C5_lidar_panorama,C5_lidar_panorama,95,off,panorama,False,True,rtt=16.59ms
1779496754.7205622,ack_recv,latency_ack,5347,C5_lidar_panorama,C5_lidar_panorama,95,off,panorama,False,True,rtt=11.26ms
1779496754.826648,ack_recv,latency_ack,5348,C5_lidar_panorama,C5_lidar_panorama,95,off,panorama,False,True,rtt=16.90ms
1779496754.919942,ack_recv,latency_ack,5349,C5_lidar_panorama,C5_lidar_panorama,95,off,panorama,False,True,rtt=9.76ms
1779496755.0610907,ack_recv,latency_ack,5350,C5_lidar_panorama,C5_lidar_panorama,95,off,panorama,False,True,rtt=50.41ms
1779496755.1573865,ack_recv,latency_ack,5351,C5_lidar_panorama,C5_lidar_panorama,95,off,panorama,False,True,rtt=45.77ms
1779496755.2541518,ack_recv,latency_ack,5352,C5_lidar_panorama,C5_lidar_panorama,95,off,panorama,False,True,rtt=41.55ms
1779496755.3313928,ack_recv,latency_ack,5353,C5_lidar_panorama,C5_lidar_panorama,95,off,panorama,False,True,rtt=18.32ms
1779496755.4234326,ack_recv,latency_ack,5354,C5_lidar_panorama,C5_lidar_panorama,95,off,panorama,False,True,rtt=9.67ms
1779496755.589515,ack_recv,latency_ack,5355,C5_lidar_panorama,C5_lidar_panorama,95,off,panorama,False,True,rtt=74.90ms
1779496755.6737669,ack_recv,latency_ack,5356,C5_lidar_panorama,C5_lidar_panorama,95,off,panorama,False,True,rtt=58.89ms
1779496755.7592893,ack_recv,latency_ack,5357,C5_lidar_panorama,C5_lidar_panorama,95,off,panorama,False,True,rtt=43.73ms
1779496755.8457417,ack_recv,latency_ack,5358,C5_lidar_panorama,C5_lidar_panorama,95,off,panorama,False,True,rtt=30.05ms
1779496755.9346306,ack_recv,latency_ack,5359,C5_lidar_panorama,C5_lidar_panorama,95,off,panorama,False,True,rtt=18.72ms
1779496756.0412257,ack_recv,latency_ack,5360,C5_lidar_panorama,C5_lidar_panorama,95,off,panorama,False,True,rtt=24.47ms
1779496756.1330836,ack_recv,latency_ack,5361,C5_lidar_panorama,C5_lidar_panorama,95,off,panorama,False,True,rtt=15.80ms
1779496756.2255168,ack_recv,latency_ack,5362,C5_lidar_panorama,C5_lidar_panorama,95,off,panorama,False,True,rtt=7.61ms
1779496756.3354998,ack_recv,latency_ack,5363,C5_lidar_panorama,C5_lidar_panorama,95,off,panorama,False,True,rtt=16.77ms
1779496756.428435,ack_recv,latency_ack,5364,C5_lidar_panorama,C5_lidar_panorama,95,off,panorama,False,True,rtt=9.47ms
1779496756.5970576,ack_recv,latency_ack,5365,C5_lidar_panorama,C5_lidar_panorama,95,off,panorama,False,True,rtt=77.77ms
1779496756.6636126,ack_recv,latency_ack,5366,C5_lidar_panorama,C5_lidar_panorama,95,off,panorama,False,True,rtt=43.55ms
1779496756.748791,ack_recv,latency_ack,5367,C5_lidar_panorama,C5_lidar_panorama,95,off,panorama,False,True,rtt=28.22ms
1779496756.8353996,ack_recv,latency_ack,5368,C5_lidar_panorama,C5_lidar_panorama,95,off,panorama,False,True,rtt=14.14ms
1779496756.9349873,ack_recv,latency_ack,5369,C5_lidar_panorama,C5_lidar_panorama,95,off,panorama,False,True,rtt=13.15ms
1779496757.1005843,ack_recv,latency_ack,5370,C5_lidar_panorama,C5_lidar_panorama,95,off,panorama,False,True,rtt=78.11ms
1779496757.1330419,ack_recv,latency_ack,5371,C5_lidar_panorama,C5_lidar_panorama,95,off,panorama,False,True,rtt=9.93ms
1779496757.2453196,ack_recv,latency_ack,5372,C5_lidar_panorama,C5_lidar_panorama,95,off,panorama,False,True,rtt=21.98ms
1779496757.332323,ack_recv,latency_ack,5373,C5_lidar_panorama,C5_lidar_panorama,95,off,panorama,False,True,rtt=8.76ms
1779496757.443146,ack_recv,latency_ack,5374,C5_lidar_panorama,C5_lidar_panorama,95,off,panorama,False,True,rtt=19.31ms
1779496757.5558457,ack_recv,latency_ack,5375,C5_lidar_panorama,C5_lidar_panorama,95,off,panorama,False,True,rtt=31.49ms
1779496757.6653554,ack_recv,latency_ack,5376,C5_lidar_panorama,C5_lidar_panorama,95,off,panorama,False,True,rtt=40.59ms
1779496757.7432122,ack_recv,latency_ack,5377,C5_lidar_panorama,C5_lidar_panorama,95,off,panorama,False,True,rtt=18.28ms
1779496757.8432817,ack_recv,latency_ack,5378,C5_lidar_panorama,C5_lidar_panorama,95,off,panorama,False,True,rtt=17.87ms
1779496757.9424136,ack_recv,latency_ack,5379,C5_lidar_panorama,C5_lidar_panorama,95,off,panorama,False,True,rtt=16.42ms
1779496758.0964215,ack_recv,latency_ack,5380,C5_lidar_panorama,C5_lidar_panorama,95,off,panorama,False,True,rtt=70.18ms
1779496758.1817925,ack_recv,latency_ack,5381,C5_lidar_panorama,C5_lidar_panorama,95,off,panorama,False,True,rtt=54.02ms
1779496758.2646782,ack_recv,latency_ack,5382,C5_lidar_panorama,C5_lidar_panorama,95,off,panorama,False,True,rtt=36.40ms
1779496758.3495965,ack_recv,latency_ack,5383,C5_lidar_panorama,C5_lidar_panorama,95,off,panorama,False,True,rtt=22.06ms
1779496758.4478564,ack_recv,latency_ack,5384,C5_lidar_panorama,C5_lidar_panorama,95,off,panorama,False,True,rtt=19.60ms
1779496758.5610535,ack_recv,latency_ack,5385,C5_lidar_panorama,C5_lidar_panorama,95,off,panorama,False,True,rtt=31.97ms
1779496758.6494741,ack_recv,latency_ack,5386,C5_lidar_panorama,C5_lidar_panorama,95,off,panorama,False,True,rtt=19.99ms
1779496758.7415895,ack_recv,latency_ack,5387,C5_lidar_panorama,C5_lidar_panorama,95,off,panorama,False,True,rtt=11.54ms
1779496758.8999803,ack_recv,latency_ack,5388,C5_lidar_panorama,C5_lidar_panorama,95,off,panorama,False,True,rtt=69.05ms
1779496758.984332,ack_recv,latency_ack,5389,C5_lidar_panorama,C5_lidar_panorama,95,off,panorama,False,True,rtt=52.97ms
1779496759.0728188,ack_recv,latency_ack,5390,C5_lidar_panorama,C5_lidar_panorama,95,off,panorama,False,True,rtt=41.04ms
1779496759.1674967,ack_recv,latency_ack,5391,C5_lidar_panorama,C5_lidar_panorama,95,off,panorama,False,True,rtt=34.73ms
1779496759.2533808,ack_recv,latency_ack,5392,C5_lidar_panorama,C5_lidar_panorama,95,off,panorama,False,True,rtt=20.22ms
1779496759.3491225,ack_recv,latency_ack,5393,C5_lidar_panorama,C5_lidar_panorama,95,off,panorama,False,True,rtt=15.76ms
1779496759.4544253,ack_recv,latency_ack,5394,C5_lidar_panorama,C5_lidar_panorama,95,off,panorama,False,True,rtt=20.80ms
1779496759.5971346,ack_recv,latency_ack,5395,C5_lidar_panorama,C5_lidar_panorama,95,off,panorama,False,True,rtt=62.82ms
1779496759.6865406,ack_recv,latency_ack,5396,C5_lidar_panorama,C5_lidar_panorama,95,off,panorama,False,True,rtt=51.70ms
1779496759.7711022,ack_recv,latency_ack,5397,C5_lidar_panorama,C5_lidar_panorama,95,off,panorama,False,True,rtt=35.58ms
1779496759.851952,ack_recv,latency_ack,5398,C5_lidar_panorama,C5_lidar_panorama,95,off,panorama,False,True,rtt=16.01ms
1779496759.9482646,ack_recv,latency_ack,5399,C5_lidar_panorama,C5_lidar_panorama,95,off,panorama,False,True,rtt=11.70ms
1779496760.0688782,ack_recv,latency_ack,5400,C5_lidar_panorama,C5_lidar_panorama,95,off,panorama,False,True,rtt=31.92ms
1779496760.1475492,ack_recv,latency_ack,5401,C5_lidar_panorama,C5_lidar_panorama,95,off,panorama,False,True,rtt=9.57ms
1779496760.2574458,ack_recv,latency_ack,5402,C5_lidar_panorama,C5_lidar_panorama,95,off,panorama,False,True,rtt=19.14ms
1779496760.3487325,ack_recv,latency_ack,5403,C5_lidar_panorama,C5_lidar_panorama,95,off,panorama,False,True,rtt=10.25ms
1779496760.4559126,ack_recv,latency_ack,5404,C5_lidar_panorama,C5_lidar_panorama,95,off,panorama,False,True,rtt=16.27ms
1779496760.5638745,ack_recv,latency_ack,5405,C5_lidar_panorama,C5_lidar_panorama,95,off,panorama,False,True,rtt=5.42ms
1779496760.669432,ack_recv,latency_ack,5406,C5_lidar_panorama,C5_lidar_panorama,95,off,panorama,False,True,rtt=10.54ms
1779496760.783023,ack_recv,latency_ack,5407,C5_lidar_panorama,C5_lidar_panorama,95,off,panorama,False,True,rtt=23.75ms
1779496760.8709574,ack_recv,latency_ack,5408,C5_lidar_panorama,C5_lidar_panorama,95,off,panorama,False,True,rtt=11.41ms
1779496760.965537,ack_recv,latency_ack,5409,C5_lidar_panorama,C5_lidar_panorama,95,off,panorama,False,True,rtt=5.59ms
1779496761.0688798,ack_recv,latency_ack,5410,C5_lidar_panorama,C5_lidar_panorama,95,off,panorama,False,True,rtt=7.47ms
1779496761.1671367,ack_recv,latency_ack,5411,C5_lidar_panorama,C5_lidar_panorama,95,off,panorama,False,True,rtt=5.30ms
1779496761.2760487,ack_recv,latency_ack,5412,C5_lidar_panorama,C5_lidar_panorama,95,off,panorama,False,True,rtt=13.86ms
1779496761.3701277,ack_recv,latency_ack,5413,C5_lidar_panorama,C5_lidar_panorama,95,off,panorama,False,True,rtt=7.32ms
1779496761.4828098,ack_recv,latency_ack,5414,C5_lidar_panorama,C5_lidar_panorama,95,off,panorama,False,True,rtt=19.45ms
1779496761.5906622,ack_recv,latency_ack,5415,C5_lidar_panorama,C5_lidar_panorama,95,off,panorama,False,True,rtt=26.80ms
1779496761.681657,ack_recv,latency_ack,5416,C5_lidar_panorama,C5_lidar_panorama,95,off,panorama,False,True,rtt=17.55ms
1779496761.7755706,ack_recv,latency_ack,5417,C5_lidar_panorama,C5_lidar_panorama,95,off,panorama,False,True,rtt=10.59ms
1779496761.8819036,ack_recv,latency_ack,5418,C5_lidar_panorama,C5_lidar_panorama,95,off,panorama,False,True,rtt=16.53ms
1779496761.977134,ack_recv,latency_ack,5419,C5_lidar_panorama,C5_lidar_panorama,95,off,panorama,False,True,rtt=10.95ms
1779496762.090483,ack_recv,latency_ack,5420,C5_lidar_panorama,C5_lidar_panorama,95,off,panorama,False,True,rtt=7.59ms
1779496762.197663,ack_recv,latency_ack,5421,C5_lidar_panorama,C5_lidar_panorama,95,off,panorama,False,True,rtt=13.39ms
1779496762.3142636,ack_recv,latency_ack,5422,C5_lidar_panorama,C5_lidar_panorama,95,off,panorama,False,True,rtt=29.62ms
1779496762.4359918,ack_recv,latency_ack,5423,C5_lidar_panorama,C5_lidar_panorama,95,off,panorama,False,True,rtt=50.59ms
1779496762.5201893,ack_recv,latency_ack,5424,C5_lidar_panorama,C5_lidar_panorama,95,off,panorama,False,True,rtt=34.05ms
1779496762.602646,ack_recv,latency_ack,5425,C5_lidar_panorama,C5_lidar_panorama,95,off,panorama,False,True,rtt=16.29ms
1779496762.7000186,ack_recv,latency_ack,5426,C5_lidar_panorama,C5_lidar_panorama,95,off,panorama,False,True,rtt=13.26ms
1779496762.86986,ack_recv,latency_ack,5427,C5_lidar_panorama,C5_lidar_panorama,95,off,panorama,False,True,rtt=83.04ms
1779496762.8983908,ack_recv,latency_ack,5428,C5_lidar_panorama,C5_lidar_panorama,95,off,panorama,False,True,rtt=11.33ms
1779496763.0098503,ack_recv,latency_ack,5429,C5_lidar_panorama,C5_lidar_panorama,95,off,panorama,False,True,rtt=22.36ms
1779496763.0980892,ack_recv,latency_ack,5430,C5_lidar_panorama,C5_lidar_panorama,95,off,panorama,False,True,rtt=7.76ms
1779496763.207752,ack_recv,latency_ack,5431,C5_lidar_panorama,C5_lidar_panorama,95,off,panorama,False,True,rtt=16.69ms
1779496763.3187418,ack_recv,latency_ack,5432,C5_lidar_panorama,C5_lidar_panorama,95,off,panorama,False,True,rtt=27.38ms
1779496763.4109564,ack_recv,latency_ack,5433,C5_lidar_panorama,C5_lidar_panorama,95,off,panorama,False,True,rtt=18.91ms
1779496763.5054824,ack_recv,latency_ack,5434,C5_lidar_panorama,C5_lidar_panorama,95,off,panorama,False,True,rtt=13.15ms
1779496763.6186655,ack_recv,latency_ack,5435,C5_lidar_panorama,C5_lidar_panorama,95,off,panorama,False,True,rtt=25.86ms
1779496763.7088275,ack_recv,latency_ack,5436,C5_lidar_panorama,C5_lidar_panorama,95,off,panorama,False,True,rtt=14.51ms
1779496763.876203,ack_recv,latency_ack,5437,C5_lidar_panorama,C5_lidar_panorama,95,off,panorama,False,True,rtt=82.33ms
1779496763.907178,ack_recv,latency_ack,5438,C5_lidar_panorama,C5_lidar_panorama,95,off,panorama,False,True,rtt=12.94ms
1779496764.0016973,ack_recv,latency_ack,5439,C5_lidar_panorama,C5_lidar_panorama,95,off,panorama,False,True,rtt=7.19ms
1779496764.1116154,ack_recv,latency_ack,5440,C5_lidar_panorama,C5_lidar_panorama,95,off,panorama,False,True,rtt=16.43ms
1779496764.2056148,ack_recv,latency_ack,5441,C5_lidar_panorama,C5_lidar_panorama,95,off,panorama,False,True,rtt=9.89ms
1779496764.3737254,ack_recv,latency_ack,5442,C5_lidar_panorama,C5_lidar_panorama,95,off,panorama,False,True,rtt=77.76ms
1779496764.4064913,ack_recv,latency_ack,5443,C5_lidar_panorama,C5_lidar_panorama,95,off,panorama,False,True,rtt=10.38ms
1779496764.5150075,ack_recv,latency_ack,5444,C5_lidar_panorama,C5_lidar_panorama,95,off,panorama,False,True,rtt=18.48ms
1779496764.6095965,ack_recv,latency_ack,5445,C5_lidar_panorama,C5_lidar_panorama,95,off,panorama,False,True,rtt=12.81ms
1779496764.719359,ack_recv,latency_ack,5446,C5_lidar_panorama,C5_lidar_panorama,95,off,panorama,False,True,rtt=21.94ms
1779496764.8229678,ack_recv,latency_ack,5447,C5_lidar_panorama,C5_lidar_panorama,95,off,panorama,False,True,rtt=24.54ms
1779496764.935176,ack_recv,latency_ack,5448,C5_lidar_panorama,C5_lidar_panorama,95,off,panorama,False,True,rtt=36.50ms
1779496765.019871,ack_recv,latency_ack,5449,C5_lidar_panorama,C5_lidar_panorama,95,off,panorama,False,True,rtt=20.35ms
1779496765.126999,ack_recv,latency_ack,5450,C5_lidar_panorama,C5_lidar_panorama,95,off,panorama,False,True,rtt=26.47ms
1779496765.2153664,ack_recv,latency_ack,5451,C5_lidar_panorama,C5_lidar_panorama,95,off,panorama,False,True,rtt=14.33ms
1779496765.3276649,ack_recv,latency_ack,5452,C5_lidar_panorama,C5_lidar_panorama,95,off,panorama,False,True,rtt=26.40ms
1779496765.424897,ack_recv,latency_ack,5453,C5_lidar_panorama,C5_lidar_panorama,95,off,panorama,False,True,rtt=23.16ms
1779496765.5149615,ack_recv,latency_ack,5454,C5_lidar_panorama,C5_lidar_panorama,95,off,panorama,False,True,rtt=12.62ms
1779496765.6218412,ack_recv,latency_ack,5455,C5_lidar_panorama,C5_lidar_panorama,95,off,panorama,False,True,rtt=18.90ms
1779496765.7161288,ack_recv,latency_ack,5456,C5_lidar_panorama,C5_lidar_panorama,95,off,panorama,False,True,rtt=12.63ms
1779496765.8788488,ack_recv,latency_ack,5457,C5_lidar_panorama,C5_lidar_panorama,95,off,panorama,False,True,rtt=74.86ms
1779496765.963957,ack_recv,latency_ack,5458,C5_lidar_panorama,C5_lidar_panorama,95,off,panorama,False,True,rtt=59.52ms
1779496766.0519621,ack_recv,latency_ack,5459,C5_lidar_panorama,C5_lidar_panorama,95,off,panorama,False,True,rtt=47.18ms
1779496766.1354575,ack_recv,latency_ack,5460,C5_lidar_panorama,C5_lidar_panorama,95,off,panorama,False,True,rtt=30.49ms
1779496766.2272515,ack_recv,latency_ack,5461,C5_lidar_panorama,C5_lidar_panorama,95,off,panorama,False,True,rtt=21.80ms
1779496766.332088,ack_recv,latency_ack,5462,C5_lidar_panorama,C5_lidar_panorama,95,off,panorama,False,True,rtt=26.49ms
1779496766.4277432,ack_recv,latency_ack,5463,C5_lidar_panorama,C5_lidar_panorama,95,off,panorama,False,True,rtt=21.57ms
1779496766.5176039,ack_recv,latency_ack,5464,C5_lidar_panorama,C5_lidar_panorama,95,off,panorama,False,True,rtt=11.04ms
1779496766.6344063,ack_recv,latency_ack,5465,C5_lidar_panorama,C5_lidar_panorama,95,off,panorama,False,True,rtt=27.46ms
1779496766.724021,ack_recv,latency_ack,5466,C5_lidar_panorama,C5_lidar_panorama,95,off,panorama,False,True,rtt=16.63ms
1779496766.833794,ack_recv,latency_ack,5467,C5_lidar_panorama,C5_lidar_panorama,95,off,panorama,False,True,rtt=26.01ms
1779496766.9269388,ack_recv,latency_ack,5468,C5_lidar_panorama,C5_lidar_panorama,95,off,panorama,False,True,rtt=18.33ms
1779496767.019931,ack_recv,latency_ack,5469,C5_lidar_panorama,C5_lidar_panorama,95,off,panorama,False,True,rtt=10.83ms
1779496767.129013,ack_recv,latency_ack,5470,C5_lidar_panorama,C5_lidar_panorama,95,off,panorama,False,True,rtt=19.34ms
1779496767.2227402,ack_recv,latency_ack,5471,C5_lidar_panorama,C5_lidar_panorama,95,off,panorama,False,True,rtt=12.66ms
1779496767.3340476,ack_recv,latency_ack,5472,C5_lidar_panorama,C5_lidar_panorama,95,off,panorama,False,True,rtt=5.64ms
1779496767.4367075,ack_recv,latency_ack,5473,C5_lidar_panorama,C5_lidar_panorama,95,off,panorama,False,True,rtt=6.49ms
1779496767.5457523,ack_recv,latency_ack,5474,C5_lidar_panorama,C5_lidar_panorama,95,off,panorama,False,True,rtt=14.94ms
1779496767.6468775,ack_recv,latency_ack,5475,C5_lidar_panorama,C5_lidar_panorama,95,off,panorama,False,True,rtt=15.14ms
1779496767.753026,ack_recv,latency_ack,5476,C5_lidar_panorama,C5_lidar_panorama,95,off,panorama,False,True,rtt=20.61ms
1779496767.8374774,ack_recv,latency_ack,5477,C5_lidar_panorama,C5_lidar_panorama,95,off,panorama,False,True,rtt=4.83ms
1779496767.953827,ack_recv,latency_ack,5478,C5_lidar_panorama,C5_lidar_panorama,95,off,panorama,False,True,rtt=20.08ms
1779496768.0509796,ack_recv,latency_ack,5479,C5_lidar_panorama,C5_lidar_panorama,95,off,panorama,False,True,rtt=16.80ms
1779496768.1552522,ack_recv,latency_ack,5480,C5_lidar_panorama,C5_lidar_panorama,95,off,panorama,False,True,rtt=20.80ms
1779496768.2495124,ack_recv,latency_ack,5481,C5_lidar_panorama,C5_lidar_panorama,95,off,panorama,False,True,rtt=13.90ms
1779496768.3443727,ack_recv,latency_ack,5482,C5_lidar_panorama,C5_lidar_panorama,95,off,panorama,False,True,rtt=8.38ms
1779496768.4532142,ack_recv,latency_ack,5483,C5_lidar_panorama,C5_lidar_panorama,95,off,panorama,False,True,rtt=17.03ms
1779496768.5441225,ack_recv,latency_ack,5484,C5_lidar_panorama,C5_lidar_panorama,95,off,panorama,False,True,rtt=6.08ms
1779496768.6566782,ack_recv,latency_ack,5485,C5_lidar_panorama,C5_lidar_panorama,95,off,panorama,False,True,rtt=19.30ms
1779496768.7656343,ack_recv,latency_ack,5486,C5_lidar_panorama,C5_lidar_panorama,95,off,panorama,False,True,rtt=27.92ms
1779496768.8484519,ack_recv,latency_ack,5487,C5_lidar_panorama,C5_lidar_panorama,95,off,panorama,False,True,rtt=6.78ms
1779496768.9536552,ack_recv,latency_ack,5488,C5_lidar_panorama,C5_lidar_panorama,95,off,panorama,False,True,rtt=10.89ms
1779496769.0622168,ack_recv,latency_ack,5489,C5_lidar_panorama,C5_lidar_panorama,95,off,panorama,False,True,rtt=19.19ms
1779496769.1643882,ack_recv,latency_ack,5490,C5_lidar_panorama,C5_lidar_panorama,95,off,panorama,False,True,rtt=20.45ms
1779496769.2599547,ack_recv,latency_ack,5491,C5_lidar_panorama,C5_lidar_panorama,95,off,panorama,False,True,rtt=15.67ms
1779496769.3554378,ack_recv,latency_ack,5492,C5_lidar_panorama,C5_lidar_panorama,95,off,panorama,False,True,rtt=10.23ms
1779496769.4674706,ack_recv,latency_ack,5493,C5_lidar_panorama,C5_lidar_panorama,95,off,panorama,False,True,rtt=22.11ms
1779496769.5598311,ack_recv,latency_ack,5494,C5_lidar_panorama,C5_lidar_panorama,95,off,panorama,False,True,rtt=14.05ms
1779496769.6667383,ack_recv,latency_ack,5495,C5_lidar_panorama,C5_lidar_panorama,95,off,panorama,False,True,rtt=20.51ms
1779496769.7633805,ack_recv,latency_ack,5496,C5_lidar_panorama,C5_lidar_panorama,95,off,panorama,False,True,rtt=16.75ms
1779496769.8557067,ack_recv,latency_ack,5497,C5_lidar_panorama,C5_lidar_panorama,95,off,panorama,False,True,rtt=7.98ms
1779496769.9680512,ack_recv,latency_ack,5498,C5_lidar_panorama,C5_lidar_panorama,95,off,panorama,False,True,rtt=18.36ms
1779496770.055029,ack_recv,latency_ack,5499,C5_lidar_panorama,C5_lidar_panorama,95,off,panorama,False,True,rtt=4.88ms
1779496770.165537,ack_recv,latency_ack,5500,C5_lidar_panorama,C5_lidar_panorama,95,off,panorama,False,True,rtt=14.86ms
1779496776.8363752,ack_recv,latency_ack,5501,C6_full_detail,C6_full_detail,89,normal,detail,True,True,rtt=44.36ms
1779496776.9018066,ack_recv,latency_ack,5502,C6_full_detail,C6_full_detail,89,normal,detail,True,True,rtt=9.18ms
1779496777.0103512,ack_recv,latency_ack,5503,C6_full_detail,C6_full_detail,89,normal,detail,True,True,rtt=17.24ms
1779496777.1029875,ack_recv,latency_ack,5504,C6_full_detail,C6_full_detail,89,normal,detail,True,True,rtt=8.89ms
1779496777.2093575,ack_recv,latency_ack,5505,C6_full_detail,C6_full_detail,89,normal,detail,True,True,rtt=15.25ms
1779496777.3018491,ack_recv,latency_ack,5506,C6_full_detail,C6_full_detail,89,normal,detail,True,True,rtt=7.37ms
1779496777.4092493,ack_recv,latency_ack,5507,C6_full_detail,C6_full_detail,89,normal,detail,True,True,rtt=14.43ms
1779496777.5023575,ack_recv,latency_ack,5508,C6_full_detail,C6_full_detail,89,normal,detail,True,True,rtt=7.38ms
1779496777.607859,ack_recv,latency_ack,5509,C6_full_detail,C6_full_detail,89,normal,detail,True,True,rtt=12.46ms
1779496777.7053363,ack_recv,latency_ack,5510,C6_full_detail,C6_full_detail,89,normal,detail,True,True,rtt=8.81ms
1779496777.8092258,ack_recv,latency_ack,5511,C6_full_detail,C6_full_detail,89,normal,detail,True,True,rtt=11.15ms
1779496777.9197593,ack_recv,latency_ack,5512,C6_full_detail,C6_full_detail,89,normal,detail,True,True,rtt=20.78ms
1779496778.0130093,ack_recv,latency_ack,5513,C6_full_detail,C6_full_detail,89,normal,detail,True,True,rtt=13.05ms
1779496778.121404,ack_recv,latency_ack,5514,C6_full_detail,C6_full_detail,89,normal,detail,True,True,rtt=20.51ms
1779496778.2097487,ack_recv,latency_ack,5515,C6_full_detail,C6_full_detail,89,normal,detail,True,True,rtt=8.56ms
1779496778.317427,ack_recv,latency_ack,5516,C6_full_detail,C6_full_detail,89,normal,detail,True,True,rtt=16.01ms
1779496778.4155009,ack_recv,latency_ack,5517,C6_full_detail,C6_full_detail,89,normal,detail,True,True,rtt=13.71ms
1779496778.5090067,ack_recv,latency_ack,5518,C6_full_detail,C6_full_detail,89,normal,detail,True,True,rtt=7.05ms
1779496778.6613715,ack_recv,latency_ack,5519,C6_full_detail,C6_full_detail,89,normal,detail,True,True,rtt=58.90ms
1779496778.7489295,ack_recv,latency_ack,5520,C6_full_detail,C6_full_detail,89,normal,detail,True,True,rtt=46.01ms
1779496778.8371887,ack_recv,latency_ack,5521,C6_full_detail,C6_full_detail,89,normal,detail,True,True,rtt=33.47ms
1779496778.9129083,ack_recv,latency_ack,5522,C6_full_detail,C6_full_detail,89,normal,detail,True,True,rtt=8.26ms
1779496779.0687296,ack_recv,latency_ack,5523,C6_full_detail,C6_full_detail,89,normal,detail,True,True,rtt=63.70ms
1779496779.169021,ack_recv,latency_ack,5524,C6_full_detail,C6_full_detail,89,normal,detail,True,True,rtt=63.34ms
1779496779.258091,ack_recv,latency_ack,5525,C6_full_detail,C6_full_detail,89,normal,detail,True,True,rtt=51.91ms
1779496779.3453455,ack_recv,latency_ack,5526,C6_full_detail,C6_full_detail,89,normal,detail,True,True,rtt=38.81ms
1779496779.4272163,ack_recv,latency_ack,5527,C6_full_detail,C6_full_detail,89,normal,detail,True,True,rtt=20.48ms
1779496779.523927,ack_recv,latency_ack,5528,C6_full_detail,C6_full_detail,89,normal,detail,True,True,rtt=16.74ms
1779496779.6135857,ack_recv,latency_ack,5529,C6_full_detail,C6_full_detail,89,normal,detail,True,True,rtt=5.78ms
1779496779.7282722,ack_recv,latency_ack,5530,C6_full_detail,C6_full_detail,89,normal,detail,True,True,rtt=20.19ms
1779496779.8371801,ack_recv,latency_ack,5531,C6_full_detail,C6_full_detail,89,normal,detail,True,True,rtt=28.59ms
1779496779.9246073,ack_recv,latency_ack,5532,C6_full_detail,C6_full_detail,89,normal,detail,True,True,rtt=15.66ms
1779496780.0170672,ack_recv,latency_ack,5533,C6_full_detail,C6_full_detail,89,normal,detail,True,True,rtt=7.99ms
1779496780.1292055,ack_recv,latency_ack,5534,C6_full_detail,C6_full_detail,89,normal,detail,True,True,rtt=19.80ms
1779496780.2190623,ack_recv,latency_ack,5535,C6_full_detail,C6_full_detail,89,normal,detail,True,True,rtt=9.09ms
1779496780.326813,ack_recv,latency_ack,5536,C6_full_detail,C6_full_detail,89,normal,detail,True,True,rtt=16.31ms
1779496780.4230828,ack_recv,latency_ack,5537,C6_full_detail,C6_full_detail,89,normal,detail,True,True,rtt=12.05ms
1779496780.5291762,ack_recv,latency_ack,5538,C6_full_detail,C6_full_detail,89,normal,detail,True,True,rtt=17.53ms
1779496780.6210997,ack_recv,latency_ack,5539,C6_full_detail,C6_full_detail,89,normal,detail,True,True,rtt=8.73ms
1779496780.7408683,ack_recv,latency_ack,5540,C6_full_detail,C6_full_detail,89,normal,detail,True,True,rtt=28.22ms
1779496780.8314776,ack_recv,latency_ack,5541,C6_full_detail,C6_full_detail,89,normal,detail,True,True,rtt=12.32ms
1779496780.9365127,ack_recv,latency_ack,5542,C6_full_detail,C6_full_detail,89,normal,detail,True,True,rtt=16.50ms
1779496781.039447,ack_recv,latency_ack,5543,C6_full_detail,C6_full_detail,89,normal,detail,True,True,rtt=19.25ms
1779496781.130513,ack_recv,latency_ack,5544,C6_full_detail,C6_full_detail,89,normal,detail,True,True,rtt=9.83ms
1779496781.2996445,ack_recv,latency_ack,5545,C6_full_detail,C6_full_detail,89,normal,detail,True,True,rtt=77.37ms
1779496781.384943,ack_recv,latency_ack,5546,C6_full_detail,C6_full_detail,89,normal,detail,True,True,rtt=63.06ms
1779496781.4686434,ack_recv,latency_ack,5547,C6_full_detail,C6_full_detail,89,normal,detail,True,True,rtt=46.12ms
1779496781.5486724,ack_recv,latency_ack,5548,C6_full_detail,C6_full_detail,89,normal,detail,True,True,rtt=25.30ms
1779496781.6331913,ack_recv,latency_ack,5549,C6_full_detail,C6_full_detail,89,normal,detail,True,True,rtt=9.58ms
1779496781.7409334,ack_recv,latency_ack,5550,C6_full_detail,C6_full_detail,89,normal,detail,True,True,rtt=16.79ms
1779496781.833256,ack_recv,latency_ack,5551,C6_full_detail,C6_full_detail,89,normal,detail,True,True,rtt=7.50ms
1779496781.9399881,ack_recv,latency_ack,5552,C6_full_detail,C6_full_detail,89,normal,detail,True,True,rtt=13.81ms
1779496782.032366,ack_recv,latency_ack,5553,C6_full_detail,C6_full_detail,89,normal,detail,True,True,rtt=5.26ms
1779496782.1390464,ack_recv,latency_ack,5554,C6_full_detail,C6_full_detail,89,normal,detail,True,True,rtt=11.74ms
1779496782.2339628,ack_recv,latency_ack,5555,C6_full_detail,C6_full_detail,89,normal,detail,True,True,rtt=6.15ms
1779496782.3358018,ack_recv,latency_ack,5556,C6_full_detail,C6_full_detail,89,normal,detail,True,True,rtt=6.31ms
1779496782.4756773,ack_recv,latency_ack,5557,C6_full_detail,C6_full_detail,89,normal,detail,True,True,rtt=45.45ms
1779496782.5715282,ack_recv,latency_ack,5558,C6_full_detail,C6_full_detail,89,normal,detail,True,True,rtt=40.81ms
1779496782.6406047,ack_recv,latency_ack,5559,C6_full_detail,C6_full_detail,89,normal,detail,True,True,rtt=9.46ms
1779496782.7526412,ack_recv,latency_ack,5560,C6_full_detail,C6_full_detail,89,normal,detail,True,True,rtt=20.77ms
1779496782.8422499,ack_recv,latency_ack,5561,C6_full_detail,C6_full_detail,89,normal,detail,True,True,rtt=10.16ms
1779496782.9509766,ack_recv,latency_ack,5562,C6_full_detail,C6_full_detail,89,normal,detail,True,True,rtt=18.47ms
1779496783.0467236,ack_recv,latency_ack,5563,C6_full_detail,C6_full_detail,89,normal,detail,True,True,rtt=13.61ms
1779496783.1624165,ack_recv,latency_ack,5564,C6_full_detail,C6_full_detail,89,normal,detail,True,True,rtt=29.13ms
1779496783.2449362,ack_recv,latency_ack,5565,C6_full_detail,C6_full_detail,89,normal,detail,True,True,rtt=10.25ms
1779496783.34692,ack_recv,latency_ack,5566,C6_full_detail,C6_full_detail,89,normal,detail,True,True,rtt=12.25ms
1779496783.484501,ack_recv,latency_ack,5567,C6_full_detail,C6_full_detail,89,normal,detail,True,True,rtt=49.32ms
1779496783.567869,ack_recv,latency_ack,5568,C6_full_detail,C6_full_detail,89,normal,detail,True,True,rtt=32.22ms
1779496783.6523433,ack_recv,latency_ack,5569,C6_full_detail,C6_full_detail,89,normal,detail,True,True,rtt=16.45ms
1779496783.7458222,ack_recv,latency_ack,5570,C6_full_detail,C6_full_detail,89,normal,detail,True,True,rtt=9.33ms
1779496783.8487484,ack_recv,latency_ack,5571,C6_full_detail,C6_full_detail,89,normal,detail,True,True,rtt=11.78ms
1779496783.981164,ack_recv,latency_ack,5572,C6_full_detail,C6_full_detail,89,normal,detail,True,True,rtt=43.99ms
1779496784.0688522,ack_recv,latency_ack,5573,C6_full_detail,C6_full_detail,89,normal,detail,True,True,rtt=31.05ms
1779496784.152595,ack_recv,latency_ack,5574,C6_full_detail,C6_full_detail,89,normal,detail,True,True,rtt=14.13ms
1779496784.257905,ack_recv,latency_ack,5575,C6_full_detail,C6_full_detail,89,normal,detail,True,True,rtt=18.80ms
1779496784.3515363,ack_recv,latency_ack,5576,C6_full_detail,C6_full_detail,89,normal,detail,True,True,rtt=11.71ms
1779496784.478592,ack_recv,latency_ack,5577,C6_full_detail,C6_full_detail,89,normal,detail,True,True,rtt=37.88ms
1779496784.565962,ack_recv,latency_ack,5578,C6_full_detail,C6_full_detail,89,normal,detail,True,True,rtt=24.70ms
1779496784.653396,ack_recv,latency_ack,5579,C6_full_detail,C6_full_detail,89,normal,detail,True,True,rtt=11.73ms
1779496784.7583382,ack_recv,latency_ack,5580,C6_full_detail,C6_full_detail,89,normal,detail,True,True,rtt=16.23ms
1779496784.8610103,ack_recv,latency_ack,5581,C6_full_detail,C6_full_detail,89,normal,detail,True,True,rtt=18.50ms
1779496784.9817502,ack_recv,latency_ack,5582,C6_full_detail,C6_full_detail,89,normal,detail,True,True,rtt=38.62ms
1779496785.0723796,ack_recv,latency_ack,5583,C6_full_detail,C6_full_detail,89,normal,detail,True,True,rtt=28.68ms
1779496785.2113237,ack_recv,latency_ack,5584,C6_full_detail,C6_full_detail,89,normal,detail,True,True,rtt=67.10ms
1779496785.2976208,ack_recv,latency_ack,5585,C6_full_detail,C6_full_detail,89,normal,detail,True,True,rtt=53.16ms
1779496785.363858,ack_recv,latency_ack,5586,C6_full_detail,C6_full_detail,89,normal,detail,True,True,rtt=18.75ms
1779496785.4695413,ack_recv,latency_ack,5587,C6_full_detail,C6_full_detail,89,normal,detail,True,True,rtt=23.95ms
1779496785.5650322,ack_recv,latency_ack,5588,C6_full_detail,C6_full_detail,89,normal,detail,True,True,rtt=18.50ms
1779496785.6561294,ack_recv,latency_ack,5589,C6_full_detail,C6_full_detail,89,normal,detail,True,True,rtt=8.98ms
1779496785.763483,ack_recv,latency_ack,5590,C6_full_detail,C6_full_detail,89,normal,detail,True,True,rtt=15.66ms
1779496785.8712356,ack_recv,latency_ack,5591,C6_full_detail,C6_full_detail,89,normal,detail,True,True,rtt=23.20ms
1779496785.955567,ack_recv,latency_ack,5592,C6_full_detail,C6_full_detail,89,normal,detail,True,True,rtt=4.56ms
1779496786.057021,ack_recv,latency_ack,5593,C6_full_detail,C6_full_detail,89,normal,detail,True,True,rtt=5.55ms
1779496786.1660402,ack_recv,latency_ack,5594,C6_full_detail,C6_full_detail,89,normal,detail,True,True,rtt=14.14ms
1779496786.2582233,ack_recv,latency_ack,5595,C6_full_detail,C6_full_detail,89,normal,detail,True,True,rtt=6.03ms
1779496786.3668346,ack_recv,latency_ack,5596,C6_full_detail,C6_full_detail,89,normal,detail,True,True,rtt=14.24ms
1779496786.4660902,ack_recv,latency_ack,5597,C6_full_detail,C6_full_detail,89,normal,detail,True,True,rtt=11.17ms
1779496786.5702095,ack_recv,latency_ack,5598,C6_full_detail,C6_full_detail,89,normal,detail,True,True,rtt=13.99ms
1779496786.686915,ack_recv,latency_ack,5599,C6_full_detail,C6_full_detail,89,normal,detail,True,True,rtt=29.18ms
1779496786.7693706,ack_recv,latency_ack,5600,C6_full_detail,C6_full_detail,89,normal,detail,True,True,rtt=11.78ms
1779496786.877224,ack_recv,latency_ack,5601,C6_full_detail,C6_full_detail,89,normal,detail,True,True,rtt=19.14ms
1779496787.0068352,ack_recv,latency_ack,5602,C6_full_detail,C6_full_detail,89,normal,detail,True,True,rtt=48.02ms
1779496787.0794806,ack_recv,latency_ack,5603,C6_full_detail,C6_full_detail,89,normal,detail,True,True,rtt=20.10ms
1779496787.1724453,ack_recv,latency_ack,5604,C6_full_detail,C6_full_detail,89,normal,detail,True,True,rtt=12.33ms
1779496787.271151,ack_recv,latency_ack,5605,C6_full_detail,C6_full_detail,89,normal,detail,True,True,rtt=10.38ms
1779496787.375865,ack_recv,latency_ack,5606,C6_full_detail,C6_full_detail,89,normal,detail,True,True,rtt=14.52ms
1779496787.4731603,ack_recv,latency_ack,5607,C6_full_detail,C6_full_detail,89,normal,detail,True,True,rtt=11.31ms
1779496787.5776792,ack_recv,latency_ack,5608,C6_full_detail,C6_full_detail,89,normal,detail,True,True,rtt=15.26ms
1779496787.6688523,ack_recv,latency_ack,5609,C6_full_detail,C6_full_detail,89,normal,detail,True,True,rtt=6.02ms
1779496787.7769556,ack_recv,latency_ack,5610,C6_full_detail,C6_full_detail,89,normal,detail,True,True,rtt=13.61ms
1779496787.8723772,ack_recv,latency_ack,5611,C6_full_detail,C6_full_detail,89,normal,detail,True,True,rtt=8.81ms
1779496787.9805632,ack_recv,latency_ack,5612,C6_full_detail,C6_full_detail,89,normal,detail,True,True,rtt=16.32ms
1779496788.070828,ack_recv,latency_ack,5613,C6_full_detail,C6_full_detail,89,normal,detail,True,True,rtt=6.03ms
1779496788.1795268,ack_recv,latency_ack,5614,C6_full_detail,C6_full_detail,89,normal,detail,True,True,rtt=14.19ms
1779496788.2773721,ack_recv,latency_ack,5615,C6_full_detail,C6_full_detail,89,normal,detail,True,True,rtt=11.82ms
1779496788.383095,ack_recv,latency_ack,5616,C6_full_detail,C6_full_detail,89,normal,detail,True,True,rtt=17.07ms
1779496788.4752693,ack_recv,latency_ack,5617,C6_full_detail,C6_full_detail,89,normal,detail,True,True,rtt=8.60ms
1779496788.5856724,ack_recv,latency_ack,5618,C6_full_detail,C6_full_detail,89,normal,detail,True,True,rtt=18.45ms
1779496788.6778283,ack_recv,latency_ack,5619,C6_full_detail,C6_full_detail,89,normal,detail,True,True,rtt=9.92ms
1779496788.7867334,ack_recv,latency_ack,5620,C6_full_detail,C6_full_detail,89,normal,detail,True,True,rtt=18.26ms
1779496788.8807235,ack_recv,latency_ack,5621,C6_full_detail,C6_full_detail,89,normal,detail,True,True,rtt=11.95ms
1779496788.9751544,ack_recv,latency_ack,5622,C6_full_detail,C6_full_detail,89,normal,detail,True,True,rtt=6.11ms
1779496789.0758944,ack_recv,latency_ack,5623,C6_full_detail,C6_full_detail,89,normal,detail,True,True,rtt=4.43ms
1779496789.1786962,ack_recv,latency_ack,5624,C6_full_detail,C6_full_detail,89,normal,detail,True,True,rtt=6.55ms
1779496789.2847557,ack_recv,latency_ack,5625,C6_full_detail,C6_full_detail,89,normal,detail,True,True,rtt=12.09ms
1779496789.383797,ack_recv,latency_ack,5626,C6_full_detail,C6_full_detail,89,normal,detail,True,True,rtt=10.33ms
1779496789.4955556,ack_recv,latency_ack,5627,C6_full_detail,C6_full_detail,89,normal,detail,True,True,rtt=21.27ms
1779496789.583681,ack_recv,latency_ack,5628,C6_full_detail,C6_full_detail,89,normal,detail,True,True,rtt=6.29ms
1779496789.6978061,ack_recv,latency_ack,5629,C6_full_detail,C6_full_detail,89,normal,detail,True,True,rtt=19.53ms
1779496789.7904315,ack_recv,latency_ack,5630,C6_full_detail,C6_full_detail,89,normal,detail,True,True,rtt=11.55ms
1779496789.8863547,ack_recv,latency_ack,5631,C6_full_detail,C6_full_detail,89,normal,detail,True,True,rtt=7.28ms
1779496790.0022817,ack_recv,latency_ack,5632,C6_full_detail,C6_full_detail,89,normal,detail,True,True,rtt=22.61ms
1779496790.0882342,ack_recv,latency_ack,5633,C6_full_detail,C6_full_detail,89,normal,detail,True,True,rtt=7.89ms
1779496790.1980188,ack_recv,latency_ack,5634,C6_full_detail,C6_full_detail,89,normal,detail,True,True,rtt=16.30ms
1779496790.2946455,ack_recv,latency_ack,5635,C6_full_detail,C6_full_detail,89,normal,detail,True,True,rtt=12.27ms
1779496790.401245,ack_recv,latency_ack,5636,C6_full_detail,C6_full_detail,89,normal,detail,True,True,rtt=18.45ms
1779496790.4987946,ack_recv,latency_ack,5637,C6_full_detail,C6_full_detail,89,normal,detail,True,True,rtt=14.68ms
1779496790.592124,ack_recv,latency_ack,5638,C6_full_detail,C6_full_detail,89,normal,detail,True,True,rtt=7.88ms
1779496790.6931791,ack_recv,latency_ack,5639,C6_full_detail,C6_full_detail,89,normal,detail,True,True,rtt=8.79ms
1779496790.8458798,ack_recv,latency_ack,5640,C6_full_detail,C6_full_detail,89,normal,detail,True,True,rtt=60.90ms
1779496790.9337037,ack_recv,latency_ack,5641,C6_full_detail,C6_full_detail,89,normal,detail,True,True,rtt=48.57ms
1779496791.0242796,ack_recv,latency_ack,5642,C6_full_detail,C6_full_detail,89,normal,detail,True,True,rtt=38.84ms
1779496791.098001,ack_recv,latency_ack,5643,C6_full_detail,C6_full_detail,89,normal,detail,True,True,rtt=11.96ms
1779496791.1934783,ack_recv,latency_ack,5644,C6_full_detail,C6_full_detail,89,normal,detail,True,True,rtt=7.33ms
1779496791.3018599,ack_recv,latency_ack,5645,C6_full_detail,C6_full_detail,89,normal,detail,True,True,rtt=15.46ms
1779496791.395725,ack_recv,latency_ack,5646,C6_full_detail,C6_full_detail,89,normal,detail,True,True,rtt=8.42ms
1779496791.509351,ack_recv,latency_ack,5647,C6_full_detail,C6_full_detail,89,normal,detail,True,True,rtt=21.44ms
1779496791.5995114,ack_recv,latency_ack,5648,C6_full_detail,C6_full_detail,89,normal,detail,True,True,rtt=10.53ms
1779496791.70623,ack_recv,latency_ack,5649,C6_full_detail,C6_full_detail,89,normal,detail,True,True,rtt=16.80ms
1779496791.8005152,ack_recv,latency_ack,5650,C6_full_detail,C6_full_detail,89,normal,detail,True,True,rtt=10.31ms
1779496791.907313,ack_recv,latency_ack,5651,C6_full_detail,C6_full_detail,89,normal,detail,True,True,rtt=16.24ms
1779496792.0003288,ack_recv,latency_ack,5652,C6_full_detail,C6_full_detail,89,normal,detail,True,True,rtt=8.98ms
1779496792.11715,ack_recv,latency_ack,5653,C6_full_detail,C6_full_detail,89,normal,detail,True,True,rtt=25.33ms
1779496792.2167652,ack_recv,latency_ack,5654,C6_full_detail,C6_full_detail,89,normal,detail,True,True,rtt=24.35ms
1779496792.3096745,ack_recv,latency_ack,5655,C6_full_detail,C6_full_detail,89,normal,detail,True,True,rtt=16.73ms
1779496792.4036014,ack_recv,latency_ack,5656,C6_full_detail,C6_full_detail,89,normal,detail,True,True,rtt=10.20ms
1779496792.5007057,ack_recv,latency_ack,5657,C6_full_detail,C6_full_detail,89,normal,detail,True,True,rtt=6.98ms
1779496792.6091356,ack_recv,latency_ack,5658,C6_full_detail,C6_full_detail,89,normal,detail,True,True,rtt=15.14ms
1779496792.7133396,ack_recv,latency_ack,5659,C6_full_detail,C6_full_detail,89,normal,detail,True,True,rtt=19.17ms
1779496792.8089037,ack_recv,latency_ack,5660,C6_full_detail,C6_full_detail,89,normal,detail,True,True,rtt=14.01ms
1779496792.9160266,ack_recv,latency_ack,5661,C6_full_detail,C6_full_detail,89,normal,detail,True,True,rtt=20.81ms
1779496793.0108118,ack_recv,latency_ack,5662,C6_full_detail,C6_full_detail,89,normal,detail,True,True,rtt=15.45ms
1779496793.1024978,ack_recv,latency_ack,5663,C6_full_detail,C6_full_detail,89,normal,detail,True,True,rtt=6.74ms
1779496793.2057521,ack_recv,latency_ack,5664,C6_full_detail,C6_full_detail,89,normal,detail,True,True,rtt=7.81ms
1779496793.3045619,ack_recv,latency_ack,5665,C6_full_detail,C6_full_detail,89,normal,detail,True,True,rtt=6.11ms
1779496793.417477,ack_recv,latency_ack,5666,C6_full_detail,C6_full_detail,89,normal,detail,True,True,rtt=18.50ms
1779496793.5263317,ack_recv,latency_ack,5667,C6_full_detail,C6_full_detail,89,normal,detail,True,True,rtt=26.95ms
1779496793.6266546,ack_recv,latency_ack,5668,C6_full_detail,C6_full_detail,89,normal,detail,True,True,rtt=26.90ms
1779496793.7136667,ack_recv,latency_ack,5669,C6_full_detail,C6_full_detail,89,normal,detail,True,True,rtt=13.64ms
1779496793.838748,ack_recv,latency_ack,5670,C6_full_detail,C6_full_detail,89,normal,detail,True,True,rtt=38.09ms
1779496793.940043,ack_recv,latency_ack,5671,C6_full_detail,C6_full_detail,89,normal,detail,True,True,rtt=37.74ms
1779496794.0257394,ack_recv,latency_ack,5672,C6_full_detail,C6_full_detail,89,normal,detail,True,True,rtt=24.26ms
1779496794.115557,ack_recv,latency_ack,5673,C6_full_detail,C6_full_detail,89,normal,detail,True,True,rtt=13.73ms
1779496794.2140713,ack_recv,latency_ack,5674,C6_full_detail,C6_full_detail,89,normal,detail,True,True,rtt=11.85ms
1779496794.3168168,ack_recv,latency_ack,5675,C6_full_detail,C6_full_detail,89,normal,detail,True,True,rtt=14.32ms
1779496794.4107969,ack_recv,latency_ack,5676,C6_full_detail,C6_full_detail,89,normal,detail,True,True,rtt=8.02ms
1779496794.517952,ack_recv,latency_ack,5677,C6_full_detail,C6_full_detail,89,normal,detail,True,True,rtt=15.05ms
1779496794.6098974,ack_recv,latency_ack,5678,C6_full_detail,C6_full_detail,89,normal,detail,True,True,rtt=6.83ms
1779496794.7213428,ack_recv,latency_ack,5679,C6_full_detail,C6_full_detail,89,normal,detail,True,True,rtt=18.17ms
1779496794.8155465,ack_recv,latency_ack,5680,C6_full_detail,C6_full_detail,89,normal,detail,True,True,rtt=12.11ms
1779496794.919808,ack_recv,latency_ack,5681,C6_full_detail,C6_full_detail,89,normal,detail,True,True,rtt=15.18ms
1779496795.0114174,ack_recv,latency_ack,5682,C6_full_detail,C6_full_detail,89,normal,detail,True,True,rtt=6.37ms
1779496795.1197677,ack_recv,latency_ack,5683,C6_full_detail,C6_full_detail,89,normal,detail,True,True,rtt=14.60ms
1779496795.2137234,ack_recv,latency_ack,5684,C6_full_detail,C6_full_detail,89,normal,detail,True,True,rtt=8.14ms
1779496795.311427,ack_recv,latency_ack,5685,C6_full_detail,C6_full_detail,89,normal,detail,True,True,rtt=4.59ms
1779496795.4151013,ack_recv,latency_ack,5686,C6_full_detail,C6_full_detail,89,normal,detail,True,True,rtt=7.13ms
1779496795.5249052,ack_recv,latency_ack,5687,C6_full_detail,C6_full_detail,89,normal,detail,True,True,rtt=16.20ms
1779496795.61885,ack_recv,latency_ack,5688,C6_full_detail,C6_full_detail,89,normal,detail,True,True,rtt=9.97ms
1779496795.7283854,ack_recv,latency_ack,5689,C6_full_detail,C6_full_detail,89,normal,detail,True,True,rtt=19.29ms
1779496795.81893,ack_recv,latency_ack,5690,C6_full_detail,C6_full_detail,89,normal,detail,True,True,rtt=9.42ms
1779496795.983329,ack_recv,latency_ack,5691,C6_full_detail,C6_full_detail,89,normal,detail,True,True,rtt=73.12ms
1779496796.068193,ack_recv,latency_ack,5692,C6_full_detail,C6_full_detail,89,normal,detail,True,True,rtt=57.57ms
1779496796.151048,ack_recv,latency_ack,5693,C6_full_detail,C6_full_detail,89,normal,detail,True,True,rtt=40.00ms
1779496796.2381566,ack_recv,latency_ack,5694,C6_full_detail,C6_full_detail,89,normal,detail,True,True,rtt=26.48ms
1779496796.322675,ack_recv,latency_ack,5695,C6_full_detail,C6_full_detail,89,normal,detail,True,True,rtt=10.46ms
1779496796.4261122,ack_recv,latency_ack,5696,C6_full_detail,C6_full_detail,89,normal,detail,True,True,rtt=13.19ms
1779496796.5317419,ack_recv,latency_ack,5697,C6_full_detail,C6_full_detail,89,normal,detail,True,True,rtt=18.40ms
1779496796.630498,ack_recv,latency_ack,5698,C6_full_detail,C6_full_detail,89,normal,detail,True,True,rtt=16.61ms
1779496796.7878268,ack_recv,latency_ack,5699,C6_full_detail,C6_full_detail,89,normal,detail,True,True,rtt=72.78ms
1779496796.8721833,ack_recv,latency_ack,5700,C6_full_detail,C6_full_detail,89,normal,detail,True,True,rtt=56.01ms
1779496796.93844,ack_recv,latency_ack,5701,C6_full_detail,C6_full_detail,89,normal,detail,True,True,rtt=23.37ms
1779496797.0422628,ack_recv,latency_ack,5702,C6_full_detail,C6_full_detail,89,normal,detail,True,True,rtt=27.08ms
1779496797.122475,ack_recv,latency_ack,5703,C6_full_detail,C6_full_detail,89,normal,detail,True,True,rtt=6.71ms
1779496797.232687,ack_recv,latency_ack,5704,C6_full_detail,C6_full_detail,89,normal,detail,True,True,rtt=16.50ms
1779496797.3293056,ack_recv,latency_ack,5705,C6_full_detail,C6_full_detail,89,normal,detail,True,True,rtt=12.70ms
1779496797.432859,ack_recv,latency_ack,5706,C6_full_detail,C6_full_detail,89,normal,detail,True,True,rtt=16.15ms
1779496797.5272453,ack_recv,latency_ack,5707,C6_full_detail,C6_full_detail,89,normal,detail,True,True,rtt=10.16ms
1779496797.64144,ack_recv,latency_ack,5708,C6_full_detail,C6_full_detail,89,normal,detail,True,True,rtt=23.56ms
1779496797.7290313,ack_recv,latency_ack,5709,C6_full_detail,C6_full_detail,89,normal,detail,True,True,rtt=9.97ms
1779496797.83888,ack_recv,latency_ack,5710,C6_full_detail,C6_full_detail,89,normal,detail,True,True,rtt=19.43ms
1779496797.9294605,ack_recv,latency_ack,5711,C6_full_detail,C6_full_detail,89,normal,detail,True,True,rtt=9.14ms
1779496798.0595021,ack_recv,latency_ack,5712,C6_full_detail,C6_full_detail,89,normal,detail,True,True,rtt=37.86ms
1779496798.1357167,ack_recv,latency_ack,5713,C6_full_detail,C6_full_detail,89,normal,detail,True,True,rtt=14.45ms
1779496798.241693,ack_recv,latency_ack,5714,C6_full_detail,C6_full_detail,89,normal,detail,True,True,rtt=19.86ms
1779496798.3368437,ack_recv,latency_ack,5715,C6_full_detail,C6_full_detail,89,normal,detail,True,True,rtt=14.34ms
1779496798.4353347,ack_recv,latency_ack,5716,C6_full_detail,C6_full_detail,89,normal,detail,True,True,rtt=11.32ms
1779496798.5355248,ack_recv,latency_ack,5717,C6_full_detail,C6_full_detail,89,normal,detail,True,True,rtt=10.15ms
1779496798.643786,ack_recv,latency_ack,5718,C6_full_detail,C6_full_detail,89,normal,detail,True,True,rtt=17.96ms
1779496798.7309546,ack_recv,latency_ack,5719,C6_full_detail,C6_full_detail,89,normal,detail,True,True,rtt=4.50ms
1779496798.8417165,ack_recv,latency_ack,5720,C6_full_detail,C6_full_detail,89,normal,detail,True,True,rtt=14.85ms
1779496798.9410114,ack_recv,latency_ack,5721,C6_full_detail,C6_full_detail,89,normal,detail,True,True,rtt=13.62ms
1779496799.0470908,ack_recv,latency_ack,5722,C6_full_detail,C6_full_detail,89,normal,detail,True,True,rtt=19.08ms
1779496799.1585226,ack_recv,latency_ack,5723,C6_full_detail,C6_full_detail,89,normal,detail,True,True,rtt=30.40ms
1779496799.2502387,ack_recv,latency_ack,5724,C6_full_detail,C6_full_detail,89,normal,detail,True,True,rtt=21.80ms
1779496799.3378806,ack_recv,latency_ack,5725,C6_full_detail,C6_full_detail,89,normal,detail,True,True,rtt=8.38ms
1779496799.4450173,ack_recv,latency_ack,5726,C6_full_detail,C6_full_detail,89,normal,detail,True,True,rtt=15.05ms
1779496799.5409064,ack_recv,latency_ack,5727,C6_full_detail,C6_full_detail,89,normal,detail,True,True,rtt=10.49ms
1779496799.6461713,ack_recv,latency_ack,5728,C6_full_detail,C6_full_detail,89,normal,detail,True,True,rtt=14.87ms
1779496799.7395513,ack_recv,latency_ack,5729,C6_full_detail,C6_full_detail,89,normal,detail,True,True,rtt=8.02ms
1779496799.8622305,ack_recv,latency_ack,5730,C6_full_detail,C6_full_detail,89,normal,detail,True,True,rtt=30.36ms
1779496799.9420376,ack_recv,latency_ack,5731,C6_full_detail,C6_full_detail,89,normal,detail,True,True,rtt=9.51ms
1779496800.0507376,ack_recv,latency_ack,5732,C6_full_detail,C6_full_detail,89,normal,detail,True,True,rtt=17.95ms
1779496800.143972,ack_recv,latency_ack,5733,C6_full_detail,C6_full_detail,89,normal,detail,True,True,rtt=10.63ms
1779496800.2508082,ack_recv,latency_ack,5734,C6_full_detail,C6_full_detail,89,normal,detail,True,True,rtt=16.67ms
1779496800.3419194,ack_recv,latency_ack,5735,C6_full_detail,C6_full_detail,89,normal,detail,True,True,rtt=7.33ms
1779496800.454043,ack_recv,latency_ack,5736,C6_full_detail,C6_full_detail,89,normal,detail,True,True,rtt=18.97ms
1779496800.5652258,ack_recv,latency_ack,5737,C6_full_detail,C6_full_detail,89,normal,detail,True,True,rtt=29.62ms
1779496800.6540213,ack_recv,latency_ack,5738,C6_full_detail,C6_full_detail,89,normal,detail,True,True,rtt=17.85ms
1779496800.7478688,ack_recv,latency_ack,5739,C6_full_detail,C6_full_detail,89,normal,detail,True,True,rtt=11.15ms
1779496800.8415213,ack_recv,latency_ack,5740,C6_full_detail,C6_full_detail,89,normal,detail,True,True,rtt=4.56ms
1779496800.9554443,ack_recv,latency_ack,5741,C6_full_detail,C6_full_detail,89,normal,detail,True,True,rtt=17.97ms
1779496801.0558891,ack_recv,latency_ack,5742,C6_full_detail,C6_full_detail,89,normal,detail,True,True,rtt=10.38ms
1779496801.1570954,ack_recv,latency_ack,5743,C6_full_detail,C6_full_detail,89,normal,detail,True,True,rtt=11.25ms
1779496801.2603195,ack_recv,latency_ack,5744,C6_full_detail,C6_full_detail,89,normal,detail,True,True,rtt=14.08ms
1779496801.3563476,ack_recv,latency_ack,5745,C6_full_detail,C6_full_detail,89,normal,detail,True,True,rtt=9.68ms
1779496801.4859486,ack_recv,latency_ack,5746,C6_full_detail,C6_full_detail,89,normal,detail,True,True,rtt=38.34ms
1779496801.5723522,ack_recv,latency_ack,5747,C6_full_detail,C6_full_detail,89,normal,detail,True,True,rtt=24.51ms
1779496801.6600113,ack_recv,latency_ack,5748,C6_full_detail,C6_full_detail,89,normal,detail,True,True,rtt=12.07ms
1779496801.7631981,ack_recv,latency_ack,5749,C6_full_detail,C6_full_detail,89,normal,detail,True,True,rtt=15.09ms
1779496801.8599522,ack_recv,latency_ack,5750,C6_full_detail,C6_full_detail,89,normal,detail,True,True,rtt=10.47ms
1779496802.0112028,ack_recv,latency_ack,5751,C6_full_detail,C6_full_detail,89,normal,detail,True,True,rtt=61.89ms
1779496802.0993955,ack_recv,latency_ack,5752,C6_full_detail,C6_full_detail,89,normal,detail,True,True,rtt=47.76ms
1779496802.1875348,ack_recv,latency_ack,5753,C6_full_detail,C6_full_detail,89,normal,detail,True,True,rtt=35.49ms
1779496802.2716749,ack_recv,latency_ack,5754,C6_full_detail,C6_full_detail,89,normal,detail,True,True,rtt=19.42ms
1779496802.3640091,ack_recv,latency_ack,5755,C6_full_detail,C6_full_detail,89,normal,detail,True,True,rtt=11.53ms
1779496802.4571269,ack_recv,latency_ack,5756,C6_full_detail,C6_full_detail,89,normal,detail,True,True,rtt=4.52ms
1779496802.560882,ack_recv,latency_ack,5757,C6_full_detail,C6_full_detail,89,normal,detail,True,True,rtt=7.90ms
1779496802.658214,ack_recv,latency_ack,5758,C6_full_detail,C6_full_detail,89,normal,detail,True,True,rtt=4.94ms
1779496802.7674267,ack_recv,latency_ack,5759,C6_full_detail,C6_full_detail,89,normal,detail,True,True,rtt=13.67ms
1779496802.8610723,ack_recv,latency_ack,5760,C6_full_detail,C6_full_detail,89,normal,detail,True,True,rtt=7.12ms
1779496802.9688256,ack_recv,latency_ack,5761,C6_full_detail,C6_full_detail,89,normal,detail,True,True,rtt=14.24ms
1779496803.059945,ack_recv,latency_ack,5762,C6_full_detail,C6_full_detail,89,normal,detail,True,True,rtt=4.53ms
1779496803.1747484,ack_recv,latency_ack,5763,C6_full_detail,C6_full_detail,89,normal,detail,True,True,rtt=18.58ms
1779496803.2764773,ack_recv,latency_ack,5764,C6_full_detail,C6_full_detail,89,normal,detail,True,True,rtt=19.91ms
1779496803.368722,ack_recv,latency_ack,5765,C6_full_detail,C6_full_detail,89,normal,detail,True,True,rtt=11.67ms
1779496803.4655728,ack_recv,latency_ack,5766,C6_full_detail,C6_full_detail,89,normal,detail,True,True,rtt=8.26ms
1779496803.5704663,ack_recv,latency_ack,5767,C6_full_detail,C6_full_detail,89,normal,detail,True,True,rtt=12.50ms
1779496803.666625,ack_recv,latency_ack,5768,C6_full_detail,C6_full_detail,89,normal,detail,True,True,rtt=8.50ms
1779496803.776156,ack_recv,latency_ack,5769,C6_full_detail,C6_full_detail,89,normal,detail,True,True,rtt=17.83ms
1779496803.8710947,ack_recv,latency_ack,5770,C6_full_detail,C6_full_detail,89,normal,detail,True,True,rtt=12.10ms
1779496804.00923,ack_recv,latency_ack,5771,C6_full_detail,C6_full_detail,89,normal,detail,True,True,rtt=50.06ms
1779496804.095259,ack_recv,latency_ack,5772,C6_full_detail,C6_full_detail,89,normal,detail,True,True,rtt=35.76ms
1779496804.1814976,ack_recv,latency_ack,5773,C6_full_detail,C6_full_detail,89,normal,detail,True,True,rtt=21.40ms
1779496804.2875419,ack_recv,latency_ack,5774,C6_full_detail,C6_full_detail,89,normal,detail,True,True,rtt=26.83ms
1779496804.3800282,ack_recv,latency_ack,5775,C6_full_detail,C6_full_detail,89,normal,detail,True,True,rtt=18.80ms
1779496804.4692352,ack_recv,latency_ack,5776,C6_full_detail,C6_full_detail,89,normal,detail,True,True,rtt=7.61ms
1779496804.5786922,ack_recv,latency_ack,5777,C6_full_detail,C6_full_detail,89,normal,detail,True,True,rtt=16.95ms
1779496804.6847477,ack_recv,latency_ack,5778,C6_full_detail,C6_full_detail,89,normal,detail,True,True,rtt=21.94ms
1779496804.7764492,ack_recv,latency_ack,5779,C6_full_detail,C6_full_detail,89,normal,detail,True,True,rtt=13.09ms
1779496804.8730407,ack_recv,latency_ack,5780,C6_full_detail,C6_full_detail,89,normal,detail,True,True,rtt=9.28ms
1779496804.9800682,ack_recv,latency_ack,5781,C6_full_detail,C6_full_detail,89,normal,detail,True,True,rtt=16.13ms
1779496805.0730958,ack_recv,latency_ack,5782,C6_full_detail,C6_full_detail,89,normal,detail,True,True,rtt=8.23ms
1779496805.1771736,ack_recv,latency_ack,5783,C6_full_detail,C6_full_detail,89,normal,detail,True,True,rtt=10.59ms
1779496805.2765882,ack_recv,latency_ack,5784,C6_full_detail,C6_full_detail,89,normal,detail,True,True,rtt=8.13ms
1779496805.3873177,ack_recv,latency_ack,5785,C6_full_detail,C6_full_detail,89,normal,detail,True,True,rtt=18.46ms
1779496805.4775803,ack_recv,latency_ack,5786,C6_full_detail,C6_full_detail,89,normal,detail,True,True,rtt=8.24ms
1779496805.5940237,ack_recv,latency_ack,5787,C6_full_detail,C6_full_detail,89,normal,detail,True,True,rtt=24.24ms
1779496805.6820886,ack_recv,latency_ack,5788,C6_full_detail,C6_full_detail,89,normal,detail,True,True,rtt=11.22ms
1779496805.7889016,ack_recv,latency_ack,5789,C6_full_detail,C6_full_detail,89,normal,detail,True,True,rtt=18.01ms
1779496805.883175,ack_recv,latency_ack,5790,C6_full_detail,C6_full_detail,89,normal,detail,True,True,rtt=11.45ms
1779496805.9909608,ack_recv,latency_ack,5791,C6_full_detail,C6_full_detail,89,normal,detail,True,True,rtt=18.70ms
1779496806.0863774,ack_recv,latency_ack,5792,C6_full_detail,C6_full_detail,89,normal,detail,True,True,rtt=13.69ms
1779496806.189685,ack_recv,latency_ack,5793,C6_full_detail,C6_full_detail,89,normal,detail,True,True,rtt=16.79ms
1779496806.2853057,ack_recv,latency_ack,5794,C6_full_detail,C6_full_detail,89,normal,detail,True,True,rtt=11.73ms
1779496806.4365387,ack_recv,latency_ack,5795,C6_full_detail,C6_full_detail,89,normal,detail,True,True,rtt=62.44ms
1779496806.5405445,ack_recv,latency_ack,5796,C6_full_detail,C6_full_detail,89,normal,detail,True,True,rtt=64.43ms
1779496806.636678,ack_recv,latency_ack,5797,C6_full_detail,C6_full_detail,89,normal,detail,True,True,rtt=61.50ms
1779496806.7416449,ack_recv,latency_ack,5798,C6_full_detail,C6_full_detail,89,normal,detail,True,True,rtt=66.23ms
1779496806.8435287,ack_recv,latency_ack,5799,C6_full_detail,C6_full_detail,89,normal,detail,True,True,rtt=67.89ms
1779496806.9321136,ack_recv,latency_ack,5800,C6_full_detail,C6_full_detail,89,normal,detail,True,True,rtt=55.51ms
1779496806.9944506,ack_recv,latency_ack,5801,C6_full_detail,C6_full_detail,89,normal,detail,True,True,rtt=17.24ms
1779496807.0888684,ack_recv,latency_ack,5802,C6_full_detail,C6_full_detail,89,normal,detail,True,True,rtt=11.45ms
1779496807.2029383,ack_recv,latency_ack,5803,C6_full_detail,C6_full_detail,89,normal,detail,True,True,rtt=25.03ms
1779496807.2864227,ack_recv,latency_ack,5804,C6_full_detail,C6_full_detail,89,normal,detail,True,True,rtt=7.82ms
1779496807.3977473,ack_recv,latency_ack,5805,C6_full_detail,C6_full_detail,89,normal,detail,True,True,rtt=18.94ms
1779496807.489229,ack_recv,latency_ack,5806,C6_full_detail,C6_full_detail,89,normal,detail,True,True,rtt=9.61ms
1779496807.5949714,ack_recv,latency_ack,5807,C6_full_detail,C6_full_detail,89,normal,detail,True,True,rtt=14.62ms
1779496807.6954978,ack_recv,latency_ack,5808,C6_full_detail,C6_full_detail,89,normal,detail,True,True,rtt=14.35ms
1779496807.7978263,ack_recv,latency_ack,5809,C6_full_detail,C6_full_detail,89,normal,detail,True,True,rtt=16.36ms
1779496807.8967562,ack_recv,latency_ack,5810,C6_full_detail,C6_full_detail,89,normal,detail,True,True,rtt=14.65ms
1779496808.0009766,ack_recv,latency_ack,5811,C6_full_detail,C6_full_detail,89,normal,detail,True,True,rtt=18.42ms
1779496808.094555,ack_recv,latency_ack,5812,C6_full_detail,C6_full_detail,89,normal,detail,True,True,rtt=11.46ms
1779496808.1912987,ack_recv,latency_ack,5813,C6_full_detail,C6_full_detail,89,normal,detail,True,True,rtt=7.79ms
1779496808.3161025,ack_recv,latency_ack,5814,C6_full_detail,C6_full_detail,89,normal,detail,True,True,rtt=31.43ms
1779496808.3965228,ack_recv,latency_ack,5815,C6_full_detail,C6_full_detail,89,normal,detail,True,True,rtt=11.23ms
1779496808.5127985,ack_recv,latency_ack,5816,C6_full_detail,C6_full_detail,89,normal,detail,True,True,rtt=27.11ms
1779496808.5933943,ack_recv,latency_ack,5817,C6_full_detail,C6_full_detail,89,normal,detail,True,True,rtt=7.59ms
1779496808.7058916,ack_recv,latency_ack,5818,C6_full_detail,C6_full_detail,89,normal,detail,True,True,rtt=19.99ms
1779496808.7931943,ack_recv,latency_ack,5819,C6_full_detail,C6_full_detail,89,normal,detail,True,True,rtt=4.67ms
1779496808.905186,ack_recv,latency_ack,5820,C6_full_detail,C6_full_detail,89,normal,detail,True,True,rtt=16.11ms
1779496808.9971282,ack_recv,latency_ack,5821,C6_full_detail,C6_full_detail,89,normal,detail,True,True,rtt=7.45ms
1779496809.108659,ack_recv,latency_ack,5822,C6_full_detail,C6_full_detail,89,normal,detail,True,True,rtt=18.23ms
1779496809.2048395,ack_recv,latency_ack,5823,C6_full_detail,C6_full_detail,89,normal,detail,True,True,rtt=14.23ms
1779496809.3001597,ack_recv,latency_ack,5824,C6_full_detail,C6_full_detail,89,normal,detail,True,True,rtt=9.08ms
1779496809.4003994,ack_recv,latency_ack,5825,C6_full_detail,C6_full_detail,89,normal,detail,True,True,rtt=8.58ms
1779496809.5053988,ack_recv,latency_ack,5826,C6_full_detail,C6_full_detail,89,normal,detail,True,True,rtt=12.73ms
1779496809.6143126,ack_recv,latency_ack,5827,C6_full_detail,C6_full_detail,89,normal,detail,True,True,rtt=20.82ms
1779496809.704805,ack_recv,latency_ack,5828,C6_full_detail,C6_full_detail,89,normal,detail,True,True,rtt=10.72ms
1779496809.8050632,ack_recv,latency_ack,5829,C6_full_detail,C6_full_detail,89,normal,detail,True,True,rtt=10.42ms
1779496809.9146314,ack_recv,latency_ack,5830,C6_full_detail,C6_full_detail,89,normal,detail,True,True,rtt=19.82ms
1779496810.0172384,ack_recv,latency_ack,5831,C6_full_detail,C6_full_detail,89,normal,detail,True,True,rtt=22.27ms
1779496810.1097484,ack_recv,latency_ack,5832,C6_full_detail,C6_full_detail,89,normal,detail,True,True,rtt=14.31ms
1779496810.2047715,ack_recv,latency_ack,5833,C6_full_detail,C6_full_detail,89,normal,detail,True,True,rtt=8.90ms
1779496810.3072336,ack_recv,latency_ack,5834,C6_full_detail,C6_full_detail,89,normal,detail,True,True,rtt=10.75ms
1779496810.4122853,ack_recv,latency_ack,5835,C6_full_detail,C6_full_detail,89,normal,detail,True,True,rtt=15.10ms
1779496810.515879,ack_recv,latency_ack,5836,C6_full_detail,C6_full_detail,89,normal,detail,True,True,rtt=17.88ms
1779496810.605696,ack_recv,latency_ack,5837,C6_full_detail,C6_full_detail,89,normal,detail,True,True,rtt=7.36ms
1779496810.7124836,ack_recv,latency_ack,5838,C6_full_detail,C6_full_detail,89,normal,detail,True,True,rtt=13.73ms
1779496810.8076534,ack_recv,latency_ack,5839,C6_full_detail,C6_full_detail,89,normal,detail,True,True,rtt=8.38ms
1779496810.911396,ack_recv,latency_ack,5840,C6_full_detail,C6_full_detail,89,normal,detail,True,True,rtt=11.77ms
1779496811.0084455,ack_recv,latency_ack,5841,C6_full_detail,C6_full_detail,89,normal,detail,True,True,rtt=8.04ms
1779496811.1190605,ack_recv,latency_ack,5842,C6_full_detail,C6_full_detail,89,normal,detail,True,True,rtt=17.69ms
1779496811.2130573,ack_recv,latency_ack,5843,C6_full_detail,C6_full_detail,89,normal,detail,True,True,rtt=11.19ms
1779496811.3208852,ack_recv,latency_ack,5844,C6_full_detail,C6_full_detail,89,normal,detail,True,True,rtt=18.71ms
1779496811.4102557,ack_recv,latency_ack,5845,C6_full_detail,C6_full_detail,89,normal,detail,True,True,rtt=7.51ms
1779496811.549356,ack_recv,latency_ack,5846,C6_full_detail,C6_full_detail,89,normal,detail,True,True,rtt=45.84ms
1779496811.6381757,ack_recv,latency_ack,5847,C6_full_detail,C6_full_detail,89,normal,detail,True,True,rtt=33.84ms
1779496811.7229347,ack_recv,latency_ack,5848,C6_full_detail,C6_full_detail,89,normal,detail,True,True,rtt=17.82ms
1779496811.8631623,ack_recv,latency_ack,5849,C6_full_detail,C6_full_detail,89,normal,detail,True,True,rtt=57.59ms
1779496811.9565523,ack_recv,latency_ack,5850,C6_full_detail,C6_full_detail,89,normal,detail,True,True,rtt=50.33ms
1779496812.0419233,ack_recv,latency_ack,5851,C6_full_detail,C6_full_detail,89,normal,detail,True,True,rtt=34.10ms
1779496812.1294847,ack_recv,latency_ack,5852,C6_full_detail,C6_full_detail,89,normal,detail,True,True,rtt=21.18ms
1779496812.265678,ack_recv,latency_ack,5853,C6_full_detail,C6_full_detail,89,normal,detail,True,True,rtt=56.38ms
1779496812.348175,ack_recv,latency_ack,5854,C6_full_detail,C6_full_detail,89,normal,detail,True,True,rtt=38.78ms
1779496812.436777,ack_recv,latency_ack,5855,C6_full_detail,C6_full_detail,89,normal,detail,True,True,rtt=25.49ms
1779496812.5269012,ack_recv,latency_ack,5856,C6_full_detail,C6_full_detail,89,normal,detail,True,True,rtt=14.02ms
1779496812.6285663,ack_recv,latency_ack,5857,C6_full_detail,C6_full_detail,89,normal,detail,True,True,rtt=16.41ms
1779496812.7244062,ack_recv,latency_ack,5858,C6_full_detail,C6_full_detail,89,normal,detail,True,True,rtt=11.78ms
1779496812.838137,ack_recv,latency_ack,5859,C6_full_detail,C6_full_detail,89,normal,detail,True,True,rtt=23.95ms
1779496812.922179,ack_recv,latency_ack,5860,C6_full_detail,C6_full_detail,89,normal,detail,True,True,rtt=8.61ms
1779496813.033918,ack_recv,latency_ack,5861,C6_full_detail,C6_full_detail,89,normal,detail,True,True,rtt=19.56ms
1779496813.126774,ack_recv,latency_ack,5862,C6_full_detail,C6_full_detail,89,normal,detail,True,True,rtt=11.96ms
1779496813.2325041,ack_recv,latency_ack,5863,C6_full_detail,C6_full_detail,89,normal,detail,True,True,rtt=17.48ms
1779496813.3303409,ack_recv,latency_ack,5864,C6_full_detail,C6_full_detail,89,normal,detail,True,True,rtt=14.62ms
1779496813.4279938,ack_recv,latency_ack,5865,C6_full_detail,C6_full_detail,89,normal,detail,True,True,rtt=12.09ms
1779496813.5312726,ack_recv,latency_ack,5866,C6_full_detail,C6_full_detail,89,normal,detail,True,True,rtt=14.40ms
1779496813.6232767,ack_recv,latency_ack,5867,C6_full_detail,C6_full_detail,89,normal,detail,True,True,rtt=6.27ms
1779496813.7847161,ack_recv,latency_ack,5868,C6_full_detail,C6_full_detail,89,normal,detail,True,True,rtt=67.14ms
1779496813.8711379,ack_recv,latency_ack,5869,C6_full_detail,C6_full_detail,89,normal,detail,True,True,rtt=52.97ms
1779496813.957605,ack_recv,latency_ack,5870,C6_full_detail,C6_full_detail,89,normal,detail,True,True,rtt=39.21ms
1779496814.0451713,ack_recv,latency_ack,5871,C6_full_detail,C6_full_detail,89,normal,detail,True,True,rtt=26.54ms
1779496814.1241539,ack_recv,latency_ack,5872,C6_full_detail,C6_full_detail,89,normal,detail,True,True,rtt=5.25ms
1779496814.2327576,ack_recv,latency_ack,5873,C6_full_detail,C6_full_detail,89,normal,detail,True,True,rtt=13.56ms
1779496814.3293283,ack_recv,latency_ack,5874,C6_full_detail,C6_full_detail,89,normal,detail,True,True,rtt=9.67ms
1779496814.4381065,ack_recv,latency_ack,5875,C6_full_detail,C6_full_detail,89,normal,detail,True,True,rtt=18.22ms
1779496814.5456784,ack_recv,latency_ack,5876,C6_full_detail,C6_full_detail,89,normal,detail,True,True,rtt=24.41ms
1779496814.649021,ack_recv,latency_ack,5877,C6_full_detail,C6_full_detail,89,normal,detail,True,True,rtt=27.06ms
1779496814.7312374,ack_recv,latency_ack,5878,C6_full_detail,C6_full_detail,89,normal,detail,True,True,rtt=8.20ms
1779496814.8448606,ack_recv,latency_ack,5879,C6_full_detail,C6_full_detail,89,normal,detail,True,True,rtt=21.44ms
1779496814.933987,ack_recv,latency_ack,5880,C6_full_detail,C6_full_detail,89,normal,detail,True,True,rtt=10.14ms
1779496815.0340621,ack_recv,latency_ack,5881,C6_full_detail,C6_full_detail,89,normal,detail,True,True,rtt=4.10ms
1779496815.2004454,ack_recv,latency_ack,5882,C6_full_detail,C6_full_detail,89,normal,detail,True,True,rtt=70.07ms
1779496815.249903,ack_recv,latency_ack,5883,C6_full_detail,C6_full_detail,89,normal,detail,True,True,rtt=18.99ms
1779496815.339947,ack_recv,latency_ack,5884,C6_full_detail,C6_full_detail,89,normal,detail,True,True,rtt=8.30ms
1779496815.4475162,ack_recv,latency_ack,5885,C6_full_detail,C6_full_detail,89,normal,detail,True,True,rtt=14.91ms
1779496815.5427747,ack_recv,latency_ack,5886,C6_full_detail,C6_full_detail,89,normal,detail,True,True,rtt=9.58ms
1779496815.6502588,ack_recv,latency_ack,5887,C6_full_detail,C6_full_detail,89,normal,detail,True,True,rtt=16.65ms
1779496815.745821,ack_recv,latency_ack,5888,C6_full_detail,C6_full_detail,89,normal,detail,True,True,rtt=11.47ms
1779496815.8563712,ack_recv,latency_ack,5889,C6_full_detail,C6_full_detail,89,normal,detail,True,True,rtt=20.43ms
1779496815.9534974,ack_recv,latency_ack,5890,C6_full_detail,C6_full_detail,89,normal,detail,True,True,rtt=18.17ms
1779496816.0580888,ack_recv,latency_ack,5891,C6_full_detail,C6_full_detail,89,normal,detail,True,True,rtt=22.51ms
1779496816.1567862,ack_recv,latency_ack,5892,C6_full_detail,C6_full_detail,89,normal,detail,True,True,rtt=20.69ms
1779496816.2422795,ack_recv,latency_ack,5893,C6_full_detail,C6_full_detail,89,normal,detail,True,True,rtt=5.62ms
1779496816.3531106,ack_recv,latency_ack,5894,C6_full_detail,C6_full_detail,89,normal,detail,True,True,rtt=16.01ms
1779496816.4441745,ack_recv,latency_ack,5895,C6_full_detail,C6_full_detail,89,normal,detail,True,True,rtt=6.92ms
1779496816.5456328,ack_recv,latency_ack,5896,C6_full_detail,C6_full_detail,89,normal,detail,True,True,rtt=6.18ms
1779496816.7156458,ack_recv,latency_ack,5897,C6_full_detail,C6_full_detail,89,normal,detail,True,True,rtt=75.17ms
1779496816.803303,ack_recv,latency_ack,5898,C6_full_detail,C6_full_detail,89,normal,detail,True,True,rtt=62.11ms
1779496816.8752675,ack_recv,latency_ack,5899,C6_full_detail,C6_full_detail,89,normal,detail,True,True,rtt=33.85ms
1779496816.9590566,ack_recv,latency_ack,5900,C6_full_detail,C6_full_detail,89,normal,detail,True,True,rtt=16.81ms
1779496817.0543463,ack_recv,latency_ack,5901,C6_full_detail,C6_full_detail,89,normal,detail,True,True,rtt=9.00ms
1779496817.1640797,ack_recv,latency_ack,5902,C6_full_detail,C6_full_detail,89,normal,detail,True,True,rtt=17.67ms
1779496817.2676322,ack_recv,latency_ack,5903,C6_full_detail,C6_full_detail,89,normal,detail,True,True,rtt=20.70ms
1779496817.3701735,ack_recv,latency_ack,5904,C6_full_detail,C6_full_detail,89,normal,detail,True,True,rtt=22.81ms
1779496817.4665353,ack_recv,latency_ack,5905,C6_full_detail,C6_full_detail,89,normal,detail,True,True,rtt=18.79ms
1779496817.5562766,ack_recv,latency_ack,5906,C6_full_detail,C6_full_detail,89,normal,detail,True,True,rtt=6.62ms
1779496817.6856518,ack_recv,latency_ack,5907,C6_full_detail,C6_full_detail,89,normal,detail,True,True,rtt=35.15ms
1779496817.7686167,ack_recv,latency_ack,5908,C6_full_detail,C6_full_detail,89,normal,detail,True,True,rtt=17.73ms
1779496817.8750107,ack_recv,latency_ack,5909,C6_full_detail,C6_full_detail,89,normal,detail,True,True,rtt=23.98ms
1779496817.9706485,ack_recv,latency_ack,5910,C6_full_detail,C6_full_detail,89,normal,detail,True,True,rtt=19.20ms
1779496818.0755906,ack_recv,latency_ack,5911,C6_full_detail,C6_full_detail,89,normal,detail,True,True,rtt=23.97ms
1779496818.164955,ack_recv,latency_ack,5912,C6_full_detail,C6_full_detail,89,normal,detail,True,True,rtt=13.04ms
1779496818.2705662,ack_recv,latency_ack,5913,C6_full_detail,C6_full_detail,89,normal,detail,True,True,rtt=18.49ms
1779496818.3632672,ack_recv,latency_ack,5914,C6_full_detail,C6_full_detail,89,normal,detail,True,True,rtt=10.90ms
1779496818.4718115,ack_recv,latency_ack,5915,C6_full_detail,C6_full_detail,89,normal,detail,True,True,rtt=19.21ms
1779496818.5674841,ack_recv,latency_ack,5916,C6_full_detail,C6_full_detail,89,normal,detail,True,True,rtt=14.55ms
1779496818.669914,ack_recv,latency_ack,5917,C6_full_detail,C6_full_detail,89,normal,detail,True,True,rtt=16.65ms
1779496818.765701,ack_recv,latency_ack,5918,C6_full_detail,C6_full_detail,89,normal,detail,True,True,rtt=11.83ms
1779496818.8764496,ack_recv,latency_ack,5919,C6_full_detail,C6_full_detail,89,normal,detail,True,True,rtt=21.76ms
1779496818.965622,ack_recv,latency_ack,5920,C6_full_detail,C6_full_detail,89,normal,detail,True,True,rtt=10.55ms
1779496819.078652,ack_recv,latency_ack,5921,C6_full_detail,C6_full_detail,89,normal,detail,True,True,rtt=23.23ms
1779496819.1793063,ack_recv,latency_ack,5922,C6_full_detail,C6_full_detail,89,normal,detail,True,True,rtt=23.75ms
1779496819.2770371,ack_recv,latency_ack,5923,C6_full_detail,C6_full_detail,89,normal,detail,True,True,rtt=21.06ms
1779496819.3827178,ack_recv,latency_ack,5924,C6_full_detail,C6_full_detail,89,normal,detail,True,True,rtt=26.36ms
1779496819.4658988,ack_recv,latency_ack,5925,C6_full_detail,C6_full_detail,89,normal,detail,True,True,rtt=9.03ms
1779496819.6198707,ack_recv,latency_ack,5926,C6_full_detail,C6_full_detail,89,normal,detail,True,True,rtt=62.74ms
1779496819.7033885,ack_recv,latency_ack,5927,C6_full_detail,C6_full_detail,89,normal,detail,True,True,rtt=45.93ms
1779496819.7876427,ack_recv,latency_ack,5928,C6_full_detail,C6_full_detail,89,normal,detail,True,True,rtt=29.68ms
1779496819.8753073,ack_recv,latency_ack,5929,C6_full_detail,C6_full_detail,89,normal,detail,True,True,rtt=16.44ms
1779496820.0333552,ack_recv,latency_ack,5930,C6_full_detail,C6_full_detail,89,normal,detail,True,True,rtt=74.32ms
1779496820.1192808,ack_recv,latency_ack,5931,C6_full_detail,C6_full_detail,89,normal,detail,True,True,rtt=59.48ms
1779496820.2077112,ack_recv,latency_ack,5932,C6_full_detail,C6_full_detail,89,normal,detail,True,True,rtt=47.80ms
1779496820.293885,ack_recv,latency_ack,5933,C6_full_detail,C6_full_detail,89,normal,detail,True,True,rtt=33.32ms
1779496820.3844728,ack_recv,latency_ack,5934,C6_full_detail,C6_full_detail,89,normal,detail,True,True,rtt=23.26ms
1779496820.47925,ack_recv,latency_ack,5935,C6_full_detail,C6_full_detail,89,normal,detail,True,True,rtt=17.83ms
1779496820.572636,ack_recv,latency_ack,5936,C6_full_detail,C6_full_detail,89,normal,detail,True,True,rtt=10.98ms
1779496820.6720996,ack_recv,latency_ack,5937,C6_full_detail,C6_full_detail,89,normal,detail,True,True,rtt=10.03ms
1779496820.7785292,ack_recv,latency_ack,5938,C6_full_detail,C6_full_detail,89,normal,detail,True,True,rtt=16.20ms
1779496820.8680973,ack_recv,latency_ack,5939,C6_full_detail,C6_full_detail,89,normal,detail,True,True,rtt=5.52ms
1779496820.9799242,ack_recv,latency_ack,5940,C6_full_detail,C6_full_detail,89,normal,detail,True,True,rtt=16.67ms
1779496821.0713253,ack_recv,latency_ack,5941,C6_full_detail,C6_full_detail,89,normal,detail,True,True,rtt=7.18ms
1779496821.1849737,ack_recv,latency_ack,5942,C6_full_detail,C6_full_detail,89,normal,detail,True,True,rtt=19.96ms
1779496821.2739627,ack_recv,latency_ack,5943,C6_full_detail,C6_full_detail,89,normal,detail,True,True,rtt=8.25ms
1779496821.3839884,ack_recv,latency_ack,5944,C6_full_detail,C6_full_detail,89,normal,detail,True,True,rtt=18.11ms
1779496821.481014,ack_recv,latency_ack,5945,C6_full_detail,C6_full_detail,89,normal,detail,True,True,rtt=14.56ms
1779496821.599942,ack_recv,latency_ack,5946,C6_full_detail,C6_full_detail,89,normal,detail,True,True,rtt=32.72ms
1779496821.6924782,ack_recv,latency_ack,5947,C6_full_detail,C6_full_detail,89,normal,detail,True,True,rtt=24.62ms
1779496821.7852855,ack_recv,latency_ack,5948,C6_full_detail,C6_full_detail,89,normal,detail,True,True,rtt=16.75ms
1779496821.8773925,ack_recv,latency_ack,5949,C6_full_detail,C6_full_detail,89,normal,detail,True,True,rtt=8.31ms
1779496821.9903328,ack_recv,latency_ack,5950,C6_full_detail,C6_full_detail,89,normal,detail,True,True,rtt=20.64ms
1779496822.0785344,ack_recv,latency_ack,5951,C6_full_detail,C6_full_detail,89,normal,detail,True,True,rtt=8.54ms
1779496822.1899688,ack_recv,latency_ack,5952,C6_full_detail,C6_full_detail,89,normal,detail,True,True,rtt=19.19ms
1779496822.2974632,ack_recv,latency_ack,5953,C6_full_detail,C6_full_detail,89,normal,detail,True,True,rtt=26.22ms
1779496822.395018,ack_recv,latency_ack,5954,C6_full_detail,C6_full_detail,89,normal,detail,True,True,rtt=23.59ms
1779496822.4811554,ack_recv,latency_ack,5955,C6_full_detail,C6_full_detail,89,normal,detail,True,True,rtt=8.97ms
1779496822.5908916,ack_recv,latency_ack,5956,C6_full_detail,C6_full_detail,89,normal,detail,True,True,rtt=18.31ms
1779496822.684914,ack_recv,latency_ack,5957,C6_full_detail,C6_full_detail,89,normal,detail,True,True,rtt=11.45ms
1779496822.7900126,ack_recv,latency_ack,5958,C6_full_detail,C6_full_detail,89,normal,detail,True,True,rtt=15.65ms
1779496822.8853385,ack_recv,latency_ack,5959,C6_full_detail,C6_full_detail,89,normal,detail,True,True,rtt=10.21ms
1779496822.999652,ack_recv,latency_ack,5960,C6_full_detail,C6_full_detail,89,normal,detail,True,True,rtt=24.32ms
1779496823.0874248,ack_recv,latency_ack,5961,C6_full_detail,C6_full_detail,89,normal,detail,True,True,rtt=11.18ms
1779496823.18679,ack_recv,latency_ack,5962,C6_full_detail,C6_full_detail,89,normal,detail,True,True,rtt=9.62ms
1779496823.2927527,ack_recv,latency_ack,5963,C6_full_detail,C6_full_detail,89,normal,detail,True,True,rtt=15.21ms
1779496823.3898194,ack_recv,latency_ack,5964,C6_full_detail,C6_full_detail,89,normal,detail,True,True,rtt=11.84ms
1779496823.4990315,ack_recv,latency_ack,5965,C6_full_detail,C6_full_detail,89,normal,detail,True,True,rtt=20.02ms
1779496823.5918431,ack_recv,latency_ack,5966,C6_full_detail,C6_full_detail,89,normal,detail,True,True,rtt=11.80ms
1779496823.7027354,ack_recv,latency_ack,5967,C6_full_detail,C6_full_detail,89,normal,detail,True,True,rtt=22.96ms
1779496823.791033,ack_recv,latency_ack,5968,C6_full_detail,C6_full_detail,89,normal,detail,True,True,rtt=10.36ms
1779496823.9018853,ack_recv,latency_ack,5969,C6_full_detail,C6_full_detail,89,normal,detail,True,True,rtt=20.74ms
1779496824.03354,ack_recv,latency_ack,5970,C6_full_detail,C6_full_detail,89,normal,detail,True,True,rtt=51.93ms
1779496824.1236303,ack_recv,latency_ack,5971,C6_full_detail,C6_full_detail,89,normal,detail,True,True,rtt=41.72ms
1779496824.2157094,ack_recv,latency_ack,5972,C6_full_detail,C6_full_detail,89,normal,detail,True,True,rtt=33.55ms
1779496824.2995906,ack_recv,latency_ack,5973,C6_full_detail,C6_full_detail,89,normal,detail,True,True,rtt=17.19ms
1779496824.4022355,ack_recv,latency_ack,5974,C6_full_detail,C6_full_detail,89,normal,detail,True,True,rtt=18.78ms
1779496824.5330136,ack_recv,latency_ack,5975,C6_full_detail,C6_full_detail,89,normal,detail,True,True,rtt=49.35ms
1779496824.6181035,ack_recv,latency_ack,5976,C6_full_detail,C6_full_detail,89,normal,detail,True,True,rtt=33.81ms
1779496824.7047591,ack_recv,latency_ack,5977,C6_full_detail,C6_full_detail,89,normal,detail,True,True,rtt=20.00ms
1779496824.8001208,ack_recv,latency_ack,5978,C6_full_detail,C6_full_detail,89,normal,detail,True,True,rtt=15.16ms
1779496824.899298,ack_recv,latency_ack,5979,C6_full_detail,C6_full_detail,89,normal,detail,True,True,rtt=13.54ms
1779496825.0454571,ack_recv,latency_ack,5980,C6_full_detail,C6_full_detail,89,normal,detail,True,True,rtt=57.66ms
1779496825.132567,ack_recv,latency_ack,5981,C6_full_detail,C6_full_detail,89,normal,detail,True,True,rtt=44.43ms
1779496825.2210302,ack_recv,latency_ack,5982,C6_full_detail,C6_full_detail,89,normal,detail,True,True,rtt=32.41ms
1779496825.3147995,ack_recv,latency_ack,5983,C6_full_detail,C6_full_detail,89,normal,detail,True,True,rtt=26.05ms
1779496825.40864,ack_recv,latency_ack,5984,C6_full_detail,C6_full_detail,89,normal,detail,True,True,rtt=19.40ms
1779496825.537053,ack_recv,latency_ack,5985,C6_full_detail,C6_full_detail,89,normal,detail,True,True,rtt=47.45ms
1779496825.621516,ack_recv,latency_ack,5986,C6_full_detail,C6_full_detail,89,normal,detail,True,True,rtt=31.20ms
1779496825.7058957,ack_recv,latency_ack,5987,C6_full_detail,C6_full_detail,89,normal,detail,True,True,rtt=15.32ms
1779496825.8104775,ack_recv,latency_ack,5988,C6_full_detail,C6_full_detail,89,normal,detail,True,True,rtt=19.36ms
1779496825.9766383,ack_recv,latency_ack,5989,C6_full_detail,C6_full_detail,89,normal,detail,True,True,rtt=82.75ms
1779496826.061757,ack_recv,latency_ack,5990,C6_full_detail,C6_full_detail,89,normal,detail,True,True,rtt=66.87ms
1779496826.1486375,ack_recv,latency_ack,5991,C6_full_detail,C6_full_detail,89,normal,detail,True,True,rtt=53.24ms
1779496826.233849,ack_recv,latency_ack,5992,C6_full_detail,C6_full_detail,89,normal,detail,True,True,rtt=38.10ms
1779496826.3188405,ack_recv,latency_ack,5993,C6_full_detail,C6_full_detail,89,normal,detail,True,True,rtt=22.64ms
1779496826.4279022,ack_recv,latency_ack,5994,C6_full_detail,C6_full_detail,89,normal,detail,True,True,rtt=26.67ms
1779496826.5231104,ack_recv,latency_ack,5995,C6_full_detail,C6_full_detail,89,normal,detail,True,True,rtt=21.24ms
1779496826.6119199,ack_recv,latency_ack,5996,C6_full_detail,C6_full_detail,89,normal,detail,True,True,rtt=9.68ms
1779496826.717867,ack_recv,latency_ack,5997,C6_full_detail,C6_full_detail,89,normal,detail,True,True,rtt=14.60ms
1779496826.8134634,ack_recv,latency_ack,5998,C6_full_detail,C6_full_detail,89,normal,detail,True,True,rtt=9.67ms
1779496826.9114206,ack_recv,latency_ack,5999,C6_full_detail,C6_full_detail,89,normal,detail,True,True,rtt=7.34ms
1779496827.0139694,ack_recv,latency_ack,6000,C6_full_detail,C6_full_detail,89,normal,detail,True,True,rtt=9.63ms
1779496827.1260889,ack_recv,latency_ack,6001,C6_full_detail,C6_full_detail,89,normal,detail,True,True,rtt=21.21ms
1779496827.215587,ack_recv,latency_ack,6002,C6_full_detail,C6_full_detail,89,normal,detail,True,True,rtt=10.24ms
1779496827.3215766,ack_recv,latency_ack,6003,C6_full_detail,C6_full_detail,89,normal,detail,True,True,rtt=15.77ms
1779496827.4176424,ack_recv,latency_ack,6004,C6_full_detail,C6_full_detail,89,normal,detail,True,True,rtt=10.43ms
1779496827.5223699,ack_recv,latency_ack,6005,C6_full_detail,C6_full_detail,89,normal,detail,True,True,rtt=13.96ms
1779496827.6223063,ack_recv,latency_ack,6006,C6_full_detail,C6_full_detail,89,normal,detail,True,True,rtt=13.17ms
1779496827.7313755,ack_recv,latency_ack,6007,C6_full_detail,C6_full_detail,89,normal,detail,True,True,rtt=21.70ms
1779496827.818671,ack_recv,latency_ack,6008,C6_full_detail,C6_full_detail,89,normal,detail,True,True,rtt=8.58ms
1779496827.9271157,ack_recv,latency_ack,6009,C6_full_detail,C6_full_detail,89,normal,detail,True,True,rtt=16.18ms
1779496828.0210705,ack_recv,latency_ack,6010,C6_full_detail,C6_full_detail,89,normal,detail,True,True,rtt=9.12ms
1779496828.1485574,ack_recv,latency_ack,6011,C6_full_detail,C6_full_detail,89,normal,detail,True,True,rtt=36.18ms
1779496828.2387218,ack_recv,latency_ack,6012,C6_full_detail,C6_full_detail,89,normal,detail,True,True,rtt=25.71ms
1779496828.3353992,ack_recv,latency_ack,6013,C6_full_detail,C6_full_detail,89,normal,detail,True,True,rtt=22.00ms
1779496828.4293368,ack_recv,latency_ack,6014,C6_full_detail,C6_full_detail,89,normal,detail,True,True,rtt=15.23ms
1779496828.5323346,ack_recv,latency_ack,6015,C6_full_detail,C6_full_detail,89,normal,detail,True,True,rtt=17.99ms
1779496828.6509757,ack_recv,latency_ack,6016,C6_full_detail,C6_full_detail,89,normal,detail,True,True,rtt=35.94ms
1779496828.7352462,ack_recv,latency_ack,6017,C6_full_detail,C6_full_detail,89,normal,detail,True,True,rtt=19.36ms
1779496828.8573244,ack_recv,latency_ack,6018,C6_full_detail,C6_full_detail,89,normal,detail,True,True,rtt=40.87ms
1779496828.9443119,ack_recv,latency_ack,6019,C6_full_detail,C6_full_detail,89,normal,detail,True,True,rtt=27.43ms
1779496829.0317233,ack_recv,latency_ack,6020,C6_full_detail,C6_full_detail,89,normal,detail,True,True,rtt=14.73ms
1779496829.1370752,ack_recv,latency_ack,6021,C6_full_detail,C6_full_detail,89,normal,detail,True,True,rtt=19.90ms
1779496829.227392,ack_recv,latency_ack,6022,C6_full_detail,C6_full_detail,89,normal,detail,True,True,rtt=9.41ms
1779496829.3343132,ack_recv,latency_ack,6023,C6_full_detail,C6_full_detail,89,normal,detail,True,True,rtt=15.99ms
1779496829.4287972,ack_recv,latency_ack,6024,C6_full_detail,C6_full_detail,89,normal,detail,True,True,rtt=9.90ms
1779496829.540282,ack_recv,latency_ack,6025,C6_full_detail,C6_full_detail,89,normal,detail,True,True,rtt=20.88ms
1779496829.6319957,ack_recv,latency_ack,6026,C6_full_detail,C6_full_detail,89,normal,detail,True,True,rtt=12.08ms
1779496829.727875,ack_recv,latency_ack,6027,C6_full_detail,C6_full_detail,89,normal,detail,True,True,rtt=7.36ms
1779496829.841582,ack_recv,latency_ack,6028,C6_full_detail,C6_full_detail,89,normal,detail,True,True,rtt=20.26ms
1779496829.9310331,ack_recv,latency_ack,6029,C6_full_detail,C6_full_detail,89,normal,detail,True,True,rtt=8.79ms
1779496830.0421247,ack_recv,latency_ack,6030,C6_full_detail,C6_full_detail,89,normal,detail,True,True,rtt=19.56ms
1779496830.1374009,ack_recv,latency_ack,6031,C6_full_detail,C6_full_detail,89,normal,detail,True,True,rtt=14.65ms
1779496830.2429814,ack_recv,latency_ack,6032,C6_full_detail,C6_full_detail,89,normal,detail,True,True,rtt=19.74ms
1779496830.335413,ack_recv,latency_ack,6033,C6_full_detail,C6_full_detail,89,normal,detail,True,True,rtt=11.35ms
1779496830.4345746,ack_recv,latency_ack,6034,C6_full_detail,C6_full_detail,89,normal,detail,True,True,rtt=10.09ms
1779496830.5566318,ack_recv,latency_ack,6035,C6_full_detail,C6_full_detail,89,normal,detail,True,True,rtt=24.72ms
1779496830.6473162,ack_recv,latency_ack,6036,C6_full_detail,C6_full_detail,89,normal,detail,True,True,rtt=14.99ms
1779496830.7445536,ack_recv,latency_ack,6037,C6_full_detail,C6_full_detail,89,normal,detail,True,True,rtt=12.03ms
1779496830.8505445,ack_recv,latency_ack,6038,C6_full_detail,C6_full_detail,89,normal,detail,True,True,rtt=17.18ms
1779496830.9559126,ack_recv,latency_ack,6039,C6_full_detail,C6_full_detail,89,normal,detail,True,True,rtt=21.93ms
1779496831.0417943,ack_recv,latency_ack,6040,C6_full_detail,C6_full_detail,89,normal,detail,True,True,rtt=7.27ms
1779496831.1924677,ack_recv,latency_ack,6041,C6_full_detail,C6_full_detail,89,normal,detail,True,True,rtt=57.69ms
1779496831.3130562,ack_recv,latency_ack,6042,C6_full_detail,C6_full_detail,89,normal,detail,True,True,rtt=77.89ms
1779496831.3501296,ack_recv,latency_ack,6043,C6_full_detail,C6_full_detail,89,normal,detail,True,True,rtt=14.03ms
1779496831.5188355,ack_recv,latency_ack,6044,C6_full_detail,C6_full_detail,89,normal,detail,True,True,rtt=82.18ms
1779496831.543353,ack_recv,latency_ack,6045,C6_full_detail,C6_full_detail,89,normal,detail,True,True,rtt=6.04ms
1779496831.666091,ack_recv,latency_ack,6046,C6_full_detail,C6_full_detail,89,normal,detail,True,True,rtt=27.36ms
1779496831.749297,ack_recv,latency_ack,6047,C6_full_detail,C6_full_detail,89,normal,detail,True,True,rtt=9.55ms
1779496831.8600585,ack_recv,latency_ack,6048,C6_full_detail,C6_full_detail,89,normal,detail,True,True,rtt=19.72ms
1779496831.952737,ack_recv,latency_ack,6049,C6_full_detail,C6_full_detail,89,normal,detail,True,True,rtt=12.18ms
1779496832.0513668,ack_recv,latency_ack,6050,C6_full_detail,C6_full_detail,89,normal,detail,True,True,rtt=6.28ms
1779496832.153968,ack_recv,latency_ack,6051,C6_full_detail,C6_full_detail,89,normal,detail,True,True,rtt=7.52ms
1779496832.265216,ack_recv,latency_ack,6052,C6_full_detail,C6_full_detail,89,normal,detail,True,True,rtt=18.29ms
1779496832.3579426,ack_recv,latency_ack,6053,C6_full_detail,C6_full_detail,89,normal,detail,True,True,rtt=10.83ms
1779496832.4657524,ack_recv,latency_ack,6054,C6_full_detail,C6_full_detail,89,normal,detail,True,True,rtt=18.38ms
1779496832.5548427,ack_recv,latency_ack,6055,C6_full_detail,C6_full_detail,89,normal,detail,True,True,rtt=4.70ms
1779496832.669455,ack_recv,latency_ack,6056,C6_full_detail,C6_full_detail,89,normal,detail,True,True,rtt=18.44ms
1779496832.7632673,ack_recv,latency_ack,6057,C6_full_detail,C6_full_detail,89,normal,detail,True,True,rtt=11.79ms
1779496832.8737462,ack_recv,latency_ack,6058,C6_full_detail,C6_full_detail,89,normal,detail,True,True,rtt=21.54ms
1779496832.9691286,ack_recv,latency_ack,6059,C6_full_detail,C6_full_detail,89,normal,detail,True,True,rtt=16.55ms
1779496833.0608354,ack_recv,latency_ack,6060,C6_full_detail,C6_full_detail,89,normal,detail,True,True,rtt=5.45ms
1779496833.184265,ack_recv,latency_ack,6061,C6_full_detail,C6_full_detail,89,normal,detail,True,True,rtt=27.60ms
1779496833.2887683,ack_recv,latency_ack,6062,C6_full_detail,C6_full_detail,89,normal,detail,True,True,rtt=31.71ms
1779496833.3705878,ack_recv,latency_ack,6063,C6_full_detail,C6_full_detail,89,normal,detail,True,True,rtt=12.92ms
1779496833.4630148,ack_recv,latency_ack,6064,C6_full_detail,C6_full_detail,89,normal,detail,True,True,rtt=4.66ms
1779496833.572755,ack_recv,latency_ack,6065,C6_full_detail,C6_full_detail,89,normal,detail,True,True,rtt=11.98ms
1779496833.6705546,ack_recv,latency_ack,6066,C6_full_detail,C6_full_detail,89,normal,detail,True,True,rtt=8.99ms
1779496833.7772126,ack_recv,latency_ack,6067,C6_full_detail,C6_full_detail,89,normal,detail,True,True,rtt=15.35ms
1779496833.8739347,ack_recv,latency_ack,6068,C6_full_detail,C6_full_detail,89,normal,detail,True,True,rtt=11.76ms
1779496833.974696,ack_recv,latency_ack,6069,C6_full_detail,C6_full_detail,89,normal,detail,True,True,rtt=11.92ms
1779496834.0751042,ack_recv,latency_ack,6070,C6_full_detail,C6_full_detail,89,normal,detail,True,True,rtt=5.85ms
1779496834.1789486,ack_recv,latency_ack,6071,C6_full_detail,C6_full_detail,89,normal,detail,True,True,rtt=7.88ms
1779496834.2874992,ack_recv,latency_ack,6072,C6_full_detail,C6_full_detail,89,normal,detail,True,True,rtt=15.99ms
1779496834.3793075,ack_recv,latency_ack,6073,C6_full_detail,C6_full_detail,89,normal,detail,True,True,rtt=6.24ms
1779496834.4912314,ack_recv,latency_ack,6074,C6_full_detail,C6_full_detail,89,normal,detail,True,True,rtt=18.09ms
1779496834.5976248,ack_recv,latency_ack,6075,C6_full_detail,C6_full_detail,89,normal,detail,True,True,rtt=23.88ms
1779496834.7073457,ack_recv,latency_ack,6076,C6_full_detail,C6_full_detail,89,normal,detail,True,True,rtt=32.82ms
1779496834.793375,ack_recv,latency_ack,6077,C6_full_detail,C6_full_detail,89,normal,detail,True,True,rtt=18.40ms
1779496834.896811,ack_recv,latency_ack,6078,C6_full_detail,C6_full_detail,89,normal,detail,True,True,rtt=21.56ms
1779496834.9903338,ack_recv,latency_ack,6079,C6_full_detail,C6_full_detail,89,normal,detail,True,True,rtt=14.02ms
1779496835.0807981,ack_recv,latency_ack,6080,C6_full_detail,C6_full_detail,89,normal,detail,True,True,rtt=4.63ms
1779496835.1939878,ack_recv,latency_ack,6081,C6_full_detail,C6_full_detail,89,normal,detail,True,True,rtt=17.08ms
1779496835.2864218,ack_recv,latency_ack,6082,C6_full_detail,C6_full_detail,89,normal,detail,True,True,rtt=9.16ms
1779496835.401985,ack_recv,latency_ack,6083,C6_full_detail,C6_full_detail,89,normal,detail,True,True,rtt=24.15ms
1779496835.4871197,ack_recv,latency_ack,6084,C6_full_detail,C6_full_detail,89,normal,detail,True,True,rtt=8.89ms
1779496835.5861619,ack_recv,latency_ack,6085,C6_full_detail,C6_full_detail,89,normal,detail,True,True,rtt=7.63ms
1779496835.6880386,ack_recv,latency_ack,6086,C6_full_detail,C6_full_detail,89,normal,detail,True,True,rtt=9.06ms
1779496835.8000622,ack_recv,latency_ack,6087,C6_full_detail,C6_full_detail,89,normal,detail,True,True,rtt=20.56ms
1779496835.8920865,ack_recv,latency_ack,6088,C6_full_detail,C6_full_detail,89,normal,detail,True,True,rtt=12.39ms
1779496836.0017533,ack_recv,latency_ack,6089,C6_full_detail,C6_full_detail,89,normal,detail,True,True,rtt=21.07ms
1779496836.0916257,ack_recv,latency_ack,6090,C6_full_detail,C6_full_detail,89,normal,detail,True,True,rtt=10.36ms
1779496836.190255,ack_recv,latency_ack,6091,C6_full_detail,C6_full_detail,89,normal,detail,True,True,rtt=8.43ms
1779496836.2995381,ack_recv,latency_ack,6092,C6_full_detail,C6_full_detail,89,normal,detail,True,True,rtt=17.27ms
1779496836.3912704,ack_recv,latency_ack,6093,C6_full_detail,C6_full_detail,89,normal,detail,True,True,rtt=8.66ms
1779496836.4967442,ack_recv,latency_ack,6094,C6_full_detail,C6_full_detail,89,normal,detail,True,True,rtt=13.21ms
1779496836.6075237,ack_recv,latency_ack,6095,C6_full_detail,C6_full_detail,89,normal,detail,True,True,rtt=23.41ms
1779496836.7020235,ack_recv,latency_ack,6096,C6_full_detail,C6_full_detail,89,normal,detail,True,True,rtt=16.13ms
1779496836.806969,ack_recv,latency_ack,6097,C6_full_detail,C6_full_detail,89,normal,detail,True,True,rtt=21.19ms
1779496836.901322,ack_recv,latency_ack,6098,C6_full_detail,C6_full_detail,89,normal,detail,True,True,rtt=15.00ms
1779496836.994626,ack_recv,latency_ack,6099,C6_full_detail,C6_full_detail,89,normal,detail,True,True,rtt=7.74ms
1779496837.1053004,ack_recv,latency_ack,6100,C6_full_detail,C6_full_detail,89,normal,detail,True,True,rtt=17.88ms
1779496837.193714,ack_recv,latency_ack,6101,C6_full_detail,C6_full_detail,89,normal,detail,True,True,rtt=5.52ms
1779496837.30184,ack_recv,latency_ack,6102,C6_full_detail,C6_full_detail,89,normal,detail,True,True,rtt=12.83ms
1779496837.4123282,ack_recv,latency_ack,6103,C6_full_detail,C6_full_detail,89,normal,detail,True,True,rtt=23.03ms
1779496837.5013285,ack_recv,latency_ack,6104,C6_full_detail,C6_full_detail,89,normal,detail,True,True,rtt=10.42ms
1779496837.6057777,ack_recv,latency_ack,6105,C6_full_detail,C6_full_detail,89,normal,detail,True,True,rtt=14.86ms
1779496837.7003307,ack_recv,latency_ack,6106,C6_full_detail,C6_full_detail,89,normal,detail,True,True,rtt=8.85ms
1779496837.8500674,ack_recv,latency_ack,6107,C6_full_detail,C6_full_detail,89,normal,detail,True,True,rtt=57.99ms
1779496837.9349399,ack_recv,latency_ack,6108,C6_full_detail,C6_full_detail,89,normal,detail,True,True,rtt=42.56ms
1779496838.0293944,ack_recv,latency_ack,6109,C6_full_detail,C6_full_detail,89,normal,detail,True,True,rtt=36.38ms
1779496838.1141727,ack_recv,latency_ack,6110,C6_full_detail,C6_full_detail,89,normal,detail,True,True,rtt=20.37ms
1779496838.2200034,ack_recv,latency_ack,6111,C6_full_detail,C6_full_detail,89,normal,detail,True,True,rtt=25.45ms
1779496838.307834,ack_recv,latency_ack,6112,C6_full_detail,C6_full_detail,89,normal,detail,True,True,rtt=12.76ms
1779496838.4600532,ack_recv,latency_ack,6113,C6_full_detail,C6_full_detail,89,normal,detail,True,True,rtt=64.11ms
1779496838.546296,ack_recv,latency_ack,6114,C6_full_detail,C6_full_detail,89,normal,detail,True,True,rtt=50.20ms
1779496838.6426263,ack_recv,latency_ack,6115,C6_full_detail,C6_full_detail,89,normal,detail,True,True,rtt=46.20ms
1779496838.7297351,ack_recv,latency_ack,6116,C6_full_detail,C6_full_detail,89,normal,detail,True,True,rtt=31.21ms
1779496838.819967,ack_recv,latency_ack,6117,C6_full_detail,C6_full_detail,89,normal,detail,True,True,rtt=20.36ms
1779496838.9157002,ack_recv,latency_ack,6118,C6_full_detail,C6_full_detail,89,normal,detail,True,True,rtt=15.11ms
1779496839.046873,ack_recv,latency_ack,6119,C6_full_detail,C6_full_detail,89,normal,detail,True,True,rtt=45.55ms
1779496839.1291182,ack_recv,latency_ack,6120,C6_full_detail,C6_full_detail,89,normal,detail,True,True,rtt=27.02ms
1779496839.2093258,ack_recv,latency_ack,6121,C6_full_detail,C6_full_detail,89,normal,detail,True,True,rtt=5.88ms
1779496839.3168705,ack_recv,latency_ack,6122,C6_full_detail,C6_full_detail,89,normal,detail,True,True,rtt=12.49ms
1779496839.425823,ack_recv,latency_ack,6123,C6_full_detail,C6_full_detail,89,normal,detail,True,True,rtt=21.30ms
1779496839.555822,ack_recv,latency_ack,6124,C6_full_detail,C6_full_detail,89,normal,detail,True,True,rtt=50.95ms
1779496839.6405492,ack_recv,latency_ack,6125,C6_full_detail,C6_full_detail,89,normal,detail,True,True,rtt=35.48ms
1779496839.7161622,ack_recv,latency_ack,6126,C6_full_detail,C6_full_detail,89,normal,detail,True,True,rtt=10.24ms
1779496839.8333912,ack_recv,latency_ack,6127,C6_full_detail,C6_full_detail,89,normal,detail,True,True,rtt=27.05ms
1779496839.9225807,ack_recv,latency_ack,6128,C6_full_detail,C6_full_detail,89,normal,detail,True,True,rtt=16.13ms
1779496840.0554924,ack_recv,latency_ack,6129,C6_full_detail,C6_full_detail,89,normal,detail,True,True,rtt=48.62ms
1779496840.143026,ack_recv,latency_ack,6130,C6_full_detail,C6_full_detail,89,normal,detail,True,True,rtt=35.58ms
1779496840.2273788,ack_recv,latency_ack,6131,C6_full_detail,C6_full_detail,89,normal,detail,True,True,rtt=19.06ms
1779496840.3279843,ack_recv,latency_ack,6132,C6_full_detail,C6_full_detail,89,normal,detail,True,True,rtt=19.05ms
1779496840.4216123,ack_recv,latency_ack,6133,C6_full_detail,C6_full_detail,89,normal,detail,True,True,rtt=12.56ms
1779496840.550712,ack_recv,latency_ack,6134,C6_full_detail,C6_full_detail,89,normal,detail,True,True,rtt=41.45ms
1779496840.6325884,ack_recv,latency_ack,6135,C6_full_detail,C6_full_detail,89,normal,detail,True,True,rtt=22.56ms
1779496840.727665,ack_recv,latency_ack,6136,C6_full_detail,C6_full_detail,89,normal,detail,True,True,rtt=17.36ms
1779496840.8185487,ack_recv,latency_ack,6137,C6_full_detail,C6_full_detail,89,normal,detail,True,True,rtt=7.92ms
1779496840.9260583,ack_recv,latency_ack,6138,C6_full_detail,C6_full_detail,89,normal,detail,True,True,rtt=14.93ms
1779496841.0409803,ack_recv,latency_ack,6139,C6_full_detail,C6_full_detail,89,normal,detail,True,True,rtt=29.39ms
1779496841.1300316,ack_recv,latency_ack,6140,C6_full_detail,C6_full_detail,89,normal,detail,True,True,rtt=17.62ms
1779496841.2231758,ack_recv,latency_ack,6141,C6_full_detail,C6_full_detail,89,normal,detail,True,True,rtt=10.37ms
1779496841.3174677,ack_recv,latency_ack,6142,C6_full_detail,C6_full_detail,89,normal,detail,True,True,rtt=4.17ms
1779496841.4831238,ack_recv,latency_ack,6143,C6_full_detail,C6_full_detail,89,normal,detail,True,True,rtt=69.00ms
1779496841.5530798,ack_recv,latency_ack,6144,C6_full_detail,C6_full_detail,89,normal,detail,True,True,rtt=38.63ms
1779496841.6555028,ack_recv,latency_ack,6145,C6_full_detail,C6_full_detail,89,normal,detail,True,True,rtt=40.29ms
1779496841.7401357,ack_recv,latency_ack,6146,C6_full_detail,C6_full_detail,89,normal,detail,True,True,rtt=24.57ms
1779496841.832482,ack_recv,latency_ack,6147,C6_full_detail,C6_full_detail,89,normal,detail,True,True,rtt=16.31ms
1779496841.9323306,ack_recv,latency_ack,6148,C6_full_detail,C6_full_detail,89,normal,detail,True,True,rtt=15.72ms
1779496842.0676255,ack_recv,latency_ack,6149,C6_full_detail,C6_full_detail,89,normal,detail,True,True,rtt=50.84ms
1779496842.1573384,ack_recv,latency_ack,6150,C6_full_detail,C6_full_detail,89,normal,detail,True,True,rtt=39.93ms
1779496842.2394574,ack_recv,latency_ack,6151,C6_full_detail,C6_full_detail,89,normal,detail,True,True,rtt=21.49ms
1779496842.327063,ack_recv,latency_ack,6152,C6_full_detail,C6_full_detail,89,normal,detail,True,True,rtt=8.32ms
1779496842.4415329,ack_recv,latency_ack,6153,C6_full_detail,C6_full_detail,89,normal,detail,True,True,rtt=22.01ms
1779496842.5459104,ack_recv,latency_ack,6154,C6_full_detail,C6_full_detail,89,normal,detail,True,True,rtt=25.50ms
1779496842.6407402,ack_recv,latency_ack,6155,C6_full_detail,C6_full_detail,89,normal,detail,True,True,rtt=19.63ms
1779496842.7326539,ack_recv,latency_ack,6156,C6_full_detail,C6_full_detail,89,normal,detail,True,True,rtt=9.89ms
1779496842.8350656,ack_recv,latency_ack,6157,C6_full_detail,C6_full_detail,89,normal,detail,True,True,rtt=12.60ms
1779496842.9320674,ack_recv,latency_ack,6158,C6_full_detail,C6_full_detail,89,normal,detail,True,True,rtt=9.03ms
1779496843.059339,ack_recv,latency_ack,6159,C6_full_detail,C6_full_detail,89,normal,detail,True,True,rtt=35.88ms
1779496843.144581,ack_recv,latency_ack,6160,C6_full_detail,C6_full_detail,89,normal,detail,True,True,rtt=20.98ms
1779496843.2398643,ack_recv,latency_ack,6161,C6_full_detail,C6_full_detail,89,normal,detail,True,True,rtt=15.70ms
1779496843.330427,ack_recv,latency_ack,6162,C6_full_detail,C6_full_detail,89,normal,detail,True,True,rtt=6.14ms
1779496843.4838066,ack_recv,latency_ack,6163,C6_full_detail,C6_full_detail,89,normal,detail,True,True,rtt=48.93ms
1779496843.5706775,ack_recv,latency_ack,6164,C6_full_detail,C6_full_detail,89,normal,detail,True,True,rtt=35.07ms
1779496843.656047,ack_recv,latency_ack,6165,C6_full_detail,C6_full_detail,89,normal,detail,True,True,rtt=20.28ms
1779496843.7670958,ack_recv,latency_ack,6166,C6_full_detail,C6_full_detail,89,normal,detail,True,True,rtt=30.68ms
1779496843.856176,ack_recv,latency_ack,6167,C6_full_detail,C6_full_detail,89,normal,detail,True,True,rtt=18.49ms
1779496843.946729,ack_recv,latency_ack,6168,C6_full_detail,C6_full_detail,89,normal,detail,True,True,rtt=9.87ms
1779496844.0561738,ack_recv,latency_ack,6169,C6_full_detail,C6_full_detail,89,normal,detail,True,True,rtt=18.94ms
1779496844.1504483,ack_recv,latency_ack,6170,C6_full_detail,C6_full_detail,89,normal,detail,True,True,rtt=13.05ms
1779496844.2999036,ack_recv,latency_ack,6171,C6_full_detail,C6_full_detail,89,normal,detail,True,True,rtt=61.66ms
1779496844.3913665,ack_recv,latency_ack,6172,C6_full_detail,C6_full_detail,89,normal,detail,True,True,rtt=52.02ms
1779496844.476545,ack_recv,latency_ack,6173,C6_full_detail,C6_full_detail,89,normal,detail,True,True,rtt=36.61ms
1779496844.5609794,ack_recv,latency_ack,6174,C6_full_detail,C6_full_detail,89,normal,detail,True,True,rtt=20.45ms
1779496844.6467824,ack_recv,latency_ack,6175,C6_full_detail,C6_full_detail,89,normal,detail,True,True,rtt=5.76ms
1779496844.75866,ack_recv,latency_ack,6176,C6_full_detail,C6_full_detail,89,normal,detail,True,True,rtt=17.30ms
1779496844.8509808,ack_recv,latency_ack,6177,C6_full_detail,C6_full_detail,89,normal,detail,True,True,rtt=9.50ms
1779496844.9661705,ack_recv,latency_ack,6178,C6_full_detail,C6_full_detail,89,normal,detail,True,True,rtt=23.80ms
1779496845.0634983,ack_recv,latency_ack,6179,C6_full_detail,C6_full_detail,89,normal,detail,True,True,rtt=20.39ms
1779496845.1541545,ack_recv,latency_ack,6180,C6_full_detail,C6_full_detail,89,normal,detail,True,True,rtt=10.51ms
1779496845.2636817,ack_recv,latency_ack,6181,C6_full_detail,C6_full_detail,89,normal,detail,True,True,rtt=19.62ms
1779496845.357475,ack_recv,latency_ack,6182,C6_full_detail,C6_full_detail,89,normal,detail,True,True,rtt=12.89ms
1779496845.4884512,ack_recv,latency_ack,6183,C6_full_detail,C6_full_detail,89,normal,detail,True,True,rtt=43.09ms
1779496845.5716736,ack_recv,latency_ack,6184,C6_full_detail,C6_full_detail,89,normal,detail,True,True,rtt=25.12ms
1779496845.7049344,ack_recv,latency_ack,6185,C6_full_detail,C6_full_detail,89,normal,detail,True,True,rtt=57.85ms
1779496845.7895746,ack_recv,latency_ack,6186,C6_full_detail,C6_full_detail,89,normal,detail,True,True,rtt=42.24ms
1779496845.8708222,ack_recv,latency_ack,6187,C6_full_detail,C6_full_detail,89,normal,detail,True,True,rtt=23.17ms
1779496845.9559875,ack_recv,latency_ack,6188,C6_full_detail,C6_full_detail,89,normal,detail,True,True,rtt=5.09ms
1779496846.0679965,ack_recv,latency_ack,6189,C6_full_detail,C6_full_detail,89,normal,detail,True,True,rtt=16.11ms
1779496846.1661382,ack_recv,latency_ack,6190,C6_full_detail,C6_full_detail,89,normal,detail,True,True,rtt=13.52ms
1779496846.2697654,ack_recv,latency_ack,6191,C6_full_detail,C6_full_detail,89,normal,detail,True,True,rtt=16.64ms
1779496846.363821,ack_recv,latency_ack,6192,C6_full_detail,C6_full_detail,89,normal,detail,True,True,rtt=10.55ms
1779496846.4609687,ack_recv,latency_ack,6193,C6_full_detail,C6_full_detail,89,normal,detail,True,True,rtt=7.17ms
1779496846.564206,ack_recv,latency_ack,6194,C6_full_detail,C6_full_detail,89,normal,detail,True,True,rtt=8.70ms
1779496846.6911714,ack_recv,latency_ack,6195,C6_full_detail,C6_full_detail,89,normal,detail,True,True,rtt=35.02ms
1779496846.7761796,ack_recv,latency_ack,6196,C6_full_detail,C6_full_detail,89,normal,detail,True,True,rtt=19.19ms
1779496846.878146,ack_recv,latency_ack,6197,C6_full_detail,C6_full_detail,89,normal,detail,True,True,rtt=20.48ms
1779496847.0135648,ack_recv,latency_ack,6198,C6_full_detail,C6_full_detail,89,normal,detail,True,True,rtt=55.68ms
1779496847.0789647,ack_recv,latency_ack,6199,C6_full_detail,C6_full_detail,89,normal,detail,True,True,rtt=20.31ms
1779496847.1765325,ack_recv,latency_ack,6200,C6_full_detail,C6_full_detail,89,normal,detail,True,True,rtt=17.16ms
1779496847.2660348,ack_recv,latency_ack,6201,C6_full_detail,C6_full_detail,89,normal,detail,True,True,rtt=6.02ms
1779496847.3747177,ack_recv,latency_ack,6202,C6_full_detail,C6_full_detail,89,normal,detail,True,True,rtt=14.47ms
1779496847.4719012,ack_recv,latency_ack,6203,C6_full_detail,C6_full_detail,89,normal,detail,True,True,rtt=11.54ms
1779496847.5735688,ack_recv,latency_ack,6204,C6_full_detail,C6_full_detail,89,normal,detail,True,True,rtt=12.59ms
1779496847.669451,ack_recv,latency_ack,6205,C6_full_detail,C6_full_detail,89,normal,detail,True,True,rtt=8.09ms
1779496847.7756462,ack_recv,latency_ack,6206,C6_full_detail,C6_full_detail,89,normal,detail,True,True,rtt=13.81ms
1779496847.8672183,ack_recv,latency_ack,6207,C6_full_detail,C6_full_detail,89,normal,detail,True,True,rtt=4.61ms
1779496847.9738026,ack_recv,latency_ack,6208,C6_full_detail,C6_full_detail,89,normal,detail,True,True,rtt=10.72ms
1779496848.0864377,ack_recv,latency_ack,6209,C6_full_detail,C6_full_detail,89,normal,detail,True,True,rtt=22.78ms
1779496848.1763833,ack_recv,latency_ack,6210,C6_full_detail,C6_full_detail,89,normal,detail,True,True,rtt=12.33ms
1779496848.2858853,ack_recv,latency_ack,6211,C6_full_detail,C6_full_detail,89,normal,detail,True,True,rtt=21.52ms
1779496848.3783844,ack_recv,latency_ack,6212,C6_full_detail,C6_full_detail,89,normal,detail,True,True,rtt=13.29ms
1779496848.485049,ack_recv,latency_ack,6213,C6_full_detail,C6_full_detail,89,normal,detail,True,True,rtt=19.35ms
1779496848.5829809,ack_recv,latency_ack,6214,C6_full_detail,C6_full_detail,89,normal,detail,True,True,rtt=16.64ms
1779496848.6739295,ack_recv,latency_ack,6215,C6_full_detail,C6_full_detail,89,normal,detail,True,True,rtt=7.34ms
1779496848.78135,ack_recv,latency_ack,6216,C6_full_detail,C6_full_detail,89,normal,detail,True,True,rtt=14.17ms
1779496848.8763428,ack_recv,latency_ack,6217,C6_full_detail,C6_full_detail,89,normal,detail,True,True,rtt=8.29ms
1779496848.9947104,ack_recv,latency_ack,6218,C6_full_detail,C6_full_detail,89,normal,detail,True,True,rtt=25.99ms
1779496849.1323357,ack_recv,latency_ack,6219,C6_full_detail,C6_full_detail,89,normal,detail,True,True,rtt=63.31ms
1779496849.2361877,ack_recv,latency_ack,6220,C6_full_detail,C6_full_detail,89,normal,detail,True,True,rtt=65.71ms
1779496849.3357692,ack_recv,latency_ack,6221,C6_full_detail,C6_full_detail,89,normal,detail,True,True,rtt=65.84ms
1779496849.4385936,ack_recv,latency_ack,6222,C6_full_detail,C6_full_detail,89,normal,detail,True,True,rtt=68.44ms
1779496849.4874344,ack_recv,latency_ack,6223,C6_full_detail,C6_full_detail,89,normal,detail,True,True,rtt=17.14ms
1779496849.5938585,ack_recv,latency_ack,6224,C6_full_detail,C6_full_detail,89,normal,detail,True,True,rtt=22.87ms
1779496849.7008855,ack_recv,latency_ack,6225,C6_full_detail,C6_full_detail,89,normal,detail,True,True,rtt=28.90ms
1779496849.7855077,ack_recv,latency_ack,6226,C6_full_detail,C6_full_detail,89,normal,detail,True,True,rtt=12.85ms
1779496849.8882592,ack_recv,latency_ack,6227,C6_full_detail,C6_full_detail,89,normal,detail,True,True,rtt=15.34ms
1779496849.9819229,ack_recv,latency_ack,6228,C6_full_detail,C6_full_detail,89,normal,detail,True,True,rtt=8.39ms
1779496850.0813837,ack_recv,latency_ack,6229,C6_full_detail,C6_full_detail,89,normal,detail,True,True,rtt=3.93ms
1779496850.2415955,ack_recv,latency_ack,6230,C6_full_detail,C6_full_detail,89,normal,detail,True,True,rtt=63.59ms
1779496850.3254707,ack_recv,latency_ack,6231,C6_full_detail,C6_full_detail,89,normal,detail,True,True,rtt=47.28ms
1779496850.4198072,ack_recv,latency_ack,6232,C6_full_detail,C6_full_detail,89,normal,detail,True,True,rtt=41.06ms
1779496850.504388,ack_recv,latency_ack,6233,C6_full_detail,C6_full_detail,89,normal,detail,True,True,rtt=25.00ms
1779496850.5890734,ack_recv,latency_ack,6234,C6_full_detail,C6_full_detail,89,normal,detail,True,True,rtt=9.09ms
1779496850.6967854,ack_recv,latency_ack,6235,C6_full_detail,C6_full_detail,89,normal,detail,True,True,rtt=16.46ms
1779496850.789146,ack_recv,latency_ack,6236,C6_full_detail,C6_full_detail,89,normal,detail,True,True,rtt=8.61ms
1779496850.896862,ack_recv,latency_ack,6237,C6_full_detail,C6_full_detail,89,normal,detail,True,True,rtt=15.73ms
1779496850.9919558,ack_recv,latency_ack,6238,C6_full_detail,C6_full_detail,89,normal,detail,True,True,rtt=9.81ms
1779496851.099951,ack_recv,latency_ack,6239,C6_full_detail,C6_full_detail,89,normal,detail,True,True,rtt=14.53ms
1779496851.195436,ack_recv,latency_ack,6240,C6_full_detail,C6_full_detail,89,normal,detail,True,True,rtt=9.21ms
1779496851.3024044,ack_recv,latency_ack,6241,C6_full_detail,C6_full_detail,89,normal,detail,True,True,rtt=15.78ms
1779496851.3952675,ack_recv,latency_ack,6242,C6_full_detail,C6_full_detail,89,normal,detail,True,True,rtt=8.11ms
1779496851.506331,ack_recv,latency_ack,6243,C6_full_detail,C6_full_detail,89,normal,detail,True,True,rtt=18.78ms
1779496851.6109467,ack_recv,latency_ack,6244,C6_full_detail,C6_full_detail,89,normal,detail,True,True,rtt=23.14ms
1779496851.7060401,ack_recv,latency_ack,6245,C6_full_detail,C6_full_detail,89,normal,detail,True,True,rtt=16.91ms
1779496851.7971392,ack_recv,latency_ack,6246,C6_full_detail,C6_full_detail,89,normal,detail,True,True,rtt=7.60ms
1779496851.905735,ack_recv,latency_ack,6247,C6_full_detail,C6_full_detail,89,normal,detail,True,True,rtt=14.86ms
1779496852.000203,ack_recv,latency_ack,6248,C6_full_detail,C6_full_detail,89,normal,detail,True,True,rtt=9.82ms
1779496852.0988588,ack_recv,latency_ack,6249,C6_full_detail,C6_full_detail,89,normal,detail,True,True,rtt=4.31ms
1779496852.208044,ack_recv,latency_ack,6250,C6_full_detail,C6_full_detail,89,normal,detail,True,True,rtt=13.21ms
1779496852.3140907,ack_recv,latency_ack,6251,C6_full_detail,C6_full_detail,89,normal,detail,True,True,rtt=18.71ms
1779496852.4054909,ack_recv,latency_ack,6252,C6_full_detail,C6_full_detail,89,normal,detail,True,True,rtt=9.87ms
1779496852.5161984,ack_recv,latency_ack,6253,C6_full_detail,C6_full_detail,89,normal,detail,True,True,rtt=20.01ms
1779496852.6043532,ack_recv,latency_ack,6254,C6_full_detail,C6_full_detail,89,normal,detail,True,True,rtt=8.04ms
1779496852.7190037,ack_recv,latency_ack,6255,C6_full_detail,C6_full_detail,89,normal,detail,True,True,rtt=22.48ms
1779496852.8128827,ack_recv,latency_ack,6256,C6_full_detail,C6_full_detail,89,normal,detail,True,True,rtt=15.71ms
1779496852.9029467,ack_recv,latency_ack,6257,C6_full_detail,C6_full_detail,89,normal,detail,True,True,rtt=5.53ms
1779496853.0141737,ack_recv,latency_ack,6258,C6_full_detail,C6_full_detail,89,normal,detail,True,True,rtt=15.93ms
1779496853.1089332,ack_recv,latency_ack,6259,C6_full_detail,C6_full_detail,89,normal,detail,True,True,rtt=6.09ms
1779496853.265256,ack_recv,latency_ack,6260,C6_full_detail,C6_full_detail,89,normal,detail,True,True,rtt=61.51ms
1779496853.4348853,ack_recv,latency_ack,6261,C6_full_detail,C6_full_detail,89,normal,detail,True,True,rtt=130.75ms
1779496853.4348853,ack_recv,latency_ack,6262,C6_full_detail,C6_full_detail,89,normal,detail,True,True,rtt=30.13ms
1779496853.5345874,ack_recv,latency_ack,6263,C6_full_detail,C6_full_detail,89,normal,detail,True,True,rtt=29.63ms
1779496853.6400905,ack_recv,latency_ack,6264,C6_full_detail,C6_full_detail,89,normal,detail,True,True,rtt=34.00ms
1779496853.776448,ack_recv,latency_ack,6265,C6_full_detail,C6_full_detail,89,normal,detail,True,True,rtt=69.75ms
1779496853.843304,ack_recv,latency_ack,6266,C6_full_detail,C6_full_detail,89,normal,detail,True,True,rtt=36.26ms
1779496853.9275331,ack_recv,latency_ack,6267,C6_full_detail,C6_full_detail,89,normal,detail,True,True,rtt=19.91ms
1779496854.0218015,ack_recv,latency_ack,6268,C6_full_detail,C6_full_detail,89,normal,detail,True,True,rtt=13.59ms
1779496854.1176193,ack_recv,latency_ack,6269,C6_full_detail,C6_full_detail,89,normal,detail,True,True,rtt=8.98ms
1779496854.2221973,ack_recv,latency_ack,6270,C6_full_detail,C6_full_detail,89,normal,detail,True,True,rtt=12.62ms
1779496854.315827,ack_recv,latency_ack,6271,C6_full_detail,C6_full_detail,89,normal,detail,True,True,rtt=4.98ms
1779496854.4324987,ack_recv,latency_ack,6272,C6_full_detail,C6_full_detail,89,normal,detail,True,True,rtt=22.31ms
1779496854.5312119,ack_recv,latency_ack,6273,C6_full_detail,C6_full_detail,89,normal,detail,True,True,rtt=20.37ms
1779496854.6233442,ack_recv,latency_ack,6274,C6_full_detail,C6_full_detail,89,normal,detail,True,True,rtt=11.57ms
1779496854.7173316,ack_recv,latency_ack,6275,C6_full_detail,C6_full_detail,89,normal,detail,True,True,rtt=5.05ms
1779496854.825437,ack_recv,latency_ack,6276,C6_full_detail,C6_full_detail,89,normal,detail,True,True,rtt=12.61ms
1779496854.9353406,ack_recv,latency_ack,6277,C6_full_detail,C6_full_detail,89,normal,detail,True,True,rtt=22.33ms
1779496855.0242467,ack_recv,latency_ack,6278,C6_full_detail,C6_full_detail,89,normal,detail,True,True,rtt=10.67ms
1779496855.1282623,ack_recv,latency_ack,6279,C6_full_detail,C6_full_detail,89,normal,detail,True,True,rtt=14.54ms
1779496855.224804,ack_recv,latency_ack,6280,C6_full_detail,C6_full_detail,89,normal,detail,True,True,rtt=10.80ms
1779496855.3290217,ack_recv,latency_ack,6281,C6_full_detail,C6_full_detail,89,normal,detail,True,True,rtt=14.73ms
1779496855.4255564,ack_recv,latency_ack,6282,C6_full_detail,C6_full_detail,89,normal,detail,True,True,rtt=10.81ms
1779496855.5331137,ack_recv,latency_ack,6283,C6_full_detail,C6_full_detail,89,normal,detail,True,True,rtt=18.08ms
1779496855.6285977,ack_recv,latency_ack,6284,C6_full_detail,C6_full_detail,89,normal,detail,True,True,rtt=12.95ms
1779496855.73989,ack_recv,latency_ack,6285,C6_full_detail,C6_full_detail,89,normal,detail,True,True,rtt=23.57ms
1779496855.8316543,ack_recv,latency_ack,6286,C6_full_detail,C6_full_detail,89,normal,detail,True,True,rtt=14.59ms
1779496855.940583,ack_recv,latency_ack,6287,C6_full_detail,C6_full_detail,89,normal,detail,True,True,rtt=22.74ms
1779496856.0299325,ack_recv,latency_ack,6288,C6_full_detail,C6_full_detail,89,normal,detail,True,True,rtt=11.16ms
1779496856.1996107,ack_recv,latency_ack,6289,C6_full_detail,C6_full_detail,89,normal,detail,True,True,rtt=80.65ms
1779496856.3002553,ack_recv,latency_ack,6290,C6_full_detail,C6_full_detail,89,normal,detail,True,True,rtt=79.61ms
1779496856.3307848,ack_recv,latency_ack,6291,C6_full_detail,C6_full_detail,89,normal,detail,True,True,rtt=9.69ms
1779496856.4395149,ack_recv,latency_ack,6292,C6_full_detail,C6_full_detail,89,normal,detail,True,True,rtt=17.82ms
1779496856.5329554,ack_recv,latency_ack,6293,C6_full_detail,C6_full_detail,89,normal,detail,True,True,rtt=11.15ms
1779496856.6918662,ack_recv,latency_ack,6294,C6_full_detail,C6_full_detail,89,normal,detail,True,True,rtt=69.43ms
1779496856.7748492,ack_recv,latency_ack,6295,C6_full_detail,C6_full_detail,89,normal,detail,True,True,rtt=40.35ms
1779496856.8632896,ack_recv,latency_ack,6296,C6_full_detail,C6_full_detail,89,normal,detail,True,True,rtt=27.78ms
1779496856.949519,ack_recv,latency_ack,6297,C6_full_detail,C6_full_detail,89,normal,detail,True,True,rtt=12.75ms
1779496857.0804312,ack_recv,latency_ack,6298,C6_full_detail,C6_full_detail,89,normal,detail,True,True,rtt=43.85ms
1779496857.1708589,ack_recv,latency_ack,6299,C6_full_detail,C6_full_detail,89,normal,detail,True,True,rtt=34.10ms
1779496857.2574966,ack_recv,latency_ack,6300,C6_full_detail,C6_full_detail,89,normal,detail,True,True,rtt=20.41ms
1779496857.3482857,ack_recv,latency_ack,6301,C6_full_detail,C6_full_detail,89,normal,detail,True,True,rtt=10.53ms
1779496857.4432044,ack_recv,latency_ack,6302,C6_full_detail,C6_full_detail,89,normal,detail,True,True,rtt=5.09ms
1779496857.5883992,ack_recv,latency_ack,6303,C6_full_detail,C6_full_detail,89,normal,detail,True,True,rtt=49.92ms
1779496857.6783302,ack_recv,latency_ack,6304,C6_full_detail,C6_full_detail,89,normal,detail,True,True,rtt=38.97ms
1779496857.769191,ack_recv,latency_ack,6305,C6_full_detail,C6_full_detail,89,normal,detail,True,True,rtt=29.05ms
1779496857.8609018,ack_recv,latency_ack,6306,C6_full_detail,C6_full_detail,89,normal,detail,True,True,rtt=19.87ms
1779496857.9534552,ack_recv,latency_ack,6307,C6_full_detail,C6_full_detail,89,normal,detail,True,True,rtt=11.42ms
1779496858.0839314,ack_recv,latency_ack,6308,C6_full_detail,C6_full_detail,89,normal,detail,True,True,rtt=41.44ms
1779496858.1680324,ack_recv,latency_ack,6309,C6_full_detail,C6_full_detail,89,normal,detail,True,True,rtt=25.12ms
1779496858.2642443,ack_recv,latency_ack,6310,C6_full_detail,C6_full_detail,89,normal,detail,True,True,rtt=18.31ms
1779496858.3573556,ack_recv,latency_ack,6311,C6_full_detail,C6_full_detail,89,normal,detail,True,True,rtt=10.16ms
1779496858.4606104,ack_recv,latency_ack,6312,C6_full_detail,C6_full_detail,89,normal,detail,True,True,rtt=12.74ms
1779496858.5662098,ack_recv,latency_ack,6313,C6_full_detail,C6_full_detail,89,normal,detail,True,True,rtt=18.12ms
1779496858.6719682,ack_recv,latency_ack,6314,C6_full_detail,C6_full_detail,89,normal,detail,True,True,rtt=23.20ms
1779496858.7651095,ack_recv,latency_ack,6315,C6_full_detail,C6_full_detail,89,normal,detail,True,True,rtt=15.68ms
1779496858.8570504,ack_recv,latency_ack,6316,C6_full_detail,C6_full_detail,89,normal,detail,True,True,rtt=7.08ms
1779496858.9689336,ack_recv,latency_ack,6317,C6_full_detail,C6_full_detail,89,normal,detail,True,True,rtt=18.50ms
1779496859.0674078,ack_recv,latency_ack,6318,C6_full_detail,C6_full_detail,89,normal,detail,True,True,rtt=16.05ms
1779496859.1860564,ack_recv,latency_ack,6319,C6_full_detail,C6_full_detail,89,normal,detail,True,True,rtt=34.07ms
1779496859.271688,ack_recv,latency_ack,6320,C6_full_detail,C6_full_detail,89,normal,detail,True,True,rtt=16.62ms
1779496859.374836,ack_recv,latency_ack,6321,C6_full_detail,C6_full_detail,89,normal,detail,True,True,rtt=19.40ms
1779496859.4669921,ack_recv,latency_ack,6322,C6_full_detail,C6_full_detail,89,normal,detail,True,True,rtt=10.86ms
1779496859.5732853,ack_recv,latency_ack,6323,C6_full_detail,C6_full_detail,89,normal,detail,True,True,rtt=16.24ms
1779496859.669999,ack_recv,latency_ack,6324,C6_full_detail,C6_full_detail,89,normal,detail,True,True,rtt=12.35ms
1779496859.7669184,ack_recv,latency_ack,6325,C6_full_detail,C6_full_detail,89,normal,detail,True,True,rtt=6.14ms
1779496859.8692904,ack_recv,latency_ack,6326,C6_full_detail,C6_full_detail,89,normal,detail,True,True,rtt=6.67ms
1779496859.9752476,ack_recv,latency_ack,6327,C6_full_detail,C6_full_detail,89,normal,detail,True,True,rtt=11.97ms
1779496860.0714483,ack_recv,latency_ack,6328,C6_full_detail,C6_full_detail,89,normal,detail,True,True,rtt=7.76ms
1779496860.1913426,ack_recv,latency_ack,6329,C6_full_detail,C6_full_detail,89,normal,detail,True,True,rtt=27.03ms
1779496860.2741094,ack_recv,latency_ack,6330,C6_full_detail,C6_full_detail,89,normal,detail,True,True,rtt=9.53ms
1779496860.3890343,ack_recv,latency_ack,6331,C6_full_detail,C6_full_detail,89,normal,detail,True,True,rtt=23.31ms
1779496860.4759843,ack_recv,latency_ack,6332,C6_full_detail,C6_full_detail,89,normal,detail,True,True,rtt=9.75ms
1779496860.5843291,ack_recv,latency_ack,6333,C6_full_detail,C6_full_detail,89,normal,detail,True,True,rtt=17.17ms
1779496860.6785526,ack_recv,latency_ack,6334,C6_full_detail,C6_full_detail,89,normal,detail,True,True,rtt=11.17ms
1779496860.776513,ack_recv,latency_ack,6335,C6_full_detail,C6_full_detail,89,normal,detail,True,True,rtt=8.46ms
1779496860.9417825,ack_recv,latency_ack,6336,C6_full_detail,C6_full_detail,89,normal,detail,True,True,rtt=72.87ms
1779496860.9883394,ack_recv,latency_ack,6337,C6_full_detail,C6_full_detail,89,normal,detail,True,True,rtt=19.10ms
1779496861.0807362,ack_recv,latency_ack,6338,C6_full_detail,C6_full_detail,89,normal,detail,True,True,rtt=11.37ms
1779496861.1889722,ack_recv,latency_ack,6339,C6_full_detail,C6_full_detail,89,normal,detail,True,True,rtt=18.84ms
1779496861.286745,ack_recv,latency_ack,6340,C6_full_detail,C6_full_detail,89,normal,detail,True,True,rtt=15.90ms
1779496861.388093,ack_recv,latency_ack,6341,C6_full_detail,C6_full_detail,89,normal,detail,True,True,rtt=17.21ms
1779496861.4981427,ack_recv,latency_ack,6342,C6_full_detail,C6_full_detail,89,normal,detail,True,True,rtt=26.28ms
1779496861.5917084,ack_recv,latency_ack,6343,C6_full_detail,C6_full_detail,89,normal,detail,True,True,rtt=19.53ms
1779496861.684155,ack_recv,latency_ack,6344,C6_full_detail,C6_full_detail,89,normal,detail,True,True,rtt=11.51ms
1779496861.7949271,ack_recv,latency_ack,6345,C6_full_detail,C6_full_detail,89,normal,detail,True,True,rtt=22.09ms
1779496861.9011753,ack_recv,latency_ack,6346,C6_full_detail,C6_full_detail,89,normal,detail,True,True,rtt=27.63ms
1779496861.991565,ack_recv,latency_ack,6347,C6_full_detail,C6_full_detail,89,normal,detail,True,True,rtt=17.62ms
1779496862.0870383,ack_recv,latency_ack,6348,C6_full_detail,C6_full_detail,89,normal,detail,True,True,rtt=12.53ms
1779496862.1935813,ack_recv,latency_ack,6349,C6_full_detail,C6_full_detail,89,normal,detail,True,True,rtt=18.59ms
1779496862.2907822,ack_recv,latency_ack,6350,C6_full_detail,C6_full_detail,89,normal,detail,True,True,rtt=15.25ms
1779496862.381572,ack_recv,latency_ack,6351,C6_full_detail,C6_full_detail,89,normal,detail,True,True,rtt=5.62ms
1779496862.530074,ack_recv,latency_ack,6352,C6_full_detail,C6_full_detail,89,normal,detail,True,True,rtt=54.02ms
1779496862.613272,ack_recv,latency_ack,6353,C6_full_detail,C6_full_detail,89,normal,detail,True,True,rtt=36.86ms
1779496862.69915,ack_recv,latency_ack,6354,C6_full_detail,C6_full_detail,89,normal,detail,True,True,rtt=22.02ms
1779496862.7885022,ack_recv,latency_ack,6355,C6_full_detail,C6_full_detail,89,normal,detail,True,True,rtt=10.57ms
1779496862.8922784,ack_recv,latency_ack,6356,C6_full_detail,C6_full_detail,89,normal,detail,True,True,rtt=9.72ms
1779496863.021482,ack_recv,latency_ack,6357,C6_full_detail,C6_full_detail,89,normal,detail,True,True,rtt=38.40ms
1779496863.105414,ack_recv,latency_ack,6358,C6_full_detail,C6_full_detail,89,normal,detail,True,True,rtt=21.29ms
1779496863.203945,ack_recv,latency_ack,6359,C6_full_detail,C6_full_detail,89,normal,detail,True,True,rtt=19.22ms
1779496863.298138,ack_recv,latency_ack,6360,C6_full_detail,C6_full_detail,89,normal,detail,True,True,rtt=12.84ms
1779496863.4548073,ack_recv,latency_ack,6361,C6_full_detail,C6_full_detail,89,normal,detail,True,True,rtt=67.96ms
1779496863.5003378,ack_recv,latency_ack,6362,C6_full_detail,C6_full_detail,89,normal,detail,True,True,rtt=13.51ms
1779496863.5938659,ack_recv,latency_ack,6363,C6_full_detail,C6_full_detail,89,normal,detail,True,True,rtt=4.63ms
1779496863.7548678,ack_recv,latency_ack,6364,C6_full_detail,C6_full_detail,89,normal,detail,True,True,rtt=66.92ms
1779496863.8392105,ack_recv,latency_ack,6365,C6_full_detail,C6_full_detail,89,normal,detail,True,True,rtt=50.61ms
1779496863.9268155,ack_recv,latency_ack,6366,C6_full_detail,C6_full_detail,89,normal,detail,True,True,rtt=35.59ms
1779496864.0141551,ack_recv,latency_ack,6367,C6_full_detail,C6_full_detail,89,normal,detail,True,True,rtt=22.05ms
1779496864.1068347,ack_recv,latency_ack,6368,C6_full_detail,C6_full_detail,89,normal,detail,True,True,rtt=14.26ms
1779496864.2357342,ack_recv,latency_ack,6369,C6_full_detail,C6_full_detail,89,normal,detail,True,True,rtt=42.57ms
1779496864.322636,ack_recv,latency_ack,6370,C6_full_detail,C6_full_detail,89,normal,detail,True,True,rtt=29.31ms
1779496864.3993194,ack_recv,latency_ack,6371,C6_full_detail,C6_full_detail,89,normal,detail,True,True,rtt=4.46ms
1779496864.5096335,ack_recv,latency_ack,6372,C6_full_detail,C6_full_detail,89,normal,detail,True,True,rtt=14.03ms
1779496864.6024117,ack_recv,latency_ack,6373,C6_full_detail,C6_full_detail,89,normal,detail,True,True,rtt=5.93ms
1779496864.7125385,ack_recv,latency_ack,6374,C6_full_detail,C6_full_detail,89,normal,detail,True,True,rtt=15.78ms
1779496864.8075304,ack_recv,latency_ack,6375,C6_full_detail,C6_full_detail,89,normal,detail,True,True,rtt=10.43ms
1779496864.9192717,ack_recv,latency_ack,6376,C6_full_detail,C6_full_detail,89,normal,detail,True,True,rtt=21.26ms
1779496865.0080626,ack_recv,latency_ack,6377,C6_full_detail,C6_full_detail,89,normal,detail,True,True,rtt=9.08ms
1779496865.1212385,ack_recv,latency_ack,6378,C6_full_detail,C6_full_detail,89,normal,detail,True,True,rtt=21.65ms
1779496865.2276359,ack_recv,latency_ack,6379,C6_full_detail,C6_full_detail,89,normal,detail,True,True,rtt=27.33ms
1779496865.3226724,ack_recv,latency_ack,6380,C6_full_detail,C6_full_detail,89,normal,detail,True,True,rtt=21.34ms
1779496865.4112048,ack_recv,latency_ack,6381,C6_full_detail,C6_full_detail,89,normal,detail,True,True,rtt=9.63ms
1779496865.5194004,ack_recv,latency_ack,6382,C6_full_detail,C6_full_detail,89,normal,detail,True,True,rtt=16.89ms
1779496865.6114829,ack_recv,latency_ack,6383,C6_full_detail,C6_full_detail,89,normal,detail,True,True,rtt=8.69ms
1779496865.7207685,ack_recv,latency_ack,6384,C6_full_detail,C6_full_detail,89,normal,detail,True,True,rtt=17.32ms
1779496865.8162053,ack_recv,latency_ack,6385,C6_full_detail,C6_full_detail,89,normal,detail,True,True,rtt=12.03ms
1779496865.9193058,ack_recv,latency_ack,6386,C6_full_detail,C6_full_detail,89,normal,detail,True,True,rtt=14.51ms
1779496866.0126736,ack_recv,latency_ack,6387,C6_full_detail,C6_full_detail,89,normal,detail,True,True,rtt=7.45ms
1779496866.1238725,ack_recv,latency_ack,6388,C6_full_detail,C6_full_detail,89,normal,detail,True,True,rtt=18.00ms
1779496866.215519,ack_recv,latency_ack,6389,C6_full_detail,C6_full_detail,89,normal,detail,True,True,rtt=8.84ms
1779496866.3241272,ack_recv,latency_ack,6390,C6_full_detail,C6_full_detail,89,normal,detail,True,True,rtt=17.30ms
1779496866.4168046,ack_recv,latency_ack,6391,C6_full_detail,C6_full_detail,89,normal,detail,True,True,rtt=9.76ms
1779496866.5275836,ack_recv,latency_ack,6392,C6_full_detail,C6_full_detail,89,normal,detail,True,True,rtt=20.41ms
1779496866.641907,ack_recv,latency_ack,6393,C6_full_detail,C6_full_detail,89,normal,detail,True,True,rtt=34.04ms
1779496866.7364218,ack_recv,latency_ack,6394,C6_full_detail,C6_full_detail,89,normal,detail,True,True,rtt=28.00ms
1779496866.8234339,ack_recv,latency_ack,6395,C6_full_detail,C6_full_detail,89,normal,detail,True,True,rtt=14.15ms
1779496866.9357252,ack_recv,latency_ack,6396,C6_full_detail,C6_full_detail,89,normal,detail,True,True,rtt=25.25ms
1779496867.0254781,ack_recv,latency_ack,6397,C6_full_detail,C6_full_detail,89,normal,detail,True,True,rtt=14.26ms
1779496867.1341376,ack_recv,latency_ack,6398,C6_full_detail,C6_full_detail,89,normal,detail,True,True,rtt=22.66ms
1779496867.225027,ack_recv,latency_ack,6399,C6_full_detail,C6_full_detail,89,normal,detail,True,True,rtt=13.36ms
1779496867.330702,ack_recv,latency_ack,6400,C6_full_detail,C6_full_detail,89,normal,detail,True,True,rtt=18.31ms
1779496867.429368,ack_recv,latency_ack,6401,C6_full_detail,C6_full_detail,89,normal,detail,True,True,rtt=16.06ms
1779496867.52619,ack_recv,latency_ack,6402,C6_full_detail,C6_full_detail,89,normal,detail,True,True,rtt=10.65ms
1779496867.6295826,ack_recv,latency_ack,6403,C6_full_detail,C6_full_detail,89,normal,detail,True,True,rtt=13.06ms
1779496867.7400446,ack_recv,latency_ack,6404,C6_full_detail,C6_full_detail,89,normal,detail,True,True,rtt=22.80ms
1779496867.8294563,ack_recv,latency_ack,6405,C6_full_detail,C6_full_detail,89,normal,detail,True,True,rtt=11.52ms
1779496867.9403582,ack_recv,latency_ack,6406,C6_full_detail,C6_full_detail,89,normal,detail,True,True,rtt=21.90ms
1779496868.0503054,ack_recv,latency_ack,6407,C6_full_detail,C6_full_detail,89,normal,detail,True,True,rtt=29.19ms
1779496868.1366186,ack_recv,latency_ack,6408,C6_full_detail,C6_full_detail,89,normal,detail,True,True,rtt=14.16ms
1779496868.2377222,ack_recv,latency_ack,6409,C6_full_detail,C6_full_detail,89,normal,detail,True,True,rtt=14.74ms
1779496868.3386898,ack_recv,latency_ack,6410,C6_full_detail,C6_full_detail,89,normal,detail,True,True,rtt=15.41ms
1779496868.4424374,ack_recv,latency_ack,6411,C6_full_detail,C6_full_detail,89,normal,detail,True,True,rtt=18.83ms
1779496868.5465393,ack_recv,latency_ack,6412,C6_full_detail,C6_full_detail,89,normal,detail,True,True,rtt=22.51ms
1779496868.6415563,ack_recv,latency_ack,6413,C6_full_detail,C6_full_detail,89,normal,detail,True,True,rtt=16.55ms
1779496868.7340453,ack_recv,latency_ack,6414,C6_full_detail,C6_full_detail,89,normal,detail,True,True,rtt=8.78ms
1779496868.842746,ack_recv,latency_ack,6415,C6_full_detail,C6_full_detail,89,normal,detail,True,True,rtt=17.09ms
1779496868.9347908,ack_recv,latency_ack,6416,C6_full_detail,C6_full_detail,89,normal,detail,True,True,rtt=8.25ms
1779496869.0821457,ack_recv,latency_ack,6417,C6_full_detail,C6_full_detail,89,normal,detail,True,True,rtt=55.08ms
1779496869.1821337,ack_recv,latency_ack,6418,C6_full_detail,C6_full_detail,89,normal,detail,True,True,rtt=54.70ms
1779496869.264377,ack_recv,latency_ack,6419,C6_full_detail,C6_full_detail,89,normal,detail,True,True,rtt=36.73ms
1779496869.3487396,ack_recv,latency_ack,6420,C6_full_detail,C6_full_detail,89,normal,detail,True,True,rtt=20.71ms
1779496869.4338813,ack_recv,latency_ack,6421,C6_full_detail,C6_full_detail,89,normal,detail,True,True,rtt=5.65ms
1779496869.5414717,ack_recv,latency_ack,6422,C6_full_detail,C6_full_detail,89,normal,detail,True,True,rtt=12.98ms
1779496869.638022,ack_recv,latency_ack,6423,C6_full_detail,C6_full_detail,89,normal,detail,True,True,rtt=9.00ms
1779496869.7953098,ack_recv,latency_ack,6424,C6_full_detail,C6_full_detail,89,normal,detail,True,True,rtt=65.58ms
1779496869.8814569,ack_recv,latency_ack,6425,C6_full_detail,C6_full_detail,89,normal,detail,True,True,rtt=51.45ms
1779496869.9673252,ack_recv,latency_ack,6426,C6_full_detail,C6_full_detail,89,normal,detail,True,True,rtt=36.67ms
1779496870.06831,ack_recv,latency_ack,6427,C6_full_detail,C6_full_detail,89,normal,detail,True,True,rtt=36.64ms
1779496870.153616,ack_recv,latency_ack,6428,C6_full_detail,C6_full_detail,89,normal,detail,True,True,rtt=21.39ms
1779496870.2468154,ack_recv,latency_ack,6429,C6_full_detail,C6_full_detail,89,normal,detail,True,True,rtt=13.82ms
1779496870.3447053,ack_recv,latency_ack,6430,C6_full_detail,C6_full_detail,89,normal,detail,True,True,rtt=11.18ms
1779496870.4499197,ack_recv,latency_ack,6431,C6_full_detail,C6_full_detail,89,normal,detail,True,True,rtt=16.09ms
1779496870.5483177,ack_recv,latency_ack,6432,C6_full_detail,C6_full_detail,89,normal,detail,True,True,rtt=14.21ms
1779496870.6553433,ack_recv,latency_ack,6433,C6_full_detail,C6_full_detail,89,normal,detail,True,True,rtt=20.75ms
1779496870.7406769,ack_recv,latency_ack,6434,C6_full_detail,C6_full_detail,89,normal,detail,True,True,rtt=5.83ms
1779496870.852219,ack_recv,latency_ack,6435,C6_full_detail,C6_full_detail,89,normal,detail,True,True,rtt=17.18ms
1779496870.9441564,ack_recv,latency_ack,6436,C6_full_detail,C6_full_detail,89,normal,detail,True,True,rtt=8.67ms
1779496871.0856307,ack_recv,latency_ack,6437,C6_full_detail,C6_full_detail,89,normal,detail,True,True,rtt=49.78ms
1779496871.1693091,ack_recv,latency_ack,6438,C6_full_detail,C6_full_detail,89,normal,detail,True,True,rtt=33.08ms
1779496871.2630157,ack_recv,latency_ack,6439,C6_full_detail,C6_full_detail,89,normal,detail,True,True,rtt=26.61ms
1779496871.3491952,ack_recv,latency_ack,6440,C6_full_detail,C6_full_detail,89,normal,detail,True,True,rtt=12.31ms
1779496871.453116,ack_recv,latency_ack,6441,C6_full_detail,C6_full_detail,89,normal,detail,True,True,rtt=15.82ms
1779496871.592222,ack_recv,latency_ack,6442,C6_full_detail,C6_full_detail,89,normal,detail,True,True,rtt=54.29ms
1779496871.6639245,ack_recv,latency_ack,6443,C6_full_detail,C6_full_detail,89,normal,detail,True,True,rtt=22.68ms
1779496871.749534,ack_recv,latency_ack,6444,C6_full_detail,C6_full_detail,89,normal,detail,True,True,rtt=7.20ms
1779496871.8635929,ack_recv,latency_ack,6445,C6_full_detail,C6_full_detail,89,normal,detail,True,True,rtt=20.66ms
1779496871.9526331,ack_recv,latency_ack,6446,C6_full_detail,C6_full_detail,89,normal,detail,True,True,rtt=9.16ms
1779496872.062105,ack_recv,latency_ack,6447,C6_full_detail,C6_full_detail,89,normal,detail,True,True,rtt=18.23ms
1779496872.1622305,ack_recv,latency_ack,6448,C6_full_detail,C6_full_detail,89,normal,detail,True,True,rtt=6.79ms
1779496872.2640965,ack_recv,latency_ack,6449,C6_full_detail,C6_full_detail,89,normal,detail,True,True,rtt=8.10ms
1779496872.3735409,ack_recv,latency_ack,6450,C6_full_detail,C6_full_detail,89,normal,detail,True,True,rtt=17.19ms
1779496872.4703343,ack_recv,latency_ack,6451,C6_full_detail,C6_full_detail,89,normal,detail,True,True,rtt=13.55ms
1779496872.5902402,ack_recv,latency_ack,6452,C6_full_detail,C6_full_detail,89,normal,detail,True,True,rtt=32.89ms
1779496872.6872168,ack_recv,latency_ack,6453,C6_full_detail,C6_full_detail,89,normal,detail,True,True,rtt=29.06ms
1779496872.7741697,ack_recv,latency_ack,6454,C6_full_detail,C6_full_detail,89,normal,detail,True,True,rtt=15.54ms
1779496872.8741007,ack_recv,latency_ack,6455,C6_full_detail,C6_full_detail,89,normal,detail,True,True,rtt=14.81ms
1779496873.0071766,ack_recv,latency_ack,6456,C6_full_detail,C6_full_detail,89,normal,detail,True,True,rtt=47.56ms
1779496873.0914419,ack_recv,latency_ack,6457,C6_full_detail,C6_full_detail,89,normal,detail,True,True,rtt=31.72ms
1779496873.175483,ack_recv,latency_ack,6458,C6_full_detail,C6_full_detail,89,normal,detail,True,True,rtt=15.45ms
1779496873.2775292,ack_recv,latency_ack,6459,C6_full_detail,C6_full_detail,89,normal,detail,True,True,rtt=17.36ms
1779496873.3682044,ack_recv,latency_ack,6460,C6_full_detail,C6_full_detail,89,normal,detail,True,True,rtt=7.88ms
1779496873.4795706,ack_recv,latency_ack,6461,C6_full_detail,C6_full_detail,89,normal,detail,True,True,rtt=18.34ms
1779496873.5750785,ack_recv,latency_ack,6462,C6_full_detail,C6_full_detail,89,normal,detail,True,True,rtt=13.51ms
1779496873.677982,ack_recv,latency_ack,6463,C6_full_detail,C6_full_detail,89,normal,detail,True,True,rtt=16.18ms
1779496873.7755737,ack_recv,latency_ack,6464,C6_full_detail,C6_full_detail,89,normal,detail,True,True,rtt=13.16ms
1779496873.881726,ack_recv,latency_ack,6465,C6_full_detail,C6_full_detail,89,normal,detail,True,True,rtt=19.05ms
1779496873.9784703,ack_recv,latency_ack,6466,C6_full_detail,C6_full_detail,89,normal,detail,True,True,rtt=15.26ms
1779496874.0779934,ack_recv,latency_ack,6467,C6_full_detail,C6_full_detail,89,normal,detail,True,True,rtt=12.95ms
1779496874.1810966,ack_recv,latency_ack,6468,C6_full_detail,C6_full_detail,89,normal,detail,True,True,rtt=16.68ms
1779496874.28587,ack_recv,latency_ack,6469,C6_full_detail,C6_full_detail,89,normal,detail,True,True,rtt=21.04ms
1779496874.3779497,ack_recv,latency_ack,6470,C6_full_detail,C6_full_detail,89,normal,detail,True,True,rtt=12.45ms
1779496874.470298,ack_recv,latency_ack,6471,C6_full_detail,C6_full_detail,89,normal,detail,True,True,rtt=4.23ms
1779496874.6023946,ack_recv,latency_ack,6472,C6_full_detail,C6_full_detail,89,normal,detail,True,True,rtt=35.02ms
1779496874.7103884,ack_recv,latency_ack,6473,C6_full_detail,C6_full_detail,89,normal,detail,True,True,rtt=42.55ms
1779496874.7975454,ack_recv,latency_ack,6474,C6_full_detail,C6_full_detail,89,normal,detail,True,True,rtt=30.40ms
1779496874.88166,ack_recv,latency_ack,6475,C6_full_detail,C6_full_detail,89,normal,detail,True,True,rtt=13.70ms
1779496874.98734,ack_recv,latency_ack,6476,C6_full_detail,C6_full_detail,89,normal,detail,True,True,rtt=19.08ms
1779496875.081521,ack_recv,latency_ack,6477,C6_full_detail,C6_full_detail,89,normal,detail,True,True,rtt=12.86ms
1779496875.1794217,ack_recv,latency_ack,6478,C6_full_detail,C6_full_detail,89,normal,detail,True,True,rtt=9.29ms
1779496875.3260636,ack_recv,latency_ack,6479,C6_full_detail,C6_full_detail,89,normal,detail,True,True,rtt=56.57ms
1779496875.4126182,ack_recv,latency_ack,6480,C6_full_detail,C6_full_detail,89,normal,detail,True,True,rtt=42.34ms
1779496875.4980948,ack_recv,latency_ack,6481,C6_full_detail,C6_full_detail,89,normal,detail,True,True,rtt=27.61ms
1779496875.5870316,ack_recv,latency_ack,6482,C6_full_detail,C6_full_detail,89,normal,detail,True,True,rtt=16.18ms
1779496875.686441,ack_recv,latency_ack,6483,C6_full_detail,C6_full_detail,89,normal,detail,True,True,rtt=15.05ms
1779496875.838005,ack_recv,latency_ack,6484,C6_full_detail,C6_full_detail,89,normal,detail,True,True,rtt=66.16ms
1779496875.924691,ack_recv,latency_ack,6485,C6_full_detail,C6_full_detail,89,normal,detail,True,True,rtt=52.66ms
1779496876.0114608,ack_recv,latency_ack,6486,C6_full_detail,C6_full_detail,89,normal,detail,True,True,rtt=38.92ms
1779496876.0976908,ack_recv,latency_ack,6487,C6_full_detail,C6_full_detail,89,normal,detail,True,True,rtt=24.27ms
1779496876.185005,ack_recv,latency_ack,6488,C6_full_detail,C6_full_detail,89,normal,detail,True,True,rtt=9.97ms
1779496876.2826798,ack_recv,latency_ack,6489,C6_full_detail,C6_full_detail,89,normal,detail,True,True,rtt=8.08ms
1779496876.3825078,ack_recv,latency_ack,6490,C6_full_detail,C6_full_detail,89,normal,detail,True,True,rtt=6.46ms
1779496876.5024626,ack_recv,latency_ack,6491,C6_full_detail,C6_full_detail,89,normal,detail,True,True,rtt=25.92ms
1779496876.583248,ack_recv,latency_ack,6492,C6_full_detail,C6_full_detail,89,normal,detail,True,True,rtt=6.12ms
1779496876.6908557,ack_recv,latency_ack,6493,C6_full_detail,C6_full_detail,89,normal,detail,True,True,rtt=12.85ms
1779496876.7850406,ack_recv,latency_ack,6494,C6_full_detail,C6_full_detail,89,normal,detail,True,True,rtt=4.93ms
1779496876.895675,ack_recv,latency_ack,6495,C6_full_detail,C6_full_detail,89,normal,detail,True,True,rtt=14.65ms
1779496877.004353,ack_recv,latency_ack,6496,C6_full_detail,C6_full_detail,89,normal,detail,True,True,rtt=23.06ms
1779496877.0986857,ack_recv,latency_ack,6497,C6_full_detail,C6_full_detail,89,normal,detail,True,True,rtt=16.98ms
1779496877.195137,ack_recv,latency_ack,6498,C6_full_detail,C6_full_detail,89,normal,detail,True,True,rtt=13.19ms
1779496877.3382132,ack_recv,latency_ack,6499,C6_full_detail,C6_full_detail,89,normal,detail,True,True,rtt=54.97ms
1779496877.424486,ack_recv,latency_ack,6500,C6_full_detail,C6_full_detail,89,normal,detail,True,True,rtt=39.44ms
1779496877.4968648,ack_recv,latency_ack,6501,C6_full_detail,C6_full_detail,89,normal,detail,True,True,rtt=11.04ms
1779496877.6097012,ack_recv,latency_ack,6502,C6_full_detail,C6_full_detail,89,normal,detail,True,True,rtt=23.47ms
1779496877.706282,ack_recv,latency_ack,6503,C6_full_detail,C6_full_detail,89,normal,detail,True,True,rtt=19.67ms
1779496877.7948682,ack_recv,latency_ack,6504,C6_full_detail,C6_full_detail,89,normal,detail,True,True,rtt=8.03ms
1779496877.8970423,ack_recv,latency_ack,6505,C6_full_detail,C6_full_detail,89,normal,detail,True,True,rtt=9.84ms
1779496877.9947999,ack_recv,latency_ack,6506,C6_full_detail,C6_full_detail,89,normal,detail,True,True,rtt=6.55ms
1779496878.094891,ack_recv,latency_ack,6507,C6_full_detail,C6_full_detail,89,normal,detail,True,True,rtt=6.13ms
1779496878.204428,ack_recv,latency_ack,6508,C6_full_detail,C6_full_detail,89,normal,detail,True,True,rtt=15.29ms
1779496878.2953541,ack_recv,latency_ack,6509,C6_full_detail,C6_full_detail,89,normal,detail,True,True,rtt=5.88ms
1779496878.4043071,ack_recv,latency_ack,6510,C6_full_detail,C6_full_detail,89,normal,detail,True,True,rtt=14.31ms
1779496878.4963336,ack_recv,latency_ack,6511,C6_full_detail,C6_full_detail,89,normal,detail,True,True,rtt=5.92ms
1779496878.605311,ack_recv,latency_ack,6512,C6_full_detail,C6_full_detail,89,normal,detail,True,True,rtt=14.26ms
1779496878.6978376,ack_recv,latency_ack,6513,C6_full_detail,C6_full_detail,89,normal,detail,True,True,rtt=5.91ms
1779496878.8319025,ack_recv,latency_ack,6514,C6_full_detail,C6_full_detail,89,normal,detail,True,True,rtt=39.18ms
1779496878.929893,ack_recv,latency_ack,6515,C6_full_detail,C6_full_detail,89,normal,detail,True,True,rtt=35.40ms
1779496879.0133023,ack_recv,latency_ack,6516,C6_full_detail,C6_full_detail,89,normal,detail,True,True,rtt=19.60ms
1779496879.104227,ack_recv,latency_ack,6517,C6_full_detail,C6_full_detail,89,normal,detail,True,True,rtt=10.04ms
1779496879.2154825,ack_recv,latency_ack,6518,C6_full_detail,C6_full_detail,89,normal,detail,True,True,rtt=20.87ms
1779496879.3071964,ack_recv,latency_ack,6519,C6_full_detail,C6_full_detail,89,normal,detail,True,True,rtt=12.00ms
1779496879.4185421,ack_recv,latency_ack,6520,C6_full_detail,C6_full_detail,89,normal,detail,True,True,rtt=23.16ms
1779496879.5096936,ack_recv,latency_ack,6521,C6_full_detail,C6_full_detail,89,normal,detail,True,True,rtt=13.82ms
1779496879.6017172,ack_recv,latency_ack,6522,C6_full_detail,C6_full_detail,89,normal,detail,True,True,rtt=4.96ms
1779496879.7109363,ack_recv,latency_ack,6523,C6_full_detail,C6_full_detail,89,normal,detail,True,True,rtt=13.54ms
1779496879.8162158,ack_recv,latency_ack,6524,C6_full_detail,C6_full_detail,89,normal,detail,True,True,rtt=18.42ms
1779496879.9035444,ack_recv,latency_ack,6525,C6_full_detail,C6_full_detail,89,normal,detail,True,True,rtt=5.07ms
1779496880.0045116,ack_recv,latency_ack,6526,C6_full_detail,C6_full_detail,89,normal,detail,True,True,rtt=5.18ms
1779496880.124826,ack_recv,latency_ack,6527,C6_full_detail,C6_full_detail,89,normal,detail,True,True,rtt=24.86ms
1779496880.2218368,ack_recv,latency_ack,6528,C6_full_detail,C6_full_detail,89,normal,detail,True,True,rtt=21.16ms
1779496880.313197,ack_recv,latency_ack,6529,C6_full_detail,C6_full_detail,89,normal,detail,True,True,rtt=12.00ms
1779496880.4085011,ack_recv,latency_ack,6530,C6_full_detail,C6_full_detail,89,normal,detail,True,True,rtt=5.15ms
1779496880.513582,ack_recv,latency_ack,6531,C6_full_detail,C6_full_detail,89,normal,detail,True,True,rtt=8.90ms
1779496880.626113,ack_recv,latency_ack,6532,C6_full_detail,C6_full_detail,89,normal,detail,True,True,rtt=20.77ms
1779496880.714103,ack_recv,latency_ack,6533,C6_full_detail,C6_full_detail,89,normal,detail,True,True,rtt=8.26ms
1779496880.8237476,ack_recv,latency_ack,6534,C6_full_detail,C6_full_detail,89,normal,detail,True,True,rtt=17.71ms
1779496880.9167807,ack_recv,latency_ack,6535,C6_full_detail,C6_full_detail,89,normal,detail,True,True,rtt=8.07ms
1779496881.0269403,ack_recv,latency_ack,6536,C6_full_detail,C6_full_detail,89,normal,detail,True,True,rtt=17.46ms
1779496881.121873,ack_recv,latency_ack,6537,C6_full_detail,C6_full_detail,89,normal,detail,True,True,rtt=11.88ms
1779496881.2272832,ack_recv,latency_ack,6538,C6_full_detail,C6_full_detail,89,normal,detail,True,True,rtt=16.32ms
1779496881.3168857,ack_recv,latency_ack,6539,C6_full_detail,C6_full_detail,89,normal,detail,True,True,rtt=5.45ms
1779496881.4251292,ack_recv,latency_ack,6540,C6_full_detail,C6_full_detail,89,normal,detail,True,True,rtt=10.43ms
1779496881.538152,ack_recv,latency_ack,6541,C6_full_detail,C6_full_detail,89,normal,detail,True,True,rtt=21.83ms
1779496881.627072,ack_recv,latency_ack,6542,C6_full_detail,C6_full_detail,89,normal,detail,True,True,rtt=11.00ms
1779496881.7795594,ack_recv,latency_ack,6543,C6_full_detail,C6_full_detail,89,normal,detail,True,True,rtt=62.43ms
1779496881.8640625,ack_recv,latency_ack,6544,C6_full_detail,C6_full_detail,89,normal,detail,True,True,rtt=46.14ms
1779496881.9510336,ack_recv,latency_ack,6545,C6_full_detail,C6_full_detail,89,normal,detail,True,True,rtt=32.84ms
1779496882.0362284,ack_recv,latency_ack,6546,C6_full_detail,C6_full_detail,89,normal,detail,True,True,rtt=17.40ms
1779496882.1283317,ack_recv,latency_ack,6547,C6_full_detail,C6_full_detail,89,normal,detail,True,True,rtt=9.37ms
1779496882.2343607,ack_recv,latency_ack,6548,C6_full_detail,C6_full_detail,89,normal,detail,True,True,rtt=15.15ms
1779496882.3286543,ack_recv,latency_ack,6549,C6_full_detail,C6_full_detail,89,normal,detail,True,True,rtt=9.17ms
1779496882.4353235,ack_recv,latency_ack,6550,C6_full_detail,C6_full_detail,89,normal,detail,True,True,rtt=15.37ms
1779496882.5326922,ack_recv,latency_ack,6551,C6_full_detail,C6_full_detail,89,normal,detail,True,True,rtt=11.68ms
1779496882.6475554,ack_recv,latency_ack,6552,C6_full_detail,C6_full_detail,89,normal,detail,True,True,rtt=26.06ms
1779496882.747281,ack_recv,latency_ack,6553,C6_full_detail,C6_full_detail,89,normal,detail,True,True,rtt=25.50ms
1779496882.8493025,ack_recv,latency_ack,6554,C6_full_detail,C6_full_detail,89,normal,detail,True,True,rtt=27.25ms
1779496882.9333005,ack_recv,latency_ack,6555,C6_full_detail,C6_full_detail,89,normal,detail,True,True,rtt=11.10ms
1779496883.0419438,ack_recv,latency_ack,6556,C6_full_detail,C6_full_detail,89,normal,detail,True,True,rtt=19.06ms
1779496883.1350925,ack_recv,latency_ack,6557,C6_full_detail,C6_full_detail,89,normal,detail,True,True,rtt=12.01ms
1779496883.2417068,ack_recv,latency_ack,6558,C6_full_detail,C6_full_detail,89,normal,detail,True,True,rtt=18.39ms
1779496883.3354733,ack_recv,latency_ack,6559,C6_full_detail,C6_full_detail,89,normal,detail,True,True,rtt=11.73ms
1779496883.4461582,ack_recv,latency_ack,6560,C6_full_detail,C6_full_detail,89,normal,detail,True,True,rtt=22.05ms
1779496883.5524416,ack_recv,latency_ack,6561,C6_full_detail,C6_full_detail,89,normal,detail,True,True,rtt=27.88ms
1779496883.6404538,ack_recv,latency_ack,6562,C6_full_detail,C6_full_detail,89,normal,detail,True,True,rtt=14.79ms
1779496883.739728,ack_recv,latency_ack,6563,C6_full_detail,C6_full_detail,89,normal,detail,True,True,rtt=13.28ms
1779496883.8411174,ack_recv,latency_ack,6564,C6_full_detail,C6_full_detail,89,normal,detail,True,True,rtt=14.36ms
1779496883.9352715,ack_recv,latency_ack,6565,C6_full_detail,C6_full_detail,89,normal,detail,True,True,rtt=7.85ms
1779496884.0362375,ack_recv,latency_ack,6566,C6_full_detail,C6_full_detail,89,normal,detail,True,True,rtt=8.39ms
1779496884.1373687,ack_recv,latency_ack,6567,C6_full_detail,C6_full_detail,89,normal,detail,True,True,rtt=7.90ms
1779496884.2586434,ack_recv,latency_ack,6568,C6_full_detail,C6_full_detail,89,normal,detail,True,True,rtt=28.90ms
1779496884.3408122,ack_recv,latency_ack,6569,C6_full_detail,C6_full_detail,89,normal,detail,True,True,rtt=10.35ms
1779496884.4532073,ack_recv,latency_ack,6570,C6_full_detail,C6_full_detail,89,normal,detail,True,True,rtt=22.55ms
1779496884.540967,ack_recv,latency_ack,6571,C6_full_detail,C6_full_detail,89,normal,detail,True,True,rtt=10.02ms
1779496884.6403654,ack_recv,latency_ack,6572,C6_full_detail,C6_full_detail,89,normal,detail,True,True,rtt=9.04ms
1779496884.7450607,ack_recv,latency_ack,6573,C6_full_detail,C6_full_detail,89,normal,detail,True,True,rtt=13.44ms
1779496884.8406804,ack_recv,latency_ack,6574,C6_full_detail,C6_full_detail,89,normal,detail,True,True,rtt=8.76ms
1779496884.951988,ack_recv,latency_ack,6575,C6_full_detail,C6_full_detail,89,normal,detail,True,True,rtt=19.33ms
1779496885.0421612,ack_recv,latency_ack,6576,C6_full_detail,C6_full_detail,89,normal,detail,True,True,rtt=8.89ms
1779496885.1507406,ack_recv,latency_ack,6577,C6_full_detail,C6_full_detail,89,normal,detail,True,True,rtt=16.57ms
1779496885.2453456,ack_recv,latency_ack,6578,C6_full_detail,C6_full_detail,89,normal,detail,True,True,rtt=10.53ms
1779496885.3476782,ack_recv,latency_ack,6579,C6_full_detail,C6_full_detail,89,normal,detail,True,True,rtt=12.50ms
1779496885.4416564,ack_recv,latency_ack,6580,C6_full_detail,C6_full_detail,89,normal,detail,True,True,rtt=5.93ms
1779496885.5503223,ack_recv,latency_ack,6581,C6_full_detail,C6_full_detail,89,normal,detail,True,True,rtt=13.58ms
1779496885.6565876,ack_recv,latency_ack,6582,C6_full_detail,C6_full_detail,89,normal,detail,True,True,rtt=19.59ms
1779496885.7508845,ack_recv,latency_ack,6583,C6_full_detail,C6_full_detail,89,normal,detail,True,True,rtt=13.28ms
1779496885.8665192,ack_recv,latency_ack,6584,C6_full_detail,C6_full_detail,89,normal,detail,True,True,rtt=28.30ms
1779496885.9534848,ack_recv,latency_ack,6585,C6_full_detail,C6_full_detail,89,normal,detail,True,True,rtt=14.53ms
1779496886.0484352,ack_recv,latency_ack,6586,C6_full_detail,C6_full_detail,89,normal,detail,True,True,rtt=9.14ms
1779496886.1545377,ack_recv,latency_ack,6587,C6_full_detail,C6_full_detail,89,normal,detail,True,True,rtt=14.85ms
1779496886.248327,ack_recv,latency_ack,6588,C6_full_detail,C6_full_detail,89,normal,detail,True,True,rtt=8.12ms
1779496886.3689606,ack_recv,latency_ack,6589,C6_full_detail,C6_full_detail,89,normal,detail,True,True,rtt=28.36ms
1779496886.4528701,ack_recv,latency_ack,6590,C6_full_detail,C6_full_detail,89,normal,detail,True,True,rtt=11.86ms
1779496886.5592315,ack_recv,latency_ack,6591,C6_full_detail,C6_full_detail,89,normal,detail,True,True,rtt=17.73ms
1779496886.6600003,ack_recv,latency_ack,6592,C6_full_detail,C6_full_detail,89,normal,detail,True,True,rtt=14.31ms
1779496886.766092,ack_recv,latency_ack,6593,C6_full_detail,C6_full_detail,89,normal,detail,True,True,rtt=19.78ms
1779496886.8590531,ack_recv,latency_ack,6594,C6_full_detail,C6_full_detail,89,normal,detail,True,True,rtt=12.29ms
1779496886.965024,ack_recv,latency_ack,6595,C6_full_detail,C6_full_detail,89,normal,detail,True,True,rtt=17.53ms
1779496887.0650876,ack_recv,latency_ack,6596,C6_full_detail,C6_full_detail,89,normal,detail,True,True,rtt=16.92ms
1779496887.157655,ack_recv,latency_ack,6597,C6_full_detail,C6_full_detail,89,normal,detail,True,True,rtt=8.33ms
1779496887.2628005,ack_recv,latency_ack,6598,C6_full_detail,C6_full_detail,89,normal,detail,True,True,rtt=13.18ms
1779496887.3561172,ack_recv,latency_ack,6599,C6_full_detail,C6_full_detail,89,normal,detail,True,True,rtt=6.12ms
1779496887.511445,ack_recv,latency_ack,6600,C6_full_detail,C6_full_detail,89,normal,detail,True,True,rtt=60.88ms
1779496894.118044,ack_recv,latency_ack,6601,C7_full_panorama,C7_full_panorama,93,normal,panorama,True,True,rtt=22.89ms
1779496894.2107186,ack_recv,latency_ack,6602,C7_full_panorama,C7_full_panorama,93,normal,panorama,True,True,rtt=14.71ms
1779496894.3162177,ack_recv,latency_ack,6603,C7_full_panorama,C7_full_panorama,93,normal,panorama,True,True,rtt=19.68ms
1779496894.4220047,ack_recv,latency_ack,6604,C7_full_panorama,C7_full_panorama,93,normal,panorama,True,True,rtt=24.92ms
1779496894.5166945,ack_recv,latency_ack,6605,C7_full_panorama,C7_full_panorama,93,normal,panorama,True,True,rtt=18.97ms
1779496894.6063833,ack_recv,latency_ack,6606,C7_full_panorama,C7_full_panorama,93,normal,panorama,True,True,rtt=8.40ms
1779496894.7148275,ack_recv,latency_ack,6607,C7_full_panorama,C7_full_panorama,93,normal,panorama,True,True,rtt=16.39ms
1779496894.8091114,ack_recv,latency_ack,6608,C7_full_panorama,C7_full_panorama,93,normal,panorama,True,True,rtt=10.17ms
1779496894.9197109,ack_recv,latency_ack,6609,C7_full_panorama,C7_full_panorama,93,normal,panorama,True,True,rtt=19.21ms
1779496895.0082235,ack_recv,latency_ack,6610,C7_full_panorama,C7_full_panorama,93,normal,panorama,True,True,rtt=8.13ms
1779496895.1425233,ack_recv,latency_ack,6611,C7_full_panorama,C7_full_panorama,93,normal,panorama,True,True,rtt=41.91ms
1779496895.2144206,ack_recv,latency_ack,6612,C7_full_panorama,C7_full_panorama,93,normal,panorama,True,True,rtt=13.26ms
1779496895.3167753,ack_recv,latency_ack,6613,C7_full_panorama,C7_full_panorama,93,normal,panorama,True,True,rtt=15.33ms
1779496895.4234698,ack_recv,latency_ack,6614,C7_full_panorama,C7_full_panorama,93,normal,panorama,True,True,rtt=21.57ms
1779496895.531008,ack_recv,latency_ack,6615,C7_full_panorama,C7_full_panorama,93,normal,panorama,True,True,rtt=28.59ms
1779496895.6208866,ack_recv,latency_ack,6616,C7_full_panorama,C7_full_panorama,93,normal,panorama,True,True,rtt=17.96ms
1779496895.7143106,ack_recv,latency_ack,6617,C7_full_panorama,C7_full_panorama,93,normal,panorama,True,True,rtt=10.82ms
1779496895.8273094,ack_recv,latency_ack,6618,C7_full_panorama,C7_full_panorama,93,normal,panorama,True,True,rtt=23.65ms
1779496895.9139836,ack_recv,latency_ack,6619,C7_full_panorama,C7_full_panorama,93,normal,panorama,True,True,rtt=10.16ms
1779496896.024245,ack_recv,latency_ack,6620,C7_full_panorama,C7_full_panorama,93,normal,panorama,True,True,rtt=20.19ms
1779496896.1156516,ack_recv,latency_ack,6621,C7_full_panorama,C7_full_panorama,93,normal,panorama,True,True,rtt=11.10ms
1779496896.2205126,ack_recv,latency_ack,6622,C7_full_panorama,C7_full_panorama,93,normal,panorama,True,True,rtt=15.83ms
1779496896.312869,ack_recv,latency_ack,6623,C7_full_panorama,C7_full_panorama,93,normal,panorama,True,True,rtt=7.96ms
1779496896.4239178,ack_recv,latency_ack,6624,C7_full_panorama,C7_full_panorama,93,normal,panorama,True,True,rtt=18.50ms
1779496896.5136118,ack_recv,latency_ack,6625,C7_full_panorama,C7_full_panorama,93,normal,panorama,True,True,rtt=7.80ms
1779496896.6452923,ack_recv,latency_ack,6626,C7_full_panorama,C7_full_panorama,93,normal,panorama,True,True,rtt=38.89ms
1779496896.7153072,ack_recv,latency_ack,6627,C7_full_panorama,C7_full_panorama,93,normal,panorama,True,True,rtt=8.42ms
1779496896.8232808,ack_recv,latency_ack,6628,C7_full_panorama,C7_full_panorama,93,normal,panorama,True,True,rtt=15.46ms
1779496896.9170356,ack_recv,latency_ack,6629,C7_full_panorama,C7_full_panorama,93,normal,panorama,True,True,rtt=8.88ms
1779496897.0139751,ack_recv,latency_ack,6630,C7_full_panorama,C7_full_panorama,93,normal,panorama,True,True,rtt=5.13ms
1779496897.163785,ack_recv,latency_ack,6631,C7_full_panorama,C7_full_panorama,93,normal,panorama,True,True,rtt=54.46ms
1779496897.2300777,ack_recv,latency_ack,6632,C7_full_panorama,C7_full_panorama,93,normal,panorama,True,True,rtt=20.50ms
1779496897.324394,ack_recv,latency_ack,6633,C7_full_panorama,C7_full_panorama,93,normal,panorama,True,True,rtt=13.78ms
1779496897.4190824,ack_recv,latency_ack,6634,C7_full_panorama,C7_full_panorama,93,normal,panorama,True,True,rtt=7.83ms
1779496897.5245996,ack_recv,latency_ack,6635,C7_full_panorama,C7_full_panorama,93,normal,panorama,True,True,rtt=12.82ms
1779496897.6187222,ack_recv,latency_ack,6636,C7_full_panorama,C7_full_panorama,93,normal,panorama,True,True,rtt=6.49ms
1779496897.7264667,ack_recv,latency_ack,6637,C7_full_panorama,C7_full_panorama,93,normal,panorama,True,True,rtt=13.68ms
1779496897.8189344,ack_recv,latency_ack,6638,C7_full_panorama,C7_full_panorama,93,normal,panorama,True,True,rtt=5.32ms
1779496897.9279873,ack_recv,latency_ack,6639,C7_full_panorama,C7_full_panorama,93,normal,panorama,True,True,rtt=13.94ms
1779496898.0237436,ack_recv,latency_ack,6640,C7_full_panorama,C7_full_panorama,93,normal,panorama,True,True,rtt=8.85ms
1779496898.1279755,ack_recv,latency_ack,6641,C7_full_panorama,C7_full_panorama,93,normal,panorama,True,True,rtt=12.35ms
1779496898.225513,ack_recv,latency_ack,6642,C7_full_panorama,C7_full_panorama,93,normal,panorama,True,True,rtt=9.18ms
1779496898.328014,ack_recv,latency_ack,6643,C7_full_panorama,C7_full_panorama,93,normal,panorama,True,True,rtt=11.19ms
1779496898.4384434,ack_recv,latency_ack,6644,C7_full_panorama,C7_full_panorama,93,normal,panorama,True,True,rtt=20.86ms
1779496898.5313764,ack_recv,latency_ack,6645,C7_full_panorama,C7_full_panorama,93,normal,panorama,True,True,rtt=13.42ms
1779496898.6943154,ack_recv,latency_ack,6646,C7_full_panorama,C7_full_panorama,93,normal,panorama,True,True,rtt=74.94ms
1779496898.78059,ack_recv,latency_ack,6647,C7_full_panorama,C7_full_panorama,93,normal,panorama,True,True,rtt=61.84ms
1779496898.8642235,ack_recv,latency_ack,6648,C7_full_panorama,C7_full_panorama,93,normal,panorama,True,True,rtt=44.81ms
1779496898.9495928,ack_recv,latency_ack,6649,C7_full_panorama,C7_full_panorama,93,normal,panorama,True,True,rtt=29.42ms
1779496899.0358078,ack_recv,latency_ack,6650,C7_full_panorama,C7_full_panorama,93,normal,panorama,True,True,rtt=15.05ms
1779496899.1556537,ack_recv,latency_ack,6651,C7_full_panorama,C7_full_panorama,93,normal,panorama,True,True,rtt=34.33ms
1779496899.2299526,ack_recv,latency_ack,6652,C7_full_panorama,C7_full_panorama,93,normal,panorama,True,True,rtt=8.22ms
1779496899.3373914,ack_recv,latency_ack,6653,C7_full_panorama,C7_full_panorama,93,normal,panorama,True,True,rtt=14.81ms
1779496899.4295685,ack_recv,latency_ack,6654,C7_full_panorama,C7_full_panorama,93,normal,panorama,True,True,rtt=6.17ms
1779496899.5382624,ack_recv,latency_ack,6655,C7_full_panorama,C7_full_panorama,93,normal,panorama,True,True,rtt=13.55ms
1779496899.6323948,ack_recv,latency_ack,6656,C7_full_panorama,C7_full_panorama,93,normal,panorama,True,True,rtt=8.11ms
1779496899.7455444,ack_recv,latency_ack,6657,C7_full_panorama,C7_full_panorama,93,normal,panorama,True,True,rtt=20.77ms
1779496899.836363,ack_recv,latency_ack,6658,C7_full_panorama,C7_full_panorama,93,normal,panorama,True,True,rtt=11.15ms
1779496899.9302769,ack_recv,latency_ack,6659,C7_full_panorama,C7_full_panorama,93,normal,panorama,True,True,rtt=4.33ms
1779496900.0396895,ack_recv,latency_ack,6660,C7_full_panorama,C7_full_panorama,93,normal,panorama,True,True,rtt=13.45ms
1779496900.208242,ack_recv,latency_ack,6661,C7_full_panorama,C7_full_panorama,93,normal,panorama,True,True,rtt=81.79ms
1779496900.2414753,ack_recv,latency_ack,6662,C7_full_panorama,C7_full_panorama,93,normal,panorama,True,True,rtt=14.62ms
1779496900.3500526,ack_recv,latency_ack,6663,C7_full_panorama,C7_full_panorama,93,normal,panorama,True,True,rtt=22.37ms
1779496900.4439905,ack_recv,latency_ack,6664,C7_full_panorama,C7_full_panorama,93,normal,panorama,True,True,rtt=16.06ms
1779496900.5377278,ack_recv,latency_ack,6665,C7_full_panorama,C7_full_panorama,93,normal,panorama,True,True,rtt=9.06ms
1779496900.7012138,ack_recv,latency_ack,6666,C7_full_panorama,C7_full_panorama,93,normal,panorama,True,True,rtt=72.18ms
1779496900.736054,ack_recv,latency_ack,6667,C7_full_panorama,C7_full_panorama,93,normal,panorama,True,True,rtt=6.22ms
1779496900.8480296,ack_recv,latency_ack,6668,C7_full_panorama,C7_full_panorama,93,normal,panorama,True,True,rtt=17.79ms
1779496900.9532313,ack_recv,latency_ack,6669,C7_full_panorama,C7_full_panorama,93,normal,panorama,True,True,rtt=22.27ms
1779496901.0395756,ack_recv,latency_ack,6670,C7_full_panorama,C7_full_panorama,93,normal,panorama,True,True,rtt=7.68ms
1779496901.1389768,ack_recv,latency_ack,6671,C7_full_panorama,C7_full_panorama,93,normal,panorama,True,True,rtt=6.66ms
1779496901.2584589,ack_recv,latency_ack,6672,C7_full_panorama,C7_full_panorama,93,normal,panorama,True,True,rtt=25.62ms
1779496901.34004,ack_recv,latency_ack,6673,C7_full_panorama,C7_full_panorama,93,normal,panorama,True,True,rtt=6.79ms
1779496901.450351,ack_recv,latency_ack,6674,C7_full_panorama,C7_full_panorama,93,normal,panorama,True,True,rtt=16.63ms
1779496901.5388324,ack_recv,latency_ack,6675,C7_full_panorama,C7_full_panorama,93,normal,panorama,True,True,rtt=4.53ms
1779496901.7098327,ack_recv,latency_ack,6676,C7_full_panorama,C7_full_panorama,93,normal,panorama,True,True,rtt=74.91ms
1779496901.7907171,ack_recv,latency_ack,6677,C7_full_panorama,C7_full_panorama,93,normal,panorama,True,True,rtt=55.07ms
1779496901.869522,ack_recv,latency_ack,6678,C7_full_panorama,C7_full_panorama,93,normal,panorama,True,True,rtt=33.31ms
1779496901.9565458,ack_recv,latency_ack,6679,C7_full_panorama,C7_full_panorama,93,normal,panorama,True,True,rtt=18.64ms
1779496902.0652556,ack_recv,latency_ack,6680,C7_full_panorama,C7_full_panorama,93,normal,panorama,True,True,rtt=28.08ms
1779496902.1714158,ack_recv,latency_ack,6681,C7_full_panorama,C7_full_panorama,93,normal,panorama,True,True,rtt=34.16ms
1779496902.2591395,ack_recv,latency_ack,6682,C7_full_panorama,C7_full_panorama,93,normal,panorama,True,True,rtt=20.93ms
1779496902.354773,ack_recv,latency_ack,6683,C7_full_panorama,C7_full_panorama,93,normal,panorama,True,True,rtt=16.02ms
1779496902.4578946,ack_recv,latency_ack,6684,C7_full_panorama,C7_full_panorama,93,normal,panorama,True,True,rtt=18.99ms
1779496902.5575695,ack_recv,latency_ack,6685,C7_full_panorama,C7_full_panorama,93,normal,panorama,True,True,rtt=18.28ms
1779496902.673659,ack_recv,latency_ack,6686,C7_full_panorama,C7_full_panorama,93,normal,panorama,True,True,rtt=34.00ms
1779496902.757433,ack_recv,latency_ack,6687,C7_full_panorama,C7_full_panorama,93,normal,panorama,True,True,rtt=17.54ms
1779496902.8497002,ack_recv,latency_ack,6688,C7_full_panorama,C7_full_panorama,93,normal,panorama,True,True,rtt=9.00ms
1779496902.9615178,ack_recv,latency_ack,6689,C7_full_panorama,C7_full_panorama,93,normal,panorama,True,True,rtt=20.38ms
1779496903.0522208,ack_recv,latency_ack,6690,C7_full_panorama,C7_full_panorama,93,normal,panorama,True,True,rtt=10.62ms
1779496903.1673574,ack_recv,latency_ack,6691,C7_full_panorama,C7_full_panorama,93,normal,panorama,True,True,rtt=25.23ms
1779496903.2659748,ack_recv,latency_ack,6692,C7_full_panorama,C7_full_panorama,93,normal,panorama,True,True,rtt=23.38ms
1779496903.3565075,ack_recv,latency_ack,6693,C7_full_panorama,C7_full_panorama,93,normal,panorama,True,True,rtt=13.66ms
1779496903.4543753,ack_recv,latency_ack,6694,C7_full_panorama,C7_full_panorama,93,normal,panorama,True,True,rtt=11.18ms
1779496903.5636375,ack_recv,latency_ack,6695,C7_full_panorama,C7_full_panorama,93,normal,panorama,True,True,rtt=20.00ms
1779496903.6779177,ack_recv,latency_ack,6696,C7_full_panorama,C7_full_panorama,93,normal,panorama,True,True,rtt=32.93ms
1779496903.7620618,ack_recv,latency_ack,6697,C7_full_panorama,C7_full_panorama,93,normal,panorama,True,True,rtt=16.52ms
1779496903.8590746,ack_recv,latency_ack,6698,C7_full_panorama,C7_full_panorama,93,normal,panorama,True,True,rtt=13.16ms
1779496903.9670281,ack_recv,latency_ack,6699,C7_full_panorama,C7_full_panorama,93,normal,panorama,True,True,rtt=20.26ms
1779496904.0619357,ack_recv,latency_ack,6700,C7_full_panorama,C7_full_panorama,93,normal,panorama,True,True,rtt=14.08ms
1779496904.2334774,ack_recv,latency_ack,6701,C7_full_panorama,C7_full_panorama,93,normal,panorama,True,True,rtt=84.70ms
1779496904.2623813,ack_recv,latency_ack,6702,C7_full_panorama,C7_full_panorama,93,normal,panorama,True,True,rtt=13.29ms
1779496904.3691654,ack_recv,latency_ack,6703,C7_full_panorama,C7_full_panorama,93,normal,panorama,True,True,rtt=19.85ms
1779496904.4591358,ack_recv,latency_ack,6704,C7_full_panorama,C7_full_panorama,93,normal,panorama,True,True,rtt=8.92ms
1779496904.5672894,ack_recv,latency_ack,6705,C7_full_panorama,C7_full_panorama,93,normal,panorama,True,True,rtt=16.29ms
1779496904.7156394,ack_recv,latency_ack,6706,C7_full_panorama,C7_full_panorama,93,normal,panorama,True,True,rtt=63.47ms
1779496904.798768,ack_recv,latency_ack,6707,C7_full_panorama,C7_full_panorama,93,normal,panorama,True,True,rtt=47.06ms
1779496904.882382,ack_recv,latency_ack,6708,C7_full_panorama,C7_full_panorama,93,normal,panorama,True,True,rtt=30.16ms
1779496904.9655292,ack_recv,latency_ack,6709,C7_full_panorama,C7_full_panorama,93,normal,panorama,True,True,rtt=13.14ms
1779496905.0722806,ack_recv,latency_ack,6710,C7_full_panorama,C7_full_panorama,93,normal,panorama,True,True,rtt=19.59ms
1779496905.2275887,ack_recv,latency_ack,6711,C7_full_panorama,C7_full_panorama,93,normal,panorama,True,True,rtt=74.47ms
1779496905.3144147,ack_recv,latency_ack,6712,C7_full_panorama,C7_full_panorama,93,normal,panorama,True,True,rtt=60.89ms
1779496905.3992217,ack_recv,latency_ack,6713,C7_full_panorama,C7_full_panorama,93,normal,panorama,True,True,rtt=45.15ms
1779496905.4847536,ack_recv,latency_ack,6714,C7_full_panorama,C7_full_panorama,93,normal,panorama,True,True,rtt=29.79ms
1779496905.57166,ack_recv,latency_ack,6715,C7_full_panorama,C7_full_panorama,93,normal,panorama,True,True,rtt=16.33ms
1779496905.6832755,ack_recv,latency_ack,6716,C7_full_panorama,C7_full_panorama,93,normal,panorama,True,True,rtt=27.79ms
1779496905.778067,ack_recv,latency_ack,6717,C7_full_panorama,C7_full_panorama,93,normal,panorama,True,True,rtt=21.74ms
1779496905.8712347,ack_recv,latency_ack,6718,C7_full_panorama,C7_full_panorama,93,normal,panorama,True,True,rtt=14.43ms
1779496905.9797196,ack_recv,latency_ack,6719,C7_full_panorama,C7_full_panorama,93,normal,panorama,True,True,rtt=22.13ms
1779496906.0724094,ack_recv,latency_ack,6720,C7_full_panorama,C7_full_panorama,93,normal,panorama,True,True,rtt=14.33ms
1779496906.182382,ack_recv,latency_ack,6721,C7_full_panorama,C7_full_panorama,93,normal,panorama,True,True,rtt=23.85ms
1779496906.2730608,ack_recv,latency_ack,6722,C7_full_panorama,C7_full_panorama,93,normal,panorama,True,True,rtt=13.84ms
1779496906.3780224,ack_recv,latency_ack,6723,C7_full_panorama,C7_full_panorama,93,normal,panorama,True,True,rtt=17.23ms
1779496906.4734738,ack_recv,latency_ack,6724,C7_full_panorama,C7_full_panorama,93,normal,panorama,True,True,rtt=13.09ms
1779496906.566228,ack_recv,latency_ack,6725,C7_full_panorama,C7_full_panorama,93,normal,panorama,True,True,rtt=5.01ms
1779496906.732056,ack_recv,latency_ack,6726,C7_full_panorama,C7_full_panorama,93,normal,panorama,True,True,rtt=70.32ms
1779496906.8177428,ack_recv,latency_ack,6727,C7_full_panorama,C7_full_panorama,93,normal,panorama,True,True,rtt=55.16ms
1779496906.8778749,ack_recv,latency_ack,6728,C7_full_panorama,C7_full_panorama,93,normal,panorama,True,True,rtt=14.67ms
1779496906.9822905,ack_recv,latency_ack,6729,C7_full_panorama,C7_full_panorama,93,normal,panorama,True,True,rtt=18.66ms
1779496907.0761065,ack_recv,latency_ack,6730,C7_full_panorama,C7_full_panorama,93,normal,panorama,True,True,rtt=12.20ms
1779496907.1914248,ack_recv,latency_ack,6731,C7_full_panorama,C7_full_panorama,93,normal,panorama,True,True,rtt=27.09ms
1779496907.2779615,ack_recv,latency_ack,6732,C7_full_panorama,C7_full_panorama,93,normal,panorama,True,True,rtt=13.43ms
1779496907.3851504,ack_recv,latency_ack,6733,C7_full_panorama,C7_full_panorama,93,normal,panorama,True,True,rtt=20.24ms
1779496907.4771845,ack_recv,latency_ack,6734,C7_full_panorama,C7_full_panorama,93,normal,panorama,True,True,rtt=12.09ms
1779496907.584233,ack_recv,latency_ack,6735,C7_full_panorama,C7_full_panorama,93,normal,panorama,True,True,rtt=18.67ms
1779496907.6968489,ack_recv,latency_ack,6736,C7_full_panorama,C7_full_panorama,93,normal,panorama,True,True,rtt=30.69ms
1779496907.7823367,ack_recv,latency_ack,6737,C7_full_panorama,C7_full_panorama,93,normal,panorama,True,True,rtt=16.00ms
1779496907.8789575,ack_recv,latency_ack,6738,C7_full_panorama,C7_full_panorama,93,normal,panorama,True,True,rtt=12.54ms
1779496907.9740698,ack_recv,latency_ack,6739,C7_full_panorama,C7_full_panorama,93,normal,panorama,True,True,rtt=6.95ms
1779496908.0794857,ack_recv,latency_ack,6740,C7_full_panorama,C7_full_panorama,93,normal,panorama,True,True,rtt=12.10ms
1779496908.1976538,ack_recv,latency_ack,6741,C7_full_panorama,C7_full_panorama,93,normal,panorama,True,True,rtt=29.32ms
1779496908.2819705,ack_recv,latency_ack,6742,C7_full_panorama,C7_full_panorama,93,normal,panorama,True,True,rtt=13.05ms
1779496908.4014413,ack_recv,latency_ack,6743,C7_full_panorama,C7_full_panorama,93,normal,panorama,True,True,rtt=31.99ms
1779496908.4810004,ack_recv,latency_ack,6744,C7_full_panorama,C7_full_panorama,93,normal,panorama,True,True,rtt=10.83ms
1779496908.5919337,ack_recv,latency_ack,6745,C7_full_panorama,C7_full_panorama,93,normal,panorama,True,True,rtt=21.61ms
1779496908.7023718,ack_recv,latency_ack,6746,C7_full_panorama,C7_full_panorama,93,normal,panorama,True,True,rtt=31.05ms
1779496908.7798045,ack_recv,latency_ack,6747,C7_full_panorama,C7_full_panorama,93,normal,panorama,True,True,rtt=7.49ms
1779496908.8897512,ack_recv,latency_ack,6748,C7_full_panorama,C7_full_panorama,93,normal,panorama,True,True,rtt=16.90ms
1779496908.9805703,ack_recv,latency_ack,6749,C7_full_panorama,C7_full_panorama,93,normal,panorama,True,True,rtt=6.90ms
1779496909.0871403,ack_recv,latency_ack,6750,C7_full_panorama,C7_full_panorama,93,normal,panorama,True,True,rtt=12.72ms
1779496909.2018816,ack_recv,latency_ack,6751,C7_full_panorama,C7_full_panorama,93,normal,panorama,True,True,rtt=27.18ms
1779496909.3447454,ack_recv,latency_ack,6752,C7_full_panorama,C7_full_panorama,93,normal,panorama,True,True,rtt=69.81ms
1779496909.447249,ack_recv,latency_ack,6753,C7_full_panorama,C7_full_panorama,93,normal,panorama,True,True,rtt=71.79ms
1779496909.5311038,ack_recv,latency_ack,6754,C7_full_panorama,C7_full_panorama,93,normal,panorama,True,True,rtt=54.72ms
1779496909.6341197,ack_recv,latency_ack,6755,C7_full_panorama,C7_full_panorama,93,normal,panorama,True,True,rtt=57.08ms
1779496909.7257998,ack_recv,latency_ack,6756,C7_full_panorama,C7_full_panorama,93,normal,panorama,True,True,rtt=48.27ms
1779496909.8145616,ack_recv,latency_ack,6757,C7_full_panorama,C7_full_panorama,93,normal,panorama,True,True,rtt=35.87ms
1779496909.9008105,ack_recv,latency_ack,6758,C7_full_panorama,C7_full_panorama,93,normal,panorama,True,True,rtt=21.30ms
1779496909.9936588,ack_recv,latency_ack,6759,C7_full_panorama,C7_full_panorama,93,normal,panorama,True,True,rtt=13.89ms
1779496910.151167,ack_recv,latency_ack,6760,C7_full_panorama,C7_full_panorama,93,normal,panorama,True,True,rtt=70.97ms
1779496910.2393627,ack_recv,latency_ack,6761,C7_full_panorama,C7_full_panorama,93,normal,panorama,True,True,rtt=29.61ms
1779496910.3244205,ack_recv,latency_ack,6762,C7_full_panorama,C7_full_panorama,93,normal,panorama,True,True,rtt=14.14ms
1779496910.4510436,ack_recv,latency_ack,6763,C7_full_panorama,C7_full_panorama,93,normal,panorama,True,True,rtt=40.10ms
1779496910.525336,ack_recv,latency_ack,6764,C7_full_panorama,C7_full_panorama,93,normal,panorama,True,True,rtt=13.75ms
1779496910.666951,ack_recv,latency_ack,6765,C7_full_panorama,C7_full_panorama,93,normal,panorama,True,True,rtt=54.61ms
1779496910.7515182,ack_recv,latency_ack,6766,C7_full_panorama,C7_full_panorama,93,normal,panorama,True,True,rtt=38.94ms
1779496910.8379128,ack_recv,latency_ack,6767,C7_full_panorama,C7_full_panorama,93,normal,panorama,True,True,rtt=24.85ms
1779496910.9254243,ack_recv,latency_ack,6768,C7_full_panorama,C7_full_panorama,93,normal,panorama,True,True,rtt=11.47ms
1779496911.0309937,ack_recv,latency_ack,6769,C7_full_panorama,C7_full_panorama,93,normal,panorama,True,True,rtt=16.46ms
1779496911.1253307,ack_recv,latency_ack,6770,C7_full_panorama,C7_full_panorama,93,normal,panorama,True,True,rtt=9.83ms
1779496911.276666,ack_recv,latency_ack,6771,C7_full_panorama,C7_full_panorama,93,normal,panorama,True,True,rtt=60.55ms
1779496911.3299685,ack_recv,latency_ack,6772,C7_full_panorama,C7_full_panorama,93,normal,panorama,True,True,rtt=13.32ms
1779496911.4324653,ack_recv,latency_ack,6773,C7_full_panorama,C7_full_panorama,93,normal,panorama,True,True,rtt=15.67ms
1779496911.527335,ack_recv,latency_ack,6774,C7_full_panorama,C7_full_panorama,93,normal,panorama,True,True,rtt=10.02ms
1779496911.6374793,ack_recv,latency_ack,6775,C7_full_panorama,C7_full_panorama,93,normal,panorama,True,True,rtt=19.21ms
1779496911.7300112,ack_recv,latency_ack,6776,C7_full_panorama,C7_full_panorama,93,normal,panorama,True,True,rtt=11.43ms
1779496911.8395789,ack_recv,latency_ack,6777,C7_full_panorama,C7_full_panorama,93,normal,panorama,True,True,rtt=20.55ms
1779496911.9338276,ack_recv,latency_ack,6778,C7_full_panorama,C7_full_panorama,93,normal,panorama,True,True,rtt=13.97ms
1779496912.04054,ack_recv,latency_ack,6779,C7_full_panorama,C7_full_panorama,93,normal,panorama,True,True,rtt=20.66ms
1779496912.1316721,ack_recv,latency_ack,6780,C7_full_panorama,C7_full_panorama,93,normal,panorama,True,True,rtt=11.29ms
1779496912.2417326,ack_recv,latency_ack,6781,C7_full_panorama,C7_full_panorama,93,normal,panorama,True,True,rtt=20.71ms
1779496912.3336627,ack_recv,latency_ack,6782,C7_full_panorama,C7_full_panorama,93,normal,panorama,True,True,rtt=12.33ms
1779496912.4261603,ack_recv,latency_ack,6783,C7_full_panorama,C7_full_panorama,93,normal,panorama,True,True,rtt=4.11ms
1779496912.5507877,ack_recv,latency_ack,6784,C7_full_panorama,C7_full_panorama,93,normal,panorama,True,True,rtt=28.09ms
1779496912.6440682,ack_recv,latency_ack,6785,C7_full_panorama,C7_full_panorama,93,normal,panorama,True,True,rtt=20.50ms
1779496912.7384205,ack_recv,latency_ack,6786,C7_full_panorama,C7_full_panorama,93,normal,panorama,True,True,rtt=14.12ms
1779496912.8449879,ack_recv,latency_ack,6787,C7_full_panorama,C7_full_panorama,93,normal,panorama,True,True,rtt=18.84ms
1779496912.9752238,ack_recv,latency_ack,6788,C7_full_panorama,C7_full_panorama,93,normal,panorama,True,True,rtt=50.11ms
1779496913.0483797,ack_recv,latency_ack,6789,C7_full_panorama,C7_full_panorama,93,normal,panorama,True,True,rtt=22.91ms
1779496913.14568,ack_recv,latency_ack,6790,C7_full_panorama,C7_full_panorama,93,normal,panorama,True,True,rtt=19.85ms
1779496913.248089,ack_recv,latency_ack,6791,C7_full_panorama,C7_full_panorama,93,normal,panorama,True,True,rtt=21.28ms
1779496913.3376484,ack_recv,latency_ack,6792,C7_full_panorama,C7_full_panorama,93,normal,panorama,True,True,rtt=10.22ms
1779496913.467403,ack_recv,latency_ack,6793,C7_full_panorama,C7_full_panorama,93,normal,panorama,True,True,rtt=39.38ms
1779496913.543139,ack_recv,latency_ack,6794,C7_full_panorama,C7_full_panorama,93,normal,panorama,True,True,rtt=13.45ms
1779496913.647273,ack_recv,latency_ack,6795,C7_full_panorama,C7_full_panorama,93,normal,panorama,True,True,rtt=17.95ms
1779496913.7517009,ack_recv,latency_ack,6796,C7_full_panorama,C7_full_panorama,93,normal,panorama,True,True,rtt=21.59ms
1779496913.8497849,ack_recv,latency_ack,6797,C7_full_panorama,C7_full_panorama,93,normal,panorama,True,True,rtt=19.03ms
1779496913.9734182,ack_recv,latency_ack,6798,C7_full_panorama,C7_full_panorama,93,normal,panorama,True,True,rtt=41.97ms
1779496914.0554755,ack_recv,latency_ack,6799,C7_full_panorama,C7_full_panorama,93,normal,panorama,True,True,rtt=23.61ms
1779496914.146408,ack_recv,latency_ack,6800,C7_full_panorama,C7_full_panorama,93,normal,panorama,True,True,rtt=14.28ms
1779496914.2530189,ack_recv,latency_ack,6801,C7_full_panorama,C7_full_panorama,93,normal,panorama,True,True,rtt=19.72ms
1779496914.3483148,ack_recv,latency_ack,6802,C7_full_panorama,C7_full_panorama,93,normal,panorama,True,True,rtt=14.73ms
1779496914.5147579,ack_recv,latency_ack,6803,C7_full_panorama,C7_full_panorama,93,normal,panorama,True,True,rtt=80.67ms
1779496914.5431032,ack_recv,latency_ack,6804,C7_full_panorama,C7_full_panorama,93,normal,panorama,True,True,rtt=8.85ms
1779496914.6537042,ack_recv,latency_ack,6805,C7_full_panorama,C7_full_panorama,93,normal,panorama,True,True,rtt=18.46ms
1779496914.7519329,ack_recv,latency_ack,6806,C7_full_panorama,C7_full_panorama,93,normal,panorama,True,True,rtt=15.97ms
1779496914.8436985,ack_recv,latency_ack,6807,C7_full_panorama,C7_full_panorama,93,normal,panorama,True,True,rtt=7.04ms
1779496914.969454,ack_recv,latency_ack,6808,C7_full_panorama,C7_full_panorama,93,normal,panorama,True,True,rtt=32.14ms
1779496915.044422,ack_recv,latency_ack,6809,C7_full_panorama,C7_full_panorama,93,normal,panorama,True,True,rtt=7.03ms
1779496915.1627638,ack_recv,latency_ack,6810,C7_full_panorama,C7_full_panorama,93,normal,panorama,True,True,rtt=24.83ms
1779496915.2830567,ack_recv,latency_ack,6811,C7_full_panorama,C7_full_panorama,93,normal,panorama,True,True,rtt=44.05ms
1779496915.3691673,ack_recv,latency_ack,6812,C7_full_panorama,C7_full_panorama,93,normal,panorama,True,True,rtt=30.02ms
1779496915.499406,ack_recv,latency_ack,6813,C7_full_panorama,C7_full_panorama,93,normal,panorama,True,True,rtt=59.85ms
1779496915.5568373,ack_recv,latency_ack,6814,C7_full_panorama,C7_full_panorama,93,normal,panorama,True,True,rtt=16.66ms
1779496915.652122,ack_recv,latency_ack,6815,C7_full_panorama,C7_full_panorama,93,normal,panorama,True,True,rtt=11.46ms
1779496915.7573907,ack_recv,latency_ack,6816,C7_full_panorama,C7_full_panorama,93,normal,panorama,True,True,rtt=16.27ms
1779496915.8517003,ack_recv,latency_ack,6817,C7_full_panorama,C7_full_panorama,93,normal,panorama,True,True,rtt=10.00ms
1779496916.0179694,ack_recv,latency_ack,6818,C7_full_panorama,C7_full_panorama,93,normal,panorama,True,True,rtt=75.58ms
1779496916.102381,ack_recv,latency_ack,6819,C7_full_panorama,C7_full_panorama,93,normal,panorama,True,True,rtt=58.99ms
1779496916.1884112,ack_recv,latency_ack,6820,C7_full_panorama,C7_full_panorama,93,normal,panorama,True,True,rtt=44.47ms
1779496916.271381,ack_recv,latency_ack,6821,C7_full_panorama,C7_full_panorama,93,normal,panorama,True,True,rtt=26.88ms
1779496916.3643045,ack_recv,latency_ack,6822,C7_full_panorama,C7_full_panorama,93,normal,panorama,True,True,rtt=19.10ms
1779496916.479366,ack_recv,latency_ack,6823,C7_full_panorama,C7_full_panorama,93,normal,panorama,True,True,rtt=33.97ms
1779496916.5538502,ack_recv,latency_ack,6824,C7_full_panorama,C7_full_panorama,93,normal,panorama,True,True,rtt=8.26ms
1779496916.6653748,ack_recv,latency_ack,6825,C7_full_panorama,C7_full_panorama,93,normal,panorama,True,True,rtt=18.80ms
1779496916.758503,ack_recv,latency_ack,6826,C7_full_panorama,C7_full_panorama,93,normal,panorama,True,True,rtt=11.34ms
1779496916.8640416,ack_recv,latency_ack,6827,C7_full_panorama,C7_full_panorama,93,normal,panorama,True,True,rtt=16.34ms
1779496916.9573386,ack_recv,latency_ack,6828,C7_full_panorama,C7_full_panorama,93,normal,panorama,True,True,rtt=9.46ms
1779496917.1059108,ack_recv,latency_ack,6829,C7_full_panorama,C7_full_panorama,93,normal,panorama,True,True,rtt=57.76ms
1779496917.194834,ack_recv,latency_ack,6830,C7_full_panorama,C7_full_panorama,93,normal,panorama,True,True,rtt=46.21ms
1779496917.2819753,ack_recv,latency_ack,6831,C7_full_panorama,C7_full_panorama,93,normal,panorama,True,True,rtt=32.43ms
1779496917.3653388,ack_recv,latency_ack,6832,C7_full_panorama,C7_full_panorama,93,normal,panorama,True,True,rtt=15.41ms
1779496917.5363638,ack_recv,latency_ack,6833,C7_full_panorama,C7_full_panorama,93,normal,panorama,True,True,rtt=85.91ms
1779496917.5597603,ack_recv,latency_ack,6834,C7_full_panorama,C7_full_panorama,93,normal,panorama,True,True,rtt=9.15ms
1779496917.6579208,ack_recv,latency_ack,6835,C7_full_panorama,C7_full_panorama,93,normal,panorama,True,True,rtt=6.49ms
1779496917.811317,ack_recv,latency_ack,6836,C7_full_panorama,C7_full_panorama,93,normal,panorama,True,True,rtt=59.31ms
1779496917.897357,ack_recv,latency_ack,6837,C7_full_panorama,C7_full_panorama,93,normal,panorama,True,True,rtt=45.01ms
1779496917.985649,ack_recv,latency_ack,6838,C7_full_panorama,C7_full_panorama,93,normal,panorama,True,True,rtt=32.84ms
1779496918.0587525,ack_recv,latency_ack,6839,C7_full_panorama,C7_full_panorama,93,normal,panorama,True,True,rtt=5.45ms
1779496918.1673512,ack_recv,latency_ack,6840,C7_full_panorama,C7_full_panorama,93,normal,panorama,True,True,rtt=13.40ms
1779496918.2641652,ack_recv,latency_ack,6841,C7_full_panorama,C7_full_panorama,93,normal,panorama,True,True,rtt=10.05ms
1779496918.3697188,ack_recv,latency_ack,6842,C7_full_panorama,C7_full_panorama,93,normal,panorama,True,True,rtt=15.25ms
1779496918.4625616,ack_recv,latency_ack,6843,C7_full_panorama,C7_full_panorama,93,normal,panorama,True,True,rtt=7.95ms
1779496918.5644763,ack_recv,latency_ack,6844,C7_full_panorama,C7_full_panorama,93,normal,panorama,True,True,rtt=9.29ms
1779496918.6636634,ack_recv,latency_ack,6845,C7_full_panorama,C7_full_panorama,93,normal,panorama,True,True,rtt=8.02ms
1779496918.7706964,ack_recv,latency_ack,6846,C7_full_panorama,C7_full_panorama,93,normal,panorama,True,True,rtt=14.18ms
1779496918.8643043,ack_recv,latency_ack,6847,C7_full_panorama,C7_full_panorama,93,normal,panorama,True,True,rtt=7.31ms
1779496919.0060418,ack_recv,latency_ack,6848,C7_full_panorama,C7_full_panorama,93,normal,panorama,True,True,rtt=48.24ms
1779496919.0791507,ack_recv,latency_ack,6849,C7_full_panorama,C7_full_panorama,93,normal,panorama,True,True,rtt=20.84ms
1779496919.1878283,ack_recv,latency_ack,6850,C7_full_panorama,C7_full_panorama,93,normal,panorama,True,True,rtt=29.04ms
1779496919.2808325,ack_recv,latency_ack,6851,C7_full_panorama,C7_full_panorama,93,normal,panorama,True,True,rtt=21.77ms
1779496919.3737571,ack_recv,latency_ack,6852,C7_full_panorama,C7_full_panorama,93,normal,panorama,True,True,rtt=14.01ms
1779496919.541022,ack_recv,latency_ack,6853,C7_full_panorama,C7_full_panorama,93,normal,panorama,True,True,rtt=80.96ms
1779496919.5763457,ack_recv,latency_ack,6854,C7_full_panorama,C7_full_panorama,93,normal,panorama,True,True,rtt=16.01ms
1779496919.6673837,ack_recv,latency_ack,6855,C7_full_panorama,C7_full_panorama,93,normal,panorama,True,True,rtt=6.56ms
1779496919.774163,ack_recv,latency_ack,6856,C7_full_panorama,C7_full_panorama,93,normal,panorama,True,True,rtt=12.93ms
1779496919.8743885,ack_recv,latency_ack,6857,C7_full_panorama,C7_full_panorama,93,normal,panorama,True,True,rtt=11.56ms
1779496920.047027,ack_recv,latency_ack,6858,C7_full_panorama,C7_full_panorama,93,normal,panorama,True,True,rtt=83.32ms
1779496920.073917,ack_recv,latency_ack,6859,C7_full_panorama,C7_full_panorama,93,normal,panorama,True,True,rtt=10.62ms
1779496920.1798818,ack_recv,latency_ack,6860,C7_full_panorama,C7_full_panorama,93,normal,panorama,True,True,rtt=14.95ms
1779496920.2842388,ack_recv,latency_ack,6861,C7_full_panorama,C7_full_panorama,93,normal,panorama,True,True,rtt=19.78ms
1779496920.3754787,ack_recv,latency_ack,6862,C7_full_panorama,C7_full_panorama,93,normal,panorama,True,True,rtt=10.41ms
1779496920.4714854,ack_recv,latency_ack,6863,C7_full_panorama,C7_full_panorama,93,normal,panorama,True,True,rtt=6.06ms
1779496920.577468,ack_recv,latency_ack,6864,C7_full_panorama,C7_full_panorama,93,normal,panorama,True,True,rtt=11.41ms
1779496920.6709,ack_recv,latency_ack,6865,C7_full_panorama,C7_full_panorama,93,normal,panorama,True,True,rtt=4.68ms
1779496920.783822,ack_recv,latency_ack,6866,C7_full_panorama,C7_full_panorama,93,normal,panorama,True,True,rtt=16.21ms
1779496920.8773563,ack_recv,latency_ack,6867,C7_full_panorama,C7_full_panorama,93,normal,panorama,True,True,rtt=9.49ms
1779496921.0432723,ack_recv,latency_ack,6868,C7_full_panorama,C7_full_panorama,93,normal,panorama,True,True,rtt=74.79ms
1779496921.0765011,ack_recv,latency_ack,6869,C7_full_panorama,C7_full_panorama,93,normal,panorama,True,True,rtt=7.81ms
1779496921.186801,ack_recv,latency_ack,6870,C7_full_panorama,C7_full_panorama,93,normal,panorama,True,True,rtt=17.48ms
1779496921.2816656,ack_recv,latency_ack,6871,C7_full_panorama,C7_full_panorama,93,normal,panorama,True,True,rtt=12.26ms
1779496921.3755834,ack_recv,latency_ack,6872,C7_full_panorama,C7_full_panorama,93,normal,panorama,True,True,rtt=5.38ms
1779496921.530897,ack_recv,latency_ack,6873,C7_full_panorama,C7_full_panorama,93,normal,panorama,True,True,rtt=60.08ms
1779496921.583383,ack_recv,latency_ack,6874,C7_full_panorama,C7_full_panorama,93,normal,panorama,True,True,rtt=12.19ms
1779496921.6873786,ack_recv,latency_ack,6875,C7_full_panorama,C7_full_panorama,93,normal,panorama,True,True,rtt=14.91ms
1779496921.7811587,ack_recv,latency_ack,6876,C7_full_panorama,C7_full_panorama,93,normal,panorama,True,True,rtt=8.54ms
1779496921.8884122,ack_recv,latency_ack,6877,C7_full_panorama,C7_full_panorama,93,normal,panorama,True,True,rtt=14.52ms
1779496921.999158,ack_recv,latency_ack,6878,C7_full_panorama,C7_full_panorama,93,normal,panorama,True,True,rtt=25.78ms
1779496922.0917394,ack_recv,latency_ack,6879,C7_full_panorama,C7_full_panorama,93,normal,panorama,True,True,rtt=17.53ms
1779496922.1884444,ack_recv,latency_ack,6880,C7_full_panorama,C7_full_panorama,93,normal,panorama,True,True,rtt=13.91ms
1779496922.294397,ack_recv,latency_ack,6881,C7_full_panorama,C7_full_panorama,93,normal,panorama,True,True,rtt=19.23ms
1779496922.3913715,ack_recv,latency_ack,6882,C7_full_panorama,C7_full_panorama,93,normal,panorama,True,True,rtt=15.29ms
1779496922.555406,ack_recv,latency_ack,6883,C7_full_panorama,C7_full_panorama,93,normal,panorama,True,True,rtt=78.59ms
1779496922.5925543,ack_recv,latency_ack,6884,C7_full_panorama,C7_full_panorama,93,normal,panorama,True,True,rtt=15.49ms
1779496922.6867259,ack_recv,latency_ack,6885,C7_full_panorama,C7_full_panorama,93,normal,panorama,True,True,rtt=8.87ms
1779496922.7934859,ack_recv,latency_ack,6886,C7_full_panorama,C7_full_panorama,93,normal,panorama,True,True,rtt=15.36ms
1779496922.8817935,ack_recv,latency_ack,6887,C7_full_panorama,C7_full_panorama,93,normal,panorama,True,True,rtt=3.56ms
1779496923.0478075,ack_recv,latency_ack,6888,C7_full_panorama,C7_full_panorama,93,normal,panorama,True,True,rtt=68.59ms
1779496923.1491215,ack_recv,latency_ack,6889,C7_full_panorama,C7_full_panorama,93,normal,panorama,True,True,rtt=69.46ms
1779496923.2563577,ack_recv,latency_ack,6890,C7_full_panorama,C7_full_panorama,93,normal,panorama,True,True,rtt=76.03ms
1779496923.3201914,ack_recv,latency_ack,6891,C7_full_panorama,C7_full_panorama,93,normal,panorama,True,True,rtt=39.21ms
1779496923.4040222,ack_recv,latency_ack,6892,C7_full_panorama,C7_full_panorama,93,normal,panorama,True,True,rtt=22.45ms
1779496923.5597978,ack_recv,latency_ack,6893,C7_full_panorama,C7_full_panorama,93,normal,panorama,True,True,rtt=77.91ms
1779496923.5969396,ack_recv,latency_ack,6894,C7_full_panorama,C7_full_panorama,93,normal,panorama,True,True,rtt=14.47ms
1779496923.6955817,ack_recv,latency_ack,6895,C7_full_panorama,C7_full_panorama,93,normal,panorama,True,True,rtt=12.31ms
1779496923.800679,ack_recv,latency_ack,6896,C7_full_panorama,C7_full_panorama,93,normal,panorama,True,True,rtt=17.05ms
1779496923.8948004,ack_recv,latency_ack,6897,C7_full_panorama,C7_full_panorama,93,normal,panorama,True,True,rtt=10.30ms
1779496924.070226,ack_recv,latency_ack,6898,C7_full_panorama,C7_full_panorama,93,normal,panorama,True,True,rtt=55.94ms
1779496924.1531017,ack_recv,latency_ack,6899,C7_full_panorama,C7_full_panorama,93,normal,panorama,True,True,rtt=38.47ms
1779496924.2628798,ack_recv,latency_ack,6900,C7_full_panorama,C7_full_panorama,93,normal,panorama,True,True,rtt=47.72ms
1779496924.33482,ack_recv,latency_ack,6901,C7_full_panorama,C7_full_panorama,93,normal,panorama,True,True,rtt=19.22ms
1779496924.4277916,ack_recv,latency_ack,6902,C7_full_panorama,C7_full_panorama,93,normal,panorama,True,True,rtt=11.45ms
1779496924.583831,ack_recv,latency_ack,6903,C7_full_panorama,C7_full_panorama,93,normal,panorama,True,True,rtt=66.91ms
1779496924.667667,ack_recv,latency_ack,6904,C7_full_panorama,C7_full_panorama,93,normal,panorama,True,True,rtt=50.15ms
1779496924.7676818,ack_recv,latency_ack,6905,C7_full_panorama,C7_full_panorama,93,normal,panorama,True,True,rtt=48.89ms
1779496924.8371844,ack_recv,latency_ack,6906,C7_full_panorama,C7_full_panorama,93,normal,panorama,True,True,rtt=18.39ms
1779496924.946621,ack_recv,latency_ack,6907,C7_full_panorama,C7_full_panorama,93,normal,panorama,True,True,rtt=27.11ms
1779496925.029696,ack_recv,latency_ack,6908,C7_full_panorama,C7_full_panorama,93,normal,panorama,True,True,rtt=9.43ms
1779496925.1274981,ack_recv,latency_ack,6909,C7_full_panorama,C7_full_panorama,93,normal,panorama,True,True,rtt=6.37ms
1779496925.2343402,ack_recv,latency_ack,6910,C7_full_panorama,C7_full_panorama,93,normal,panorama,True,True,rtt=12.53ms
1779496925.3481867,ack_recv,latency_ack,6911,C7_full_panorama,C7_full_panorama,93,normal,panorama,True,True,rtt=25.64ms
1779496925.4333954,ack_recv,latency_ack,6912,C7_full_panorama,C7_full_panorama,93,normal,panorama,True,True,rtt=10.34ms
1779496925.5455296,ack_recv,latency_ack,6913,C7_full_panorama,C7_full_panorama,93,normal,panorama,True,True,rtt=22.28ms
1779496925.6546736,ack_recv,latency_ack,6914,C7_full_panorama,C7_full_panorama,93,normal,panorama,True,True,rtt=30.89ms
1779496925.7619827,ack_recv,latency_ack,6915,C7_full_panorama,C7_full_panorama,93,normal,panorama,True,True,rtt=37.42ms
1779496925.8395026,ack_recv,latency_ack,6916,C7_full_panorama,C7_full_panorama,93,normal,panorama,True,True,rtt=14.26ms
1779496925.935174,ack_recv,latency_ack,6917,C7_full_panorama,C7_full_panorama,93,normal,panorama,True,True,rtt=9.18ms
1779496926.0418332,ack_recv,latency_ack,6918,C7_full_panorama,C7_full_panorama,93,normal,panorama,True,True,rtt=15.35ms
1779496926.1697571,ack_recv,latency_ack,6919,C7_full_panorama,C7_full_panorama,93,normal,panorama,True,True,rtt=42.61ms
1779496926.2810504,ack_recv,latency_ack,6920,C7_full_panorama,C7_full_panorama,93,normal,panorama,True,True,rtt=53.45ms
1779496926.361216,ack_recv,latency_ack,6921,C7_full_panorama,C7_full_panorama,93,normal,panorama,True,True,rtt=33.40ms
1779496926.4519846,ack_recv,latency_ack,6922,C7_full_panorama,C7_full_panorama,93,normal,panorama,True,True,rtt=23.55ms
1779496926.5497866,ack_recv,latency_ack,6923,C7_full_panorama,C7_full_panorama,93,normal,panorama,True,True,rtt=20.51ms
1779496926.6866684,ack_recv,latency_ack,6924,C7_full_panorama,C7_full_panorama,93,normal,panorama,True,True,rtt=57.15ms
1779496926.7815924,ack_recv,latency_ack,6925,C7_full_panorama,C7_full_panorama,93,normal,panorama,True,True,rtt=51.48ms
1779496926.8581629,ack_recv,latency_ack,6926,C7_full_panorama,C7_full_panorama,93,normal,panorama,True,True,rtt=27.30ms
1779496926.9506946,ack_recv,latency_ack,6927,C7_full_panorama,C7_full_panorama,93,normal,panorama,True,True,rtt=19.19ms
1779496927.0382535,ack_recv,latency_ack,6928,C7_full_panorama,C7_full_panorama,93,normal,panorama,True,True,rtt=6.43ms
1779496927.1672397,ack_recv,latency_ack,6929,C7_full_panorama,C7_full_panorama,93,normal,panorama,True,True,rtt=34.74ms
1779496927.2664626,ack_recv,latency_ack,6930,C7_full_panorama,C7_full_panorama,93,normal,panorama,True,True,rtt=33.61ms
1779496927.3506992,ack_recv,latency_ack,6931,C7_full_panorama,C7_full_panorama,93,normal,panorama,True,True,rtt=16.44ms
1779496927.4434335,ack_recv,latency_ack,6932,C7_full_panorama,C7_full_panorama,93,normal,panorama,True,True,rtt=9.20ms
1779496927.5505285,ack_recv,latency_ack,6933,C7_full_panorama,C7_full_panorama,93,normal,panorama,True,True,rtt=15.79ms
1779496927.6734006,ack_recv,latency_ack,6934,C7_full_panorama,C7_full_panorama,93,normal,panorama,True,True,rtt=37.97ms
1779496927.7641215,ack_recv,latency_ack,6935,C7_full_panorama,C7_full_panorama,93,normal,panorama,True,True,rtt=28.34ms
1779496927.8512144,ack_recv,latency_ack,6936,C7_full_panorama,C7_full_panorama,93,normal,panorama,True,True,rtt=14.95ms
1779496927.9513507,ack_recv,latency_ack,6937,C7_full_panorama,C7_full_panorama,93,normal,panorama,True,True,rtt=14.60ms
1779496928.0444033,ack_recv,latency_ack,6938,C7_full_panorama,C7_full_panorama,93,normal,panorama,True,True,rtt=7.20ms
1779496928.1878846,ack_recv,latency_ack,6939,C7_full_panorama,C7_full_panorama,93,normal,panorama,True,True,rtt=50.30ms
1779496928.2720556,ack_recv,latency_ack,6940,C7_full_panorama,C7_full_panorama,93,normal,panorama,True,True,rtt=34.05ms
1779496928.356818,ack_recv,latency_ack,6941,C7_full_panorama,C7_full_panorama,93,normal,panorama,True,True,rtt=18.39ms
1779496928.4519615,ack_recv,latency_ack,6942,C7_full_panorama,C7_full_panorama,93,normal,panorama,True,True,rtt=13.40ms
1779496928.5588615,ack_recv,latency_ack,6943,C7_full_panorama,C7_full_panorama,93,normal,panorama,True,True,rtt=4.83ms
1779496928.665273,ack_recv,latency_ack,6944,C7_full_panorama,C7_full_panorama,93,normal,panorama,True,True,rtt=10.18ms
1779496928.7731476,ack_recv,latency_ack,6945,C7_full_panorama,C7_full_panorama,93,normal,panorama,True,True,rtt=4.59ms
1779496928.8977542,ack_recv,latency_ack,6946,C7_full_panorama,C7_full_panorama,93,normal,panorama,True,True,rtt=28.50ms
1779496928.9880304,ack_recv,latency_ack,6947,C7_full_panorama,C7_full_panorama,93,normal,panorama,True,True,rtt=18.68ms
1779496929.097592,ack_recv,latency_ack,6948,C7_full_panorama,C7_full_panorama,93,normal,panorama,True,True,rtt=27.95ms
1779496929.1964216,ack_recv,latency_ack,6949,C7_full_panorama,C7_full_panorama,93,normal,panorama,True,True,rtt=25.85ms
1779496929.279704,ack_recv,latency_ack,6950,C7_full_panorama,C7_full_panorama,93,normal,panorama,True,True,rtt=6.51ms
1779496929.3898227,ack_recv,latency_ack,6951,C7_full_panorama,C7_full_panorama,93,normal,panorama,True,True,rtt=16.34ms
1779496929.4944615,ack_recv,latency_ack,6952,C7_full_panorama,C7_full_panorama,93,normal,panorama,True,True,rtt=19.28ms
1779496929.5894032,ack_recv,latency_ack,6953,C7_full_panorama,C7_full_panorama,93,normal,panorama,True,True,rtt=14.81ms
1779496929.6814442,ack_recv,latency_ack,6954,C7_full_panorama,C7_full_panorama,93,normal,panorama,True,True,rtt=6.57ms
1779496929.7917912,ack_recv,latency_ack,6955,C7_full_panorama,C7_full_panorama,93,normal,panorama,True,True,rtt=16.74ms
1779496929.8879657,ack_recv,latency_ack,6956,C7_full_panorama,C7_full_panorama,93,normal,panorama,True,True,rtt=12.37ms
1779496929.9960175,ack_recv,latency_ack,6957,C7_full_panorama,C7_full_panorama,93,normal,panorama,True,True,rtt=19.76ms
1779496930.0908277,ack_recv,latency_ack,6958,C7_full_panorama,C7_full_panorama,93,normal,panorama,True,True,rtt=13.86ms
1779496930.1979816,ack_recv,latency_ack,6959,C7_full_panorama,C7_full_panorama,93,normal,panorama,True,True,rtt=20.80ms
1779496930.293371,ack_recv,latency_ack,6960,C7_full_panorama,C7_full_panorama,93,normal,panorama,True,True,rtt=15.42ms
1779496930.3926075,ack_recv,latency_ack,6961,C7_full_panorama,C7_full_panorama,93,normal,panorama,True,True,rtt=14.23ms
1779496930.4977136,ack_recv,latency_ack,6962,C7_full_panorama,C7_full_panorama,93,normal,panorama,True,True,rtt=19.10ms
1779496930.5905058,ack_recv,latency_ack,6963,C7_full_panorama,C7_full_panorama,93,normal,panorama,True,True,rtt=11.40ms
1779496930.697401,ack_recv,latency_ack,6964,C7_full_panorama,C7_full_panorama,93,normal,panorama,True,True,rtt=17.80ms
1779496930.7895977,ack_recv,latency_ack,6965,C7_full_panorama,C7_full_panorama,93,normal,panorama,True,True,rtt=9.55ms
1779496930.8999689,ack_recv,latency_ack,6966,C7_full_panorama,C7_full_panorama,93,normal,panorama,True,True,rtt=19.31ms
1779496930.9956732,ack_recv,latency_ack,6967,C7_full_panorama,C7_full_panorama,93,normal,panorama,True,True,rtt=14.60ms
1779496931.0856724,ack_recv,latency_ack,6968,C7_full_panorama,C7_full_panorama,93,normal,panorama,True,True,rtt=4.05ms
1779496931.237913,ack_recv,latency_ack,6969,C7_full_panorama,C7_full_panorama,93,normal,panorama,True,True,rtt=55.49ms
1779496931.327491,ack_recv,latency_ack,6970,C7_full_panorama,C7_full_panorama,93,normal,panorama,True,True,rtt=44.78ms
1779496931.413725,ack_recv,latency_ack,6971,C7_full_panorama,C7_full_panorama,93,normal,panorama,True,True,rtt=30.20ms
1779496931.5022016,ack_recv,latency_ack,6972,C7_full_panorama,C7_full_panorama,93,normal,panorama,True,True,rtt=18.31ms
1779496931.6011727,ack_recv,latency_ack,6973,C7_full_panorama,C7_full_panorama,93,normal,panorama,True,True,rtt=16.52ms
1779496931.693728,ack_recv,latency_ack,6974,C7_full_panorama,C7_full_panorama,93,normal,panorama,True,True,rtt=7.01ms
1779496931.8519444,ack_recv,latency_ack,6975,C7_full_panorama,C7_full_panorama,93,normal,panorama,True,True,rtt=65.77ms
1779496931.943265,ack_recv,latency_ack,6976,C7_full_panorama,C7_full_panorama,93,normal,panorama,True,True,rtt=56.25ms
1779496932.0402403,ack_recv,latency_ack,6977,C7_full_panorama,C7_full_panorama,93,normal,panorama,True,True,rtt=52.88ms
1779496932.1212575,ack_recv,latency_ack,6978,C7_full_panorama,C7_full_panorama,93,normal,panorama,True,True,rtt=33.04ms
1779496932.208678,ack_recv,latency_ack,6979,C7_full_panorama,C7_full_panorama,93,normal,panorama,True,True,rtt=20.12ms
1779496932.3047743,ack_recv,latency_ack,6980,C7_full_panorama,C7_full_panorama,93,normal,panorama,True,True,rtt=15.90ms
1779496932.3996649,ack_recv,latency_ack,6981,C7_full_panorama,C7_full_panorama,93,normal,panorama,True,True,rtt=10.31ms
1779496932.5294852,ack_recv,latency_ack,6982,C7_full_panorama,C7_full_panorama,93,normal,panorama,True,True,rtt=39.86ms
1779496932.6025596,ack_recv,latency_ack,6983,C7_full_panorama,C7_full_panorama,93,normal,panorama,True,True,rtt=12.53ms
1779496932.7113342,ack_recv,latency_ack,6984,C7_full_panorama,C7_full_panorama,93,normal,panorama,True,True,rtt=21.11ms
1779496932.8038845,ack_recv,latency_ack,6985,C7_full_panorama,C7_full_panorama,93,normal,panorama,True,True,rtt=13.41ms
1779496932.9139495,ack_recv,latency_ack,6986,C7_full_panorama,C7_full_panorama,93,normal,panorama,True,True,rtt=23.29ms
1779496933.0060484,ack_recv,latency_ack,6987,C7_full_panorama,C7_full_panorama,93,normal,panorama,True,True,rtt=15.17ms
1779496933.0999455,ack_recv,latency_ack,6988,C7_full_panorama,C7_full_panorama,93,normal,panorama,True,True,rtt=8.59ms
1779496933.2112932,ack_recv,latency_ack,6989,C7_full_panorama,C7_full_panorama,93,normal,panorama,True,True,rtt=19.37ms
1779496933.3015716,ack_recv,latency_ack,6990,C7_full_panorama,C7_full_panorama,93,normal,panorama,True,True,rtt=9.22ms
1779496933.406541,ack_recv,latency_ack,6991,C7_full_panorama,C7_full_panorama,93,normal,panorama,True,True,rtt=13.75ms
1779496933.5112133,ack_recv,latency_ack,6992,C7_full_panorama,C7_full_panorama,93,normal,panorama,True,True,rtt=17.82ms
1779496933.605662,ack_recv,latency_ack,6993,C7_full_panorama,C7_full_panorama,93,normal,panorama,True,True,rtt=11.88ms
1779496933.7178133,ack_recv,latency_ack,6994,C7_full_panorama,C7_full_panorama,93,normal,panorama,True,True,rtt=23.55ms
1779496933.8114147,ack_recv,latency_ack,6995,C7_full_panorama,C7_full_panorama,93,normal,panorama,True,True,rtt=16.43ms
1779496933.9013462,ack_recv,latency_ack,6996,C7_full_panorama,C7_full_panorama,93,normal,panorama,True,True,rtt=6.06ms
1779496934.0131314,ack_recv,latency_ack,6997,C7_full_panorama,C7_full_panorama,93,normal,panorama,True,True,rtt=17.00ms
1779496934.102287,ack_recv,latency_ack,6998,C7_full_panorama,C7_full_panorama,93,normal,panorama,True,True,rtt=5.83ms
1779496934.213778,ack_recv,latency_ack,6999,C7_full_panorama,C7_full_panorama,93,normal,panorama,True,True,rtt=17.06ms
1779496934.303636,ack_recv,latency_ack,7000,C7_full_panorama,C7_full_panorama,93,normal,panorama,True,True,rtt=6.55ms
1779496934.4141717,ack_recv,latency_ack,7001,C7_full_panorama,C7_full_panorama,93,normal,panorama,True,True,rtt=16.42ms
1779496934.5060172,ack_recv,latency_ack,7002,C7_full_panorama,C7_full_panorama,93,normal,panorama,True,True,rtt=8.09ms
1779496934.615484,ack_recv,latency_ack,7003,C7_full_panorama,C7_full_panorama,93,normal,panorama,True,True,rtt=17.12ms
1779496934.7052534,ack_recv,latency_ack,7004,C7_full_panorama,C7_full_panorama,93,normal,panorama,True,True,rtt=5.99ms
1779496934.818819,ack_recv,latency_ack,7005,C7_full_panorama,C7_full_panorama,93,normal,panorama,True,True,rtt=18.66ms
1779496934.910226,ack_recv,latency_ack,7006,C7_full_panorama,C7_full_panorama,93,normal,panorama,True,True,rtt=9.72ms
1779496935.0190554,ack_recv,latency_ack,7007,C7_full_panorama,C7_full_panorama,93,normal,panorama,True,True,rtt=17.88ms
1779496935.1119127,ack_recv,latency_ack,7008,C7_full_panorama,C7_full_panorama,93,normal,panorama,True,True,rtt=9.83ms
1779496935.2224424,ack_recv,latency_ack,7009,C7_full_panorama,C7_full_panorama,93,normal,panorama,True,True,rtt=19.78ms
1779496935.3145933,ack_recv,latency_ack,7010,C7_full_panorama,C7_full_panorama,93,normal,panorama,True,True,rtt=11.52ms
1779496935.4207182,ack_recv,latency_ack,7011,C7_full_panorama,C7_full_panorama,93,normal,panorama,True,True,rtt=17.09ms
1779496935.5149617,ack_recv,latency_ack,7012,C7_full_panorama,C7_full_panorama,93,normal,panorama,True,True,rtt=10.13ms
1779496935.6243923,ack_recv,latency_ack,7013,C7_full_panorama,C7_full_panorama,93,normal,panorama,True,True,rtt=18.93ms
1779496935.7171042,ack_recv,latency_ack,7014,C7_full_panorama,C7_full_panorama,93,normal,panorama,True,True,rtt=12.94ms
1779496935.8099365,ack_recv,latency_ack,7015,C7_full_panorama,C7_full_panorama,93,normal,panorama,True,True,rtt=5.09ms
1779496935.9207067,ack_recv,latency_ack,7016,C7_full_panorama,C7_full_panorama,93,normal,panorama,True,True,rtt=15.40ms
1779496936.017781,ack_recv,latency_ack,7017,C7_full_panorama,C7_full_panorama,93,normal,panorama,True,True,rtt=11.83ms
1779496936.1726372,ack_recv,latency_ack,7018,C7_full_panorama,C7_full_panorama,93,normal,panorama,True,True,rtt=65.67ms
1779496936.2556334,ack_recv,latency_ack,7019,C7_full_panorama,C7_full_panorama,93,normal,panorama,True,True,rtt=48.56ms
1779496936.3389738,ack_recv,latency_ack,7020,C7_full_panorama,C7_full_panorama,93,normal,panorama,True,True,rtt=30.91ms
1779496936.4253485,ack_recv,latency_ack,7021,C7_full_panorama,C7_full_panorama,93,normal,panorama,True,True,rtt=16.67ms
1779496936.5447414,ack_recv,latency_ack,7022,C7_full_panorama,C7_full_panorama,93,normal,panorama,True,True,rtt=35.35ms
1779496936.622811,ack_recv,latency_ack,7023,C7_full_panorama,C7_full_panorama,93,normal,panorama,True,True,rtt=12.69ms
1779496936.7678905,ack_recv,latency_ack,7024,C7_full_panorama,C7_full_panorama,93,normal,panorama,True,True,rtt=57.49ms
1779496936.852928,ack_recv,latency_ack,7025,C7_full_panorama,C7_full_panorama,93,normal,panorama,True,True,rtt=41.93ms
1779496936.937438,ack_recv,latency_ack,7026,C7_full_panorama,C7_full_panorama,93,normal,panorama,True,True,rtt=26.06ms
1779496937.0464737,ack_recv,latency_ack,7027,C7_full_panorama,C7_full_panorama,93,normal,panorama,True,True,rtt=34.56ms
1779496937.1208394,ack_recv,latency_ack,7028,C7_full_panorama,C7_full_panorama,93,normal,panorama,True,True,rtt=8.73ms
1779496937.230313,ack_recv,latency_ack,7029,C7_full_panorama,C7_full_panorama,93,normal,panorama,True,True,rtt=17.54ms
1779496937.3248785,ack_recv,latency_ack,7030,C7_full_panorama,C7_full_panorama,93,normal,panorama,True,True,rtt=11.57ms
1779496937.4349318,ack_recv,latency_ack,7031,C7_full_panorama,C7_full_panorama,93,normal,panorama,True,True,rtt=20.90ms
1779496937.5478923,ack_recv,latency_ack,7032,C7_full_panorama,C7_full_panorama,93,normal,panorama,True,True,rtt=32.86ms
1779496937.6210182,ack_recv,latency_ack,7033,C7_full_panorama,C7_full_panorama,93,normal,panorama,True,True,rtt=5.27ms
1779496937.7308478,ack_recv,latency_ack,7034,C7_full_panorama,C7_full_panorama,93,normal,panorama,True,True,rtt=14.72ms
1779496937.8242974,ack_recv,latency_ack,7035,C7_full_panorama,C7_full_panorama,93,normal,panorama,True,True,rtt=7.87ms
1779496937.928381,ack_recv,latency_ack,7036,C7_full_panorama,C7_full_panorama,93,normal,panorama,True,True,rtt=11.78ms
1779496938.0962853,ack_recv,latency_ack,7037,C7_full_panorama,C7_full_panorama,93,normal,panorama,True,True,rtt=79.39ms
1779496938.180089,ack_recv,latency_ack,7038,C7_full_panorama,C7_full_panorama,93,normal,panorama,True,True,rtt=62.78ms
1779496938.2648141,ack_recv,latency_ack,7039,C7_full_panorama,C7_full_panorama,93,normal,panorama,True,True,rtt=47.08ms
1779496938.3497918,ack_recv,latency_ack,7040,C7_full_panorama,C7_full_panorama,93,normal,panorama,True,True,rtt=30.92ms
1779496938.4248343,ack_recv,latency_ack,7041,C7_full_panorama,C7_full_panorama,93,normal,panorama,True,True,rtt=5.53ms
1779496938.5965686,ack_recv,latency_ack,7042,C7_full_panorama,C7_full_panorama,93,normal,panorama,True,True,rtt=76.10ms
1779496938.6792932,ack_recv,latency_ack,7043,C7_full_panorama,C7_full_panorama,93,normal,panorama,True,True,rtt=59.65ms
1779496938.7649975,ack_recv,latency_ack,7044,C7_full_panorama,C7_full_panorama,93,normal,panorama,True,True,rtt=44.85ms
1779496938.8320901,ack_recv,latency_ack,7045,C7_full_panorama,C7_full_panorama,93,normal,panorama,True,True,rtt=11.52ms
1779496938.9416854,ack_recv,latency_ack,7046,C7_full_panorama,C7_full_panorama,93,normal,panorama,True,True,rtt=20.80ms
1779496939.0549803,ack_recv,latency_ack,7047,C7_full_panorama,C7_full_panorama,93,normal,panorama,True,True,rtt=33.53ms
1779496939.1950285,ack_recv,latency_ack,7048,C7_full_panorama,C7_full_panorama,93,normal,panorama,True,True,rtt=72.74ms
1779496939.2692943,ack_recv,latency_ack,7049,C7_full_panorama,C7_full_panorama,93,normal,panorama,True,True,rtt=45.93ms
1779496939.3475225,ack_recv,latency_ack,7050,C7_full_panorama,C7_full_panorama,93,normal,panorama,True,True,rtt=22.58ms
1779496939.4433455,ack_recv,latency_ack,7051,C7_full_panorama,C7_full_panorama,93,normal,panorama,True,True,rtt=19.17ms
1779496939.5564165,ack_recv,latency_ack,7052,C7_full_panorama,C7_full_panorama,93,normal,panorama,True,True,rtt=31.48ms
1779496939.6449585,ack_recv,latency_ack,7053,C7_full_panorama,C7_full_panorama,93,normal,panorama,True,True,rtt=19.58ms
1779496939.7355464,ack_recv,latency_ack,7054,C7_full_panorama,C7_full_panorama,93,normal,panorama,True,True,rtt=9.58ms
1779496939.8605464,ack_recv,latency_ack,7055,C7_full_panorama,C7_full_panorama,93,normal,panorama,True,True,rtt=34.11ms
1779496939.9453177,ack_recv,latency_ack,7056,C7_full_panorama,C7_full_panorama,93,normal,panorama,True,True,rtt=18.48ms
1779496940.1116521,ack_recv,latency_ack,7057,C7_full_panorama,C7_full_panorama,93,normal,panorama,True,True,rtt=84.39ms
1779496940.1381016,ack_recv,latency_ack,7058,C7_full_panorama,C7_full_panorama,93,normal,panorama,True,True,rtt=10.44ms
1779496940.2489593,ack_recv,latency_ack,7059,C7_full_panorama,C7_full_panorama,93,normal,panorama,True,True,rtt=20.93ms
1779496940.3411787,ack_recv,latency_ack,7060,C7_full_panorama,C7_full_panorama,93,normal,panorama,True,True,rtt=12.69ms
1779496940.436681,ack_recv,latency_ack,7061,C7_full_panorama,C7_full_panorama,93,normal,panorama,True,True,rtt=7.52ms
1779496940.6014678,ack_recv,latency_ack,7062,C7_full_panorama,C7_full_panorama,93,normal,panorama,True,True,rtt=71.95ms
1779496940.6839821,ack_recv,latency_ack,7063,C7_full_panorama,C7_full_panorama,93,normal,panorama,True,True,rtt=54.03ms
1779496940.7455215,ack_recv,latency_ack,7064,C7_full_panorama,C7_full_panorama,93,normal,panorama,True,True,rtt=15.05ms
1779496940.8432908,ack_recv,latency_ack,7065,C7_full_panorama,C7_full_panorama,93,normal,panorama,True,True,rtt=12.53ms
1779496940.9526505,ack_recv,latency_ack,7066,C7_full_panorama,C7_full_panorama,93,normal,panorama,True,True,rtt=21.11ms
1779496941.069535,ack_recv,latency_ack,7067,C7_full_panorama,C7_full_panorama,93,normal,panorama,True,True,rtt=37.66ms
1779496941.1528955,ack_recv,latency_ack,7068,C7_full_panorama,C7_full_panorama,93,normal,panorama,True,True,rtt=20.68ms
1779496941.2428107,ack_recv,latency_ack,7069,C7_full_panorama,C7_full_panorama,93,normal,panorama,True,True,rtt=10.36ms
1779496941.3487334,ack_recv,latency_ack,7070,C7_full_panorama,C7_full_panorama,93,normal,panorama,True,True,rtt=16.03ms
1779496941.4481273,ack_recv,latency_ack,7071,C7_full_panorama,C7_full_panorama,93,normal,panorama,True,True,rtt=14.95ms
1779496941.5728607,ack_recv,latency_ack,7072,C7_full_panorama,C7_full_panorama,93,normal,panorama,True,True,rtt=39.19ms
1779496941.6526248,ack_recv,latency_ack,7073,C7_full_panorama,C7_full_panorama,93,normal,panorama,True,True,rtt=18.12ms
1779496941.7443683,ack_recv,latency_ack,7074,C7_full_panorama,C7_full_panorama,93,normal,panorama,True,True,rtt=9.53ms
1779496941.8489769,ack_recv,latency_ack,7075,C7_full_panorama,C7_full_panorama,93,normal,panorama,True,True,rtt=13.56ms
1779496941.949412,ack_recv,latency_ack,7076,C7_full_panorama,C7_full_panorama,93,normal,panorama,True,True,rtt=13.26ms
1779496942.1120443,ack_recv,latency_ack,7077,C7_full_panorama,C7_full_panorama,93,normal,panorama,True,True,rtt=75.15ms
1779496942.196297,ack_recv,latency_ack,7078,C7_full_panorama,C7_full_panorama,93,normal,panorama,True,True,rtt=58.60ms
1779496942.2805784,ack_recv,latency_ack,7079,C7_full_panorama,C7_full_panorama,93,normal,panorama,True,True,rtt=42.62ms
1779496942.36472,ack_recv,latency_ack,7080,C7_full_panorama,C7_full_panorama,93,normal,panorama,True,True,rtt=26.03ms
1779496942.45977,ack_recv,latency_ack,7081,C7_full_panorama,C7_full_panorama,93,normal,panorama,True,True,rtt=20.42ms
1779496942.6237016,ack_recv,latency_ack,7082,C7_full_panorama,C7_full_panorama,93,normal,panorama,True,True,rtt=82.79ms
1779496942.7074573,ack_recv,latency_ack,7083,C7_full_panorama,C7_full_panorama,93,normal,panorama,True,True,rtt=66.91ms
1779496942.8132899,ack_recv,latency_ack,7084,C7_full_panorama,C7_full_panorama,93,normal,panorama,True,True,rtt=72.35ms
1779496942.8805602,ack_recv,latency_ack,7085,C7_full_panorama,C7_full_panorama,93,normal,panorama,True,True,rtt=39.28ms
1779496942.9675422,ack_recv,latency_ack,7086,C7_full_panorama,C7_full_panorama,93,normal,panorama,True,True,rtt=25.16ms
1779496943.1188583,ack_recv,latency_ack,7087,C7_full_panorama,C7_full_panorama,93,normal,panorama,True,True,rtt=75.59ms
1779496943.202945,ack_recv,latency_ack,7088,C7_full_panorama,C7_full_panorama,93,normal,panorama,True,True,rtt=58.92ms
1779496943.2896063,ack_recv,latency_ack,7089,C7_full_panorama,C7_full_panorama,93,normal,panorama,True,True,rtt=44.12ms
1779496943.378727,ack_recv,latency_ack,7090,C7_full_panorama,C7_full_panorama,93,normal,panorama,True,True,rtt=33.07ms
1779496943.4584844,ack_recv,latency_ack,7091,C7_full_panorama,C7_full_panorama,93,normal,panorama,True,True,rtt=12.41ms
1779496943.5690389,ack_recv,latency_ack,7092,C7_full_panorama,C7_full_panorama,93,normal,panorama,True,True,rtt=4.38ms
1779496943.674031,ack_recv,latency_ack,7093,C7_full_panorama,C7_full_panorama,93,normal,panorama,True,True,rtt=8.87ms
1779496943.7788496,ack_recv,latency_ack,7094,C7_full_panorama,C7_full_panorama,93,normal,panorama,True,True,rtt=12.98ms
1779496943.8745348,ack_recv,latency_ack,7095,C7_full_panorama,C7_full_panorama,93,normal,panorama,True,True,rtt=7.27ms
1779496943.984051,ack_recv,latency_ack,7096,C7_full_panorama,C7_full_panorama,93,normal,panorama,True,True,rtt=17.62ms
1779496944.0718057,ack_recv,latency_ack,7097,C7_full_panorama,C7_full_panorama,93,normal,panorama,True,True,rtt=5.09ms
1779496944.2067602,ack_recv,latency_ack,7098,C7_full_panorama,C7_full_panorama,93,normal,panorama,True,True,rtt=39.86ms
1779496944.2905293,ack_recv,latency_ack,7099,C7_full_panorama,C7_full_panorama,93,normal,panorama,True,True,rtt=23.30ms
1779496944.385133,ack_recv,latency_ack,7100,C7_full_panorama,C7_full_panorama,93,normal,panorama,True,True,rtt=17.53ms
1779496944.4813924,ack_recv,latency_ack,7101,C7_full_panorama,C7_full_panorama,93,normal,panorama,True,True,rtt=13.04ms
1779496944.5891535,ack_recv,latency_ack,7102,C7_full_panorama,C7_full_panorama,93,normal,panorama,True,True,rtt=20.41ms
1779496944.6843708,ack_recv,latency_ack,7103,C7_full_panorama,C7_full_panorama,93,normal,panorama,True,True,rtt=15.18ms
1779496944.7776577,ack_recv,latency_ack,7104,C7_full_panorama,C7_full_panorama,93,normal,panorama,True,True,rtt=6.98ms
1779496944.88566,ack_recv,latency_ack,7105,C7_full_panorama,C7_full_panorama,93,normal,panorama,True,True,rtt=15.39ms
1779496944.9779203,ack_recv,latency_ack,7106,C7_full_panorama,C7_full_panorama,93,normal,panorama,True,True,rtt=7.17ms
1779496945.0828745,ack_recv,latency_ack,7107,C7_full_panorama,C7_full_panorama,93,normal,panorama,True,True,rtt=9.12ms
1779496945.1838064,ack_recv,latency_ack,7108,C7_full_panorama,C7_full_panorama,93,normal,panorama,True,True,rtt=8.56ms
1779496945.291414,ack_recv,latency_ack,7109,C7_full_panorama,C7_full_panorama,93,normal,panorama,True,True,rtt=15.68ms
1779496945.3949642,ack_recv,latency_ack,7110,C7_full_panorama,C7_full_panorama,93,normal,panorama,True,True,rtt=18.76ms
1779496945.4909747,ack_recv,latency_ack,7111,C7_full_panorama,C7_full_panorama,93,normal,panorama,True,True,rtt=13.84ms
1779496945.599329,ack_recv,latency_ack,7112,C7_full_panorama,C7_full_panorama,93,normal,panorama,True,True,rtt=10.84ms
1779496945.7082846,ack_recv,latency_ack,7113,C7_full_panorama,C7_full_panorama,93,normal,panorama,True,True,rtt=19.34ms
1779496945.7993503,ack_recv,latency_ack,7114,C7_full_panorama,C7_full_panorama,93,normal,panorama,True,True,rtt=9.75ms
1779496945.9113293,ack_recv,latency_ack,7115,C7_full_panorama,C7_full_panorama,93,normal,panorama,True,True,rtt=21.09ms
1779496946.005946,ack_recv,latency_ack,7116,C7_full_panorama,C7_full_panorama,93,normal,panorama,True,True,rtt=15.10ms
1779496946.0961692,ack_recv,latency_ack,7117,C7_full_panorama,C7_full_panorama,93,normal,panorama,True,True,rtt=5.04ms
1779496946.2671661,ack_recv,latency_ack,7118,C7_full_panorama,C7_full_panorama,93,normal,panorama,True,True,rtt=75.81ms
1779496946.3554919,ack_recv,latency_ack,7119,C7_full_panorama,C7_full_panorama,93,normal,panorama,True,True,rtt=63.60ms
1779496946.4421747,ack_recv,latency_ack,7120,C7_full_panorama,C7_full_panorama,93,normal,panorama,True,True,rtt=49.69ms
1779496946.5165102,ack_recv,latency_ack,7121,C7_full_panorama,C7_full_panorama,93,normal,panorama,True,True,rtt=23.47ms
1779496946.6146789,ack_recv,latency_ack,7122,C7_full_panorama,C7_full_panorama,93,normal,panorama,True,True,rtt=20.72ms
1779496946.7021677,ack_recv,latency_ack,7123,C7_full_panorama,C7_full_panorama,93,normal,panorama,True,True,rtt=7.44ms
1779496946.8420358,ack_recv,latency_ack,7124,C7_full_panorama,C7_full_panorama,93,normal,panorama,True,True,rtt=46.62ms
1779496946.9047074,ack_recv,latency_ack,7125,C7_full_panorama,C7_full_panorama,93,normal,panorama,True,True,rtt=8.44ms
1779496947.0121107,ack_recv,latency_ack,7126,C7_full_panorama,C7_full_panorama,93,normal,panorama,True,True,rtt=15.49ms
1779496947.1096876,ack_recv,latency_ack,7127,C7_full_panorama,C7_full_panorama,93,normal,panorama,True,True,rtt=12.65ms
1779496947.2164102,ack_recv,latency_ack,7128,C7_full_panorama,C7_full_panorama,93,normal,panorama,True,True,rtt=18.60ms
1779496947.310759,ack_recv,latency_ack,7129,C7_full_panorama,C7_full_panorama,93,normal,panorama,True,True,rtt=12.37ms
1779496947.406574,ack_recv,latency_ack,7130,C7_full_panorama,C7_full_panorama,93,normal,panorama,True,True,rtt=7.51ms
1779496947.51907,ack_recv,latency_ack,7131,C7_full_panorama,C7_full_panorama,93,normal,panorama,True,True,rtt=19.66ms
1779496947.6245012,ack_recv,latency_ack,7132,C7_full_panorama,C7_full_panorama,93,normal,panorama,True,True,rtt=24.07ms
1779496947.7183459,ack_recv,latency_ack,7133,C7_full_panorama,C7_full_panorama,93,normal,panorama,True,True,rtt=17.57ms
1779496947.811811,ack_recv,latency_ack,7134,C7_full_panorama,C7_full_panorama,93,normal,panorama,True,True,rtt=10.68ms
1779496947.9211633,ack_recv,latency_ack,7135,C7_full_panorama,C7_full_panorama,93,normal,panorama,True,True,rtt=19.61ms
1779496948.0143561,ack_recv,latency_ack,7136,C7_full_panorama,C7_full_panorama,93,normal,panorama,True,True,rtt=12.33ms
1779496948.1231327,ack_recv,latency_ack,7137,C7_full_panorama,C7_full_panorama,93,normal,panorama,True,True,rtt=20.83ms
1779496948.2188795,ack_recv,latency_ack,7138,C7_full_panorama,C7_full_panorama,93,normal,panorama,True,True,rtt=16.07ms
1779496948.4015162,ack_recv,latency_ack,7139,C7_full_panorama,C7_full_panorama,93,normal,panorama,True,True,rtt=97.50ms
1779496948.4167175,ack_recv,latency_ack,7140,C7_full_panorama,C7_full_panorama,93,normal,panorama,True,True,rtt=12.00ms
1779496948.528231,ack_recv,latency_ack,7141,C7_full_panorama,C7_full_panorama,93,normal,panorama,True,True,rtt=23.11ms
1779496948.6199374,ack_recv,latency_ack,7142,C7_full_panorama,C7_full_panorama,93,normal,panorama,True,True,rtt=14.42ms
1779496948.728954,ack_recv,latency_ack,7143,C7_full_panorama,C7_full_panorama,93,normal,panorama,True,True,rtt=23.20ms
1779496948.8174207,ack_recv,latency_ack,7144,C7_full_panorama,C7_full_panorama,93,normal,panorama,True,True,rtt=10.53ms
1779496948.9145234,ack_recv,latency_ack,7145,C7_full_panorama,C7_full_panorama,93,normal,panorama,True,True,rtt=7.02ms
1779496949.0256221,ack_recv,latency_ack,7146,C7_full_panorama,C7_full_panorama,93,normal,panorama,True,True,rtt=17.33ms
1779496949.1299965,ack_recv,latency_ack,7147,C7_full_panorama,C7_full_panorama,93,normal,panorama,True,True,rtt=21.17ms
1779496949.2239263,ack_recv,latency_ack,7148,C7_full_panorama,C7_full_panorama,93,normal,panorama,True,True,rtt=14.38ms
1779496949.3174975,ack_recv,latency_ack,7149,C7_full_panorama,C7_full_panorama,93,normal,panorama,True,True,rtt=7.65ms
1779496949.4244587,ack_recv,latency_ack,7150,C7_full_panorama,C7_full_panorama,93,normal,panorama,True,True,rtt=14.36ms
1779496949.520699,ack_recv,latency_ack,7151,C7_full_panorama,C7_full_panorama,93,normal,panorama,True,True,rtt=10.23ms
1779496949.628255,ack_recv,latency_ack,7152,C7_full_panorama,C7_full_panorama,93,normal,panorama,True,True,rtt=17.17ms
1779496949.719446,ack_recv,latency_ack,7153,C7_full_panorama,C7_full_panorama,93,normal,panorama,True,True,rtt=7.91ms
1779496949.8536303,ack_recv,latency_ack,7154,C7_full_panorama,C7_full_panorama,93,normal,panorama,True,True,rtt=41.66ms
1779496949.9199593,ack_recv,latency_ack,7155,C7_full_panorama,C7_full_panorama,93,normal,panorama,True,True,rtt=7.32ms
1779496950.027745,ack_recv,latency_ack,7156,C7_full_panorama,C7_full_panorama,93,normal,panorama,True,True,rtt=14.32ms
1779496950.122528,ack_recv,latency_ack,7157,C7_full_panorama,C7_full_panorama,93,normal,panorama,True,True,rtt=8.55ms
1779496950.2296746,ack_recv,latency_ack,7158,C7_full_panorama,C7_full_panorama,93,normal,panorama,True,True,rtt=15.54ms
1779496950.3453772,ack_recv,latency_ack,7159,C7_full_panorama,C7_full_panorama,93,normal,panorama,True,True,rtt=30.67ms
1779496950.4326158,ack_recv,latency_ack,7160,C7_full_panorama,C7_full_panorama,93,normal,panorama,True,True,rtt=17.61ms
1779496950.528613,ack_recv,latency_ack,7161,C7_full_panorama,C7_full_panorama,93,normal,panorama,True,True,rtt=12.79ms
1779496950.6363413,ack_recv,latency_ack,7162,C7_full_panorama,C7_full_panorama,93,normal,panorama,True,True,rtt=19.91ms
1779496950.726309,ack_recv,latency_ack,7163,C7_full_panorama,C7_full_panorama,93,normal,panorama,True,True,rtt=9.07ms
1779496950.8557878,ack_recv,latency_ack,7164,C7_full_panorama,C7_full_panorama,93,normal,panorama,True,True,rtt=37.83ms
1779496950.9364834,ack_recv,latency_ack,7165,C7_full_panorama,C7_full_panorama,93,normal,panorama,True,True,rtt=18.19ms
1779496951.0224764,ack_recv,latency_ack,7166,C7_full_panorama,C7_full_panorama,93,normal,panorama,True,True,rtt=4.02ms
1779496951.1314769,ack_recv,latency_ack,7167,C7_full_panorama,C7_full_panorama,93,normal,panorama,True,True,rtt=12.67ms
1779496951.2255228,ack_recv,latency_ack,7168,C7_full_panorama,C7_full_panorama,93,normal,panorama,True,True,rtt=6.15ms
1779496951.3914635,ack_recv,latency_ack,7169,C7_full_panorama,C7_full_panorama,93,normal,panorama,True,True,rtt=71.37ms
1779496951.5392046,ack_recv,latency_ack,7170,C7_full_panorama,C7_full_panorama,93,normal,panorama,True,True,rtt=118.67ms
1779496951.5392046,ack_recv,latency_ack,7171,C7_full_panorama,C7_full_panorama,93,normal,panorama,True,True,rtt=17.76ms
1779496951.635866,ack_recv,latency_ack,7172,C7_full_panorama,C7_full_panorama,93,normal,panorama,True,True,rtt=13.25ms
1779496951.7403297,ack_recv,latency_ack,7173,C7_full_panorama,C7_full_panorama,93,normal,panorama,True,True,rtt=17.14ms
1779496951.849969,ack_recv,latency_ack,7174,C7_full_panorama,C7_full_panorama,93,normal,panorama,True,True,rtt=26.14ms
1779496951.9461687,ack_recv,latency_ack,7175,C7_full_panorama,C7_full_panorama,93,normal,panorama,True,True,rtt=21.78ms
1779496952.0419464,ack_recv,latency_ack,7176,C7_full_panorama,C7_full_panorama,93,normal,panorama,True,True,rtt=17.44ms
1779496952.1342347,ack_recv,latency_ack,7177,C7_full_panorama,C7_full_panorama,93,normal,panorama,True,True,rtt=9.00ms
1779496952.2453992,ack_recv,latency_ack,7178,C7_full_panorama,C7_full_panorama,93,normal,panorama,True,True,rtt=19.57ms
1779496952.3546014,ack_recv,latency_ack,7179,C7_full_panorama,C7_full_panorama,93,normal,panorama,True,True,rtt=27.85ms
1779496952.4500923,ack_recv,latency_ack,7180,C7_full_panorama,C7_full_panorama,93,normal,panorama,True,True,rtt=23.13ms
1779496952.5392122,ack_recv,latency_ack,7181,C7_full_panorama,C7_full_panorama,93,normal,panorama,True,True,rtt=12.11ms
1779496952.6351044,ack_recv,latency_ack,7182,C7_full_panorama,C7_full_panorama,93,normal,panorama,True,True,rtt=6.40ms
1779496952.7434902,ack_recv,latency_ack,7183,C7_full_panorama,C7_full_panorama,93,normal,panorama,True,True,rtt=15.02ms
1779496952.8633704,ack_recv,latency_ack,7184,C7_full_panorama,C7_full_panorama,93,normal,panorama,True,True,rtt=34.27ms
1779496952.9411788,ack_recv,latency_ack,7185,C7_full_panorama,C7_full_panorama,93,normal,panorama,True,True,rtt=11.62ms
1779496953.0508375,ack_recv,latency_ack,7186,C7_full_panorama,C7_full_panorama,93,normal,panorama,True,True,rtt=20.42ms
1779496953.149983,ack_recv,latency_ack,7187,C7_full_panorama,C7_full_panorama,93,normal,panorama,True,True,rtt=19.25ms
1779496953.2418623,ack_recv,latency_ack,7188,C7_full_panorama,C7_full_panorama,93,normal,panorama,True,True,rtt=10.78ms
1779496953.3628654,ack_recv,latency_ack,7189,C7_full_panorama,C7_full_panorama,93,normal,panorama,True,True,rtt=31.10ms
1779496953.442166,ack_recv,latency_ack,7190,C7_full_panorama,C7_full_panorama,93,normal,panorama,True,True,rtt=9.47ms
1779496953.5629818,ack_recv,latency_ack,7191,C7_full_panorama,C7_full_panorama,93,normal,panorama,True,True,rtt=29.55ms
1779496953.6468825,ack_recv,latency_ack,7192,C7_full_panorama,C7_full_panorama,93,normal,panorama,True,True,rtt=12.91ms
1779496953.754245,ack_recv,latency_ack,7193,C7_full_panorama,C7_full_panorama,93,normal,panorama,True,True,rtt=19.26ms
1779496953.861214,ack_recv,latency_ack,7194,C7_full_panorama,C7_full_panorama,93,normal,panorama,True,True,rtt=26.53ms
1779496953.9448762,ack_recv,latency_ack,7195,C7_full_panorama,C7_full_panorama,93,normal,panorama,True,True,rtt=9.70ms
1779496954.0746374,ack_recv,latency_ack,7196,C7_full_panorama,C7_full_panorama,93,normal,panorama,True,True,rtt=38.75ms
1779496954.1985557,ack_recv,latency_ack,7197,C7_full_panorama,C7_full_panorama,93,normal,panorama,True,True,rtt=62.59ms
1779496954.3027468,ack_recv,latency_ack,7198,C7_full_panorama,C7_full_panorama,93,normal,panorama,True,True,rtt=66.47ms
1779496954.400864,ack_recv,latency_ack,7199,C7_full_panorama,C7_full_panorama,93,normal,panorama,True,True,rtt=63.70ms
1779496954.505674,ack_recv,latency_ack,7200,C7_full_panorama,C7_full_panorama,93,normal,panorama,True,True,rtt=67.58ms
1779496954.6300929,ack_recv,latency_ack,7201,C7_full_panorama,C7_full_panorama,93,normal,panorama,True,True,rtt=90.49ms
1779496954.6781983,ack_recv,latency_ack,7202,C7_full_panorama,C7_full_panorama,93,normal,panorama,True,True,rtt=37.85ms
1779496954.761421,ack_recv,latency_ack,7203,C7_full_panorama,C7_full_panorama,93,normal,panorama,True,True,rtt=20.71ms
1779496954.8667886,ack_recv,latency_ack,7204,C7_full_panorama,C7_full_panorama,93,normal,panorama,True,True,rtt=25.55ms
1779496954.955736,ack_recv,latency_ack,7205,C7_full_panorama,C7_full_panorama,93,normal,panorama,True,True,rtt=13.90ms
1779496955.0533116,ack_recv,latency_ack,7206,C7_full_panorama,C7_full_panorama,93,normal,panorama,True,True,rtt=10.97ms
1779496955.1586423,ack_recv,latency_ack,7207,C7_full_panorama,C7_full_panorama,93,normal,panorama,True,True,rtt=15.77ms
1779496955.300763,ack_recv,latency_ack,7208,C7_full_panorama,C7_full_panorama,93,normal,panorama,True,True,rtt=57.23ms
1779496955.3884943,ack_recv,latency_ack,7209,C7_full_panorama,C7_full_panorama,93,normal,panorama,True,True,rtt=23.80ms
1779496955.4848142,ack_recv,latency_ack,7210,C7_full_panorama,C7_full_panorama,93,normal,panorama,True,True,rtt=19.22ms
1779496955.5808425,ack_recv,latency_ack,7211,C7_full_panorama,C7_full_panorama,93,normal,panorama,True,True,rtt=13.37ms
1779496955.6754928,ack_recv,latency_ack,7212,C7_full_panorama,C7_full_panorama,93,normal,panorama,True,True,rtt=7.93ms
1779496955.781712,ack_recv,latency_ack,7213,C7_full_panorama,C7_full_panorama,93,normal,panorama,True,True,rtt=14.29ms
1779496955.8774529,ack_recv,latency_ack,7214,C7_full_panorama,C7_full_panorama,93,normal,panorama,True,True,rtt=9.59ms
1779496955.982666,ack_recv,latency_ack,7215,C7_full_panorama,C7_full_panorama,93,normal,panorama,True,True,rtt=13.98ms
1779496956.0772882,ack_recv,latency_ack,7216,C7_full_panorama,C7_full_panorama,93,normal,panorama,True,True,rtt=8.49ms
1779496956.1855907,ack_recv,latency_ack,7217,C7_full_panorama,C7_full_panorama,93,normal,panorama,True,True,rtt=16.35ms
1779496956.2808466,ack_recv,latency_ack,7218,C7_full_panorama,C7_full_panorama,93,normal,panorama,True,True,rtt=11.18ms
1779496956.3810403,ack_recv,latency_ack,7219,C7_full_panorama,C7_full_panorama,93,normal,panorama,True,True,rtt=10.77ms
1779496956.5339482,ack_recv,latency_ack,7220,C7_full_panorama,C7_full_panorama,93,normal,panorama,True,True,rtt=62.26ms
1779496956.6186025,ack_recv,latency_ack,7221,C7_full_panorama,C7_full_panorama,93,normal,panorama,True,True,rtt=46.48ms
1779496956.6824281,ack_recv,latency_ack,7222,C7_full_panorama,C7_full_panorama,93,normal,panorama,True,True,rtt=9.68ms
1779496956.8017647,ack_recv,latency_ack,7223,C7_full_panorama,C7_full_panorama,93,normal,panorama,True,True,rtt=28.63ms
1779496956.893406,ack_recv,latency_ack,7224,C7_full_panorama,C7_full_panorama,93,normal,panorama,True,True,rtt=7.05ms
1779496957.046542,ack_recv,latency_ack,7225,C7_full_panorama,C7_full_panorama,93,normal,panorama,True,True,rtt=58.03ms
1779496957.1295888,ack_recv,latency_ack,7226,C7_full_panorama,C7_full_panorama,93,normal,panorama,True,True,rtt=40.73ms
1779496957.1971219,ack_recv,latency_ack,7227,C7_full_panorama,C7_full_panorama,93,normal,panorama,True,True,rtt=7.71ms
1779496957.3504884,ack_recv,latency_ack,7228,C7_full_panorama,C7_full_panorama,93,normal,panorama,True,True,rtt=60.59ms
1779496957.4372666,ack_recv,latency_ack,7229,C7_full_panorama,C7_full_panorama,93,normal,panorama,True,True,rtt=46.81ms
1779496957.524319,ack_recv,latency_ack,7230,C7_full_panorama,C7_full_panorama,93,normal,panorama,True,True,rtt=33.30ms
1779496957.6299696,ack_recv,latency_ack,7231,C7_full_panorama,C7_full_panorama,93,normal,panorama,True,True,rtt=38.26ms
1779496957.6963131,ack_recv,latency_ack,7232,C7_full_panorama,C7_full_panorama,93,normal,panorama,True,True,rtt=4.19ms
1779496957.806338,ack_recv,latency_ack,7233,C7_full_panorama,C7_full_panorama,93,normal,panorama,True,True,rtt=13.64ms
1779496957.9356143,ack_recv,latency_ack,7234,C7_full_panorama,C7_full_panorama,93,normal,panorama,True,True,rtt=42.61ms
1779496958.018596,ack_recv,latency_ack,7235,C7_full_panorama,C7_full_panorama,93,normal,panorama,True,True,rtt=24.98ms
1779496958.122367,ack_recv,latency_ack,7236,C7_full_panorama,C7_full_panorama,93,normal,panorama,True,True,rtt=28.49ms
1779496958.2099788,ack_recv,latency_ack,7237,C7_full_panorama,C7_full_panorama,93,normal,panorama,True,True,rtt=15.98ms
1779496958.3057404,ack_recv,latency_ack,7238,C7_full_panorama,C7_full_panorama,93,normal,panorama,True,True,rtt=11.13ms
1779496958.4127734,ack_recv,latency_ack,7239,C7_full_panorama,C7_full_panorama,93,normal,panorama,True,True,rtt=17.37ms
1779496958.5058188,ack_recv,latency_ack,7240,C7_full_panorama,C7_full_panorama,93,normal,panorama,True,True,rtt=10.17ms
1779496958.6859226,ack_recv,latency_ack,7241,C7_full_panorama,C7_full_panorama,93,normal,panorama,True,True,rtt=89.88ms
1779496958.7701411,ack_recv,latency_ack,7242,C7_full_panorama,C7_full_panorama,93,normal,panorama,True,True,rtt=73.54ms
1779496958.876056,ack_recv,latency_ack,7243,C7_full_panorama,C7_full_panorama,93,normal,panorama,True,True,rtt=79.36ms
1779496958.9405644,ack_recv,latency_ack,7244,C7_full_panorama,C7_full_panorama,93,normal,panorama,True,True,rtt=43.66ms
1779496959.011189,ack_recv,latency_ack,7245,C7_full_panorama,C7_full_panorama,93,normal,panorama,True,True,rtt=14.21ms
1779496959.1267538,ack_recv,latency_ack,7246,C7_full_panorama,C7_full_panorama,93,normal,panorama,True,True,rtt=29.17ms
1779496959.220321,ack_recv,latency_ack,7247,C7_full_panorama,C7_full_panorama,93,normal,panorama,True,True,rtt=22.35ms
1779496959.312041,ack_recv,latency_ack,7248,C7_full_panorama,C7_full_panorama,93,normal,panorama,True,True,rtt=13.29ms
1779496959.4189975,ack_recv,latency_ack,7249,C7_full_panorama,C7_full_panorama,93,normal,panorama,True,True,rtt=19.53ms
1779496959.5118737,ack_recv,latency_ack,7250,C7_full_panorama,C7_full_panorama,93,normal,panorama,True,True,rtt=11.67ms
1779496959.680107,ack_recv,latency_ack,7251,C7_full_panorama,C7_full_panorama,93,normal,panorama,True,True,rtt=79.80ms
1779496959.7635915,ack_recv,latency_ack,7252,C7_full_panorama,C7_full_panorama,93,normal,panorama,True,True,rtt=62.88ms
1779496959.8475404,ack_recv,latency_ack,7253,C7_full_panorama,C7_full_panorama,93,normal,panorama,True,True,rtt=46.05ms
1779496959.9330015,ack_recv,latency_ack,7254,C7_full_panorama,C7_full_panorama,93,normal,panorama,True,True,rtt=30.05ms
1779496960.020087,ack_recv,latency_ack,7255,C7_full_panorama,C7_full_panorama,93,normal,panorama,True,True,rtt=16.70ms
1779496960.1868644,ack_recv,latency_ack,7256,C7_full_panorama,C7_full_panorama,93,normal,panorama,True,True,rtt=82.30ms
1779496960.2144468,ack_recv,latency_ack,7257,C7_full_panorama,C7_full_panorama,93,normal,panorama,True,True,rtt=10.37ms
1779496960.3207295,ack_recv,latency_ack,7258,C7_full_panorama,C7_full_panorama,93,normal,panorama,True,True,rtt=16.06ms
1779496960.4150376,ack_recv,latency_ack,7259,C7_full_panorama,C7_full_panorama,93,normal,panorama,True,True,rtt=10.23ms
1779496960.5137713,ack_recv,latency_ack,7260,C7_full_panorama,C7_full_panorama,93,normal,panorama,True,True,rtt=8.35ms
1779496960.6540956,ack_recv,latency_ack,7261,C7_full_panorama,C7_full_panorama,93,normal,panorama,True,True,rtt=48.19ms
1779496960.7285137,ack_recv,latency_ack,7262,C7_full_panorama,C7_full_panorama,93,normal,panorama,True,True,rtt=22.26ms
1779496960.8204849,ack_recv,latency_ack,7263,C7_full_panorama,C7_full_panorama,93,normal,panorama,True,True,rtt=13.85ms
1779496960.9140618,ack_recv,latency_ack,7264,C7_full_panorama,C7_full_panorama,93,normal,panorama,True,True,rtt=6.79ms
1779496961.0274234,ack_recv,latency_ack,7265,C7_full_panorama,C7_full_panorama,93,normal,panorama,True,True,rtt=19.71ms
1779496961.1361444,ack_recv,latency_ack,7266,C7_full_panorama,C7_full_panorama,93,normal,panorama,True,True,rtt=27.58ms
1779496961.2314916,ack_recv,latency_ack,7267,C7_full_panorama,C7_full_panorama,93,normal,panorama,True,True,rtt=22.49ms
1779496961.318587,ack_recv,latency_ack,7268,C7_full_panorama,C7_full_panorama,93,normal,panorama,True,True,rtt=9.28ms
1779496961.4306042,ack_recv,latency_ack,7269,C7_full_panorama,C7_full_panorama,93,normal,panorama,True,True,rtt=20.54ms
1779496961.5261521,ack_recv,latency_ack,7270,C7_full_panorama,C7_full_panorama,93,normal,panorama,True,True,rtt=15.33ms
1779496961.6367588,ack_recv,latency_ack,7271,C7_full_panorama,C7_full_panorama,93,normal,panorama,True,True,rtt=25.10ms
1779496961.770186,ack_recv,latency_ack,7272,C7_full_panorama,C7_full_panorama,93,normal,panorama,True,True,rtt=57.49ms
1779496961.8537128,ack_recv,latency_ack,7273,C7_full_panorama,C7_full_panorama,93,normal,panorama,True,True,rtt=40.57ms
1779496961.9385464,ack_recv,latency_ack,7274,C7_full_panorama,C7_full_panorama,93,normal,panorama,True,True,rtt=24.68ms
1779496962.0276837,ack_recv,latency_ack,7275,C7_full_panorama,C7_full_panorama,93,normal,panorama,True,True,rtt=12.98ms
1779496962.1863222,ack_recv,latency_ack,7276,C7_full_panorama,C7_full_panorama,93,normal,panorama,True,True,rtt=70.82ms
1779496962.2268114,ack_recv,latency_ack,7277,C7_full_panorama,C7_full_panorama,93,normal,panorama,True,True,rtt=10.74ms
1779496962.3347473,ack_recv,latency_ack,7278,C7_full_panorama,C7_full_panorama,93,normal,panorama,True,True,rtt=18.53ms
1779496962.4304307,ack_recv,latency_ack,7279,C7_full_panorama,C7_full_panorama,93,normal,panorama,True,True,rtt=13.86ms
1779496962.5430136,ack_recv,latency_ack,7280,C7_full_panorama,C7_full_panorama,93,normal,panorama,True,True,rtt=25.90ms
1779496962.697946,ack_recv,latency_ack,7281,C7_full_panorama,C7_full_panorama,93,normal,panorama,True,True,rtt=80.34ms
1779496962.7253451,ack_recv,latency_ack,7282,C7_full_panorama,C7_full_panorama,93,normal,panorama,True,True,rtt=7.02ms
1779496962.8355856,ack_recv,latency_ack,7283,C7_full_panorama,C7_full_panorama,93,normal,panorama,True,True,rtt=16.22ms
1779496962.9280124,ack_recv,latency_ack,7284,C7_full_panorama,C7_full_panorama,93,normal,panorama,True,True,rtt=8.26ms
1779496963.0610507,ack_recv,latency_ack,7285,C7_full_panorama,C7_full_panorama,93,normal,panorama,True,True,rtt=40.45ms
1779496963.175104,ack_recv,latency_ack,7286,C7_full_panorama,C7_full_panorama,93,normal,panorama,True,True,rtt=53.84ms
1779496963.263259,ack_recv,latency_ack,7287,C7_full_panorama,C7_full_panorama,93,normal,panorama,True,True,rtt=41.56ms
1779496963.3726742,ack_recv,latency_ack,7288,C7_full_panorama,C7_full_panorama,93,normal,panorama,True,True,rtt=50.53ms
1779496963.4593906,ack_recv,latency_ack,7289,C7_full_panorama,C7_full_panorama,93,normal,panorama,True,True,rtt=36.83ms
1779496963.5448623,ack_recv,latency_ack,7290,C7_full_panorama,C7_full_panorama,93,normal,panorama,True,True,rtt=22.15ms
1779496963.7001512,ack_recv,latency_ack,7291,C7_full_panorama,C7_full_panorama,93,normal,panorama,True,True,rtt=76.87ms
1779496963.7829847,ack_recv,latency_ack,7292,C7_full_panorama,C7_full_panorama,93,normal,panorama,True,True,rtt=59.20ms
1779496963.868824,ack_recv,latency_ack,7293,C7_full_panorama,C7_full_panorama,93,normal,panorama,True,True,rtt=44.84ms
1779496963.9530795,ack_recv,latency_ack,7294,C7_full_panorama,C7_full_panorama,93,normal,panorama,True,True,rtt=27.93ms
1779496964.0475154,ack_recv,latency_ack,7295,C7_full_panorama,C7_full_panorama,93,normal,panorama,True,True,rtt=22.07ms
1779496964.2115407,ack_recv,latency_ack,7296,C7_full_panorama,C7_full_panorama,93,normal,panorama,True,True,rtt=85.48ms
1779496964.2963243,ack_recv,latency_ack,7297,C7_full_panorama,C7_full_panorama,93,normal,panorama,True,True,rtt=68.86ms
1779496964.398661,ack_recv,latency_ack,7298,C7_full_panorama,C7_full_panorama,93,normal,panorama,True,True,rtt=71.46ms
1779496964.4678872,ack_recv,latency_ack,7299,C7_full_panorama,C7_full_panorama,93,normal,panorama,True,True,rtt=40.07ms
1779496964.5516374,ack_recv,latency_ack,7300,C7_full_panorama,C7_full_panorama,93,normal,panorama,True,True,rtt=23.45ms
1779496964.659907,ack_recv,latency_ack,7301,C7_full_panorama,C7_full_panorama,93,normal,panorama,True,True,rtt=31.21ms
1779496964.7443836,ack_recv,latency_ack,7302,C7_full_panorama,C7_full_panorama,93,normal,panorama,True,True,rtt=15.18ms
1779496964.8398292,ack_recv,latency_ack,7303,C7_full_panorama,C7_full_panorama,93,normal,panorama,True,True,rtt=10.25ms
1779496964.9470596,ack_recv,latency_ack,7304,C7_full_panorama,C7_full_panorama,93,normal,panorama,True,True,rtt=16.86ms
1779496965.0445702,ack_recv,latency_ack,7305,C7_full_panorama,C7_full_panorama,93,normal,panorama,True,True,rtt=13.92ms
1779496965.2101436,ack_recv,latency_ack,7306,C7_full_panorama,C7_full_panorama,93,normal,panorama,True,True,rtt=79.24ms
1779496965.2469723,ack_recv,latency_ack,7307,C7_full_panorama,C7_full_panorama,93,normal,panorama,True,True,rtt=15.18ms
1779496965.3528585,ack_recv,latency_ack,7308,C7_full_panorama,C7_full_panorama,93,normal,panorama,True,True,rtt=20.48ms
1779496965.4500687,ack_recv,latency_ack,7309,C7_full_panorama,C7_full_panorama,93,normal,panorama,True,True,rtt=16.96ms
1779496965.553164,ack_recv,latency_ack,7310,C7_full_panorama,C7_full_panorama,93,normal,panorama,True,True,rtt=19.57ms
1779496965.6581004,ack_recv,latency_ack,7311,C7_full_panorama,C7_full_panorama,93,normal,panorama,True,True,rtt=6.71ms
1779496965.7920272,ack_recv,latency_ack,7312,C7_full_panorama,C7_full_panorama,93,normal,panorama,True,True,rtt=37.67ms
1779496965.8711586,ack_recv,latency_ack,7313,C7_full_panorama,C7_full_panorama,93,normal,panorama,True,True,rtt=17.54ms
1779496965.9714162,ack_recv,latency_ack,7314,C7_full_panorama,C7_full_panorama,93,normal,panorama,True,True,rtt=17.16ms
1779496966.0652807,ack_recv,latency_ack,7315,C7_full_panorama,C7_full_panorama,93,normal,panorama,True,True,rtt=10.60ms
1779496966.2112157,ack_recv,latency_ack,7316,C7_full_panorama,C7_full_panorama,93,normal,panorama,True,True,rtt=55.76ms
1779496966.2654967,ack_recv,latency_ack,7317,C7_full_panorama,C7_full_panorama,93,normal,panorama,True,True,rtt=9.90ms
1779496966.3753104,ack_recv,latency_ack,7318,C7_full_panorama,C7_full_panorama,93,normal,panorama,True,True,rtt=19.48ms
1779496966.4682436,ack_recv,latency_ack,7319,C7_full_panorama,C7_full_panorama,93,normal,panorama,True,True,rtt=11.67ms
1779496966.5882888,ack_recv,latency_ack,7320,C7_full_panorama,C7_full_panorama,93,normal,panorama,True,True,rtt=31.29ms
1779496966.6914437,ack_recv,latency_ack,7321,C7_full_panorama,C7_full_panorama,93,normal,panorama,True,True,rtt=33.74ms
1779496966.7832718,ack_recv,latency_ack,7322,C7_full_panorama,C7_full_panorama,93,normal,panorama,True,True,rtt=25.42ms
1779496966.8744504,ack_recv,latency_ack,7323,C7_full_panorama,C7_full_panorama,93,normal,panorama,True,True,rtt=15.63ms
1779496966.9798365,ack_recv,latency_ack,7324,C7_full_panorama,C7_full_panorama,93,normal,panorama,True,True,rtt=20.28ms
1779496967.0726352,ack_recv,latency_ack,7325,C7_full_panorama,C7_full_panorama,93,normal,panorama,True,True,rtt=12.53ms
1779496967.1703446,ack_recv,latency_ack,7326,C7_full_panorama,C7_full_panorama,93,normal,panorama,True,True,rtt=4.96ms
1779496967.275552,ack_recv,latency_ack,7327,C7_full_panorama,C7_full_panorama,93,normal,panorama,True,True,rtt=9.52ms
1779496967.4090514,ack_recv,latency_ack,7328,C7_full_panorama,C7_full_panorama,93,normal,panorama,True,True,rtt=42.72ms
1779496967.4794781,ack_recv,latency_ack,7329,C7_full_panorama,C7_full_panorama,93,normal,panorama,True,True,rtt=12.60ms
1779496967.5759335,ack_recv,latency_ack,7330,C7_full_panorama,C7_full_panorama,93,normal,panorama,True,True,rtt=8.48ms
1779496967.684256,ack_recv,latency_ack,7331,C7_full_panorama,C7_full_panorama,93,normal,panorama,True,True,rtt=16.28ms
1779496967.7804163,ack_recv,latency_ack,7332,C7_full_panorama,C7_full_panorama,93,normal,panorama,True,True,rtt=12.27ms
1779496967.8857431,ack_recv,latency_ack,7333,C7_full_panorama,C7_full_panorama,93,normal,panorama,True,True,rtt=17.33ms
1779496967.977661,ack_recv,latency_ack,7334,C7_full_panorama,C7_full_panorama,93,normal,panorama,True,True,rtt=9.14ms
1779496968.0884998,ack_recv,latency_ack,7335,C7_full_panorama,C7_full_panorama,93,normal,panorama,True,True,rtt=19.38ms
1779496968.1985955,ack_recv,latency_ack,7336,C7_full_panorama,C7_full_panorama,93,normal,panorama,True,True,rtt=28.76ms
1779496968.2913659,ack_recv,latency_ack,7337,C7_full_panorama,C7_full_panorama,93,normal,panorama,True,True,rtt=20.87ms
1779496968.3833072,ack_recv,latency_ack,7338,C7_full_panorama,C7_full_panorama,93,normal,panorama,True,True,rtt=11.67ms
1779496968.4882796,ack_recv,latency_ack,7339,C7_full_panorama,C7_full_panorama,93,normal,panorama,True,True,rtt=17.41ms
1779496968.5823255,ack_recv,latency_ack,7340,C7_full_panorama,C7_full_panorama,93,normal,panorama,True,True,rtt=11.09ms
1779496968.6826794,ack_recv,latency_ack,7341,C7_full_panorama,C7_full_panorama,93,normal,panorama,True,True,rtt=10.89ms
1779496968.784584,ack_recv,latency_ack,7342,C7_full_panorama,C7_full_panorama,93,normal,panorama,True,True,rtt=12.61ms
1779496968.889936,ack_recv,latency_ack,7343,C7_full_panorama,C7_full_panorama,93,normal,panorama,True,True,rtt=17.07ms
1779496968.9834628,ack_recv,latency_ack,7344,C7_full_panorama,C7_full_panorama,93,normal,panorama,True,True,rtt=10.07ms
1779496969.1283646,ack_recv,latency_ack,7345,C7_full_panorama,C7_full_panorama,93,normal,panorama,True,True,rtt=54.82ms
1779496969.2518318,ack_recv,latency_ack,7346,C7_full_panorama,C7_full_panorama,93,normal,panorama,True,True,rtt=77.52ms
1779496969.3519683,ack_recv,latency_ack,7347,C7_full_panorama,C7_full_panorama,93,normal,panorama,True,True,rtt=77.22ms
1779496969.3855155,ack_recv,latency_ack,7348,C7_full_panorama,C7_full_panorama,93,normal,panorama,True,True,rtt=10.45ms
1779496969.5569906,ack_recv,latency_ack,7349,C7_full_panorama,C7_full_panorama,93,normal,panorama,True,True,rtt=81.74ms
1779496969.6440349,ack_recv,latency_ack,7350,C7_full_panorama,C7_full_panorama,93,normal,panorama,True,True,rtt=68.54ms
1779496969.7279038,ack_recv,latency_ack,7351,C7_full_panorama,C7_full_panorama,93,normal,panorama,True,True,rtt=37.70ms
1779496969.8149648,ack_recv,latency_ack,7352,C7_full_panorama,C7_full_panorama,93,normal,panorama,True,True,rtt=23.25ms
1779496969.9403722,ack_recv,latency_ack,7353,C7_full_panorama,C7_full_panorama,93,normal,panorama,True,True,rtt=48.12ms
1779496970.0107753,ack_recv,latency_ack,7354,C7_full_panorama,C7_full_panorama,93,normal,panorama,True,True,rtt=17.62ms
1779496970.1048615,ack_recv,latency_ack,7355,C7_full_panorama,C7_full_panorama,93,normal,panorama,True,True,rtt=11.10ms
1779496970.2112243,ack_recv,latency_ack,7356,C7_full_panorama,C7_full_panorama,93,normal,panorama,True,True,rtt=17.11ms
1779496970.3045676,ack_recv,latency_ack,7357,C7_full_panorama,C7_full_panorama,93,normal,panorama,True,True,rtt=9.96ms
1779496970.4613707,ack_recv,latency_ack,7358,C7_full_panorama,C7_full_panorama,93,normal,panorama,True,True,rtt=65.46ms
1779496970.5498397,ack_recv,latency_ack,7359,C7_full_panorama,C7_full_panorama,93,normal,panorama,True,True,rtt=53.33ms
1779496970.639046,ack_recv,latency_ack,7360,C7_full_panorama,C7_full_panorama,93,normal,panorama,True,True,rtt=42.23ms
1779496970.7263181,ack_recv,latency_ack,7361,C7_full_panorama,C7_full_panorama,93,normal,panorama,True,True,rtt=29.16ms
1779496970.8135483,ack_recv,latency_ack,7362,C7_full_panorama,C7_full_panorama,93,normal,panorama,True,True,rtt=15.90ms
1779496970.9405096,ack_recv,latency_ack,7363,C7_full_panorama,C7_full_panorama,93,normal,panorama,True,True,rtt=42.39ms
1779496971.0154777,ack_recv,latency_ack,7364,C7_full_panorama,C7_full_panorama,93,normal,panorama,True,True,rtt=16.32ms
1779496971.1076565,ack_recv,latency_ack,7365,C7_full_panorama,C7_full_panorama,93,normal,panorama,True,True,rtt=8.24ms
1779496971.22133,ack_recv,latency_ack,7366,C7_full_panorama,C7_full_panorama,93,normal,panorama,True,True,rtt=21.01ms
1779496971.3107853,ack_recv,latency_ack,7367,C7_full_panorama,C7_full_panorama,93,normal,panorama,True,True,rtt=9.51ms
1779496971.4296036,ack_recv,latency_ack,7368,C7_full_panorama,C7_full_panorama,93,normal,panorama,True,True,rtt=5.33ms
1779496971.5528848,ack_recv,latency_ack,7369,C7_full_panorama,C7_full_panorama,93,normal,panorama,True,True,rtt=27.90ms
1779496971.6353815,ack_recv,latency_ack,7370,C7_full_panorama,C7_full_panorama,93,normal,panorama,True,True,rtt=10.14ms
1779496971.742676,ack_recv,latency_ack,7371,C7_full_panorama,C7_full_panorama,93,normal,panorama,True,True,rtt=15.39ms
1779496971.8382947,ack_recv,latency_ack,7372,C7_full_panorama,C7_full_panorama,93,normal,panorama,True,True,rtt=11.73ms
1779496971.9465098,ack_recv,latency_ack,7373,C7_full_panorama,C7_full_panorama,93,normal,panorama,True,True,rtt=19.33ms
1779496972.040243,ack_recv,latency_ack,7374,C7_full_panorama,C7_full_panorama,93,normal,panorama,True,True,rtt=12.49ms
1779496972.1448004,ack_recv,latency_ack,7375,C7_full_panorama,C7_full_panorama,93,normal,panorama,True,True,rtt=16.54ms
1779496972.2366867,ack_recv,latency_ack,7376,C7_full_panorama,C7_full_panorama,93,normal,panorama,True,True,rtt=8.10ms
1779496972.3447232,ack_recv,latency_ack,7377,C7_full_panorama,C7_full_panorama,93,normal,panorama,True,True,rtt=15.68ms
1779496972.4416013,ack_recv,latency_ack,7378,C7_full_panorama,C7_full_panorama,93,normal,panorama,True,True,rtt=4.61ms
1779496972.5519807,ack_recv,latency_ack,7379,C7_full_panorama,C7_full_panorama,93,normal,panorama,True,True,rtt=12.83ms
1779496972.674209,ack_recv,latency_ack,7380,C7_full_panorama,C7_full_panorama,93,normal,panorama,True,True,rtt=35.86ms
1779496972.7527626,ack_recv,latency_ack,7381,C7_full_panorama,C7_full_panorama,93,normal,panorama,True,True,rtt=13.98ms
1779496972.8487568,ack_recv,latency_ack,7382,C7_full_panorama,C7_full_panorama,93,normal,panorama,True,True,rtt=9.43ms
1779496972.9565878,ack_recv,latency_ack,7383,C7_full_panorama,C7_full_panorama,93,normal,panorama,True,True,rtt=16.99ms
1779496973.0488908,ack_recv,latency_ack,7384,C7_full_panorama,C7_full_panorama,93,normal,panorama,True,True,rtt=9.02ms
1779496973.1792145,ack_recv,latency_ack,7385,C7_full_panorama,C7_full_panorama,93,normal,panorama,True,True,rtt=38.86ms
1779496973.2540712,ack_recv,latency_ack,7386,C7_full_panorama,C7_full_panorama,93,normal,panorama,True,True,rtt=13.33ms
1779496973.346488,ack_recv,latency_ack,7387,C7_full_panorama,C7_full_panorama,93,normal,panorama,True,True,rtt=5.16ms
1779496973.459829,ack_recv,latency_ack,7388,C7_full_panorama,C7_full_panorama,93,normal,panorama,True,True,rtt=7.59ms
1779496973.5735757,ack_recv,latency_ack,7389,C7_full_panorama,C7_full_panorama,93,normal,panorama,True,True,rtt=19.98ms
1779496973.7365825,ack_recv,latency_ack,7390,C7_full_panorama,C7_full_panorama,93,normal,panorama,True,True,rtt=82.27ms
1779496973.763012,ack_recv,latency_ack,7391,C7_full_panorama,C7_full_panorama,93,normal,panorama,True,True,rtt=7.81ms
1779496973.868724,ack_recv,latency_ack,7392,C7_full_panorama,C7_full_panorama,93,normal,panorama,True,True,rtt=12.98ms
1779496973.962025,ack_recv,latency_ack,7393,C7_full_panorama,C7_full_panorama,93,normal,panorama,True,True,rtt=5.76ms
1779496974.072555,ack_recv,latency_ack,7394,C7_full_panorama,C7_full_panorama,93,normal,panorama,True,True,rtt=15.38ms
1779496974.1834438,ack_recv,latency_ack,7395,C7_full_panorama,C7_full_panorama,93,normal,panorama,True,True,rtt=25.41ms
1779496974.2740953,ack_recv,latency_ack,7396,C7_full_panorama,C7_full_panorama,93,normal,panorama,True,True,rtt=15.57ms
1779496974.3637965,ack_recv,latency_ack,7397,C7_full_panorama,C7_full_panorama,93,normal,panorama,True,True,rtt=5.12ms
1779496974.4789343,ack_recv,latency_ack,7398,C7_full_panorama,C7_full_panorama,93,normal,panorama,True,True,rtt=20.11ms
1779496974.5756414,ack_recv,latency_ack,7399,C7_full_panorama,C7_full_panorama,93,normal,panorama,True,True,rtt=15.38ms
1779496974.713823,ack_recv,latency_ack,7400,C7_full_panorama,C7_full_panorama,93,normal,panorama,True,True,rtt=54.12ms
1779496974.7750273,ack_recv,latency_ack,7401,C7_full_panorama,C7_full_panorama,93,normal,panorama,True,True,rtt=14.24ms
1779496974.8856242,ack_recv,latency_ack,7402,C7_full_panorama,C7_full_panorama,93,normal,panorama,True,True,rtt=24.17ms
1779496974.977548,ack_recv,latency_ack,7403,C7_full_panorama,C7_full_panorama,93,normal,panorama,True,True,rtt=15.96ms
1779496975.0682821,ack_recv,latency_ack,7404,C7_full_panorama,C7_full_panorama,93,normal,panorama,True,True,rtt=5.91ms
1779496975.2372403,ack_recv,latency_ack,7405,C7_full_panorama,C7_full_panorama,93,normal,panorama,True,True,rtt=74.55ms
1779496975.2698853,ack_recv,latency_ack,7406,C7_full_panorama,C7_full_panorama,93,normal,panorama,True,True,rtt=6.87ms
1779496975.379092,ack_recv,latency_ack,7407,C7_full_panorama,C7_full_panorama,93,normal,panorama,True,True,rtt=15.56ms
1779496975.4763477,ack_recv,latency_ack,7408,C7_full_panorama,C7_full_panorama,93,normal,panorama,True,True,rtt=12.44ms
1779496975.589358,ack_recv,latency_ack,7409,C7_full_panorama,C7_full_panorama,93,normal,panorama,True,True,rtt=24.97ms
1779496975.6932247,ack_recv,latency_ack,7410,C7_full_panorama,C7_full_panorama,93,normal,panorama,True,True,rtt=28.23ms
1779496975.806502,ack_recv,latency_ack,7411,C7_full_panorama,C7_full_panorama,93,normal,panorama,True,True,rtt=40.92ms
1779496975.9014788,ack_recv,latency_ack,7412,C7_full_panorama,C7_full_panorama,93,normal,panorama,True,True,rtt=35.68ms
1779496975.987191,ack_recv,latency_ack,7413,C7_full_panorama,C7_full_panorama,93,normal,panorama,True,True,rtt=20.51ms
1779496976.0838034,ack_recv,latency_ack,7414,C7_full_panorama,C7_full_panorama,93,normal,panorama,True,True,rtt=16.60ms
1779496976.2033308,ack_recv,latency_ack,7415,C7_full_panorama,C7_full_panorama,93,normal,panorama,True,True,rtt=35.60ms
1779496976.2821462,ack_recv,latency_ack,7416,C7_full_panorama,C7_full_panorama,93,normal,panorama,True,True,rtt=14.17ms
1779496976.375086,ack_recv,latency_ack,7417,C7_full_panorama,C7_full_panorama,93,normal,panorama,True,True,rtt=6.84ms
1779496976.4845345,ack_recv,latency_ack,7418,C7_full_panorama,C7_full_panorama,93,normal,panorama,True,True,rtt=15.28ms
1779496976.5785866,ack_recv,latency_ack,7419,C7_full_panorama,C7_full_panorama,93,normal,panorama,True,True,rtt=9.21ms
1779496976.7247164,ack_recv,latency_ack,7420,C7_full_panorama,C7_full_panorama,93,normal,panorama,True,True,rtt=54.96ms
1779496976.80909,ack_recv,latency_ack,7421,C7_full_panorama,C7_full_panorama,93,normal,panorama,True,True,rtt=38.12ms
1779496976.8981156,ack_recv,latency_ack,7422,C7_full_panorama,C7_full_panorama,93,normal,panorama,True,True,rtt=26.70ms
1779496976.9798307,ack_recv,latency_ack,7423,C7_full_panorama,C7_full_panorama,93,normal,panorama,True,True,rtt=7.92ms
1779496977.091834,ack_recv,latency_ack,7424,C7_full_panorama,C7_full_panorama,93,normal,panorama,True,True,rtt=19.29ms
1779496977.2052183,ack_recv,latency_ack,7425,C7_full_panorama,C7_full_panorama,93,normal,panorama,True,True,rtt=6.91ms
1779496977.308025,ack_recv,latency_ack,7426,C7_full_panorama,C7_full_panorama,93,normal,panorama,True,True,rtt=9.32ms
1779496977.4134834,ack_recv,latency_ack,7427,C7_full_panorama,C7_full_panorama,93,normal,panorama,True,True,rtt=13.99ms
1779496977.5090294,ack_recv,latency_ack,7428,C7_full_panorama,C7_full_panorama,93,normal,panorama,True,True,rtt=8.79ms
1779496977.6175764,ack_recv,latency_ack,7429,C7_full_panorama,C7_full_panorama,93,normal,panorama,True,True,rtt=17.11ms
1779496977.712961,ack_recv,latency_ack,7430,C7_full_panorama,C7_full_panorama,93,normal,panorama,True,True,rtt=7.85ms
1779496977.8191233,ack_recv,latency_ack,7431,C7_full_panorama,C7_full_panorama,93,normal,panorama,True,True,rtt=11.86ms
1779496977.948358,ack_recv,latency_ack,7432,C7_full_panorama,C7_full_panorama,93,normal,panorama,True,True,rtt=41.60ms
1779496978.055496,ack_recv,latency_ack,7433,C7_full_panorama,C7_full_panorama,93,normal,panorama,True,True,rtt=48.53ms
1779496978.142568,ack_recv,latency_ack,7434,C7_full_panorama,C7_full_panorama,93,normal,panorama,True,True,rtt=35.39ms
1779496978.2270555,ack_recv,latency_ack,7435,C7_full_panorama,C7_full_panorama,93,normal,panorama,True,True,rtt=19.21ms
1779496978.3167188,ack_recv,latency_ack,7436,C7_full_panorama,C7_full_panorama,93,normal,panorama,True,True,rtt=8.22ms
1779496978.4262104,ack_recv,latency_ack,7437,C7_full_panorama,C7_full_panorama,93,normal,panorama,True,True,rtt=17.49ms
1779496978.520938,ack_recv,latency_ack,7438,C7_full_panorama,C7_full_panorama,93,normal,panorama,True,True,rtt=11.31ms
1779496978.6301794,ack_recv,latency_ack,7439,C7_full_panorama,C7_full_panorama,93,normal,panorama,True,True,rtt=19.95ms
1779496978.7212822,ack_recv,latency_ack,7440,C7_full_panorama,C7_full_panorama,93,normal,panorama,True,True,rtt=10.78ms
1779496978.8340247,ack_recv,latency_ack,7441,C7_full_panorama,C7_full_panorama,93,normal,panorama,True,True,rtt=23.37ms
1779496978.92392,ack_recv,latency_ack,7442,C7_full_panorama,C7_full_panorama,93,normal,panorama,True,True,rtt=12.75ms
1779496979.017953,ack_recv,latency_ack,7443,C7_full_panorama,C7_full_panorama,93,normal,panorama,True,True,rtt=6.19ms
1779496979.1647685,ack_recv,latency_ack,7444,C7_full_panorama,C7_full_panorama,93,normal,panorama,True,True,rtt=52.35ms
1779496979.2495046,ack_recv,latency_ack,7445,C7_full_panorama,C7_full_panorama,93,normal,panorama,True,True,rtt=36.68ms
1779496979.3334486,ack_recv,latency_ack,7446,C7_full_panorama,C7_full_panorama,93,normal,panorama,True,True,rtt=20.51ms
1779496979.419807,ack_recv,latency_ack,7447,C7_full_panorama,C7_full_panorama,93,normal,panorama,True,True,rtt=6.08ms
1779496979.5721362,ack_recv,latency_ack,7448,C7_full_panorama,C7_full_panorama,93,normal,panorama,True,True,rtt=58.18ms
1779496979.6720817,ack_recv,latency_ack,7449,C7_full_panorama,C7_full_panorama,93,normal,panorama,True,True,rtt=57.99ms
1779496979.7555478,ack_recv,latency_ack,7450,C7_full_panorama,C7_full_panorama,93,normal,panorama,True,True,rtt=41.21ms
1779496979.8401566,ack_recv,latency_ack,7451,C7_full_panorama,C7_full_panorama,93,normal,panorama,True,True,rtt=25.53ms
1779496979.9751196,ack_recv,latency_ack,7452,C7_full_panorama,C7_full_panorama,93,normal,panorama,True,True,rtt=60.37ms
1779496980.0298865,ack_recv,latency_ack,7453,C7_full_panorama,C7_full_panorama,93,normal,panorama,True,True,rtt=14.75ms
1779496980.121492,ack_recv,latency_ack,7454,C7_full_panorama,C7_full_panorama,93,normal,panorama,True,True,rtt=5.88ms
1779496980.2244277,ack_recv,latency_ack,7455,C7_full_panorama,C7_full_panorama,93,normal,panorama,True,True,rtt=8.26ms
1779496980.3224041,ack_recv,latency_ack,7456,C7_full_panorama,C7_full_panorama,93,normal,panorama,True,True,rtt=5.62ms
1779496980.431815,ack_recv,latency_ack,7457,C7_full_panorama,C7_full_panorama,93,normal,panorama,True,True,rtt=14.24ms
1779496980.5233097,ack_recv,latency_ack,7458,C7_full_panorama,C7_full_panorama,93,normal,panorama,True,True,rtt=5.11ms
1779496980.6364026,ack_recv,latency_ack,7459,C7_full_panorama,C7_full_panorama,93,normal,panorama,True,True,rtt=17.87ms
1779496980.7291548,ack_recv,latency_ack,7460,C7_full_panorama,C7_full_panorama,93,normal,panorama,True,True,rtt=10.50ms
1779496980.8384187,ack_recv,latency_ack,7461,C7_full_panorama,C7_full_panorama,93,normal,panorama,True,True,rtt=19.50ms
1779496980.9313545,ack_recv,latency_ack,7462,C7_full_panorama,C7_full_panorama,93,normal,panorama,True,True,rtt=12.25ms
1779496981.0325594,ack_recv,latency_ack,7463,C7_full_panorama,C7_full_panorama,93,normal,panorama,True,True,rtt=12.71ms
1779496981.138341,ack_recv,latency_ack,7464,C7_full_panorama,C7_full_panorama,93,normal,panorama,True,True,rtt=17.69ms
1779496981.2288098,ack_recv,latency_ack,7465,C7_full_panorama,C7_full_panorama,93,normal,panorama,True,True,rtt=7.65ms
1779496981.3409262,ack_recv,latency_ack,7466,C7_full_panorama,C7_full_panorama,93,normal,panorama,True,True,rtt=19.44ms
1779496981.4305344,ack_recv,latency_ack,7467,C7_full_panorama,C7_full_panorama,93,normal,panorama,True,True,rtt=7.61ms
1779496981.539986,ack_recv,latency_ack,7468,C7_full_panorama,C7_full_panorama,93,normal,panorama,True,True,rtt=17.13ms
1779496981.6357448,ack_recv,latency_ack,7469,C7_full_panorama,C7_full_panorama,93,normal,panorama,True,True,rtt=12.54ms
1779496981.7296877,ack_recv,latency_ack,7470,C7_full_panorama,C7_full_panorama,93,normal,panorama,True,True,rtt=6.16ms
1779496981.8354483,ack_recv,latency_ack,7471,C7_full_panorama,C7_full_panorama,93,normal,panorama,True,True,rtt=11.23ms
1779496981.9607136,ack_recv,latency_ack,7472,C7_full_panorama,C7_full_panorama,93,normal,panorama,True,True,rtt=36.06ms
1779496982.051486,ack_recv,latency_ack,7473,C7_full_panorama,C7_full_panorama,93,normal,panorama,True,True,rtt=26.67ms
1779496982.1472752,ack_recv,latency_ack,7474,C7_full_panorama,C7_full_panorama,93,normal,panorama,True,True,rtt=21.96ms
1779496982.239467,ack_recv,latency_ack,7475,C7_full_panorama,C7_full_panorama,93,normal,panorama,True,True,rtt=13.26ms
1779496982.333173,ack_recv,latency_ack,7476,C7_full_panorama,C7_full_panorama,93,normal,panorama,True,True,rtt=6.45ms
1779496982.4654107,ack_recv,latency_ack,7477,C7_full_panorama,C7_full_panorama,93,normal,panorama,True,True,rtt=37.89ms
1779496982.533956,ack_recv,latency_ack,7478,C7_full_panorama,C7_full_panorama,93,normal,panorama,True,True,rtt=5.94ms
1779496982.6461623,ack_recv,latency_ack,7479,C7_full_panorama,C7_full_panorama,93,normal,panorama,True,True,rtt=17.41ms
1779496982.7508636,ack_recv,latency_ack,7480,C7_full_panorama,C7_full_panorama,93,normal,panorama,True,True,rtt=21.52ms
1779496982.8435395,ack_recv,latency_ack,7481,C7_full_panorama,C7_full_panorama,93,normal,panorama,True,True,rtt=12.73ms
1779496982.937531,ack_recv,latency_ack,7482,C7_full_panorama,C7_full_panorama,93,normal,panorama,True,True,rtt=7.17ms
1779496983.0480225,ack_recv,latency_ack,7483,C7_full_panorama,C7_full_panorama,93,normal,panorama,True,True,rtt=17.22ms
1779496983.1465366,ack_recv,latency_ack,7484,C7_full_panorama,C7_full_panorama,93,normal,panorama,True,True,rtt=15.21ms
1779496983.2505436,ack_recv,latency_ack,7485,C7_full_panorama,C7_full_panorama,93,normal,panorama,True,True,rtt=18.57ms
1779496983.3433976,ack_recv,latency_ack,7486,C7_full_panorama,C7_full_panorama,93,normal,panorama,True,True,rtt=11.04ms
1779496983.4847586,ack_recv,latency_ack,7487,C7_full_panorama,C7_full_panorama,93,normal,panorama,True,True,rtt=51.62ms
1779496983.5688126,ack_recv,latency_ack,7488,C7_full_panorama,C7_full_panorama,93,normal,panorama,True,True,rtt=35.15ms
1779496983.6564918,ack_recv,latency_ack,7489,C7_full_panorama,C7_full_panorama,93,normal,panorama,True,True,rtt=22.55ms
1779496983.74473,ack_recv,latency_ack,7490,C7_full_panorama,C7_full_panorama,93,normal,panorama,True,True,rtt=10.11ms
1779496983.8547342,ack_recv,latency_ack,7491,C7_full_panorama,C7_full_panorama,93,normal,panorama,True,True,rtt=19.57ms
1779496983.9770467,ack_recv,latency_ack,7492,C7_full_panorama,C7_full_panorama,93,normal,panorama,True,True,rtt=41.14ms
1779496984.0565636,ack_recv,latency_ack,7493,C7_full_panorama,C7_full_panorama,93,normal,panorama,True,True,rtt=20.12ms
1779496984.1515124,ack_recv,latency_ack,7494,C7_full_panorama,C7_full_panorama,93,normal,panorama,True,True,rtt=14.56ms
1779496984.2452686,ack_recv,latency_ack,7495,C7_full_panorama,C7_full_panorama,93,normal,panorama,True,True,rtt=7.06ms
1779496984.3555057,ack_recv,latency_ack,7496,C7_full_panorama,C7_full_panorama,93,normal,panorama,True,True,rtt=17.70ms
1779496984.469139,ack_recv,latency_ack,7497,C7_full_panorama,C7_full_panorama,93,normal,panorama,True,True,rtt=30.84ms
1779496984.5579417,ack_recv,latency_ack,7498,C7_full_panorama,C7_full_panorama,93,normal,panorama,True,True,rtt=19.25ms
1779496984.6473901,ack_recv,latency_ack,7499,C7_full_panorama,C7_full_panorama,93,normal,panorama,True,True,rtt=8.11ms
1779496984.7645695,ack_recv,latency_ack,7500,C7_full_panorama,C7_full_panorama,93,normal,panorama,True,True,rtt=24.59ms
1779496984.8510048,ack_recv,latency_ack,7501,C7_full_panorama,C7_full_panorama,93,normal,panorama,True,True,rtt=10.13ms
1779496985.0190725,ack_recv,latency_ack,7502,C7_full_panorama,C7_full_panorama,93,normal,panorama,True,True,rtt=77.92ms
1779496985.0616114,ack_recv,latency_ack,7503,C7_full_panorama,C7_full_panorama,93,normal,panorama,True,True,rtt=19.81ms
1779496985.1705437,ack_recv,latency_ack,7504,C7_full_panorama,C7_full_panorama,93,normal,panorama,True,True,rtt=28.03ms
1779496985.248376,ack_recv,latency_ack,7505,C7_full_panorama,C7_full_panorama,93,normal,panorama,True,True,rtt=4.59ms
1779496985.410421,ack_recv,latency_ack,7506,C7_full_panorama,C7_full_panorama,93,normal,panorama,True,True,rtt=65.18ms
1779496985.4941843,ack_recv,latency_ack,7507,C7_full_panorama,C7_full_panorama,93,normal,panorama,True,True,rtt=48.16ms
1779496985.5823574,ack_recv,latency_ack,7508,C7_full_panorama,C7_full_panorama,93,normal,panorama,True,True,rtt=34.43ms
1779496985.667714,ack_recv,latency_ack,7509,C7_full_panorama,C7_full_panorama,93,normal,panorama,True,True,rtt=20.24ms
1779496985.7623515,ack_recv,latency_ack,7510,C7_full_panorama,C7_full_panorama,93,normal,panorama,True,True,rtt=14.33ms
1779496985.8537266,ack_recv,latency_ack,7511,C7_full_panorama,C7_full_panorama,93,normal,panorama,True,True,rtt=5.22ms
1779496986.0218043,ack_recv,latency_ack,7512,C7_full_panorama,C7_full_panorama,93,normal,panorama,True,True,rtt=72.69ms
1779496986.0558782,ack_recv,latency_ack,7513,C7_full_panorama,C7_full_panorama,93,normal,panorama,True,True,rtt=5.98ms
1779496986.1604226,ack_recv,latency_ack,7514,C7_full_panorama,C7_full_panorama,93,normal,panorama,True,True,rtt=9.90ms
1779496986.333807,ack_recv,latency_ack,7515,C7_full_panorama,C7_full_panorama,93,normal,panorama,True,True,rtt=82.98ms
1779496986.3636892,ack_recv,latency_ack,7516,C7_full_panorama,C7_full_panorama,93,normal,panorama,True,True,rtt=12.30ms
1779496986.4754353,ack_recv,latency_ack,7517,C7_full_panorama,C7_full_panorama,93,normal,panorama,True,True,rtt=23.88ms
1779496986.5826948,ack_recv,latency_ack,7518,C7_full_panorama,C7_full_panorama,93,normal,panorama,True,True,rtt=30.94ms
1779496986.6624048,ack_recv,latency_ack,7519,C7_full_panorama,C7_full_panorama,93,normal,panorama,True,True,rtt=10.44ms
1779496986.7688208,ack_recv,latency_ack,7520,C7_full_panorama,C7_full_panorama,93,normal,panorama,True,True,rtt=16.51ms
1779496986.862623,ack_recv,latency_ack,7521,C7_full_panorama,C7_full_panorama,93,normal,panorama,True,True,rtt=9.72ms
1779496986.973343,ack_recv,latency_ack,7522,C7_full_panorama,C7_full_panorama,93,normal,panorama,True,True,rtt=18.51ms
1779496987.1290362,ack_recv,latency_ack,7523,C7_full_panorama,C7_full_panorama,93,normal,panorama,True,True,rtt=75.01ms
1779496987.2367215,ack_recv,latency_ack,7524,C7_full_panorama,C7_full_panorama,93,normal,panorama,True,True,rtt=82.13ms
1779496987.2987764,ack_recv,latency_ack,7525,C7_full_panorama,C7_full_panorama,93,normal,panorama,True,True,rtt=43.71ms
1779496987.374498,ack_recv,latency_ack,7526,C7_full_panorama,C7_full_panorama,93,normal,panorama,True,True,rtt=18.87ms
1779496987.4843066,ack_recv,latency_ack,7527,C7_full_panorama,C7_full_panorama,93,normal,panorama,True,True,rtt=7.61ms
1779496987.584026,ack_recv,latency_ack,7528,C7_full_panorama,C7_full_panorama,93,normal,panorama,True,True,rtt=6.21ms
1779496987.6946967,ack_recv,latency_ack,7529,C7_full_panorama,C7_full_panorama,93,normal,panorama,True,True,rtt=16.06ms
1779496987.7868867,ack_recv,latency_ack,7530,C7_full_panorama,C7_full_panorama,93,normal,panorama,True,True,rtt=7.40ms
1779496987.9527292,ack_recv,latency_ack,7531,C7_full_panorama,C7_full_panorama,93,normal,panorama,True,True,rtt=72.96ms
1779496988.0380785,ack_recv,latency_ack,7532,C7_full_panorama,C7_full_panorama,93,normal,panorama,True,True,rtt=57.48ms
1779496988.130472,ack_recv,latency_ack,7533,C7_full_panorama,C7_full_panorama,93,normal,panorama,True,True,rtt=49.41ms
1779496988.226702,ack_recv,latency_ack,7534,C7_full_panorama,C7_full_panorama,93,normal,panorama,True,True,rtt=45.25ms
1779496988.2967649,ack_recv,latency_ack,7535,C7_full_panorama,C7_full_panorama,93,normal,panorama,True,True,rtt=14.97ms
1779496988.405652,ack_recv,latency_ack,7536,C7_full_panorama,C7_full_panorama,93,normal,panorama,True,True,rtt=23.43ms
1779496988.500149,ack_recv,latency_ack,7537,C7_full_panorama,C7_full_panorama,93,normal,panorama,True,True,rtt=16.19ms
1779496988.6208432,ack_recv,latency_ack,7538,C7_full_panorama,C7_full_panorama,93,normal,panorama,True,True,rtt=35.75ms
1779496988.7066371,ack_recv,latency_ack,7539,C7_full_panorama,C7_full_panorama,93,normal,panorama,True,True,rtt=21.05ms
1779496988.7920976,ack_recv,latency_ack,7540,C7_full_panorama,C7_full_panorama,93,normal,panorama,True,True,rtt=6.00ms
1779496988.901019,ack_recv,latency_ack,7541,C7_full_panorama,C7_full_panorama,93,normal,panorama,True,True,rtt=14.38ms
1779496988.9921756,ack_recv,latency_ack,7542,C7_full_panorama,C7_full_panorama,93,normal,panorama,True,True,rtt=5.18ms
1779496989.1012633,ack_recv,latency_ack,7543,C7_full_panorama,C7_full_panorama,93,normal,panorama,True,True,rtt=13.73ms
1779496989.1969583,ack_recv,latency_ack,7544,C7_full_panorama,C7_full_panorama,93,normal,panorama,True,True,rtt=8.76ms
1779496989.3008711,ack_recv,latency_ack,7545,C7_full_panorama,C7_full_panorama,93,normal,panorama,True,True,rtt=12.05ms
1779496989.3945343,ack_recv,latency_ack,7546,C7_full_panorama,C7_full_panorama,93,normal,panorama,True,True,rtt=5.49ms
1779496989.5065517,ack_recv,latency_ack,7547,C7_full_panorama,C7_full_panorama,93,normal,panorama,True,True,rtt=17.04ms
1779496989.6026878,ack_recv,latency_ack,7548,C7_full_panorama,C7_full_panorama,93,normal,panorama,True,True,rtt=11.57ms
1779496989.7079132,ack_recv,latency_ack,7549,C7_full_panorama,C7_full_panorama,93,normal,panorama,True,True,rtt=16.96ms
1779496989.833547,ack_recv,latency_ack,7550,C7_full_panorama,C7_full_panorama,93,normal,panorama,True,True,rtt=42.24ms
1779496989.91787,ack_recv,latency_ack,7551,C7_full_panorama,C7_full_panorama,93,normal,panorama,True,True,rtt=25.81ms
1779496990.0060933,ack_recv,latency_ack,7552,C7_full_panorama,C7_full_panorama,93,normal,panorama,True,True,rtt=13.87ms
1779496990.0999784,ack_recv,latency_ack,7553,C7_full_panorama,C7_full_panorama,93,normal,panorama,True,True,rtt=7.04ms
1779496990.2063062,ack_recv,latency_ack,7554,C7_full_panorama,C7_full_panorama,93,normal,panorama,True,True,rtt=12.65ms
1779496990.2991421,ack_recv,latency_ack,7555,C7_full_panorama,C7_full_panorama,93,normal,panorama,True,True,rtt=5.12ms
1779496990.4114833,ack_recv,latency_ack,7556,C7_full_panorama,C7_full_panorama,93,normal,panorama,True,True,rtt=17.03ms
1779496990.5343025,ack_recv,latency_ack,7557,C7_full_panorama,C7_full_panorama,93,normal,panorama,True,True,rtt=39.63ms
1779496990.6191556,ack_recv,latency_ack,7558,C7_full_panorama,C7_full_panorama,93,normal,panorama,True,True,rtt=23.86ms
1779496990.7050028,ack_recv,latency_ack,7559,C7_full_panorama,C7_full_panorama,93,normal,panorama,True,True,rtt=9.02ms
1779496990.8155668,ack_recv,latency_ack,7560,C7_full_panorama,C7_full_panorama,93,normal,panorama,True,True,rtt=18.71ms
1779496990.912691,ack_recv,latency_ack,7561,C7_full_panorama,C7_full_panorama,93,normal,panorama,True,True,rtt=15.35ms
1779496991.0080135,ack_recv,latency_ack,7562,C7_full_panorama,C7_full_panorama,93,normal,panorama,True,True,rtt=9.94ms
1779496991.1111872,ack_recv,latency_ack,7563,C7_full_panorama,C7_full_panorama,93,normal,panorama,True,True,rtt=12.33ms
1779496991.218229,ack_recv,latency_ack,7564,C7_full_panorama,C7_full_panorama,93,normal,panorama,True,True,rtt=18.93ms
1779496991.310949,ack_recv,latency_ack,7565,C7_full_panorama,C7_full_panorama,93,normal,panorama,True,True,rtt=10.85ms
1779496991.4232287,ack_recv,latency_ack,7566,C7_full_panorama,C7_full_panorama,93,normal,panorama,True,True,rtt=22.25ms
1779496991.5119457,ack_recv,latency_ack,7567,C7_full_panorama,C7_full_panorama,93,normal,panorama,True,True,rtt=6.07ms
1779496991.6227705,ack_recv,latency_ack,7568,C7_full_panorama,C7_full_panorama,93,normal,panorama,True,True,rtt=16.34ms
1779496991.7167268,ack_recv,latency_ack,7569,C7_full_panorama,C7_full_panorama,93,normal,panorama,True,True,rtt=9.26ms
1779496991.8669147,ack_recv,latency_ack,7570,C7_full_panorama,C7_full_panorama,93,normal,panorama,True,True,rtt=58.89ms
1779496991.9495375,ack_recv,latency_ack,7571,C7_full_panorama,C7_full_panorama,93,normal,panorama,True,True,rtt=40.77ms
1779496992.0366404,ack_recv,latency_ack,7572,C7_full_panorama,C7_full_panorama,93,normal,panorama,True,True,rtt=27.00ms
1779496992.123068,ack_recv,latency_ack,7573,C7_full_panorama,C7_full_panorama,93,normal,panorama,True,True,rtt=12.98ms
1779496992.2202177,ack_recv,latency_ack,7574,C7_full_panorama,C7_full_panorama,93,normal,panorama,True,True,rtt=9.63ms
1779496992.3766804,ack_recv,latency_ack,7575,C7_full_panorama,C7_full_panorama,93,normal,panorama,True,True,rtt=65.35ms
1779496992.4608188,ack_recv,latency_ack,7576,C7_full_panorama,C7_full_panorama,93,normal,panorama,True,True,rtt=48.92ms
1779496992.545017,ack_recv,latency_ack,7577,C7_full_panorama,C7_full_panorama,93,normal,panorama,True,True,rtt=32.37ms
1779496992.6316113,ack_recv,latency_ack,7578,C7_full_panorama,C7_full_panorama,93,normal,panorama,True,True,rtt=18.33ms
1779496992.7471232,ack_recv,latency_ack,7579,C7_full_panorama,C7_full_panorama,93,normal,panorama,True,True,rtt=32.87ms
1779496992.8187525,ack_recv,latency_ack,7580,C7_full_panorama,C7_full_panorama,93,normal,panorama,True,True,rtt=4.57ms
1779496992.930166,ack_recv,latency_ack,7581,C7_full_panorama,C7_full_panorama,93,normal,panorama,True,True,rtt=15.68ms
1779496993.0214875,ack_recv,latency_ack,7582,C7_full_panorama,C7_full_panorama,93,normal,panorama,True,True,rtt=6.73ms
1779496993.1308563,ack_recv,latency_ack,7583,C7_full_panorama,C7_full_panorama,93,normal,panorama,True,True,rtt=15.75ms
1779496993.2221334,ack_recv,latency_ack,7584,C7_full_panorama,C7_full_panorama,93,normal,panorama,True,True,rtt=6.63ms
1779496993.3504496,ack_recv,latency_ack,7585,C7_full_panorama,C7_full_panorama,93,normal,panorama,True,True,rtt=34.81ms
1779496993.441133,ack_recv,latency_ack,7586,C7_full_panorama,C7_full_panorama,93,normal,panorama,True,True,rtt=24.93ms
1779496993.5321488,ack_recv,latency_ack,7587,C7_full_panorama,C7_full_panorama,93,normal,panorama,True,True,rtt=15.76ms
1779496993.6291254,ack_recv,latency_ack,7588,C7_full_panorama,C7_full_panorama,93,normal,panorama,True,True,rtt=12.26ms
1779496993.7968097,ack_recv,latency_ack,7589,C7_full_panorama,C7_full_panorama,93,normal,panorama,True,True,rtt=79.18ms
1779496993.8344376,ack_recv,latency_ack,7590,C7_full_panorama,C7_full_panorama,93,normal,panorama,True,True,rtt=16.21ms
1779496993.925829,ack_recv,latency_ack,7591,C7_full_panorama,C7_full_panorama,93,normal,panorama,True,True,rtt=7.43ms
1779496994.0358016,ack_recv,latency_ack,7592,C7_full_panorama,C7_full_panorama,93,normal,panorama,True,True,rtt=17.09ms
1779496994.1295576,ack_recv,latency_ack,7593,C7_full_panorama,C7_full_panorama,93,normal,panorama,True,True,rtt=10.61ms
1779496994.2962885,ack_recv,latency_ack,7594,C7_full_panorama,C7_full_panorama,93,normal,panorama,True,True,rtt=76.61ms
1779496994.3850272,ack_recv,latency_ack,7595,C7_full_panorama,C7_full_panorama,93,normal,panorama,True,True,rtt=64.81ms
1779496994.4638338,ack_recv,latency_ack,7596,C7_full_panorama,C7_full_panorama,93,normal,panorama,True,True,rtt=42.67ms
1779496994.5417006,ack_recv,latency_ack,7597,C7_full_panorama,C7_full_panorama,93,normal,panorama,True,True,rtt=19.56ms
1779496994.644035,ack_recv,latency_ack,7598,C7_full_panorama,C7_full_panorama,93,normal,panorama,True,True,rtt=21.17ms
1779496994.753234,ack_recv,latency_ack,7599,C7_full_panorama,C7_full_panorama,93,normal,panorama,True,True,rtt=30.06ms
1779496994.8798137,ack_recv,latency_ack,7600,C7_full_panorama,C7_full_panorama,93,normal,panorama,True,True,rtt=56.20ms
1779496994.9549317,ack_recv,latency_ack,7601,C7_full_panorama,C7_full_panorama,93,normal,panorama,True,True,rtt=29.94ms
1779496995.0444846,ack_recv,latency_ack,7602,C7_full_panorama,C7_full_panorama,93,normal,panorama,True,True,rtt=19.06ms
1779496995.1419253,ack_recv,latency_ack,7603,C7_full_panorama,C7_full_panorama,93,normal,panorama,True,True,rtt=16.10ms
1779496995.3125257,ack_recv,latency_ack,7604,C7_full_panorama,C7_full_panorama,93,normal,panorama,True,True,rtt=86.20ms
1779496995.3401566,ack_recv,latency_ack,7605,C7_full_panorama,C7_full_panorama,93,normal,panorama,True,True,rtt=13.52ms
1779496995.4321892,ack_recv,latency_ack,7606,C7_full_panorama,C7_full_panorama,93,normal,panorama,True,True,rtt=5.09ms
1779496995.5407271,ack_recv,latency_ack,7607,C7_full_panorama,C7_full_panorama,93,normal,panorama,True,True,rtt=13.47ms
1779496995.6354816,ack_recv,latency_ack,7608,C7_full_panorama,C7_full_panorama,93,normal,panorama,True,True,rtt=7.74ms
1779496995.7972972,ack_recv,latency_ack,7609,C7_full_panorama,C7_full_panorama,93,normal,panorama,True,True,rtt=68.96ms
1779496995.8376834,ack_recv,latency_ack,7610,C7_full_panorama,C7_full_panorama,93,normal,panorama,True,True,rtt=8.93ms
1779496995.9479287,ack_recv,latency_ack,7611,C7_full_panorama,C7_full_panorama,93,normal,panorama,True,True,rtt=18.84ms
1779496996.045168,ack_recv,latency_ack,7612,C7_full_panorama,C7_full_panorama,93,normal,panorama,True,True,rtt=15.12ms
1779496996.1833758,ack_recv,latency_ack,7613,C7_full_panorama,C7_full_panorama,93,normal,panorama,True,True,rtt=53.15ms
1779496996.263182,ack_recv,latency_ack,7614,C7_full_panorama,C7_full_panorama,93,normal,panorama,True,True,rtt=32.49ms
1779496996.3506892,ack_recv,latency_ack,7615,C7_full_panorama,C7_full_panorama,93,normal,panorama,True,True,rtt=19.52ms
1779496996.4480383,ack_recv,latency_ack,7616,C7_full_panorama,C7_full_panorama,93,normal,panorama,True,True,rtt=15.88ms
1779496996.5513005,ack_recv,latency_ack,7617,C7_full_panorama,C7_full_panorama,93,normal,panorama,True,True,rtt=18.75ms
1779496996.647268,ack_recv,latency_ack,7618,C7_full_panorama,C7_full_panorama,93,normal,panorama,True,True,rtt=14.41ms
1779496996.7721395,ack_recv,latency_ack,7619,C7_full_panorama,C7_full_panorama,93,normal,panorama,True,True,rtt=38.83ms
1779496996.8466616,ack_recv,latency_ack,7620,C7_full_panorama,C7_full_panorama,93,normal,panorama,True,True,rtt=13.10ms
1779496996.9391184,ack_recv,latency_ack,7621,C7_full_panorama,C7_full_panorama,93,normal,panorama,True,True,rtt=5.33ms
1779496997.0540736,ack_recv,latency_ack,7622,C7_full_panorama,C7_full_panorama,93,normal,panorama,True,True,rtt=19.90ms
1779496997.1445737,ack_recv,latency_ack,7623,C7_full_panorama,C7_full_panorama,93,normal,panorama,True,True,rtt=9.75ms
1779496997.276957,ack_recv,latency_ack,7624,C7_full_panorama,C7_full_panorama,93,normal,panorama,True,True,rtt=41.92ms
1779496997.3436894,ack_recv,latency_ack,7625,C7_full_panorama,C7_full_panorama,93,normal,panorama,True,True,rtt=8.25ms
1779496997.4516492,ack_recv,latency_ack,7626,C7_full_panorama,C7_full_panorama,93,normal,panorama,True,True,rtt=15.69ms
1779496997.5489967,ack_recv,latency_ack,7627,C7_full_panorama,C7_full_panorama,93,normal,panorama,True,True,rtt=12.91ms
1779496997.651327,ack_recv,latency_ack,7628,C7_full_panorama,C7_full_panorama,93,normal,panorama,True,True,rtt=15.01ms
1779496997.7628248,ack_recv,latency_ack,7629,C7_full_panorama,C7_full_panorama,93,normal,panorama,True,True,rtt=24.58ms
1779496997.852396,ack_recv,latency_ack,7630,C7_full_panorama,C7_full_panorama,93,normal,panorama,True,True,rtt=14.72ms
1779496997.9476726,ack_recv,latency_ack,7631,C7_full_panorama,C7_full_panorama,93,normal,panorama,True,True,rtt=9.67ms
1779496998.05281,ack_recv,latency_ack,7632,C7_full_panorama,C7_full_panorama,93,normal,panorama,True,True,rtt=14.69ms
1779496998.1470234,ack_recv,latency_ack,7633,C7_full_panorama,C7_full_panorama,93,normal,panorama,True,True,rtt=8.43ms
1779496998.284716,ack_recv,latency_ack,7634,C7_full_panorama,C7_full_panorama,93,normal,panorama,True,True,rtt=45.61ms
1779496998.3517272,ack_recv,latency_ack,7635,C7_full_panorama,C7_full_panorama,93,normal,panorama,True,True,rtt=12.22ms
1779496998.4575365,ack_recv,latency_ack,7636,C7_full_panorama,C7_full_panorama,93,normal,panorama,True,True,rtt=17.60ms
1779496998.5553749,ack_recv,latency_ack,7637,C7_full_panorama,C7_full_panorama,93,normal,panorama,True,True,rtt=14.54ms
1779496998.6606722,ack_recv,latency_ack,7638,C7_full_panorama,C7_full_panorama,93,normal,panorama,True,True,rtt=19.42ms
1779496998.7713895,ack_recv,latency_ack,7639,C7_full_panorama,C7_full_panorama,93,normal,panorama,True,True,rtt=29.52ms
1779496998.8981807,ack_recv,latency_ack,7640,C7_full_panorama,C7_full_panorama,93,normal,panorama,True,True,rtt=55.85ms
1779496998.9830441,ack_recv,latency_ack,7641,C7_full_panorama,C7_full_panorama,93,normal,panorama,True,True,rtt=40.19ms
1779496999.0625284,ack_recv,latency_ack,7642,C7_full_panorama,C7_full_panorama,93,normal,panorama,True,True,rtt=19.09ms
1779496999.152618,ack_recv,latency_ack,7643,C7_full_panorama,C7_full_panorama,93,normal,panorama,True,True,rtt=8.35ms
1779496999.319999,ack_recv,latency_ack,7644,C7_full_panorama,C7_full_panorama,93,normal,panorama,True,True,rtt=75.28ms
1779496999.406743,ack_recv,latency_ack,7645,C7_full_panorama,C7_full_panorama,93,normal,panorama,True,True,rtt=61.80ms
1779496999.494972,ack_recv,latency_ack,7646,C7_full_panorama,C7_full_panorama,93,normal,panorama,True,True,rtt=49.51ms
1779496999.5609396,ack_recv,latency_ack,7647,C7_full_panorama,C7_full_panorama,93,normal,panorama,True,True,rtt=14.88ms
1779496999.6686015,ack_recv,latency_ack,7648,C7_full_panorama,C7_full_panorama,93,normal,panorama,True,True,rtt=21.89ms
1779496999.8423867,ack_recv,latency_ack,7649,C7_full_panorama,C7_full_panorama,93,normal,panorama,True,True,rtt=95.07ms
1779496999.8541,ack_recv,latency_ack,7650,C7_full_panorama,C7_full_panorama,93,normal,panorama,True,True,rtt=6.30ms
1779496999.9658287,ack_recv,latency_ack,7651,C7_full_panorama,C7_full_panorama,93,normal,panorama,True,True,rtt=17.27ms
1779497000.0576134,ack_recv,latency_ack,7652,C7_full_panorama,C7_full_panorama,93,normal,panorama,True,True,rtt=8.49ms
1779497000.172805,ack_recv,latency_ack,7653,C7_full_panorama,C7_full_panorama,93,normal,panorama,True,True,rtt=23.32ms
1779497000.2742643,ack_recv,latency_ack,7654,C7_full_panorama,C7_full_panorama,93,normal,panorama,True,True,rtt=24.31ms
1779497000.3881266,ack_recv,latency_ack,7655,C7_full_panorama,C7_full_panorama,93,normal,panorama,True,True,rtt=37.34ms
1779497000.476232,ack_recv,latency_ack,7656,C7_full_panorama,C7_full_panorama,93,normal,panorama,True,True,rtt=24.94ms
1779497000.5706532,ack_recv,latency_ack,7657,C7_full_panorama,C7_full_panorama,93,normal,panorama,True,True,rtt=19.15ms
1779497000.6628263,ack_recv,latency_ack,7658,C7_full_panorama,C7_full_panorama,93,normal,panorama,True,True,rtt=10.84ms
1779497000.83719,ack_recv,latency_ack,7659,C7_full_panorama,C7_full_panorama,93,normal,panorama,True,True,rtt=85.02ms
1779497000.8636465,ack_recv,latency_ack,7660,C7_full_panorama,C7_full_panorama,93,normal,panorama,True,True,rtt=11.03ms
1779497000.960463,ack_recv,latency_ack,7661,C7_full_panorama,C7_full_panorama,93,normal,panorama,True,True,rtt=7.17ms
1779497001.066141,ack_recv,latency_ack,7662,C7_full_panorama,C7_full_panorama,93,normal,panorama,True,True,rtt=12.02ms
1779497001.1617434,ack_recv,latency_ack,7663,C7_full_panorama,C7_full_panorama,93,normal,panorama,True,True,rtt=7.41ms
1779497001.3014965,ack_recv,latency_ack,7664,C7_full_panorama,C7_full_panorama,93,normal,panorama,True,True,rtt=46.83ms
1779497001.3861513,ack_recv,latency_ack,7665,C7_full_panorama,C7_full_panorama,93,normal,panorama,True,True,rtt=31.40ms
1779497001.4755373,ack_recv,latency_ack,7666,C7_full_panorama,C7_full_panorama,93,normal,panorama,True,True,rtt=20.62ms
1779497001.565818,ack_recv,latency_ack,7667,C7_full_panorama,C7_full_panorama,93,normal,panorama,True,True,rtt=10.03ms
1779497001.6789978,ack_recv,latency_ack,7668,C7_full_panorama,C7_full_panorama,93,normal,panorama,True,True,rtt=22.52ms
1779497001.7856483,ack_recv,latency_ack,7669,C7_full_panorama,C7_full_panorama,93,normal,panorama,True,True,rtt=28.60ms
1779497001.882396,ack_recv,latency_ack,7670,C7_full_panorama,C7_full_panorama,93,normal,panorama,True,True,rtt=24.76ms
1779497001.9714146,ack_recv,latency_ack,7671,C7_full_panorama,C7_full_panorama,93,normal,panorama,True,True,rtt=13.08ms
1779497002.0830102,ack_recv,latency_ack,7672,C7_full_panorama,C7_full_panorama,93,normal,panorama,True,True,rtt=23.97ms
1779497002.1700969,ack_recv,latency_ack,7673,C7_full_panorama,C7_full_panorama,93,normal,panorama,True,True,rtt=10.89ms
1779497002.3248568,ack_recv,latency_ack,7674,C7_full_panorama,C7_full_panorama,93,normal,panorama,True,True,rtt=65.27ms
1779497002.4137654,ack_recv,latency_ack,7675,C7_full_panorama,C7_full_panorama,93,normal,panorama,True,True,rtt=53.78ms
1779497002.4990058,ack_recv,latency_ack,7676,C7_full_panorama,C7_full_panorama,93,normal,panorama,True,True,rtt=38.85ms
1779497002.5836465,ack_recv,latency_ack,7677,C7_full_panorama,C7_full_panorama,93,normal,panorama,True,True,rtt=22.55ms
1779497002.6818123,ack_recv,latency_ack,7678,C7_full_panorama,C7_full_panorama,93,normal,panorama,True,True,rtt=19.82ms
1779497002.7864454,ack_recv,latency_ack,7679,C7_full_panorama,C7_full_panorama,93,normal,panorama,True,True,rtt=23.73ms
1779497002.8951495,ack_recv,latency_ack,7680,C7_full_panorama,C7_full_panorama,93,normal,panorama,True,True,rtt=31.84ms
1779497002.9803674,ack_recv,latency_ack,7681,C7_full_panorama,C7_full_panorama,93,normal,panorama,True,True,rtt=16.19ms
1779497003.0845625,ack_recv,latency_ack,7682,C7_full_panorama,C7_full_panorama,93,normal,panorama,True,True,rtt=20.05ms
1779497003.179447,ack_recv,latency_ack,7683,C7_full_panorama,C7_full_panorama,93,normal,panorama,True,True,rtt=14.77ms
1779497003.2937438,ack_recv,latency_ack,7684,C7_full_panorama,C7_full_panorama,93,normal,panorama,True,True,rtt=6.53ms
1779497003.3932893,ack_recv,latency_ack,7685,C7_full_panorama,C7_full_panorama,93,normal,panorama,True,True,rtt=4.56ms
1779497003.5025403,ack_recv,latency_ack,7686,C7_full_panorama,C7_full_panorama,93,normal,panorama,True,True,rtt=14.42ms
1779497003.5948036,ack_recv,latency_ack,7687,C7_full_panorama,C7_full_panorama,93,normal,panorama,True,True,rtt=6.13ms
1779497003.7381866,ack_recv,latency_ack,7688,C7_full_panorama,C7_full_panorama,93,normal,panorama,True,True,rtt=49.08ms
1779497003.8248494,ack_recv,latency_ack,7689,C7_full_panorama,C7_full_panorama,93,normal,panorama,True,True,rtt=34.49ms
1779497003.910842,ack_recv,latency_ack,7690,C7_full_panorama,C7_full_panorama,93,normal,panorama,True,True,rtt=20.14ms
1779497003.9982736,ack_recv,latency_ack,7691,C7_full_panorama,C7_full_panorama,93,normal,panorama,True,True,rtt=6.75ms
1779497004.149622,ack_recv,latency_ack,7692,C7_full_panorama,C7_full_panorama,93,normal,panorama,True,True,rtt=57.49ms
1779497004.2352448,ack_recv,latency_ack,7693,C7_full_panorama,C7_full_panorama,93,normal,panorama,True,True,rtt=42.45ms
1779497004.3205545,ack_recv,latency_ack,7694,C7_full_panorama,C7_full_panorama,93,normal,panorama,True,True,rtt=27.18ms
1779497004.4041266,ack_recv,latency_ack,7695,C7_full_panorama,C7_full_panorama,93,normal,panorama,True,True,rtt=10.20ms
1779497004.5578773,ack_recv,latency_ack,7696,C7_full_panorama,C7_full_panorama,93,normal,panorama,True,True,rtt=63.55ms
1779497004.6498528,ack_recv,latency_ack,7697,C7_full_panorama,C7_full_panorama,93,normal,panorama,True,True,rtt=55.05ms
1779497004.7348645,ack_recv,latency_ack,7698,C7_full_panorama,C7_full_panorama,93,normal,panorama,True,True,rtt=39.52ms
1779497004.8191464,ack_recv,latency_ack,7699,C7_full_panorama,C7_full_panorama,93,normal,panorama,True,True,rtt=16.07ms
1779497004.916574,ack_recv,latency_ack,7700,C7_full_panorama,C7_full_panorama,93,normal,panorama,True,True,rtt=12.40ms
