unix_ts,event,topic,seq,test_id,condition,payload_bytes,active_camera_mode,active_lidar_mode,video_enabled,lidar_enabled,notes
1779492178.5907748,stat_pub,stat,-1,,,206,off,off,False,False,
1779492179.0913346,stat_pub,stat,-1,,,208,off,off,False,False,
1779492179.591905,stat_pub,stat,-1,,,207,off,off,False,False,
1779492180.0923305,stat_pub,stat,-1,,,208,off,off,False,False,
1779492180.5924459,stat_pub,stat,-1,,,208,off,off,False,False,
1779492181.0929399,stat_pub,stat,-1,,,208,off,off,False,False,
1779492181.5934887,stat_pub,stat,-1,,,208,off,off,False,False,
1779492182.0940943,stat_pub,stat,-1,,,208,off,off,False,False,
1779492182.594276,stat_pub,stat,-1,,,207,off,off,False,False,
1779492183.0947268,stat_pub,stat,-1,,,208,off,off,False,False,
1779492183.594997,stat_pub,stat,-1,,,207,off,off,False,False,
1779492184.0955055,stat_pub,stat,-1,,,208,off,off,False,False,
1779492184.5958445,stat_pub,stat,-1,,,208,off,off,False,False,
1779492185.0963707,stat_pub,stat,-1,,,208,off,off,False,False,
1779492185.596896,stat_pub,stat,-1,,,207,off,off,False,False,
1779492186.097131,stat_pub,stat,-1,,,207,off,off,False,False,
1779492186.5973766,stat_pub,stat,-1,,,208,off,off,False,False,
1779492187.0978067,stat_pub,stat,-1,,,208,off,off,False,False,
1779492187.5980318,stat_pub,stat,-1,,,208,off,off,False,False,
1779492188.09856,stat_pub,stat,-1,,,206,off,off,False,False,
1779492188.59879,stat_pub,stat,-1,,,207,off,off,False,False,
1779492189.0993772,stat_pub,stat,-1,,,209,off,off,False,False,
1779492189.5996401,stat_pub,stat,-1,,,209,off,off,False,False,
1779492190.100192,stat_pub,stat,-1,,,208,off,off,False,False,
1779492190.6007411,stat_pub,stat,-1,,,208,off,off,False,False,
1779492191.100952,stat_pub,stat,-1,,,207,off,off,False,False,
1779492191.6012714,stat_pub,stat,-1,,,208,off,off,False,False,
1779492192.1016958,stat_pub,stat,-1,,,209,off,off,False,False,
1779492192.6023235,stat_pub,stat,-1,,,209,off,off,False,False,
1779492193.1026616,stat_pub,stat,-1,,,209,off,off,False,False,
1779492193.6030192,stat_pub,stat,-1,,,209,off,off,False,False,
1779492194.1034558,stat_pub,stat,-1,,,209,off,off,False,False,
1779492194.6040175,stat_pub,stat,-1,,,209,off,off,False,False,
1779492195.10445,stat_pub,stat,-1,,,207,off,off,False,False,
1779492195.6048207,stat_pub,stat,-1,,,209,off,off,False,False,
1779492196.1052475,stat_pub,stat,-1,,,209,off,off,False,False,
1779492196.6057243,stat_pub,stat,-1,,,209,off,off,False,False,
1779492197.1058857,stat_pub,stat,-1,,,209,off,off,False,False,
1779492197.606279,stat_pub,stat,-1,,,208,off,off,False,False,
1779492198.1065729,stat_pub,stat,-1,,,209,off,off,False,False,
1779492198.606719,stat_pub,stat,-1,,,208,off,off,False,False,
1779492199.107247,stat_pub,stat,-1,,,208,off,off,False,False,
1779492199.6075425,stat_pub,stat,-1,,,209,off,off,False,False,
1779492200.107837,stat_pub,stat,-1,,,208,off,off,False,False,
1779492200.6084487,stat_pub,stat,-1,,,209,off,off,False,False,
1779492201.1089761,stat_pub,stat,-1,,,209,off,off,False,False,
1779492201.6095796,stat_pub,stat,-1,,,209,off,off,False,False,
1779492202.109886,stat_pub,stat,-1,,,208,off,off,False,False,
1779492202.61046,stat_pub,stat,-1,,,206,off,off,False,False,
1779492203.1110065,stat_pub,stat,-1,,,208,off,off,False,False,
1779492203.611406,stat_pub,stat,-1,,,208,off,off,False,False,
1779492204.1119165,stat_pub,stat,-1,,,209,off,off,False,False,
1779492204.612433,stat_pub,stat,-1,,,208,off,off,False,False,
1779492205.1127546,stat_pub,stat,-1,,,209,off,off,False,False,
1779492205.613001,stat_pub,stat,-1,,,208,off,off,False,False,
1779492206.113313,stat_pub,stat,-1,,,208,off,off,False,False,
1779492206.613792,stat_pub,stat,-1,,,208,off,off,False,False,
1779492207.1139195,stat_pub,stat,-1,,,209,off,off,False,False,
1779492207.614669,stat_pub,stat,-1,,,208,off,off,False,False,
1779492208.1153326,stat_pub,stat,-1,,,209,off,off,False,False,
1779492208.616309,stat_pub,stat,-1,,,208,off,off,False,False,
1779492209.1165013,stat_pub,stat,-1,,,209,off,off,False,False,
1779492209.6170034,stat_pub,stat,-1,,,209,off,off,False,False,
1779492210.117706,stat_pub,stat,-1,,,208,off,off,False,False,
1779492210.6178882,stat_pub,stat,-1,,,209,off,off,False,False,
1779492211.1187449,stat_pub,stat,-1,,,209,off,off,False,False,
1779492211.619213,stat_pub,stat,-1,,,208,off,off,False,False,
1779492212.120031,stat_pub,stat,-1,,,208,off,off,False,False,
1779492212.6208892,stat_pub,stat,-1,,,208,off,off,False,False,
1779492213.1218948,stat_pub,stat,-1,,,209,off,off,False,False,
1779492213.6225417,stat_pub,stat,-1,,,209,off,off,False,False,
1779492214.1228788,stat_pub,stat,-1,,,209,off,off,False,False,
1779492214.6230776,stat_pub,stat,-1,,,209,off,off,False,False,
1779492215.1235569,stat_pub,stat,-1,,,209,off,off,False,False,
1779492215.6242461,stat_pub,stat,-1,,,209,off,off,False,False,
1779492216.1251009,stat_pub,stat,-1,,,209,off,off,False,False,
1779492216.6258981,stat_pub,stat,-1,,,209,off,off,False,False,
1779492217.1265385,stat_pub,stat,-1,,,209,off,off,False,False,
1779492217.6272888,stat_pub,stat,-1,,,209,off,off,False,False,
1779492218.1274564,stat_pub,stat,-1,,,209,off,off,False,False,
1779492218.6280425,stat_pub,stat,-1,,,209,off,off,False,False,
1779492219.1284914,stat_pub,stat,-1,,,209,off,off,False,False,
1779492219.6291857,stat_pub,stat,-1,,,209,off,off,False,False,
1779492220.1295366,stat_pub,stat,-1,,,209,off,off,False,False,
1779492220.6301546,stat_pub,stat,-1,,,209,off,off,False,False,
1779492221.1310587,stat_pub,stat,-1,,,208,off,off,False,False,
1779492221.6313186,stat_pub,stat,-1,,,209,off,off,False,False,
1779492222.131923,stat_pub,stat,-1,,,208,off,off,False,False,
1779492222.6327503,stat_pub,stat,-1,,,209,off,off,False,False,
1779492223.133335,stat_pub,stat,-1,,,208,off,off,False,False,
1779492223.634288,stat_pub,stat,-1,,,208,off,off,False,False,
1779492224.135019,stat_pub,stat,-1,,,208,off,off,False,False,
1779492224.6360803,stat_pub,stat,-1,,,209,off,off,False,False,
1779492225.1363857,stat_pub,stat,-1,,,209,off,off,False,False,
1779492225.6371741,stat_pub,stat,-1,,,209,off,off,False,False,
1779492226.137867,stat_pub,stat,-1,,,208,off,off,False,False,
1779492226.6385357,stat_pub,stat,-1,,,209,off,off,False,False,
1779492227.1389954,stat_pub,stat,-1,,,209,off,off,False,False,
1779492227.6397076,stat_pub,stat,-1,,,209,off,off,False,False,
1779492228.140273,stat_pub,stat,-1,,,208,off,off,False,False,
1779492228.6408687,stat_pub,stat,-1,,,208,off,off,False,False,
1779492229.141887,stat_pub,stat,-1,,,209,off,off,False,False,
1779492229.6418395,stat_pub,stat,-1,,,209,off,off,False,False,
1779492230.1426575,stat_pub,stat,-1,,,209,off,off,False,False,
1779492230.6430876,stat_pub,stat,-1,,,209,off,off,False,False,
1779492231.144123,stat_pub,stat,-1,,,208,off,off,False,False,
1779492231.644672,stat_pub,stat,-1,,,208,off,off,False,False,
1779492232.14523,stat_pub,stat,-1,,,207,off,off,False,False,
1779492232.64606,stat_pub,stat,-1,,,207,off,off,False,False,
1779492233.1467927,stat_pub,stat,-1,,,209,off,off,False,False,
1779492233.6470892,stat_pub,stat,-1,,,209,off,off,False,False,
1779492234.1474714,stat_pub,stat,-1,,,209,off,off,False,False,
1779492234.6478283,stat_pub,stat,-1,,,209,off,off,False,False,
1779492235.14843,stat_pub,stat,-1,,,207,off,off,False,False,
1779492235.64883,stat_pub,stat,-1,,,207,off,off,False,False,
1779492236.1491377,stat_pub,stat,-1,,,209,off,off,False,False,
1779492236.6501746,stat_pub,stat,-1,,,209,off,off,False,False,
1779492237.15057,stat_pub,stat,-1,,,206,off,off,False,False,
1779492237.650952,stat_pub,stat,-1,,,207,off,off,False,False,
1779492238.1512697,stat_pub,stat,-1,,,208,off,off,False,False,
1779492238.6521208,stat_pub,stat,-1,,,209,off,off,False,False,
1779492239.1526272,stat_pub,stat,-1,,,209,off,off,False,False,
1779492239.6530392,stat_pub,stat,-1,,,209,off,off,False,False,
1779492240.153554,stat_pub,stat,-1,,,208,off,off,False,False,
1779492240.6540573,stat_pub,stat,-1,,,209,off,off,False,False,
1779492241.1548865,stat_pub,stat,-1,,,209,off,off,False,False,
1779492241.6558688,stat_pub,stat,-1,,,209,off,off,False,False,
1779492242.156695,stat_pub,stat,-1,,,208,off,off,False,False,
1779492242.657701,stat_pub,stat,-1,,,208,off,off,False,False,
1779492243.1582124,stat_pub,stat,-1,,,209,off,off,False,False,
1779492243.6589744,stat_pub,stat,-1,,,209,off,off,False,False,
1779492244.1597154,stat_pub,stat,-1,,,209,off,off,False,False,
1779492244.65996,stat_pub,stat,-1,,,207,off,off,False,False,
1779492245.1607342,stat_pub,stat,-1,,,208,off,off,False,False,
1779492245.6611943,stat_pub,stat,-1,,,208,off,off,False,False,
1779492246.16153,stat_pub,stat,-1,,,207,off,off,False,False,
1779492246.6619854,stat_pub,stat,-1,,,209,off,off,False,False,
1779492247.16256,stat_pub,stat,-1,,,207,off,off,False,False,
1779492247.6632392,stat_pub,stat,-1,,,209,off,off,False,False,
1779492248.1636424,stat_pub,stat,-1,,,209,off,off,False,False,
1779492248.6641233,stat_pub,stat,-1,,,209,off,off,False,False,
1779492249.164953,stat_pub,stat,-1,,,208,off,off,False,False,
1779492249.6652918,stat_pub,stat,-1,,,209,off,off,False,False,
1779492250.1659443,stat_pub,stat,-1,,,209,off,off,False,False,
1779492250.6661854,stat_pub,stat,-1,,,209,off,off,False,False,
1779492251.1673596,stat_pub,stat,-1,,,209,off,off,False,False,
1779492251.668076,stat_pub,stat,-1,,,208,off,off,False,False,
1779492252.1686666,stat_pub,stat,-1,,,209,off,off,False,False,
1779492252.6693373,stat_pub,stat,-1,,,209,off,off,False,False,
1779492253.16982,stat_pub,stat,-1,,,207,off,off,False,False,
1779492253.670206,stat_pub,stat,-1,,,208,off,off,False,False,
1779492254.1706898,stat_pub,stat,-1,,,208,off,off,False,False,
1779492254.6711128,stat_pub,stat,-1,,,208,off,off,False,False,
1779492255.171917,stat_pub,stat,-1,,,208,off,off,False,False,
1779492255.6723342,stat_pub,stat,-1,,,209,off,off,False,False,
1779492256.1725476,stat_pub,stat,-1,,,209,off,off,False,False,
1779492256.6730664,stat_pub,stat,-1,,,209,off,off,False,False,
1779492257.1738575,stat_pub,stat,-1,,,209,off,off,False,False,
1779492257.6742048,stat_pub,stat,-1,,,209,off,off,False,False,
1779492258.1745086,stat_pub,stat,-1,,,209,off,off,False,False,
1779492258.6747286,stat_pub,stat,-1,,,209,off,off,False,False,
1779492259.1751285,stat_pub,stat,-1,,,209,off,off,False,False,
1779492259.6753,stat_pub,stat,-1,,,206,off,off,False,False,
1779492260.175741,stat_pub,stat,-1,,,208,off,off,False,False,
1779492260.6759753,stat_pub,stat,-1,,,209,off,off,False,False,
1779492261.1765268,stat_pub,stat,-1,,,209,off,off,False,False,
1779492261.6771994,stat_pub,stat,-1,,,209,off,off,False,False,
1779492262.1774042,stat_pub,stat,-1,,,209,off,off,False,False,
1779492262.6777077,stat_pub,stat,-1,,,209,off,off,False,False,
1779492263.1782482,stat_pub,stat,-1,,,209,off,off,False,False,
1779492263.6785357,stat_pub,stat,-1,,,209,off,off,False,False,
1779492264.1787567,stat_pub,stat,-1,,,209,off,off,False,False,
1779492264.6790435,stat_pub,stat,-1,,,209,off,off,False,False,
1779492265.179306,stat_pub,stat,-1,,,208,off,off,False,False,
1779492265.6799662,stat_pub,stat,-1,,,209,off,off,False,False,
1779492266.1804736,stat_pub,stat,-1,,,208,off,off,False,False,
1779492266.680896,stat_pub,stat,-1,,,207,off,off,False,False,
1779492267.1810298,stat_pub,stat,-1,,,208,off,off,False,False,
1779492267.6812818,stat_pub,stat,-1,,,209,off,off,False,False,
1779492268.1816142,stat_pub,stat,-1,,,209,off,off,False,False,
1779492268.6817677,stat_pub,stat,-1,,,209,off,off,False,False,
1779492269.1819422,stat_pub,stat,-1,,,209,off,off,False,False,
1779492269.6823049,stat_pub,stat,-1,,,209,off,off,False,False,
1779492270.1829143,stat_pub,stat,-1,,,209,off,off,False,False,
1779492270.6830826,stat_pub,stat,-1,,,209,off,off,False,False,
1779492271.1834376,stat_pub,stat,-1,,,209,off,off,False,False,
1779492271.683761,stat_pub,stat,-1,,,208,off,off,False,False,
1779492272.1841354,stat_pub,stat,-1,,,209,off,off,False,False,
1779492272.6843903,stat_pub,stat,-1,,,209,off,off,False,False,
1779492273.184749,stat_pub,stat,-1,,,208,off,off,False,False,
1779492273.6849918,stat_pub,stat,-1,,,209,off,off,False,False,
1779492274.1851645,stat_pub,stat,-1,,,209,off,off,False,False,
1779492274.685448,stat_pub,stat,-1,,,208,off,off,False,False,
1779492275.1859417,stat_pub,stat,-1,,,209,off,off,False,False,
1779492275.686236,stat_pub,stat,-1,,,208,off,off,False,False,
1779492276.1863437,stat_pub,stat,-1,,,209,off,off,False,False,
1779492276.6865451,stat_pub,stat,-1,,,209,off,off,False,False,
1779492277.1867986,stat_pub,stat,-1,,,209,off,off,False,False,
1779492277.6871367,stat_pub,stat,-1,,,209,off,off,False,False,
1779492278.1875129,stat_pub,stat,-1,,,209,off,off,False,False,
1779492278.6880057,stat_pub,stat,-1,,,210,off,off,False,False,
1779492279.1882298,stat_pub,stat,-1,,,210,off,off,False,False,
1779492279.688792,stat_pub,stat,-1,,,209,off,off,False,False,
1779492280.1890726,stat_pub,stat,-1,,,210,off,off,False,False,
1779492280.6901038,stat_pub,stat,-1,,,210,off,off,False,False,
1779492281.190544,stat_pub,stat,-1,,,207,off,off,False,False,
1779492281.691125,stat_pub,stat,-1,,,207,off,off,False,False,
1779492282.191319,stat_pub,stat,-1,,,209,off,off,False,False,
1779492282.6915474,stat_pub,stat,-1,,,210,off,off,False,False,
1779492283.192028,stat_pub,stat,-1,,,209,off,off,False,False,
1779492283.6925855,stat_pub,stat,-1,,,210,off,off,False,False,
1779492284.193032,stat_pub,stat,-1,,,209,off,off,False,False,
1779492284.6932197,stat_pub,stat,-1,,,210,off,off,False,False,
1779492285.1934798,stat_pub,stat,-1,,,210,off,off,False,False,
1779492285.6935985,stat_pub,stat,-1,,,210,off,off,False,False,
1779492286.1938117,stat_pub,stat,-1,,,210,off,off,False,False,
1779492286.6944005,stat_pub,stat,-1,,,210,off,off,False,False,
1779492287.1949713,stat_pub,stat,-1,,,210,off,off,False,False,
1779492287.6954226,stat_pub,stat,-1,,,210,off,off,False,False,
1779492288.1959522,stat_pub,stat,-1,,,210,off,off,False,False,
1779492288.6961832,stat_pub,stat,-1,,,210,off,off,False,False,
1779492289.1964195,stat_pub,stat,-1,,,210,off,off,False,False,
1779492289.6967418,stat_pub,stat,-1,,,210,off,off,False,False,
1779492290.1968892,stat_pub,stat,-1,,,210,off,off,False,False,
1779492290.6973238,stat_pub,stat,-1,,,210,off,off,False,False,
1779492291.1977048,stat_pub,stat,-1,,,210,off,off,False,False,
1779492291.6982799,stat_pub,stat,-1,,,210,off,off,False,False,
1779492292.19878,stat_pub,stat,-1,,,208,off,off,False,False,
1779492292.6993303,stat_pub,stat,-1,,,210,off,off,False,False,
1779492293.1998155,stat_pub,stat,-1,,,210,off,off,False,False,
1779492293.700165,stat_pub,stat,-1,,,209,off,off,False,False,
1779492294.2002614,stat_pub,stat,-1,,,210,off,off,False,False,
1779492294.700629,stat_pub,stat,-1,,,208,off,off,False,False,
1779492295.2011857,stat_pub,stat,-1,,,209,off,off,False,False,
1779492295.7015703,stat_pub,stat,-1,,,210,off,off,False,False,
1779492296.2020965,stat_pub,stat,-1,,,210,off,off,False,False,
1779492296.7026136,stat_pub,stat,-1,,,210,off,off,False,False,
1779492297.2028468,stat_pub,stat,-1,,,210,off,off,False,False,
1779492297.7031076,stat_pub,stat,-1,,,210,off,off,False,False,
1779492298.2032895,stat_pub,stat,-1,,,210,off,off,False,False,
1779492298.703726,stat_pub,stat,-1,,,209,off,off,False,False,
1779492299.2042634,stat_pub,stat,-1,,,210,off,off,False,False,
1779492299.7046707,stat_pub,stat,-1,,,210,off,off,False,False,
1779492300.205319,stat_pub,stat,-1,,,209,off,off,False,False,
1779492300.705621,stat_pub,stat,-1,,,209,off,off,False,False,
1779492301.2060018,stat_pub,stat,-1,,,210,off,off,False,False,
1779492301.7061727,stat_pub,stat,-1,,,210,off,off,False,False,
1779492302.2066357,stat_pub,stat,-1,,,210,off,off,False,False,
1779492302.7068243,stat_pub,stat,-1,,,210,off,off,False,False,
1779492303.2074997,stat_pub,stat,-1,,,210,off,off,False,False,
1779492303.7077324,stat_pub,stat,-1,,,210,off,off,False,False,
1779492304.2082193,stat_pub,stat,-1,,,210,off,off,False,False,
1779492304.708571,stat_pub,stat,-1,,,209,off,off,False,False,
1779492305.2091138,stat_pub,stat,-1,,,210,off,off,False,False,
1779492305.7091956,stat_pub,stat,-1,,,210,off,off,False,False,
1779492306.2095983,stat_pub,stat,-1,,,210,off,off,False,False,
1779492306.7100835,stat_pub,stat,-1,,,210,off,off,False,False,
1779492307.210577,stat_pub,stat,-1,,,208,off,off,False,False,
1779492307.7109382,stat_pub,stat,-1,,,209,off,off,False,False,
1779492308.2113044,stat_pub,stat,-1,,,210,off,off,False,False,
1779492308.711833,stat_pub,stat,-1,,,209,off,off,False,False,
1779492309.2121208,stat_pub,stat,-1,,,210,off,off,False,False,
1779492309.7125092,stat_pub,stat,-1,,,210,off,off,False,False,
1779492310.2126722,stat_pub,stat,-1,,,210,off,off,False,False,
1779492310.7130432,stat_pub,stat,-1,,,210,off,off,False,False,
1779492311.2133033,stat_pub,stat,-1,,,210,off,off,False,False,
1779492311.713425,stat_pub,stat,-1,,,209,off,off,False,False,
1779492312.213536,stat_pub,stat,-1,,,209,off,off,False,False,
1779492312.713846,stat_pub,stat,-1,,,209,off,off,False,False,
1779492313.2144127,stat_pub,stat,-1,,,210,off,off,False,False,
1779492313.714948,stat_pub,stat,-1,,,209,off,off,False,False,
1779492314.2152245,stat_pub,stat,-1,,,210,off,off,False,False,
1779492314.715699,stat_pub,stat,-1,,,209,off,off,False,False,
1779492315.216032,stat_pub,stat,-1,,,209,off,off,False,False,
1779492315.7167406,stat_pub,stat,-1,,,210,off,off,False,False,
1779492316.217312,stat_pub,stat,-1,,,209,off,off,False,False,
1779492316.71744,stat_pub,stat,-1,,,208,off,off,False,False,
1779492317.2180386,stat_pub,stat,-1,,,210,off,off,False,False,
1779492317.7186213,stat_pub,stat,-1,,,210,off,off,False,False,
1779492318.2189038,stat_pub,stat,-1,,,210,off,off,False,False,
1779492318.719047,stat_pub,stat,-1,,,209,off,off,False,False,
1779492319.2194002,stat_pub,stat,-1,,,210,off,off,False,False,
1779492319.7198982,stat_pub,stat,-1,,,210,off,off,False,False,
1779492320.22023,stat_pub,stat,-1,,,208,off,off,False,False,
1779492320.7208233,stat_pub,stat,-1,,,209,off,off,False,False,
1779492321.2213955,stat_pub,stat,-1,,,210,off,off,False,False,
1779492321.7216642,stat_pub,stat,-1,,,210,off,off,False,False,
1779492322.222197,stat_pub,stat,-1,,,209,off,off,False,False,
1779492322.722642,stat_pub,stat,-1,,,209,off,off,False,False,
1779492323.2229745,stat_pub,stat,-1,,,210,off,off,False,False,
1779492323.7231784,stat_pub,stat,-1,,,210,off,off,False,False,
1779492324.2233381,stat_pub,stat,-1,,,210,off,off,False,False,
1779492324.7237055,stat_pub,stat,-1,,,210,off,off,False,False,
1779492325.2240229,stat_pub,stat,-1,,,210,off,off,False,False,
1779492325.7243657,stat_pub,stat,-1,,,210,off,off,False,False,
1779492326.224705,stat_pub,stat,-1,,,209,off,off,False,False,
1779492326.7250519,stat_pub,stat,-1,,,210,off,off,False,False,
1779492327.2253432,stat_pub,stat,-1,,,210,off,off,False,False,
1779492327.7257352,stat_pub,stat,-1,,,210,off,off,False,False,
1779492328.2258954,stat_pub,stat,-1,,,210,off,off,False,False,
1779492328.7263634,stat_pub,stat,-1,,,210,off,off,False,False,
1779492329.2267256,stat_pub,stat,-1,,,210,off,off,False,False,
1779492329.7272296,stat_pub,stat,-1,,,210,off,off,False,False,
1779492330.2274854,stat_pub,stat,-1,,,210,off,off,False,False,
1779492330.7276762,stat_pub,stat,-1,,,210,off,off,False,False,
1779492331.2278268,stat_pub,stat,-1,,,210,off,off,False,False,
1779492331.7281084,stat_pub,stat,-1,,,210,off,off,False,False,
1779492332.2285712,stat_pub,stat,-1,,,210,off,off,False,False,
1779492332.7292361,stat_pub,stat,-1,,,210,off,off,False,False,
1779492333.2297835,stat_pub,stat,-1,,,210,off,off,False,False,
1779492333.7299876,stat_pub,stat,-1,,,210,off,off,False,False,
1779492334.2305326,stat_pub,stat,-1,,,209,off,off,False,False,
1779492334.730739,stat_pub,stat,-1,,,208,off,off,False,False,
1779492335.2312512,stat_pub,stat,-1,,,209,off,off,False,False,
1779492335.7317984,stat_pub,stat,-1,,,210,off,off,False,False,
1779492336.2322729,stat_pub,stat,-1,,,210,off,off,False,False,
1779492336.7328577,stat_pub,stat,-1,,,210,off,off,False,False,
1779492337.2330222,stat_pub,stat,-1,,,210,off,off,False,False,
1779492337.733686,stat_pub,stat,-1,,,209,off,off,False,False,
1779492338.234271,stat_pub,stat,-1,,,209,off,off,False,False,
1779492338.7344592,stat_pub,stat,-1,,,210,off,off,False,False,
1779492339.2347014,stat_pub,stat,-1,,,210,off,off,False,False,
1779492339.735193,stat_pub,stat,-1,,,209,off,off,False,False,
1779492340.235573,stat_pub,stat,-1,,,209,off,off,False,False,
1779492340.7362163,stat_pub,stat,-1,,,210,off,off,False,False,
1779492341.2366908,stat_pub,stat,-1,,,210,off,off,False,False,
1779492341.737121,stat_pub,stat,-1,,,209,off,off,False,False,
1779492342.237671,stat_pub,stat,-1,,,209,off,off,False,False,
1779492342.737846,stat_pub,stat,-1,,,209,off,off,False,False,
1779492343.2383604,stat_pub,stat,-1,,,210,off,off,False,False,
1779492343.7384627,stat_pub,stat,-1,,,210,off,off,False,False,
1779492344.2386901,stat_pub,stat,-1,,,210,off,off,False,False,
1779492344.7389483,stat_pub,stat,-1,,,210,off,off,False,False,
1779492345.2396178,stat_pub,stat,-1,,,210,off,off,False,False,
1779492345.7397313,stat_pub,stat,-1,,,210,off,off,False,False,
1779492346.2401066,stat_pub,stat,-1,,,210,off,off,False,False,
1779492346.7404597,stat_pub,stat,-1,,,209,off,off,False,False,
1779492347.2405999,stat_pub,stat,-1,,,209,off,off,False,False,
1779492347.7408788,stat_pub,stat,-1,,,209,off,off,False,False,
1779492348.2413695,stat_pub,stat,-1,,,210,off,off,False,False,
1779492348.7416553,stat_pub,stat,-1,,,210,off,off,False,False,
1779492349.2421787,stat_pub,stat,-1,,,210,off,off,False,False,
1779492349.7423627,stat_pub,stat,-1,,,210,off,off,False,False,
1779492350.2427528,stat_pub,stat,-1,,,210,off,off,False,False,
1779492350.7430432,stat_pub,stat,-1,,,210,off,off,False,False,
1779492351.2432795,stat_pub,stat,-1,,,210,off,off,False,False,
1779492351.743533,stat_pub,stat,-1,,,209,off,off,False,False,
1779492352.2441208,stat_pub,stat,-1,,,210,off,off,False,False,
1779492352.7444792,stat_pub,stat,-1,,,210,off,off,False,False,
1779492353.2448535,stat_pub,stat,-1,,,210,off,off,False,False,
1779492353.7453783,stat_pub,stat,-1,,,210,off,off,False,False,
1779492354.2459528,stat_pub,stat,-1,,,210,off,off,False,False,
1779492354.74624,stat_pub,stat,-1,,,208,off,off,False,False,
1779492355.2466755,stat_pub,stat,-1,,,210,off,off,False,False,
1779492355.7469947,stat_pub,stat,-1,,,210,off,off,False,False,
1779492356.2474742,stat_pub,stat,-1,,,210,off,off,False,False,
1779492356.747873,stat_pub,stat,-1,,,209,off,off,False,False,
1779492357.2484019,stat_pub,stat,-1,,,210,off,off,False,False,
1779492357.7486053,stat_pub,stat,-1,,,210,off,off,False,False,
1779492358.2493834,stat_pub,stat,-1,,,210,off,off,False,False,
1779492358.7495928,stat_pub,stat,-1,,,210,off,off,False,False,
1779492359.2498174,stat_pub,stat,-1,,,210,off,off,False,False,
1779492359.7501469,stat_pub,stat,-1,,,210,off,off,False,False,
1779492360.2506125,stat_pub,stat,-1,,,209,off,off,False,False,
1779492360.75114,stat_pub,stat,-1,,,207,off,off,False,False,
1779492361.2512662,stat_pub,stat,-1,,,209,off,off,False,False,
1779492361.7516596,stat_pub,stat,-1,,,210,off,off,False,False,
1779492362.2520888,stat_pub,stat,-1,,,210,off,off,False,False,
1779492362.752468,stat_pub,stat,-1,,,209,off,off,False,False,
1779492363.2526898,stat_pub,stat,-1,,,210,off,off,False,False,
1779492363.7529175,stat_pub,stat,-1,,,210,off,off,False,False,
1779492364.2533517,stat_pub,stat,-1,,,210,off,off,False,False,
1779492364.7535849,stat_pub,stat,-1,,,210,off,off,False,False,
1779492365.2539668,stat_pub,stat,-1,,,210,off,off,False,False,
1779492365.7541857,stat_pub,stat,-1,,,210,off,off,False,False,
1779492366.2544487,stat_pub,stat,-1,,,210,off,off,False,False,
1779492366.7549772,stat_pub,stat,-1,,,210,off,off,False,False,
1779492367.2552488,stat_pub,stat,-1,,,210,off,off,False,False,
1779492367.7555678,stat_pub,stat,-1,,,210,off,off,False,False,
1779492368.256398,stat_pub,stat,-1,,,209,off,off,False,False,
1779492368.7569156,stat_pub,stat,-1,,,210,off,off,False,False,
1779492369.2571,stat_pub,stat,-1,,,207,off,off,False,False,
1779492369.7572887,stat_pub,stat,-1,,,210,off,off,False,False,
1779492370.257539,stat_pub,stat,-1,,,209,off,off,False,False,
1779492370.7581336,stat_pub,stat,-1,,,210,off,off,False,False,
1779492371.2585893,stat_pub,stat,-1,,,210,off,off,False,False,
1779492371.7587297,stat_pub,stat,-1,,,210,off,off,False,False,
1779492372.2589986,stat_pub,stat,-1,,,210,off,off,False,False,
1779492372.7596202,stat_pub,stat,-1,,,210,off,off,False,False,
1779492373.260094,stat_pub,stat,-1,,,209,off,off,False,False,
1779492373.7606585,stat_pub,stat,-1,,,209,off,off,False,False,
1779492374.2612293,stat_pub,stat,-1,,,209,off,off,False,False,
1779492374.7615805,stat_pub,stat,-1,,,210,off,off,False,False,
1779492375.2616847,stat_pub,stat,-1,,,210,off,off,False,False,
1779492375.7618053,stat_pub,stat,-1,,,210,off,off,False,False,
1779492376.2623703,stat_pub,stat,-1,,,210,off,off,False,False,
1779492376.7628632,stat_pub,stat,-1,,,210,off,off,False,False,
1779492377.2633348,stat_pub,stat,-1,,,210,off,off,False,False,
1779492377.763614,stat_pub,stat,-1,,,209,off,off,False,False,
1779492378.264104,stat_pub,stat,-1,,,209,off,off,False,False,
1779492378.7644634,stat_pub,stat,-1,,,210,off,off,False,False,
1779492379.2646968,stat_pub,stat,-1,,,210,off,off,False,False,
1779492379.7652564,stat_pub,stat,-1,,,210,off,off,False,False,
1779492380.2658713,stat_pub,stat,-1,,,210,off,off,False,False,
1779492380.766052,stat_pub,stat,-1,,,209,off,off,False,False,
1779492381.266236,stat_pub,stat,-1,,,209,off,off,False,False,
1779492381.7667937,stat_pub,stat,-1,,,210,off,off,False,False,
1779492382.2670197,stat_pub,stat,-1,,,210,off,off,False,False,
1779492382.767675,stat_pub,stat,-1,,,209,off,off,False,False,
1779492383.2679558,stat_pub,stat,-1,,,210,off,off,False,False,
1779492383.768096,stat_pub,stat,-1,,,209,off,off,False,False,
1779492384.2683249,stat_pub,stat,-1,,,210,off,off,False,False,
1779492384.768615,stat_pub,stat,-1,,,209,off,off,False,False,
1779492385.2690618,stat_pub,stat,-1,,,210,off,off,False,False,
1779492385.7696476,stat_pub,stat,-1,,,210,off,off,False,False,
1779492386.2699904,stat_pub,stat,-1,,,210,off,off,False,False,
1779492386.7703605,stat_pub,stat,-1,,,209,off,off,False,False,
1779492387.2709072,stat_pub,stat,-1,,,209,off,off,False,False,
1779492387.771453,stat_pub,stat,-1,,,209,off,off,False,False,
1779492388.2719977,stat_pub,stat,-1,,,210,off,off,False,False,
1779492388.7721455,stat_pub,stat,-1,,,210,off,off,False,False,
1779492389.2724137,stat_pub,stat,-1,,,210,off,off,False,False,
1779492389.7726436,stat_pub,stat,-1,,,210,off,off,False,False,
1779492390.2731361,stat_pub,stat,-1,,,210,off,off,False,False,
1779492390.7736378,stat_pub,stat,-1,,,210,off,off,False,False,
1779492391.2739084,stat_pub,stat,-1,,,210,off,off,False,False,
1779492391.7740872,stat_pub,stat,-1,,,210,off,off,False,False,
1779492392.2742145,stat_pub,stat,-1,,,210,off,off,False,False,
1779492392.774706,stat_pub,stat,-1,,,209,off,off,False,False,
1779492393.2753637,stat_pub,stat,-1,,,210,off,off,False,False,
1779492393.7759647,stat_pub,stat,-1,,,210,off,off,False,False,
1779492394.2761455,stat_pub,stat,-1,,,210,off,off,False,False,
1779492394.7767272,stat_pub,stat,-1,,,210,off,off,False,False,
1779492395.27712,stat_pub,stat,-1,,,208,off,off,False,False,
1779492395.7774894,stat_pub,stat,-1,,,210,off,off,False,False,
1779492396.278049,stat_pub,stat,-1,,,209,off,off,False,False,
1779492396.7783408,stat_pub,stat,-1,,,210,off,off,False,False,
1779492397.278608,stat_pub,stat,-1,,,209,off,off,False,False,
1779492397.779094,stat_pub,stat,-1,,,209,off,off,False,False,
1779492398.2796667,stat_pub,stat,-1,,,210,off,off,False,False,
1779492398.78021,stat_pub,stat,-1,,,208,off,off,False,False,
1779492399.2804651,stat_pub,stat,-1,,,209,off,off,False,False,
1779492399.7806773,stat_pub,stat,-1,,,209,off,off,False,False,
1779492400.281361,stat_pub,stat,-1,,,209,off,off,False,False,
1779492400.7817829,stat_pub,stat,-1,,,210,off,off,False,False,
1779492401.2823582,stat_pub,stat,-1,,,210,off,off,False,False,
1779492401.7828152,stat_pub,stat,-1,,,210,off,off,False,False,
1779492402.2831314,stat_pub,stat,-1,,,210,off,off,False,False,
1779492402.7835464,stat_pub,stat,-1,,,210,off,off,False,False,
1779492403.2838604,stat_pub,stat,-1,,,210,off,off,False,False,
1779492403.7841063,stat_pub,stat,-1,,,210,off,off,False,False,
1779492404.2844017,stat_pub,stat,-1,,,210,off,off,False,False,
1779492404.784936,stat_pub,stat,-1,,,209,off,off,False,False,
1779492405.2852411,stat_pub,stat,-1,,,210,off,off,False,False,
1779492405.7857952,stat_pub,stat,-1,,,210,off,off,False,False,
1779492406.2861326,stat_pub,stat,-1,,,210,off,off,False,False,
1779492406.7867036,stat_pub,stat,-1,,,210,off,off,False,False,
1779492407.2868345,stat_pub,stat,-1,,,210,off,off,False,False,
1779492407.7869477,stat_pub,stat,-1,,,210,off,off,False,False,
1779492408.2875144,stat_pub,stat,-1,,,210,off,off,False,False,
1779492408.7877784,stat_pub,stat,-1,,,210,off,off,False,False,
1779492409.2881336,stat_pub,stat,-1,,,210,off,off,False,False,
1779492409.7886007,stat_pub,stat,-1,,,210,off,off,False,False,
1779492410.2889593,stat_pub,stat,-1,,,210,off,off,False,False,
1779492410.789488,stat_pub,stat,-1,,,209,off,off,False,False,
1779492411.2902246,stat_pub,stat,-1,,,210,off,off,False,False,
1779492411.7903922,stat_pub,stat,-1,,,208,off,off,False,False,
1779492412.2909677,stat_pub,stat,-1,,,208,off,off,False,False,
1779492412.7912872,stat_pub,stat,-1,,,210,off,off,False,False,
1779492413.2917182,stat_pub,stat,-1,,,210,off,off,False,False,
1779492413.7919009,stat_pub,stat,-1,,,210,off,off,False,False,
1779492414.2924666,stat_pub,stat,-1,,,210,off,off,False,False,
1779492414.7930171,stat_pub,stat,-1,,,210,off,off,False,False,
1779492415.2932634,stat_pub,stat,-1,,,210,off,off,False,False,
1779492415.793515,stat_pub,stat,-1,,,209,off,off,False,False,
1779492416.2937465,stat_pub,stat,-1,,,210,off,off,False,False,
1779492416.794018,stat_pub,stat,-1,,,209,off,off,False,False,
1779492417.2943685,stat_pub,stat,-1,,,210,off,off,False,False,
1779492417.7947302,stat_pub,stat,-1,,,210,off,off,False,False,
1779492418.294913,stat_pub,stat,-1,,,209,off,off,False,False,
1779492418.7952635,stat_pub,stat,-1,,,210,off,off,False,False,
1779492419.2957168,stat_pub,stat,-1,,,210,off,off,False,False,
1779492419.796495,stat_pub,stat,-1,,,209,off,off,False,False,
1779492420.2969344,stat_pub,stat,-1,,,210,off,off,False,False,
1779492420.7971609,stat_pub,stat,-1,,,210,off,off,False,False,
1779492421.2975626,stat_pub,stat,-1,,,210,off,off,False,False,
1779492421.7981067,stat_pub,stat,-1,,,210,off,off,False,False,
1779492422.2984202,stat_pub,stat,-1,,,210,off,off,False,False,
1779492422.798576,stat_pub,stat,-1,,,209,off,off,False,False,
1779492423.2989848,stat_pub,stat,-1,,,210,off,off,False,False,
1779492423.7991652,stat_pub,stat,-1,,,210,off,off,False,False,
1779492424.299458,stat_pub,stat,-1,,,209,off,off,False,False,
1779492424.8000717,stat_pub,stat,-1,,,210,off,off,False,False,
1779492425.3004045,stat_pub,stat,-1,,,209,off,off,False,False,
1779492425.8008375,stat_pub,stat,-1,,,209,off,off,False,False,
1779492426.300982,stat_pub,stat,-1,,,208,off,off,False,False,
1779492426.801438,stat_pub,stat,-1,,,209,off,off,False,False,
1779492427.3019161,stat_pub,stat,-1,,,210,off,off,False,False,
1779492427.8028564,stat_pub,stat,-1,,,210,off,off,False,False,
1779492428.3032715,stat_pub,stat,-1,,,210,off,off,False,False,
1779492428.803644,stat_pub,stat,-1,,,209,off,off,False,False,
1779492429.3042107,stat_pub,stat,-1,,,210,off,off,False,False,
1779492429.8048093,stat_pub,stat,-1,,,210,off,off,False,False,
1779492430.3050861,stat_pub,stat,-1,,,210,off,off,False,False,
1779492430.8055682,stat_pub,stat,-1,,,210,off,off,False,False,
1779492431.3058836,stat_pub,stat,-1,,,210,off,off,False,False,
1779492431.8061829,stat_pub,stat,-1,,,210,off,off,False,False,
1779492432.3064198,stat_pub,stat,-1,,,210,off,off,False,False,
1779492432.8069704,stat_pub,stat,-1,,,210,off,off,False,False,
1779492433.3075004,stat_pub,stat,-1,,,210,off,off,False,False,
1779492433.807822,stat_pub,stat,-1,,,209,off,off,False,False,
1779492434.308088,stat_pub,stat,-1,,,209,off,off,False,False,
1779492434.8085694,stat_pub,stat,-1,,,210,off,off,False,False,
1779492435.3089156,stat_pub,stat,-1,,,210,off,off,False,False,
1779492435.8091898,stat_pub,stat,-1,,,210,off,off,False,False,
1779492436.309668,stat_pub,stat,-1,,,209,off,off,False,False,
1779492436.8098178,stat_pub,stat,-1,,,210,off,off,False,False,
1779492437.3101916,stat_pub,stat,-1,,,210,off,off,False,False,
1779492437.8103225,stat_pub,stat,-1,,,209,off,off,False,False,
1779492438.310727,stat_pub,stat,-1,,,208,off,off,False,False,
1779492438.8112876,stat_pub,stat,-1,,,210,off,off,False,False,
1779492439.3115206,stat_pub,stat,-1,,,210,off,off,False,False,
1779492439.8117185,stat_pub,stat,-1,,,210,off,off,False,False,
1779492440.3119128,stat_pub,stat,-1,,,210,off,off,False,False,
1779492440.8122761,stat_pub,stat,-1,,,210,off,off,False,False,
1779492441.3125672,stat_pub,stat,-1,,,210,off,off,False,False,
1779492441.8127053,stat_pub,stat,-1,,,210,off,off,False,False,
1779492442.3129454,stat_pub,stat,-1,,,210,off,off,False,False,
1779492442.813401,stat_pub,stat,-1,,,209,off,off,False,False,
1779492443.3138297,stat_pub,stat,-1,,,210,off,off,False,False,
1779492443.81397,stat_pub,stat,-1,,,208,off,off,False,False,
1779492444.3145344,stat_pub,stat,-1,,,210,off,off,False,False,
1779492444.8150947,stat_pub,stat,-1,,,210,off,off,False,False,
1779492445.3156412,stat_pub,stat,-1,,,210,off,off,False,False,
1779492445.8162534,stat_pub,stat,-1,,,210,off,off,False,False,
1779492446.3172765,stat_pub,stat,-1,,,210,off,off,False,False,
1779492446.8176796,stat_pub,stat,-1,,,210,off,off,False,False,
1779492447.318263,stat_pub,stat,-1,,,209,off,off,False,False,
1779492447.8187907,stat_pub,stat,-1,,,210,off,off,False,False,
1779492448.3192637,stat_pub,stat,-1,,,210,off,off,False,False,
1779492448.8198848,stat_pub,stat,-1,,,210,off,off,False,False,
1779492449.3204136,stat_pub,stat,-1,,,209,off,off,False,False,
1779492449.8205159,stat_pub,stat,-1,,,209,off,off,False,False,
1779492450.3207407,stat_pub,stat,-1,,,209,off,off,False,False,
1779492450.8211923,stat_pub,stat,-1,,,209,off,off,False,False,
1779492451.321301,stat_pub,stat,-1,,,209,off,off,False,False,
1779492451.821551,stat_pub,stat,-1,,,209,off,off,False,False,
1779492452.3222234,stat_pub,stat,-1,,,210,off,off,False,False,
1779492452.8227327,stat_pub,stat,-1,,,210,off,off,False,False,
1779492453.3230624,stat_pub,stat,-1,,,210,off,off,False,False,
1779492453.8232667,stat_pub,stat,-1,,,210,off,off,False,False,
1779492454.3237357,stat_pub,stat,-1,,,210,off,off,False,False,
1779492454.8240175,stat_pub,stat,-1,,,210,off,off,False,False,
1779492455.3246195,stat_pub,stat,-1,,,210,off,off,False,False,
1779492455.8248487,stat_pub,stat,-1,,,210,off,off,False,False,
1779492456.325382,stat_pub,stat,-1,,,209,off,off,False,False,
1779492456.825955,stat_pub,stat,-1,,,209,off,off,False,False,
1779492457.3262007,stat_pub,stat,-1,,,210,off,off,False,False,
1779492457.8266296,stat_pub,stat,-1,,,210,off,off,False,False,
1779492458.3268666,stat_pub,stat,-1,,,210,off,off,False,False,
1779492458.8271844,stat_pub,stat,-1,,,210,off,off,False,False,
1779492459.327286,stat_pub,stat,-1,,,209,off,off,False,False,
1779492459.8274,stat_pub,stat,-1,,,207,off,off,False,False,
1779492460.3279753,stat_pub,stat,-1,,,210,off,off,False,False,
1779492460.8281848,stat_pub,stat,-1,,,210,off,off,False,False,
1779492461.3285367,stat_pub,stat,-1,,,210,off,off,False,False,
1779492461.8291597,stat_pub,stat,-1,,,210,off,off,False,False,
1779492462.3293316,stat_pub,stat,-1,,,210,off,off,False,False,
1779492462.8298829,stat_pub,stat,-1,,,210,off,off,False,False,
1779492463.330251,stat_pub,stat,-1,,,209,off,off,False,False,
1779492463.830781,stat_pub,stat,-1,,,208,off,off,False,False,
1779492464.3311336,stat_pub,stat,-1,,,209,off,off,False,False,
1779492464.8312495,stat_pub,stat,-1,,,209,off,off,False,False,
1779492465.331722,stat_pub,stat,-1,,,209,off,off,False,False,
1779492465.8320322,stat_pub,stat,-1,,,210,off,off,False,False,
1779492466.332523,stat_pub,stat,-1,,,209,off,off,False,False,
1779492466.8327055,stat_pub,stat,-1,,,210,off,off,False,False,
1779492467.3329399,stat_pub,stat,-1,,,210,off,off,False,False,
1779492467.8332186,stat_pub,stat,-1,,,210,off,off,False,False,
1779492468.3334198,stat_pub,stat,-1,,,210,off,off,False,False,
1779492468.8337414,stat_pub,stat,-1,,,210,off,off,False,False,
1779492469.3342977,stat_pub,stat,-1,,,210,off,off,False,False,
1779492469.834752,stat_pub,stat,-1,,,209,off,off,False,False,
1779492470.3350093,stat_pub,stat,-1,,,210,off,off,False,False,
1779492470.8350942,stat_pub,stat,-1,,,210,off,off,False,False,
1779492471.3354254,stat_pub,stat,-1,,,210,off,off,False,False,
1779492471.8359158,stat_pub,stat,-1,,,210,off,off,False,False,
1779492472.3362,stat_pub,stat,-1,,,207,off,off,False,False,
1779492472.8366761,stat_pub,stat,-1,,,210,off,off,False,False,
1779492473.336974,stat_pub,stat,-1,,,209,off,off,False,False,
1779492473.8372169,stat_pub,stat,-1,,,210,off,off,False,False,
1779492474.337656,stat_pub,stat,-1,,,209,off,off,False,False,
1779492474.8380747,stat_pub,stat,-1,,,210,off,off,False,False,
1779492475.338343,stat_pub,stat,-1,,,209,off,off,False,False,
1779492475.8388677,stat_pub,stat,-1,,,210,off,off,False,False,
1779492476.3393955,stat_pub,stat,-1,,,210,off,off,False,False,
1779492476.8398757,stat_pub,stat,-1,,,210,off,off,False,False,
1779492477.3404331,stat_pub,stat,-1,,,209,off,off,False,False,
1779492477.8408067,stat_pub,stat,-1,,,209,off,off,False,False,
1779492478.3411713,stat_pub,stat,-1,,,209,off,off,False,False,
1779492478.8414366,stat_pub,stat,-1,,,210,off,off,False,False,
1779492479.3419085,stat_pub,stat,-1,,,210,off,off,False,False,
1779492479.842367,stat_pub,stat,-1,,,209,off,off,False,False,
1779492480.3425856,stat_pub,stat,-1,,,210,off,off,False,False,
1779492480.8428154,stat_pub,stat,-1,,,210,off,off,False,False,
1779492481.3429227,stat_pub,stat,-1,,,210,off,off,False,False,
1779492481.8432293,stat_pub,stat,-1,,,210,off,off,False,False,
1779492482.3434649,stat_pub,stat,-1,,,210,off,off,False,False,
1779492482.84399,stat_pub,stat,-1,,,208,off,off,False,False,
1779492483.344536,stat_pub,stat,-1,,,209,off,off,False,False,
1779492483.844904,stat_pub,stat,-1,,,209,off,off,False,False,
1779492484.34529,stat_pub,stat,-1,,,208,off,off,False,False,
1779492484.845771,stat_pub,stat,-1,,,209,off,off,False,False,
1779492485.346226,stat_pub,stat,-1,,,209,off,off,False,False,
1779492485.8467748,stat_pub,stat,-1,,,210,off,off,False,False,
1779492486.3474317,stat_pub,stat,-1,,,210,off,off,False,False,
1779492486.847833,stat_pub,stat,-1,,,209,off,off,False,False,
1779492487.3480089,stat_pub,stat,-1,,,210,off,off,False,False,
1779492487.8483093,stat_pub,stat,-1,,,210,off,off,False,False,
1779492488.3484776,stat_pub,stat,-1,,,210,off,off,False,False,
1779492488.8491044,stat_pub,stat,-1,,,210,off,off,False,False,
1779492489.3498776,stat_pub,stat,-1,,,210,off,off,False,False,
1779492489.850196,stat_pub,stat,-1,,,209,off,off,False,False,
1779492490.350666,stat_pub,stat,-1,,,208,off,off,False,False,
1779492490.8508713,stat_pub,stat,-1,,,209,off,off,False,False,
1779492491.3514435,stat_pub,stat,-1,,,210,off,off,False,False,
1779492491.8519413,stat_pub,stat,-1,,,210,off,off,False,False,
1779492492.3521814,stat_pub,stat,-1,,,210,off,off,False,False,
1779492492.8523972,stat_pub,stat,-1,,,210,off,off,False,False,
1779492493.3524992,stat_pub,stat,-1,,,210,off,off,False,False,
1779492493.8526676,stat_pub,stat,-1,,,210,off,off,False,False,
1779492494.352872,stat_pub,stat,-1,,,209,off,off,False,False,
1779492494.8531897,stat_pub,stat,-1,,,210,off,off,False,False,
1779492495.3536272,stat_pub,stat,-1,,,210,off,off,False,False,
1779492495.8542037,stat_pub,stat,-1,,,210,off,off,False,False,
1779492496.354683,stat_pub,stat,-1,,,209,off,off,False,False,
1779492496.8549514,stat_pub,stat,-1,,,210,off,off,False,False,
1779492497.3553097,stat_pub,stat,-1,,,210,off,off,False,False,
1779492497.8555484,stat_pub,stat,-1,,,210,off,off,False,False,
1779492498.3561583,stat_pub,stat,-1,,,210,off,off,False,False,
1779492498.8563137,stat_pub,stat,-1,,,210,off,off,False,False,
1779492499.3568473,stat_pub,stat,-1,,,210,off,off,False,False,
1779492499.8572042,stat_pub,stat,-1,,,210,off,off,False,False,
1779492500.357621,stat_pub,stat,-1,,,209,off,off,False,False,
1779492500.8579605,stat_pub,stat,-1,,,210,off,off,False,False,
1779492501.358274,stat_pub,stat,-1,,,209,off,off,False,False,
1779492501.8584452,stat_pub,stat,-1,,,210,off,off,False,False,
1779492502.3589122,stat_pub,stat,-1,,,210,off,off,False,False,
1779492502.8591125,stat_pub,stat,-1,,,210,off,off,False,False,
1779492503.3593833,stat_pub,stat,-1,,,210,off,off,False,False,
1779492503.8599093,stat_pub,stat,-1,,,210,off,off,False,False,
1779492504.3600895,stat_pub,stat,-1,,,210,off,off,False,False,
1779492504.8604126,stat_pub,stat,-1,,,209,off,off,False,False,
1779492505.3607137,stat_pub,stat,-1,,,209,off,off,False,False,
1779492505.8610606,stat_pub,stat,-1,,,209,off,off,False,False,
1779492506.3611681,stat_pub,stat,-1,,,209,off,off,False,False,
1779492506.8617065,stat_pub,stat,-1,,,210,off,off,False,False,
1779492507.3619733,stat_pub,stat,-1,,,210,off,off,False,False,
1779492507.862187,stat_pub,stat,-1,,,209,off,off,False,False,
1779492508.362382,stat_pub,stat,-1,,,209,off,off,False,False,
1779492508.8626354,stat_pub,stat,-1,,,210,off,off,False,False,
1779492509.3628576,stat_pub,stat,-1,,,210,off,off,False,False,
1779492509.8633935,stat_pub,stat,-1,,,210,off,off,False,False,
1779492510.3635821,stat_pub,stat,-1,,,210,off,off,False,False,
1779492510.864079,stat_pub,stat,-1,,,209,off,off,False,False,
1779492511.3646193,stat_pub,stat,-1,,,210,off,off,False,False,
1779492511.8651264,stat_pub,stat,-1,,,210,off,off,False,False,
1779492512.365275,stat_pub,stat,-1,,,209,off,off,False,False,
1779492512.8654253,stat_pub,stat,-1,,,210,off,off,False,False,
1779492513.3655868,stat_pub,stat,-1,,,210,off,off,False,False,
1779492513.866144,stat_pub,stat,-1,,,209,off,off,False,False,
1779492514.3666778,stat_pub,stat,-1,,,210,off,off,False,False,
1779492514.866981,stat_pub,stat,-1,,,209,off,off,False,False,
1779492515.367385,stat_pub,stat,-1,,,209,off,off,False,False,
1779492515.8679497,stat_pub,stat,-1,,,210,off,off,False,False,
1779492516.3684316,stat_pub,stat,-1,,,210,off,off,False,False,
1779492516.8685892,stat_pub,stat,-1,,,210,off,off,False,False,
1779492517.3690631,stat_pub,stat,-1,,,210,off,off,False,False,
1779492517.8694842,stat_pub,stat,-1,,,210,off,off,False,False,
1779492518.3699837,stat_pub,stat,-1,,,210,off,off,False,False,
1779492518.8706524,stat_pub,stat,-1,,,209,off,off,False,False,
1779492519.3712122,stat_pub,stat,-1,,,209,off,off,False,False,
1779492519.8717208,stat_pub,stat,-1,,,210,off,off,False,False,
1779492520.371888,stat_pub,stat,-1,,,209,off,off,False,False,
1779492520.871988,stat_pub,stat,-1,,,209,off,off,False,False,
1779492521.3722878,stat_pub,stat,-1,,,210,off,off,False,False,
1779492521.87262,stat_pub,stat,-1,,,208,off,off,False,False,
1779492522.3731105,stat_pub,stat,-1,,,210,off,off,False,False,
1779492522.8735144,stat_pub,stat,-1,,,210,off,off,False,False,
1779492523.3739328,stat_pub,stat,-1,,,210,off,off,False,False,
1779492523.8742278,stat_pub,stat,-1,,,210,off,off,False,False,
1779492524.3745058,stat_pub,stat,-1,,,210,off,off,False,False,
1779492524.8747833,stat_pub,stat,-1,,,210,off,off,False,False,
1779492525.3753796,stat_pub,stat,-1,,,210,off,off,False,False,
1779492525.8759239,stat_pub,stat,-1,,,210,off,off,False,False,
1779492526.3764591,stat_pub,stat,-1,,,210,off,off,False,False,
1779492526.8769379,stat_pub,stat,-1,,,210,off,off,False,False,
1779492527.3773396,stat_pub,stat,-1,,,210,off,off,False,False,
1779492527.8777676,stat_pub,stat,-1,,,210,off,off,False,False,
1779492528.3781266,stat_pub,stat,-1,,,210,off,off,False,False,
1779492528.8784988,stat_pub,stat,-1,,,210,off,off,False,False,
1779492529.3788965,stat_pub,stat,-1,,,210,off,off,False,False,
1779492529.8791428,stat_pub,stat,-1,,,210,off,off,False,False,
1779492530.379332,stat_pub,stat,-1,,,209,off,off,False,False,
1779492530.8795953,stat_pub,stat,-1,,,210,off,off,False,False,
1779492531.379745,stat_pub,stat,-1,,,209,off,off,False,False,
1779492531.8801782,stat_pub,stat,-1,,,210,off,off,False,False,
1779492532.38043,stat_pub,stat,-1,,,207,off,off,False,False,
1779492532.8805459,stat_pub,stat,-1,,,209,off,off,False,False,
1779492533.3810186,stat_pub,stat,-1,,,209,off,off,False,False,
1779492533.8811955,stat_pub,stat,-1,,,209,off,off,False,False,
1779492534.381451,stat_pub,stat,-1,,,209,off,off,False,False,
1779492534.8816051,stat_pub,stat,-1,,,210,off,off,False,False,
1779492535.3818264,stat_pub,stat,-1,,,210,off,off,False,False,
1779492535.8822727,stat_pub,stat,-1,,,210,off,off,False,False,
1779492536.3825994,stat_pub,stat,-1,,,210,off,off,False,False,
1779492536.8827558,stat_pub,stat,-1,,,210,off,off,False,False,
1779492537.3828597,stat_pub,stat,-1,,,210,off,off,False,False,
1779492537.8833659,stat_pub,stat,-1,,,210,off,off,False,False,
1779492538.3838043,stat_pub,stat,-1,,,210,off,off,False,False,
1779492538.884149,stat_pub,stat,-1,,,209,off,off,False,False,
1779492539.3847563,stat_pub,stat,-1,,,210,off,off,False,False,
1779492539.8851602,stat_pub,stat,-1,,,210,off,off,False,False,
1779492540.3854675,stat_pub,stat,-1,,,210,off,off,False,False,
1779492540.8860264,stat_pub,stat,-1,,,210,off,off,False,False,
1779492541.386266,stat_pub,stat,-1,,,209,off,off,False,False,
1779492541.8866765,stat_pub,stat,-1,,,210,off,off,False,False,
1779492542.3871155,stat_pub,stat,-1,,,210,off,off,False,False,
1779492542.887536,stat_pub,stat,-1,,,209,off,off,False,False,
1779492543.388064,stat_pub,stat,-1,,,209,off,off,False,False,
1779492543.8882325,stat_pub,stat,-1,,,210,off,off,False,False,
1779492544.3888829,stat_pub,stat,-1,,,210,off,off,False,False,
1779492544.8890326,stat_pub,stat,-1,,,210,off,off,False,False,
1779492545.3893006,stat_pub,stat,-1,,,210,off,off,False,False,
1779492545.8894491,stat_pub,stat,-1,,,210,off,off,False,False,
1779492546.3897157,stat_pub,stat,-1,,,210,off,off,False,False,
1779492546.8899171,stat_pub,stat,-1,,,210,off,off,False,False,
1779492547.39052,stat_pub,stat,-1,,,206,off,off,False,False,
1779492547.8911355,stat_pub,stat,-1,,,208,off,off,False,False,
1779492548.3914638,stat_pub,stat,-1,,,210,off,off,False,False,
1779492548.891712,stat_pub,stat,-1,,,209,off,off,False,False,
1779492549.39191,stat_pub,stat,-1,,,208,off,off,False,False,
1779492549.892547,stat_pub,stat,-1,,,209,off,off,False,False,
1779492550.3931487,stat_pub,stat,-1,,,210,off,off,False,False,
1779492550.8932836,stat_pub,stat,-1,,,210,off,off,False,False,
1779492551.3937654,stat_pub,stat,-1,,,210,off,off,False,False,
1779492551.8943253,stat_pub,stat,-1,,,210,off,off,False,False,
1779492552.3946223,stat_pub,stat,-1,,,210,off,off,False,False,
1779492552.8949943,stat_pub,stat,-1,,,210,off,off,False,False,
1779492553.39519,stat_pub,stat,-1,,,208,off,off,False,False,
1779492553.8954816,stat_pub,stat,-1,,,210,off,off,False,False,
1779492554.3964515,stat_pub,stat,-1,,,210,off,off,False,False,
1779492554.896439,stat_pub,stat,-1,,,209,off,off,False,False,
1779492555.3965814,stat_pub,stat,-1,,,210,off,off,False,False,
1779492555.8970277,stat_pub,stat,-1,,,210,off,off,False,False,
1779492556.397278,stat_pub,stat,-1,,,209,off,off,False,False,
1779492556.8978257,stat_pub,stat,-1,,,210,off,off,False,False,
1779492557.3980978,stat_pub,stat,-1,,,210,off,off,False,False,
1779492557.898437,stat_pub,stat,-1,,,209,off,off,False,False,
1779492558.3988488,stat_pub,stat,-1,,,210,off,off,False,False,
1779492558.8993554,stat_pub,stat,-1,,,210,off,off,False,False,
1779492559.3996441,stat_pub,stat,-1,,,210,off,off,False,False,
1779492559.900173,stat_pub,stat,-1,,,209,off,off,False,False,
1779492560.400408,stat_pub,stat,-1,,,208,off,off,False,False,
1779492560.9009614,stat_pub,stat,-1,,,209,off,off,False,False,
1779492561.4015725,stat_pub,stat,-1,,,210,off,off,False,False,
1779492561.9022048,stat_pub,stat,-1,,,210,off,off,False,False,
1779492562.402572,stat_pub,stat,-1,,,209,off,off,False,False,
1779492562.9029682,stat_pub,stat,-1,,,210,off,off,False,False,
1779492563.403559,stat_pub,stat,-1,,,209,off,off,False,False,
1779492563.9040341,stat_pub,stat,-1,,,210,off,off,False,False,
1779492564.4047475,stat_pub,stat,-1,,,210,off,off,False,False,
1779492564.9051611,stat_pub,stat,-1,,,210,off,off,False,False,
1779492565.4055104,stat_pub,stat,-1,,,210,off,off,False,False,
1779492565.9060707,stat_pub,stat,-1,,,210,off,off,False,False,
1779492566.4068236,stat_pub,stat,-1,,,210,off,off,False,False,
1779492566.9069276,stat_pub,stat,-1,,,210,off,off,False,False,
1779492567.4072838,stat_pub,stat,-1,,,210,off,off,False,False,
1779492567.9074981,stat_pub,stat,-1,,,210,off,off,False,False,
1779492568.4079,stat_pub,stat,-1,,,207,off,off,False,False,
1779492568.9079964,stat_pub,stat,-1,,,210,off,off,False,False,
1779492569.4085248,stat_pub,stat,-1,,,210,off,off,False,False,
1779492569.9087336,stat_pub,stat,-1,,,210,off,off,False,False,
1779492570.4093115,stat_pub,stat,-1,,,210,off,off,False,False,
1779492570.9098387,stat_pub,stat,-1,,,210,off,off,False,False,
1779492571.410048,stat_pub,stat,-1,,,209,off,off,False,False,
1779492571.91043,stat_pub,stat,-1,,,207,off,off,False,False,
1779492572.4110131,stat_pub,stat,-1,,,209,off,off,False,False,
1779492572.911415,stat_pub,stat,-1,,,209,off,off,False,False,
1779492573.411993,stat_pub,stat,-1,,,209,off,off,False,False,
1779492573.9125254,stat_pub,stat,-1,,,210,off,off,False,False,
1779492574.4127529,stat_pub,stat,-1,,,210,off,off,False,False,
1779492574.912988,stat_pub,stat,-1,,,209,off,off,False,False,
1779492575.4132361,stat_pub,stat,-1,,,210,off,off,False,False,
1779492575.913814,stat_pub,stat,-1,,,209,off,off,False,False,
1779492576.4142368,stat_pub,stat,-1,,,210,off,off,False,False,
1779492576.9143417,stat_pub,stat,-1,,,210,off,off,False,False,
1779492577.414594,stat_pub,stat,-1,,,209,off,off,False,False,
1779492577.9149644,stat_pub,stat,-1,,,210,off,off,False,False,
1779492578.4152021,stat_pub,stat,-1,,,210,off,off,False,False,
1779492578.9157593,stat_pub,stat,-1,,,210,off,off,False,False,
1779492579.4163487,stat_pub,stat,-1,,,210,off,off,False,False,
1779492579.9168842,stat_pub,stat,-1,,,210,off,off,False,False,
1779492580.4173148,stat_pub,stat,-1,,,210,off,off,False,False,
1779492580.9175115,stat_pub,stat,-1,,,210,off,off,False,False,
1779492581.4178274,stat_pub,stat,-1,,,210,off,off,False,False,
1779492581.9180732,stat_pub,stat,-1,,,210,off,off,False,False,
1779492582.4183412,stat_pub,stat,-1,,,210,off,off,False,False,
1779492582.9185584,stat_pub,stat,-1,,,210,off,off,False,False,
1779492583.4191144,stat_pub,stat,-1,,,210,off,off,False,False,
1779492583.9197092,stat_pub,stat,-1,,,210,off,off,False,False,
1779492584.4202242,stat_pub,stat,-1,,,210,off,off,False,False,
1779492584.920642,stat_pub,stat,-1,,,208,off,off,False,False,
1779492585.421134,stat_pub,stat,-1,,,208,off,off,False,False,
1779492585.921589,stat_pub,stat,-1,,,209,off,off,False,False,
1779492586.421995,stat_pub,stat,-1,,,209,off,off,False,False,
1779492586.922261,stat_pub,stat,-1,,,209,off,off,False,False,
1779492587.422372,stat_pub,stat,-1,,,209,off,off,False,False,
1779492587.9226298,stat_pub,stat,-1,,,210,off,off,False,False,
1779492588.4229288,stat_pub,stat,-1,,,210,off,off,False,False,
1779492588.9232743,stat_pub,stat,-1,,,210,off,off,False,False,
1779492589.4236488,stat_pub,stat,-1,,,210,off,off,False,False,
1779492589.9238136,stat_pub,stat,-1,,,210,off,off,False,False,
1779492590.4239395,stat_pub,stat,-1,,,210,off,off,False,False,
1779492590.9242294,stat_pub,stat,-1,,,210,off,off,False,False,
1779492591.4246113,stat_pub,stat,-1,,,210,off,off,False,False,
1779492591.9251518,stat_pub,stat,-1,,,210,off,off,False,False,
1779492592.4252613,stat_pub,stat,-1,,,210,off,off,False,False,
1779492592.9259536,stat_pub,stat,-1,,,210,off,off,False,False,
1779492593.4263568,stat_pub,stat,-1,,,210,off,off,False,False,
1779492593.926739,stat_pub,stat,-1,,,209,off,off,False,False,
1779492594.4273632,stat_pub,stat,-1,,,210,off,off,False,False,
1779492594.92812,stat_pub,stat,-1,,,208,off,off,False,False,
1779492595.4283574,stat_pub,stat,-1,,,210,off,off,False,False,
1779492595.9285378,stat_pub,stat,-1,,,210,off,off,False,False,
1779492596.428998,stat_pub,stat,-1,,,209,off,off,False,False,
1779492596.9295235,stat_pub,stat,-1,,,210,off,off,False,False,
1779492597.4297566,stat_pub,stat,-1,,,210,off,off,False,False,
1779492597.9301553,stat_pub,stat,-1,,,210,off,off,False,False,
1779492598.4308517,stat_pub,stat,-1,,,209,off,off,False,False,
1779492598.9310865,stat_pub,stat,-1,,,209,off,off,False,False,
1779492599.4316492,stat_pub,stat,-1,,,210,off,off,False,False,
1779492599.9319427,stat_pub,stat,-1,,,210,off,off,False,False,
1779492600.4323359,stat_pub,stat,-1,,,210,off,off,False,False,
1779492600.9327347,stat_pub,stat,-1,,,210,off,off,False,False,
1779492601.433119,stat_pub,stat,-1,,,209,off,off,False,False,
1779492601.9337137,stat_pub,stat,-1,,,210,off,off,False,False,
1779492602.4339373,stat_pub,stat,-1,,,210,off,off,False,False,
1779492602.9343562,stat_pub,stat,-1,,,210,off,off,False,False,
1779492603.4347906,stat_pub,stat,-1,,,210,off,off,False,False,
1779492603.9487631,stat_pub,stat,-1,,,210,off,off,False,False,
1779492604.4498544,stat_pub,stat,-1,,,210,off,off,False,False,
1779492604.9502985,stat_pub,stat,-1,,,209,off,off,False,False,
1779492605.4507213,stat_pub,stat,-1,,,209,off,off,False,False,
1779492605.9513535,stat_pub,stat,-1,,,210,off,off,False,False,
1779492606.4518154,stat_pub,stat,-1,,,210,off,off,False,False,
1779492606.952374,stat_pub,stat,-1,,,209,off,off,False,False,
1779492607.4529953,stat_pub,stat,-1,,,210,off,off,False,False,
1779492607.9535267,stat_pub,stat,-1,,,210,off,off,False,False,
1779492608.4538665,stat_pub,stat,-1,,,210,off,off,False,False,
1779492608.9543045,stat_pub,stat,-1,,,210,off,off,False,False,
1779492609.454687,stat_pub,stat,-1,,,209,off,off,False,False,
1779492609.9551451,stat_pub,stat,-1,,,210,off,off,False,False,
1779492610.4553728,stat_pub,stat,-1,,,210,off,off,False,False,
1779492610.9557362,stat_pub,stat,-1,,,210,off,off,False,False,
1779492611.4559987,stat_pub,stat,-1,,,210,off,off,False,False,
1779492611.9563396,stat_pub,stat,-1,,,210,off,off,False,False,
1779492612.456631,stat_pub,stat,-1,,,209,off,off,False,False,
1779492612.9568844,stat_pub,stat,-1,,,210,off,off,False,False,
1779492613.4572551,stat_pub,stat,-1,,,210,off,off,False,False,
1779492613.9574842,stat_pub,stat,-1,,,210,off,off,False,False,
1779492614.4579313,stat_pub,stat,-1,,,210,off,off,False,False,
1779492614.9585228,stat_pub,stat,-1,,,210,off,off,False,False,
1779492615.4586816,stat_pub,stat,-1,,,210,off,off,False,False,
1779492615.9590273,stat_pub,stat,-1,,,210,off,off,False,False,
1779492616.4594276,stat_pub,stat,-1,,,210,off,off,False,False,
1779492616.9600375,stat_pub,stat,-1,,,210,off,off,False,False,
1779492617.4603722,stat_pub,stat,-1,,,209,off,off,False,False,
1779492617.9607084,stat_pub,stat,-1,,,209,off,off,False,False,
1779492618.461268,stat_pub,stat,-1,,,208,off,off,False,False,
1779492618.9614897,stat_pub,stat,-1,,,210,off,off,False,False,
1779492619.4615884,stat_pub,stat,-1,,,210,off,off,False,False,
1779492619.9619107,stat_pub,stat,-1,,,210,off,off,False,False,
1779492620.4625416,stat_pub,stat,-1,,,210,off,off,False,False,
1779492620.9628482,stat_pub,stat,-1,,,210,off,off,False,False,
1779492621.463045,stat_pub,stat,-1,,,209,off,off,False,False,
1779492621.963582,stat_pub,stat,-1,,,209,off,off,False,False,
1779492622.4638352,stat_pub,stat,-1,,,210,off,off,False,False,
1779492622.9642293,stat_pub,stat,-1,,,210,off,off,False,False,
1779492623.4644406,stat_pub,stat,-1,,,210,off,off,False,False,
1779492623.9648015,stat_pub,stat,-1,,,210,off,off,False,False,
1779492624.4651835,stat_pub,stat,-1,,,210,off,off,False,False,
1779492624.9655998,stat_pub,stat,-1,,,210,off,off,False,False,
1779492625.465714,stat_pub,stat,-1,,,209,off,off,False,False,
1779492625.9662013,stat_pub,stat,-1,,,210,off,off,False,False,
1779492626.4663641,stat_pub,stat,-1,,,210,off,off,False,False,
1779492626.9666104,stat_pub,stat,-1,,,210,off,off,False,False,
1779492627.466969,stat_pub,stat,-1,,,209,off,off,False,False,
1779492627.9675176,stat_pub,stat,-1,,,210,off,off,False,False,
1779492628.4680116,stat_pub,stat,-1,,,210,off,off,False,False,
1779492628.9684606,stat_pub,stat,-1,,,210,off,off,False,False,
1779492629.4693072,stat_pub,stat,-1,,,210,off,off,False,False,
1779492629.969845,stat_pub,stat,-1,,,209,off,off,False,False,
1779492630.470323,stat_pub,stat,-1,,,208,off,off,False,False,
1779492630.9708555,stat_pub,stat,-1,,,209,off,off,False,False,
1779492631.4710698,stat_pub,stat,-1,,,209,off,off,False,False,
1779492631.971612,stat_pub,stat,-1,,,209,off,off,False,False,
1779492632.4717402,stat_pub,stat,-1,,,210,off,off,False,False,
1779492632.9721725,stat_pub,stat,-1,,,210,off,off,False,False,
1779492633.472409,stat_pub,stat,-1,,,209,off,off,False,False,
1779492633.9731274,stat_pub,stat,-1,,,210,off,off,False,False,
1779492634.4736683,stat_pub,stat,-1,,,210,off,off,False,False,
1779492634.9740272,stat_pub,stat,-1,,,210,off,off,False,False,
1779492635.4744318,stat_pub,stat,-1,,,210,off,off,False,False,
1779492635.974784,stat_pub,stat,-1,,,209,off,off,False,False,
1779492636.475093,stat_pub,stat,-1,,,209,off,off,False,False,
1779492636.9756656,stat_pub,stat,-1,,,210,off,off,False,False,
1779492637.4760995,stat_pub,stat,-1,,,210,off,off,False,False,
1779492637.9766445,stat_pub,stat,-1,,,210,off,off,False,False,
1779492638.4769094,stat_pub,stat,-1,,,210,off,off,False,False,
1779492638.9775848,stat_pub,stat,-1,,,210,off,off,False,False,
1779492639.4781034,stat_pub,stat,-1,,,210,off,off,False,False,
1779492639.9782388,stat_pub,stat,-1,,,210,off,off,False,False,
1779492640.4786253,stat_pub,stat,-1,,,210,off,off,False,False,
1779492640.9788065,stat_pub,stat,-1,,,210,off,off,False,False,
1779492641.4792438,stat_pub,stat,-1,,,210,off,off,False,False,
1779492641.979567,stat_pub,stat,-1,,,209,off,off,False,False,
1779492642.4801853,stat_pub,stat,-1,,,210,off,off,False,False,
1779492642.9806135,stat_pub,stat,-1,,,209,off,off,False,False,
1779492643.4809678,stat_pub,stat,-1,,,209,off,off,False,False,
1779492643.9810762,stat_pub,stat,-1,,,209,off,off,False,False,
1779492644.4812806,stat_pub,stat,-1,,,210,off,off,False,False,
1779492644.9818332,stat_pub,stat,-1,,,210,off,off,False,False,
1779492645.4819539,stat_pub,stat,-1,,,210,off,off,False,False,
1779492645.982443,stat_pub,stat,-1,,,209,off,off,False,False,
1779492646.4827302,stat_pub,stat,-1,,,210,off,off,False,False,
1779492646.98306,stat_pub,stat,-1,,,208,off,off,False,False,
1779492647.4832408,stat_pub,stat,-1,,,210,off,off,False,False,
1779492647.9835567,stat_pub,stat,-1,,,210,off,off,False,False,
1779492648.4839964,stat_pub,stat,-1,,,210,off,off,False,False,
1779492648.9843984,stat_pub,stat,-1,,,210,off,off,False,False,
1779492649.4845586,stat_pub,stat,-1,,,210,off,off,False,False,
1779492649.9850469,stat_pub,stat,-1,,,210,off,off,False,False,
1779492650.4852054,stat_pub,stat,-1,,,210,off,off,False,False,
1779492650.985525,stat_pub,stat,-1,,,209,off,off,False,False,
1779492651.4857252,stat_pub,stat,-1,,,210,off,off,False,False,
1779492651.9859776,stat_pub,stat,-1,,,210,off,off,False,False,
1779492652.4861844,stat_pub,stat,-1,,,210,off,off,False,False,
1779492652.9864886,stat_pub,stat,-1,,,210,off,off,False,False,
1779492653.4866633,stat_pub,stat,-1,,,210,off,off,False,False,
1779492653.986905,stat_pub,stat,-1,,,209,off,off,False,False,
1779492654.4871738,stat_pub,stat,-1,,,210,off,off,False,False,
1779492654.9874916,stat_pub,stat,-1,,,210,off,off,False,False,
1779492655.4879758,stat_pub,stat,-1,,,210,off,off,False,False,
1779492655.9883392,stat_pub,stat,-1,,,210,off,off,False,False,
1779492656.4887514,stat_pub,stat,-1,,,210,off,off,False,False,
1779492656.9890192,stat_pub,stat,-1,,,210,off,off,False,False,
1779492657.4895604,stat_pub,stat,-1,,,210,off,off,False,False,
1779492657.9901562,stat_pub,stat,-1,,,210,off,off,False,False,
1779492658.49048,stat_pub,stat,-1,,,206,off,off,False,False,
1779492658.9906785,stat_pub,stat,-1,,,208,off,off,False,False,
1779492659.4909463,stat_pub,stat,-1,,,208,off,off,False,False,
1779492659.991393,stat_pub,stat,-1,,,209,off,off,False,False,
1779492660.4917035,stat_pub,stat,-1,,,210,off,off,False,False,
1779492660.9922361,stat_pub,stat,-1,,,210,off,off,False,False,
1779492661.4926844,stat_pub,stat,-1,,,210,off,off,False,False,
1779492661.9931533,stat_pub,stat,-1,,,210,off,off,False,False,
1779492662.4934757,stat_pub,stat,-1,,,210,off,off,False,False,
1779492662.9939551,stat_pub,stat,-1,,,210,off,off,False,False,
1779492663.4941213,stat_pub,stat,-1,,,210,off,off,False,False,
1779492663.9948585,stat_pub,stat,-1,,,210,off,off,False,False,
1779492664.4955027,stat_pub,stat,-1,,,210,off,off,False,False,
1779492664.9957616,stat_pub,stat,-1,,,210,off,off,False,False,
1779492665.4960086,stat_pub,stat,-1,,,210,off,off,False,False,
1779492665.996127,stat_pub,stat,-1,,,209,off,off,False,False,
1779492666.4964125,stat_pub,stat,-1,,,210,off,off,False,False,
1779492666.9969215,stat_pub,stat,-1,,,210,off,off,False,False,
1779492667.4970908,stat_pub,stat,-1,,,210,off,off,False,False,
1779492667.9973874,stat_pub,stat,-1,,,210,off,off,False,False,
1779492668.497988,stat_pub,stat,-1,,,209,off,off,False,False,
1779492668.9984004,stat_pub,stat,-1,,,210,off,off,False,False,
1779492669.499039,stat_pub,stat,-1,,,209,off,off,False,False,
1779492669.9996123,stat_pub,stat,-1,,,210,off,off,False,False,
1779492670.5000966,stat_pub,stat,-1,,,210,off,off,False,False,
1779492671.0004585,stat_pub,stat,-1,,,209,off,off,False,False,
1779492671.5009706,stat_pub,stat,-1,,,209,off,off,False,False,
1779492672.0011396,stat_pub,stat,-1,,,209,off,off,False,False,
1779492672.5016909,stat_pub,stat,-1,,,210,off,off,False,False,
1779492673.002192,stat_pub,stat,-1,,,209,off,off,False,False,
1779492673.50248,stat_pub,stat,-1,,,208,off,off,False,False,
1779492674.0028725,stat_pub,stat,-1,,,210,off,off,False,False,
1779492674.5033967,stat_pub,stat,-1,,,210,off,off,False,False,
1779492675.004136,stat_pub,stat,-1,,,209,off,off,False,False,
1779492675.504425,stat_pub,stat,-1,,,209,off,off,False,False,
1779492676.0046506,stat_pub,stat,-1,,,210,off,off,False,False,
1779492676.504912,stat_pub,stat,-1,,,209,off,off,False,False,
1779492677.0051117,stat_pub,stat,-1,,,210,off,off,False,False,
1779492677.5053499,stat_pub,stat,-1,,,210,off,off,False,False,
1779492678.0059593,stat_pub,stat,-1,,,210,off,off,False,False,
1779492678.5065153,stat_pub,stat,-1,,,210,off,off,False,False,
1779492679.0072489,stat_pub,stat,-1,,,210,off,off,False,False,
1779492679.5076206,stat_pub,stat,-1,,,210,off,off,False,False,
1779492680.0078938,stat_pub,stat,-1,,,210,off,off,False,False,
1779492680.5081577,stat_pub,stat,-1,,,210,off,off,False,False,
1779492681.0086308,stat_pub,stat,-1,,,210,off,off,False,False,
1779492681.5091293,stat_pub,stat,-1,,,210,off,off,False,False,
1779492682.0096092,stat_pub,stat,-1,,,210,off,off,False,False,
1779492682.509932,stat_pub,stat,-1,,,209,off,off,False,False,
1779492683.0104766,stat_pub,stat,-1,,,209,off,off,False,False,
1779492683.5109813,stat_pub,stat,-1,,,209,off,off,False,False,
1779492684.0114236,stat_pub,stat,-1,,,210,off,off,False,False,
1779492684.5115688,stat_pub,stat,-1,,,210,off,off,False,False,
1779492685.0118902,stat_pub,stat,-1,,,210,off,off,False,False,
1779492685.5120664,stat_pub,stat,-1,,,210,off,off,False,False,
1779492686.0124774,stat_pub,stat,-1,,,210,off,off,False,False,
1779492686.512636,stat_pub,stat,-1,,,209,off,off,False,False,
1779492687.0132105,stat_pub,stat,-1,,,210,off,off,False,False,
1779492687.5138779,stat_pub,stat,-1,,,210,off,off,False,False,
1779492688.0142026,stat_pub,stat,-1,,,210,off,off,False,False,
1779492688.514514,stat_pub,stat,-1,,,209,off,off,False,False,
1779492689.0150137,stat_pub,stat,-1,,,210,off,off,False,False,
1779492689.5157182,stat_pub,stat,-1,,,210,off,off,False,False,
1779492690.016213,stat_pub,stat,-1,,,209,off,off,False,False,
1779492690.5166435,stat_pub,stat,-1,,,210,off,off,False,False,
1779492691.0169063,stat_pub,stat,-1,,,210,off,off,False,False,
1779492691.5173373,stat_pub,stat,-1,,,210,off,off,False,False,
1779492692.0176888,stat_pub,stat,-1,,,210,off,off,False,False,
1779492692.5179956,stat_pub,stat,-1,,,210,off,off,False,False,
1779492693.0183544,stat_pub,stat,-1,,,210,off,off,False,False,
1779492693.5186388,stat_pub,stat,-1,,,210,off,off,False,False,
1779492694.0191877,stat_pub,stat,-1,,,210,off,off,False,False,
1779492694.5196433,stat_pub,stat,-1,,,210,off,off,False,False,
1779492695.0202742,stat_pub,stat,-1,,,210,off,off,False,False,
1779492695.5205078,stat_pub,stat,-1,,,209,off,off,False,False,
1779492696.0207932,stat_pub,stat,-1,,,209,off,off,False,False,
1779492696.5211267,stat_pub,stat,-1,,,209,off,off,False,False,
1779492697.0218396,stat_pub,stat,-1,,,210,off,off,False,False,
1779492697.5222101,stat_pub,stat,-1,,,210,off,off,False,False,
1779492698.0224,stat_pub,stat,-1,,,207,off,off,False,False,
1779492698.5229537,stat_pub,stat,-1,,,210,off,off,False,False,
1779492699.0233667,stat_pub,stat,-1,,,210,off,off,False,False,
1779492699.5236938,stat_pub,stat,-1,,,210,off,off,False,False,
1779492700.0242736,stat_pub,stat,-1,,,210,off,off,False,False,
1779492700.5245476,stat_pub,stat,-1,,,210,off,off,False,False,
1779492701.0247235,stat_pub,stat,-1,,,210,off,off,False,False,
1779492701.5250564,stat_pub,stat,-1,,,210,off,off,False,False,
1779492702.0253098,stat_pub,stat,-1,,,210,off,off,False,False,
1779492702.5258567,stat_pub,stat,-1,,,210,off,off,False,False,
1779492703.0262206,stat_pub,stat,-1,,,210,off,off,False,False,
1779492703.5264683,stat_pub,stat,-1,,,210,off,off,False,False,
1779492704.0266237,stat_pub,stat,-1,,,210,off,off,False,False,
1779492704.5269623,stat_pub,stat,-1,,,210,off,off,False,False,
1779492705.0271497,stat_pub,stat,-1,,,210,off,off,False,False,
1779492705.5274851,stat_pub,stat,-1,,,210,off,off,False,False,
1779492706.0280497,stat_pub,stat,-1,,,210,off,off,False,False,
1779492706.5284288,stat_pub,stat,-1,,,210,off,off,False,False,
1779492707.0289593,stat_pub,stat,-1,,,210,off,off,False,False,
1779492707.5290668,stat_pub,stat,-1,,,210,off,off,False,False,
1779492708.0296285,stat_pub,stat,-1,,,210,off,off,False,False,
1779492708.5300992,stat_pub,stat,-1,,,210,off,off,False,False,
1779492709.0304499,stat_pub,stat,-1,,,209,off,off,False,False,
1779492709.5307229,stat_pub,stat,-1,,,209,off,off,False,False,
1779492710.0309765,stat_pub,stat,-1,,,209,off,off,False,False,
1779492710.5313997,stat_pub,stat,-1,,,210,off,off,False,False,
1779492711.031605,stat_pub,stat,-1,,,209,off,off,False,False,
1779492711.5319707,stat_pub,stat,-1,,,210,off,off,False,False,
1779492712.0322018,stat_pub,stat,-1,,,210,off,off,False,False,
1779492712.5326216,stat_pub,stat,-1,,,210,off,off,False,False,
1779492713.0330756,stat_pub,stat,-1,,,210,off,off,False,False,
1779492713.5336742,stat_pub,stat,-1,,,210,off,off,False,False,
1779492714.0339262,stat_pub,stat,-1,,,210,off,off,False,False,
1779492714.5343747,stat_pub,stat,-1,,,210,off,off,False,False,
1779492715.0347457,stat_pub,stat,-1,,,210,off,off,False,False,
1779492715.5349135,stat_pub,stat,-1,,,210,off,off,False,False,
1779492716.0351107,stat_pub,stat,-1,,,210,off,off,False,False,
1779492716.535427,stat_pub,stat,-1,,,209,off,off,False,False,
1779492717.0357199,stat_pub,stat,-1,,,210,off,off,False,False,
1779492717.536127,stat_pub,stat,-1,,,209,off,off,False,False,
1779492718.0365717,stat_pub,stat,-1,,,210,off,off,False,False,
1779492718.537054,stat_pub,stat,-1,,,209,off,off,False,False,
1779492719.037315,stat_pub,stat,-1,,,209,off,off,False,False,
1779492719.537681,stat_pub,stat,-1,,,209,off,off,False,False,
1779492720.0379698,stat_pub,stat,-1,,,210,off,off,False,False,
1779492720.5383365,stat_pub,stat,-1,,,210,off,off,False,False,
1779492721.0389311,stat_pub,stat,-1,,,210,off,off,False,False,
1779492721.5392509,stat_pub,stat,-1,,,210,off,off,False,False,
1779492722.0401652,stat_pub,stat,-1,,,210,off,off,False,False,
1779492722.5404878,stat_pub,stat,-1,,,209,off,off,False,False,
1779492723.0408664,stat_pub,stat,-1,,,209,off,off,False,False,
1779492723.541448,stat_pub,stat,-1,,,209,off,off,False,False,
1779492724.0420282,stat_pub,stat,-1,,,210,off,off,False,False,
1779492724.5423522,stat_pub,stat,-1,,,210,off,off,False,False,
1779492725.0425916,stat_pub,stat,-1,,,210,off,off,False,False,
1779492725.542961,stat_pub,stat,-1,,,209,off,off,False,False,
1779492726.0432096,stat_pub,stat,-1,,,210,off,off,False,False,
1779492726.5436852,stat_pub,stat,-1,,,210,off,off,False,False,
1779492727.04422,stat_pub,stat,-1,,,208,off,off,False,False,
1779492727.5446792,stat_pub,stat,-1,,,210,off,off,False,False,
1779492728.0450165,stat_pub,stat,-1,,,210,off,off,False,False,
1779492728.545231,stat_pub,stat,-1,,,209,off,off,False,False,
1779492729.0457861,stat_pub,stat,-1,,,210,off,off,False,False,
1779492729.546094,stat_pub,stat,-1,,,209,off,off,False,False,
1779492730.0463946,stat_pub,stat,-1,,,210,off,off,False,False,
1779492730.546763,stat_pub,stat,-1,,,209,off,off,False,False,
1779492731.0469613,stat_pub,stat,-1,,,210,off,off,False,False,
1779492731.5475302,stat_pub,stat,-1,,,210,off,off,False,False,
1779492732.047901,stat_pub,stat,-1,,,209,off,off,False,False,
1779492732.5483031,stat_pub,stat,-1,,,210,off,off,False,False,
1779492733.048839,stat_pub,stat,-1,,,209,off,off,False,False,
1779492733.5490925,stat_pub,stat,-1,,,210,off,off,False,False,
1779492734.049709,stat_pub,stat,-1,,,209,off,off,False,False,
1779492734.5498815,stat_pub,stat,-1,,,210,off,off,False,False,
1779492735.0500977,stat_pub,stat,-1,,,210,off,off,False,False,
1779492735.5506928,stat_pub,stat,-1,,,209,off,off,False,False,
1779492736.0511405,stat_pub,stat,-1,,,209,off,off,False,False,
1779492736.5513756,stat_pub,stat,-1,,,210,off,off,False,False,
1779492737.0524879,stat_pub,stat,-1,,,210,off,off,False,False,
1779492737.5530176,stat_pub,stat,-1,,,210,off,off,False,False,
1779492738.0534625,stat_pub,stat,-1,,,210,off,off,False,False,
1779492738.5541835,stat_pub,stat,-1,,,210,off,off,False,False,
1779492739.0544343,stat_pub,stat,-1,,,210,off,off,False,False,
1779492739.5546608,stat_pub,stat,-1,,,210,off,off,False,False,
1779492740.0552485,stat_pub,stat,-1,,,210,off,off,False,False,
1779492740.555467,stat_pub,stat,-1,,,209,off,off,False,False,
1779492741.0557144,stat_pub,stat,-1,,,210,off,off,False,False,
1779492741.5561411,stat_pub,stat,-1,,,210,off,off,False,False,
1779492742.0567503,stat_pub,stat,-1,,,210,off,off,False,False,
1779492742.5570076,stat_pub,stat,-1,,,210,off,off,False,False,
1779492743.0574255,stat_pub,stat,-1,,,210,off,off,False,False,
1779492743.5579002,stat_pub,stat,-1,,,210,off,off,False,False,
1779492744.0583868,stat_pub,stat,-1,,,210,off,off,False,False,
1779492744.5588455,stat_pub,stat,-1,,,210,off,off,False,False,
1779492745.0593047,stat_pub,stat,-1,,,210,off,off,False,False,
1779492745.5595777,stat_pub,stat,-1,,,210,off,off,False,False,
1779492746.0597749,stat_pub,stat,-1,,,210,off,off,False,False,
1779492746.5600867,stat_pub,stat,-1,,,210,off,off,False,False,
1779492747.0604846,stat_pub,stat,-1,,,209,off,off,False,False,
1779492747.560742,stat_pub,stat,-1,,,208,off,off,False,False,
1779492748.061126,stat_pub,stat,-1,,,208,off,off,False,False,
1779492748.5617425,stat_pub,stat,-1,,,210,off,off,False,False,
1779492749.0621634,stat_pub,stat,-1,,,210,off,off,False,False,
1779492749.5624256,stat_pub,stat,-1,,,210,off,off,False,False,
1779492750.0629852,stat_pub,stat,-1,,,210,off,off,False,False,
1779492750.5633724,stat_pub,stat,-1,,,210,off,off,False,False,
1779492751.063938,stat_pub,stat,-1,,,209,off,off,False,False,
1779492751.5643587,stat_pub,stat,-1,,,210,off,off,False,False,
1779492752.0645387,stat_pub,stat,-1,,,210,off,off,False,False,
1779492752.5650482,stat_pub,stat,-1,,,210,off,off,False,False,
1779492753.0654697,stat_pub,stat,-1,,,210,off,off,False,False,
1779492753.5657382,stat_pub,stat,-1,,,210,off,off,False,False,
1779492754.0658648,stat_pub,stat,-1,,,210,off,off,False,False,
1779492754.5661304,stat_pub,stat,-1,,,210,off,off,False,False,
1779492755.0666068,stat_pub,stat,-1,,,210,off,off,False,False,
1779492755.5669072,stat_pub,stat,-1,,,210,off,off,False,False,
1779492756.0677125,stat_pub,stat,-1,,,210,off,off,False,False,
1779492756.567992,stat_pub,stat,-1,,,209,off,off,False,False,
1779492757.0685086,stat_pub,stat,-1,,,210,off,off,False,False,
1779492757.5687628,stat_pub,stat,-1,,,210,off,off,False,False,
1779492758.0690217,stat_pub,stat,-1,,,210,off,off,False,False,
1779492758.5693028,stat_pub,stat,-1,,,210,off,off,False,False,
1779492759.0695531,stat_pub,stat,-1,,,210,off,off,False,False,
1779492759.5700657,stat_pub,stat,-1,,,210,off,off,False,False,
1779492760.0702534,stat_pub,stat,-1,,,210,off,off,False,False,
1779492760.5706964,stat_pub,stat,-1,,,209,off,off,False,False,
1779492761.071194,stat_pub,stat,-1,,,208,off,off,False,False,
1779492761.5716333,stat_pub,stat,-1,,,210,off,off,False,False,
1779492762.0722442,stat_pub,stat,-1,,,210,off,off,False,False,
1779492762.5726676,stat_pub,stat,-1,,,210,off,off,False,False,
1779492763.0731008,stat_pub,stat,-1,,,210,off,off,False,False,
1779492763.5732777,stat_pub,stat,-1,,,210,off,off,False,False,
1779492764.0735328,stat_pub,stat,-1,,,210,off,off,False,False,
1779492764.573946,stat_pub,stat,-1,,,209,off,off,False,False,
1779492765.0742948,stat_pub,stat,-1,,,210,off,off,False,False,
1779492765.5746367,stat_pub,stat,-1,,,210,off,off,False,False,
1779492766.0747876,stat_pub,stat,-1,,,210,off,off,False,False,
1779492766.574942,stat_pub,stat,-1,,,209,off,off,False,False,
1779492767.0750868,stat_pub,stat,-1,,,210,off,off,False,False,
1779492767.5754187,stat_pub,stat,-1,,,210,off,off,False,False,
1779492768.0760088,stat_pub,stat,-1,,,210,off,off,False,False,
1779492768.576607,stat_pub,stat,-1,,,209,off,off,False,False,
1779492769.0769897,stat_pub,stat,-1,,,210,off,off,False,False,
1779492769.5777733,stat_pub,stat,-1,,,210,off,off,False,False,
1779492770.0781238,stat_pub,stat,-1,,,210,off,off,False,False,
1779492770.5783217,stat_pub,stat,-1,,,210,off,off,False,False,
1779492771.0787973,stat_pub,stat,-1,,,210,off,off,False,False,
1779492771.5790691,stat_pub,stat,-1,,,210,off,off,False,False,
1779492772.079194,stat_pub,stat,-1,,,209,off,off,False,False,
1779492772.5795553,stat_pub,stat,-1,,,210,off,off,False,False,
1779492773.080102,stat_pub,stat,-1,,,209,off,off,False,False,
1779492773.5803237,stat_pub,stat,-1,,,209,off,off,False,False,
1779492774.0809047,stat_pub,stat,-1,,,209,off,off,False,False,
1779492774.5815306,stat_pub,stat,-1,,,210,off,off,False,False,
1779492775.0821207,stat_pub,stat,-1,,,210,off,off,False,False,
1779492775.5824246,stat_pub,stat,-1,,,210,off,off,False,False,
1779492776.082774,stat_pub,stat,-1,,,209,off,off,False,False,
1779492776.5831141,stat_pub,stat,-1,,,210,off,off,False,False,
1779492777.0836222,stat_pub,stat,-1,,,210,off,off,False,False,
1779492777.5839922,stat_pub,stat,-1,,,210,off,off,False,False,
1779492778.084282,stat_pub,stat,-1,,,209,off,off,False,False,
1779492778.5844717,stat_pub,stat,-1,,,210,off,off,False,False,
1779492779.0846999,stat_pub,stat,-1,,,210,off,off,False,False,
1779492779.5851655,stat_pub,stat,-1,,,210,off,off,False,False,
1779492780.0855296,stat_pub,stat,-1,,,210,off,off,False,False,
1779492780.5860486,stat_pub,stat,-1,,,210,off,off,False,False,
1779492781.0862257,stat_pub,stat,-1,,,210,off,off,False,False,
1779492781.5864685,stat_pub,stat,-1,,,210,off,off,False,False,
1779492782.0868146,stat_pub,stat,-1,,,210,off,off,False,False,
1779492782.5870817,stat_pub,stat,-1,,,210,off,off,False,False,
1779492783.0875237,stat_pub,stat,-1,,,210,off,off,False,False,
1779492783.5878246,stat_pub,stat,-1,,,210,off,off,False,False,
1779492784.0887547,stat_pub,stat,-1,,,210,off,off,False,False,
1779492784.5890136,stat_pub,stat,-1,,,210,off,off,False,False,
1779492785.089486,stat_pub,stat,-1,,,209,off,off,False,False,
1779492785.590027,stat_pub,stat,-1,,,209,off,off,False,False,
1779492786.090642,stat_pub,stat,-1,,,207,off,off,False,False,
1779492786.5908997,stat_pub,stat,-1,,,208,off,off,False,False,
1779492787.091407,stat_pub,stat,-1,,,209,off,off,False,False,
1779492787.5918794,stat_pub,stat,-1,,,210,off,off,False,False,
1779492788.0922704,stat_pub,stat,-1,,,210,off,off,False,False,
1779492788.5926507,stat_pub,stat,-1,,,210,off,off,False,False,
1779492789.09348,stat_pub,stat,-1,,,208,off,off,False,False,
1779492789.593829,stat_pub,stat,-1,,,209,off,off,False,False,
1779492790.0941558,stat_pub,stat,-1,,,210,off,off,False,False,
1779492790.59445,stat_pub,stat,-1,,,208,off,off,False,False,
1779492791.0947876,stat_pub,stat,-1,,,210,off,off,False,False,
1779492791.5951567,stat_pub,stat,-1,,,210,off,off,False,False,
1779492792.095504,stat_pub,stat,-1,,,209,off,off,False,False,
1779492792.5959773,stat_pub,stat,-1,,,210,off,off,False,False,
1779492793.0963564,stat_pub,stat,-1,,,210,off,off,False,False,
1779492793.5969367,stat_pub,stat,-1,,,210,off,off,False,False,
1779492794.0973709,stat_pub,stat,-1,,,210,off,off,False,False,
1779492794.597573,stat_pub,stat,-1,,,209,off,off,False,False,
1779492795.09807,stat_pub,stat,-1,,,208,off,off,False,False,
1779492795.5982485,stat_pub,stat,-1,,,210,off,off,False,False,
1779492796.0986936,stat_pub,stat,-1,,,210,off,off,False,False,
1779492796.5992355,stat_pub,stat,-1,,,210,off,off,False,False,
1779492797.09963,stat_pub,stat,-1,,,208,off,off,False,False,
1779492797.6002958,stat_pub,stat,-1,,,209,off,off,False,False,
1779492798.1008353,stat_pub,stat,-1,,,209,off,off,False,False,
1779492798.6010666,stat_pub,stat,-1,,,209,off,off,False,False,
1779492799.1014578,stat_pub,stat,-1,,,210,off,off,False,False,
1779492799.6017058,stat_pub,stat,-1,,,210,off,off,False,False,
1779492800.1023734,stat_pub,stat,-1,,,210,off,off,False,False,
1779492800.6024814,stat_pub,stat,-1,,,210,off,off,False,False,
1779492801.1026547,stat_pub,stat,-1,,,210,off,off,False,False,
1779492801.603116,stat_pub,stat,-1,,,209,off,off,False,False,
1779492802.103633,stat_pub,stat,-1,,,209,off,off,False,False,
1779492802.60404,stat_pub,stat,-1,,,208,off,off,False,False,
1779492803.1045213,stat_pub,stat,-1,,,210,off,off,False,False,
1779492803.604669,stat_pub,stat,-1,,,209,off,off,False,False,
1779492804.105244,stat_pub,stat,-1,,,209,off,off,False,False,
1779492804.6056561,stat_pub,stat,-1,,,210,off,off,False,False,
1779492805.1062644,stat_pub,stat,-1,,,210,off,off,False,False,
1779492805.6068676,stat_pub,stat,-1,,,210,off,off,False,False,
1779492806.1074758,stat_pub,stat,-1,,,210,off,off,False,False,
1779492806.6080394,stat_pub,stat,-1,,,210,off,off,False,False,
1779492807.1084042,stat_pub,stat,-1,,,210,off,off,False,False,
1779492807.608985,stat_pub,stat,-1,,,209,off,off,False,False,
1779492808.10919,stat_pub,stat,-1,,,208,off,off,False,False,
1779492808.60944,stat_pub,stat,-1,,,208,off,off,False,False,
1779492809.109653,stat_pub,stat,-1,,,209,off,off,False,False,
1779492809.6102383,stat_pub,stat,-1,,,210,off,off,False,False,
1779492810.110779,stat_pub,stat,-1,,,208,off,off,False,False,
1779492810.610933,stat_pub,stat,-1,,,208,off,off,False,False,
1779492811.1113343,stat_pub,stat,-1,,,210,off,off,False,False,
1779492811.611598,stat_pub,stat,-1,,,209,off,off,False,False,
1779492812.1117344,stat_pub,stat,-1,,,210,off,off,False,False,
1779492812.6118581,stat_pub,stat,-1,,,210,off,off,False,False,
1779492813.1122358,stat_pub,stat,-1,,,210,off,off,False,False,
1779492813.61268,stat_pub,stat,-1,,,208,off,off,False,False,
1779492814.1130023,stat_pub,stat,-1,,,210,off,off,False,False,
1779492814.613152,stat_pub,stat,-1,,,209,off,off,False,False,
1779492815.113612,stat_pub,stat,-1,,,209,off,off,False,False,
1779492815.6138759,stat_pub,stat,-1,,,210,off,off,False,False,
1779492816.1141546,stat_pub,stat,-1,,,210,off,off,False,False,
1779492816.6144397,stat_pub,stat,-1,,,210,off,off,False,False,
1779492817.114553,stat_pub,stat,-1,,,209,off,off,False,False,
1779492817.615099,stat_pub,stat,-1,,,209,off,off,False,False,
1779492818.115335,stat_pub,stat,-1,,,209,off,off,False,False,
1779492818.615795,stat_pub,stat,-1,,,209,off,off,False,False,
1779492819.11599,stat_pub,stat,-1,,,208,off,off,False,False,
1779492819.6166964,stat_pub,stat,-1,,,210,off,off,False,False,
1779492820.1170647,stat_pub,stat,-1,,,210,off,off,False,False,
1779492820.6175506,stat_pub,stat,-1,,,210,off,off,False,False,
1779492821.1177034,stat_pub,stat,-1,,,210,off,off,False,False,
1779492821.6182706,stat_pub,stat,-1,,,210,off,off,False,False,
1779492822.118442,stat_pub,stat,-1,,,209,off,off,False,False,
1779492822.6185527,stat_pub,stat,-1,,,210,off,off,False,False,
1779492823.1190689,stat_pub,stat,-1,,,210,off,off,False,False,
1779492823.6195204,stat_pub,stat,-1,,,210,off,off,False,False,
1779492824.120118,stat_pub,stat,-1,,,209,off,off,False,False,
1779492824.6206062,stat_pub,stat,-1,,,209,off,off,False,False,
1779492825.121179,stat_pub,stat,-1,,,208,off,off,False,False,
1779492825.6218216,stat_pub,stat,-1,,,210,off,off,False,False,
1779492826.1223423,stat_pub,stat,-1,,,210,off,off,False,False,
1779492826.6228104,stat_pub,stat,-1,,,210,off,off,False,False,
1779492827.1232374,stat_pub,stat,-1,,,210,off,off,False,False,
1779492827.6233196,stat_pub,stat,-1,,,210,off,off,False,False,
1779492828.1238716,stat_pub,stat,-1,,,210,off,off,False,False,
1779492828.6241963,stat_pub,stat,-1,,,210,off,off,False,False,
1779492829.1247163,stat_pub,stat,-1,,,210,off,off,False,False,
1779492829.6248462,stat_pub,stat,-1,,,210,off,off,False,False,
1779492830.1253355,stat_pub,stat,-1,,,210,off,off,False,False,
1779492830.6257641,stat_pub,stat,-1,,,210,off,off,False,False,
1779492831.1265635,stat_pub,stat,-1,,,210,off,off,False,False,
1779492831.627367,stat_pub,stat,-1,,,209,off,off,False,False,
1779492832.1278706,stat_pub,stat,-1,,,210,off,off,False,False,
1779492832.6283927,stat_pub,stat,-1,,,210,off,off,False,False,
1779492833.1287088,stat_pub,stat,-1,,,210,off,off,False,False,
1779492833.6290677,stat_pub,stat,-1,,,210,off,off,False,False,
1779492834.129568,stat_pub,stat,-1,,,209,off,off,False,False,
1779492834.6299155,stat_pub,stat,-1,,,210,off,off,False,False,
1779492835.1302085,stat_pub,stat,-1,,,210,off,off,False,False,
1779492835.63048,stat_pub,stat,-1,,,207,off,off,False,False,
1779492836.1308455,stat_pub,stat,-1,,,209,off,off,False,False,
1779492836.6310027,stat_pub,stat,-1,,,209,off,off,False,False,
1779492837.1314788,stat_pub,stat,-1,,,210,off,off,False,False,
1779492837.631886,stat_pub,stat,-1,,,209,off,off,False,False,
1779492838.132307,stat_pub,stat,-1,,,209,off,off,False,False,
1779492838.6327896,stat_pub,stat,-1,,,210,off,off,False,False,
1779492839.1330187,stat_pub,stat,-1,,,210,off,off,False,False,
1779492839.633323,stat_pub,stat,-1,,,209,off,off,False,False,
1779492840.1336389,stat_pub,stat,-1,,,210,off,off,False,False,
1779492840.6339977,stat_pub,stat,-1,,,210,off,off,False,False,
1779492841.1346734,stat_pub,stat,-1,,,210,off,off,False,False,
1779492841.634955,stat_pub,stat,-1,,,209,off,off,False,False,
1779492842.1352134,stat_pub,stat,-1,,,210,off,off,False,False,
1779492842.6353357,stat_pub,stat,-1,,,210,off,off,False,False,
1779492843.135742,stat_pub,stat,-1,,,209,off,off,False,False,
1779492843.6362405,stat_pub,stat,-1,,,210,off,off,False,False,
1779492844.136412,stat_pub,stat,-1,,,209,off,off,False,False,
1779492844.6367843,stat_pub,stat,-1,,,210,off,off,False,False,
1779492845.1370401,stat_pub,stat,-1,,,210,off,off,False,False,
1779492845.637412,stat_pub,stat,-1,,,209,off,off,False,False,
1779492846.137834,stat_pub,stat,-1,,,209,off,off,False,False,
1779492846.6380565,stat_pub,stat,-1,,,210,off,off,False,False,
1779492847.1384616,stat_pub,stat,-1,,,210,off,off,False,False,
1779492847.638935,stat_pub,stat,-1,,,209,off,off,False,False,
1779492848.139035,stat_pub,stat,-1,,,209,off,off,False,False,
1779492848.6396468,stat_pub,stat,-1,,,210,off,off,False,False,
1779492849.140166,stat_pub,stat,-1,,,209,off,off,False,False,
1779492849.6404843,stat_pub,stat,-1,,,209,off,off,False,False,
1779492850.140891,stat_pub,stat,-1,,,208,off,off,False,False,
1779492850.6412573,stat_pub,stat,-1,,,209,off,off,False,False,
1779492851.1416795,stat_pub,stat,-1,,,210,off,off,False,False,
1779492851.6421583,stat_pub,stat,-1,,,210,off,off,False,False,
1779492852.1426308,stat_pub,stat,-1,,,210,off,off,False,False,
1779492852.6428065,stat_pub,stat,-1,,,210,off,off,False,False,
1779492853.142949,stat_pub,stat,-1,,,209,off,off,False,False,
1779492853.6431203,stat_pub,stat,-1,,,210,off,off,False,False,
1779492854.1436179,stat_pub,stat,-1,,,210,off,off,False,False,
1779492854.6439948,stat_pub,stat,-1,,,210,off,off,False,False,
1779492855.1445134,stat_pub,stat,-1,,,210,off,off,False,False,
1779492855.6450956,stat_pub,stat,-1,,,210,off,off,False,False,
1779492856.1457088,stat_pub,stat,-1,,,210,off,off,False,False,
1779492856.646172,stat_pub,stat,-1,,,209,off,off,False,False,
1779492857.1465096,stat_pub,stat,-1,,,210,off,off,False,False,
1779492857.6468678,stat_pub,stat,-1,,,210,off,off,False,False,
1779492858.1471813,stat_pub,stat,-1,,,210,off,off,False,False,
1779492858.6473923,stat_pub,stat,-1,,,210,off,off,False,False,
1779492859.147681,stat_pub,stat,-1,,,209,off,off,False,False,
1779492859.6479344,stat_pub,stat,-1,,,210,off,off,False,False,
1779492860.1483395,stat_pub,stat,-1,,,210,off,off,False,False,
1779492860.6489422,stat_pub,stat,-1,,,210,off,off,False,False,
1779492861.1492047,stat_pub,stat,-1,,,210,off,off,False,False,
1779492861.649361,stat_pub,stat,-1,,,209,off,off,False,False,
1779492862.1499083,stat_pub,stat,-1,,,210,off,off,False,False,
1779492862.6503398,stat_pub,stat,-1,,,209,off,off,False,False,
1779492863.1507766,stat_pub,stat,-1,,,209,off,off,False,False,
1779492863.6511066,stat_pub,stat,-1,,,209,off,off,False,False,
1779492864.1516361,stat_pub,stat,-1,,,210,off,off,False,False,
1779492864.6520596,stat_pub,stat,-1,,,210,off,off,False,False,
1779492865.1526253,stat_pub,stat,-1,,,210,off,off,False,False,
1779492865.6531405,stat_pub,stat,-1,,,210,off,off,False,False,
1779492866.1533718,stat_pub,stat,-1,,,210,off,off,False,False,
1779492866.6535504,stat_pub,stat,-1,,,210,off,off,False,False,
1779492867.1537664,stat_pub,stat,-1,,,210,off,off,False,False,
1779492867.6540272,stat_pub,stat,-1,,,210,off,off,False,False,
1779492868.1544738,stat_pub,stat,-1,,,210,off,off,False,False,
1779492868.654728,stat_pub,stat,-1,,,209,off,off,False,False,
1779492869.1552355,stat_pub,stat,-1,,,210,off,off,False,False,
1779492869.6557257,stat_pub,stat,-1,,,210,off,off,False,False,
1779492870.1561828,stat_pub,stat,-1,,,210,off,off,False,False,
1779492870.6565232,stat_pub,stat,-1,,,210,off,off,False,False,
1779492871.1571624,stat_pub,stat,-1,,,210,off,off,False,False,
1779492871.6575828,stat_pub,stat,-1,,,210,off,off,False,False,
1779492872.1581705,stat_pub,stat,-1,,,210,off,off,False,False,
1779492872.658385,stat_pub,stat,-1,,,209,off,off,False,False,
1779492873.1586537,stat_pub,stat,-1,,,210,off,off,False,False,
1779492873.658903,stat_pub,stat,-1,,,209,off,off,False,False,
1779492874.1593852,stat_pub,stat,-1,,,210,off,off,False,False,
1779492874.659659,stat_pub,stat,-1,,,209,off,off,False,False,
1779492875.1601617,stat_pub,stat,-1,,,210,off,off,False,False,
1779492875.660397,stat_pub,stat,-1,,,208,off,off,False,False,
1779492876.1609,stat_pub,stat,-1,,,206,off,off,False,False,
1779492876.6611736,stat_pub,stat,-1,,,209,off,off,False,False,
1779492877.161753,stat_pub,stat,-1,,,209,off,off,False,False,
1779492877.661924,stat_pub,stat,-1,,,209,off,off,False,False,
1779492878.1622982,stat_pub,stat,-1,,,210,off,off,False,False,
1779492878.662411,stat_pub,stat,-1,,,209,off,off,False,False,
1779492879.1628222,stat_pub,stat,-1,,,210,off,off,False,False,
1779492879.6634133,stat_pub,stat,-1,,,210,off,off,False,False,
1779492880.1637826,stat_pub,stat,-1,,,210,off,off,False,False,
1779492880.6641479,stat_pub,stat,-1,,,210,off,off,False,False,
1779492881.1643288,stat_pub,stat,-1,,,210,off,off,False,False,
1779492881.66479,stat_pub,stat,-1,,,208,off,off,False,False,
1779492882.1655061,stat_pub,stat,-1,,,210,off,off,False,False,
1779492882.6658013,stat_pub,stat,-1,,,210,off,off,False,False,
1779492883.166354,stat_pub,stat,-1,,,209,off,off,False,False,
1779492883.6669374,stat_pub,stat,-1,,,210,off,off,False,False,
1779492884.1674402,stat_pub,stat,-1,,,210,off,off,False,False,
1779492884.6676767,stat_pub,stat,-1,,,210,off,off,False,False,
1779492885.1680708,stat_pub,stat,-1,,,210,off,off,False,False,
1779492885.6684842,stat_pub,stat,-1,,,210,off,off,False,False,
1779492886.1687407,stat_pub,stat,-1,,,210,off,off,False,False,
1779492886.6692712,stat_pub,stat,-1,,,210,off,off,False,False,
1779492887.1695561,stat_pub,stat,-1,,,210,off,off,False,False,
1779492887.669655,stat_pub,stat,-1,,,209,off,off,False,False,
1779492888.169903,stat_pub,stat,-1,,,209,off,off,False,False,
1779492888.6703522,stat_pub,stat,-1,,,209,off,off,False,False,
1779492889.170658,stat_pub,stat,-1,,,208,off,off,False,False,
1779492889.6712213,stat_pub,stat,-1,,,209,off,off,False,False,
1779492890.1716313,stat_pub,stat,-1,,,210,off,off,False,False,
1779492890.6725793,stat_pub,stat,-1,,,210,off,off,False,False,
1779492891.1732419,stat_pub,stat,-1,,,210,off,off,False,False,
1779492891.6738756,stat_pub,stat,-1,,,210,off,off,False,False,
1779492892.1742675,stat_pub,stat,-1,,,210,off,off,False,False,
1779492892.6745052,stat_pub,stat,-1,,,210,off,off,False,False,
1779492893.174869,stat_pub,stat,-1,,,209,off,off,False,False,
1779492893.6752255,stat_pub,stat,-1,,,210,off,off,False,False,
1779492894.1756775,stat_pub,stat,-1,,,210,off,off,False,False,
1779492894.6761096,stat_pub,stat,-1,,,210,off,off,False,False,
1779492895.1767023,stat_pub,stat,-1,,,210,off,off,False,False,
1779492895.6769772,stat_pub,stat,-1,,,210,off,off,False,False,
1779492896.1772938,stat_pub,stat,-1,,,210,off,off,False,False,
1779492896.6778393,stat_pub,stat,-1,,,210,off,off,False,False,
1779492897.1779835,stat_pub,stat,-1,,,210,off,off,False,False,
1779492897.6784797,stat_pub,stat,-1,,,210,off,off,False,False,
1779492898.1788874,stat_pub,stat,-1,,,210,off,off,False,False,
1779492898.6792383,stat_pub,stat,-1,,,210,off,off,False,False,
1779492899.1796854,stat_pub,stat,-1,,,210,off,off,False,False,
1779492899.6801682,stat_pub,stat,-1,,,210,off,off,False,False,
1779492900.1806202,stat_pub,stat,-1,,,209,off,off,False,False,
1779492900.6808467,stat_pub,stat,-1,,,209,off,off,False,False,
1779492901.181081,stat_pub,stat,-1,,,208,off,off,False,False,
1779492901.6812649,stat_pub,stat,-1,,,209,off,off,False,False,
1779492902.1816142,stat_pub,stat,-1,,,210,off,off,False,False,
1779492902.6820583,stat_pub,stat,-1,,,210,off,off,False,False,
1779492903.1824403,stat_pub,stat,-1,,,210,off,off,False,False,
1779492903.6827927,stat_pub,stat,-1,,,210,off,off,False,False,
1779492904.1830947,stat_pub,stat,-1,,,210,off,off,False,False,
1779492904.6834705,stat_pub,stat,-1,,,210,off,off,False,False,
1779492905.1837726,stat_pub,stat,-1,,,210,off,off,False,False,
1779492905.6841931,stat_pub,stat,-1,,,210,off,off,False,False,
1779492906.1845405,stat_pub,stat,-1,,,210,off,off,False,False,
1779492906.684926,stat_pub,stat,-1,,,209,off,off,False,False,
1779492907.1850553,stat_pub,stat,-1,,,210,off,off,False,False,
1779492907.6854138,stat_pub,stat,-1,,,210,off,off,False,False,
1779492908.1855116,stat_pub,stat,-1,,,210,off,off,False,False,
1779492908.685937,stat_pub,stat,-1,,,209,off,off,False,False,
1779492909.1862888,stat_pub,stat,-1,,,210,off,off,False,False,
1779492909.6865592,stat_pub,stat,-1,,,210,off,off,False,False,
1779492910.187077,stat_pub,stat,-1,,,209,off,off,False,False,
1779492910.6874657,stat_pub,stat,-1,,,210,off,off,False,False,
1779492911.1877747,stat_pub,stat,-1,,,210,off,off,False,False,
1779492911.6882193,stat_pub,stat,-1,,,210,off,off,False,False,
1779492912.18877,stat_pub,stat,-1,,,208,off,off,False,False,
1779492912.6893306,stat_pub,stat,-1,,,210,off,off,False,False,
1779492913.189877,stat_pub,stat,-1,,,209,off,off,False,False,
1779492913.690311,stat_pub,stat,-1,,,207,off,off,False,False,
1779492914.1906936,stat_pub,stat,-1,,,208,off,off,False,False,
1779492914.6912737,stat_pub,stat,-1,,,208,off,off,False,False,
1779492915.1918924,stat_pub,stat,-1,,,210,off,off,False,False,
1779492915.6921172,stat_pub,stat,-1,,,210,off,off,False,False,
1779492916.1934428,stat_pub,stat,-1,,,210,off,off,False,False,
1779492916.6938562,stat_pub,stat,-1,,,210,off,off,False,False,
1779492917.1942716,stat_pub,stat,-1,,,210,off,off,False,False,
1779492917.694717,stat_pub,stat,-1,,,209,off,off,False,False,
1779492918.195075,stat_pub,stat,-1,,,209,off,off,False,False,
1779492918.695765,stat_pub,stat,-1,,,209,off,off,False,False,
1779492919.1961954,stat_pub,stat,-1,,,210,off,off,False,False,
1779492919.6968617,stat_pub,stat,-1,,,210,off,off,False,False,
1779492920.198336,stat_pub,stat,-1,,,209,off,off,False,False,
1779492920.6983628,stat_pub,stat,-1,,,210,off,off,False,False,
1779492921.199136,stat_pub,stat,-1,,,209,off,off,False,False,
1779492921.6996663,stat_pub,stat,-1,,,210,off,off,False,False,
1779492922.2001774,stat_pub,stat,-1,,,210,off,off,False,False,
1779492922.7006435,stat_pub,stat,-1,,,209,off,off,False,False,
1779492923.2012637,stat_pub,stat,-1,,,209,off,off,False,False,
1779492923.7018235,stat_pub,stat,-1,,,210,off,off,False,False,
1779492924.202337,stat_pub,stat,-1,,,209,off,off,False,False,
1779492924.7027526,stat_pub,stat,-1,,,210,off,off,False,False,
1779492925.2039797,stat_pub,stat,-1,,,210,off,off,False,False,
1779492925.7047474,stat_pub,stat,-1,,,210,off,off,False,False,
1779492926.2051382,stat_pub,stat,-1,,,210,off,off,False,False,
1779492926.7057164,stat_pub,stat,-1,,,210,off,off,False,False,
1779492927.2060401,stat_pub,stat,-1,,,210,off,off,False,False,
1779492927.7068145,stat_pub,stat,-1,,,210,off,off,False,False,
1779492928.207429,stat_pub,stat,-1,,,209,off,off,False,False,
1779492928.7078085,stat_pub,stat,-1,,,210,off,off,False,False,
1779492929.2082207,stat_pub,stat,-1,,,210,off,off,False,False,
1779492929.7087653,stat_pub,stat,-1,,,210,off,off,False,False,
1779492930.2090907,stat_pub,stat,-1,,,210,off,off,False,False,
1779492930.7093084,stat_pub,stat,-1,,,210,off,off,False,False,
1779492931.210111,stat_pub,stat,-1,,,209,off,off,False,False,
1779492931.7104166,stat_pub,stat,-1,,,209,off,off,False,False,
1779492932.2110069,stat_pub,stat,-1,,,209,off,off,False,False,
1779492932.7112129,stat_pub,stat,-1,,,209,off,off,False,False,
1779492933.2117527,stat_pub,stat,-1,,,210,off,off,False,False,
1779492933.7120671,stat_pub,stat,-1,,,210,off,off,False,False,
1779492934.212995,stat_pub,stat,-1,,,209,off,off,False,False,
1779492934.7134528,stat_pub,stat,-1,,,210,off,off,False,False,
1779492935.214095,stat_pub,stat,-1,,,209,off,off,False,False,
1779492935.714757,stat_pub,stat,-1,,,209,off,off,False,False,
1779492936.215374,stat_pub,stat,-1,,,209,off,off,False,False,
1779492936.7156885,stat_pub,stat,-1,,,210,off,off,False,False,
1779492937.2166464,stat_pub,stat,-1,,,210,off,off,False,False,
1779492937.7177453,stat_pub,stat,-1,,,210,off,off,False,False,
1779492938.218605,stat_pub,stat,-1,,,209,off,off,False,False,
1779492938.7189226,stat_pub,stat,-1,,,210,off,off,False,False,
1779492939.2190433,stat_pub,stat,-1,,,210,off,off,False,False,
1779492939.7199728,stat_pub,stat,-1,,,210,off,off,False,False,
1779492940.2205112,stat_pub,stat,-1,,,209,off,off,False,False,
1779492940.7217572,stat_pub,stat,-1,,,210,off,off,False,False,
1779492941.222325,stat_pub,stat,-1,,,209,off,off,False,False,
1779492941.7228832,stat_pub,stat,-1,,,210,off,off,False,False,
1779492942.2233658,stat_pub,stat,-1,,,210,off,off,False,False,
1779492942.7236743,stat_pub,stat,-1,,,210,off,off,False,False,
1779492943.2244132,stat_pub,stat,-1,,,210,off,off,False,False,
1779492943.724897,stat_pub,stat,-1,,,209,off,off,False,False,
1779492944.225676,stat_pub,stat,-1,,,209,off,off,False,False,
1779492944.725873,stat_pub,stat,-1,,,209,off,off,False,False,
1779492945.2265263,stat_pub,stat,-1,,,210,off,off,False,False,
1779492945.7272818,stat_pub,stat,-1,,,210,off,off,False,False,
1779492946.22795,stat_pub,stat,-1,,,208,off,off,False,False,
1779492946.7288723,stat_pub,stat,-1,,,210,off,off,False,False,
1779492947.2292666,stat_pub,stat,-1,,,210,off,off,False,False,
1779492947.7299292,stat_pub,stat,-1,,,210,off,off,False,False,
1779492948.2310233,stat_pub,stat,-1,,,209,off,off,False,False,
1779492948.7313085,stat_pub,stat,-1,,,210,off,off,False,False,
1779492949.23173,stat_pub,stat,-1,,,208,off,off,False,False,
1779492949.7323365,stat_pub,stat,-1,,,210,off,off,False,False,
1779492950.2328882,stat_pub,stat,-1,,,210,off,off,False,False,
1779492950.7332544,stat_pub,stat,-1,,,210,off,off,False,False,
1779492951.2335503,stat_pub,stat,-1,,,210,off,off,False,False,
1779492951.7342916,stat_pub,stat,-1,,,210,off,off,False,False,
1779492952.2345746,stat_pub,stat,-1,,,210,off,off,False,False,
1779492952.7353957,stat_pub,stat,-1,,,210,off,off,False,False,
1779492953.2357836,stat_pub,stat,-1,,,210,off,off,False,False,
1779492953.736892,stat_pub,stat,-1,,,209,off,off,False,False,
1779492954.237364,stat_pub,stat,-1,,,209,off,off,False,False,
1779492954.73788,stat_pub,stat,-1,,,208,off,off,False,False,
1779492955.2385087,stat_pub,stat,-1,,,210,off,off,False,False,
1779492955.7388942,stat_pub,stat,-1,,,210,off,off,False,False,
1779492956.239362,stat_pub,stat,-1,,,209,off,off,False,False,
1779492956.7402751,stat_pub,stat,-1,,,209,off,off,False,False,
1779492957.2404962,stat_pub,stat,-1,,,209,off,off,False,False,
1779492957.7409089,stat_pub,stat,-1,,,209,off,off,False,False,
1779492958.2418187,stat_pub,stat,-1,,,210,off,off,False,False,
1779492958.742185,stat_pub,stat,-1,,,209,off,off,False,False,
1779492959.242531,stat_pub,stat,-1,,,209,off,off,False,False,
1779492959.7428787,stat_pub,stat,-1,,,210,off,off,False,False,
1779492960.243405,stat_pub,stat,-1,,,209,off,off,False,False,
1779492960.744155,stat_pub,stat,-1,,,209,off,off,False,False,
1779492961.244697,stat_pub,stat,-1,,,209,off,off,False,False,
1779492961.74513,stat_pub,stat,-1,,,208,off,off,False,False,
1779492962.245642,stat_pub,stat,-1,,,209,off,off,False,False,
1779492962.7463331,stat_pub,stat,-1,,,210,off,off,False,False,
1779492963.2471797,stat_pub,stat,-1,,,210,off,off,False,False,
1779492963.7477977,stat_pub,stat,-1,,,210,off,off,False,False,
1779492964.2483156,stat_pub,stat,-1,,,210,off,off,False,False,
1779492964.7491896,stat_pub,stat,-1,,,210,off,off,False,False,
1779492965.2496104,stat_pub,stat,-1,,,210,off,off,False,False,
1779492965.750149,stat_pub,stat,-1,,,209,off,off,False,False,
1779492966.250588,stat_pub,stat,-1,,,208,off,off,False,False,
1779492966.7513769,stat_pub,stat,-1,,,210,off,off,False,False,
1779492967.2520986,stat_pub,stat,-1,,,210,off,off,False,False,
1779492967.7528565,stat_pub,stat,-1,,,210,off,off,False,False,
1779492968.2531064,stat_pub,stat,-1,,,210,off,off,False,False,
1779492968.7537348,stat_pub,stat,-1,,,210,off,off,False,False,
1779492969.2543473,stat_pub,stat,-1,,,210,off,off,False,False,
1779492969.7545316,stat_pub,stat,-1,,,210,off,off,False,False,
1779492970.2548332,stat_pub,stat,-1,,,210,off,off,False,False,
1779492970.754997,stat_pub,stat,-1,,,209,off,off,False,False,
1779492971.2555757,stat_pub,stat,-1,,,210,off,off,False,False,
1779492971.7565644,stat_pub,stat,-1,,,210,off,off,False,False,
1779492972.2571037,stat_pub,stat,-1,,,210,off,off,False,False,
1779492972.757302,stat_pub,stat,-1,,,209,off,off,False,False,
1779492973.2577813,stat_pub,stat,-1,,,210,off,off,False,False,
1779492973.758336,stat_pub,stat,-1,,,209,off,off,False,False,
1779492974.2591937,stat_pub,stat,-1,,,210,off,off,False,False,
1779492974.759854,stat_pub,stat,-1,,,209,off,off,False,False,
1779492975.2600465,stat_pub,stat,-1,,,210,off,off,False,False,
1779492975.760826,stat_pub,stat,-1,,,208,off,off,False,False,
1779492976.2616918,stat_pub,stat,-1,,,210,off,off,False,False,
1779492976.762167,stat_pub,stat,-1,,,209,off,off,False,False,
1779492977.2627008,stat_pub,stat,-1,,,210,off,off,False,False,
1779492977.7636664,stat_pub,stat,-1,,,210,off,off,False,False,
1779492978.2648716,stat_pub,stat,-1,,,210,off,off,False,False,
1779492978.7655773,stat_pub,stat,-1,,,210,off,off,False,False,
1779492979.2662537,stat_pub,stat,-1,,,210,off,off,False,False,
1779492979.7664642,stat_pub,stat,-1,,,210,off,off,False,False,
1779492980.267435,stat_pub,stat,-1,,,209,off,off,False,False,
1779492980.7679462,stat_pub,stat,-1,,,210,off,off,False,False,
1779492981.2685738,stat_pub,stat,-1,,,210,off,off,False,False,
1779492981.769165,stat_pub,stat,-1,,,209,off,off,False,False,
1779492982.2695372,stat_pub,stat,-1,,,210,off,off,False,False,
1779492982.7701006,stat_pub,stat,-1,,,210,off,off,False,False,
1779492983.2707734,stat_pub,stat,-1,,,209,off,off,False,False,
1779492983.7715979,stat_pub,stat,-1,,,210,off,off,False,False,
1779492984.2718573,stat_pub,stat,-1,,,210,off,off,False,False,
1779492984.772345,stat_pub,stat,-1,,,209,off,off,False,False,
1779492985.2727497,stat_pub,stat,-1,,,210,off,off,False,False,
1779492985.7730763,stat_pub,stat,-1,,,210,off,off,False,False,
1779492986.2734861,stat_pub,stat,-1,,,210,off,off,False,False,
1779492986.7741957,stat_pub,stat,-1,,,210,off,off,False,False,
1779492987.2749066,stat_pub,stat,-1,,,210,off,off,False,False,
1779492987.7752864,stat_pub,stat,-1,,,210,off,off,False,False,
1779492988.2754676,stat_pub,stat,-1,,,210,off,off,False,False,
1779492988.7758288,stat_pub,stat,-1,,,210,off,off,False,False,
1779492989.275992,stat_pub,stat,-1,,,209,off,off,False,False,
1779492989.7762113,stat_pub,stat,-1,,,210,off,off,False,False,
1779492990.2768779,stat_pub,stat,-1,,,210,off,off,False,False,
1779492990.7773995,stat_pub,stat,-1,,,210,off,off,False,False,
1779492991.278147,stat_pub,stat,-1,,,209,off,off,False,False,
1779492991.7788208,stat_pub,stat,-1,,,210,off,off,False,False,
1779492992.2796116,stat_pub,stat,-1,,,210,off,off,False,False,
1779492992.7803016,stat_pub,stat,-1,,,209,off,off,False,False,
1779492993.2816992,stat_pub,stat,-1,,,210,off,off,False,False,
1779492993.7821429,stat_pub,stat,-1,,,210,off,off,False,False,
1779492994.2828312,stat_pub,stat,-1,,,210,off,off,False,False,
1779492994.7836204,stat_pub,stat,-1,,,210,off,off,False,False,
1779492995.2842321,stat_pub,stat,-1,,,210,off,off,False,False,
1779492995.7847579,stat_pub,stat,-1,,,210,off,off,False,False,
1779492996.2853312,stat_pub,stat,-1,,,210,off,off,False,False,
1779492996.7866623,stat_pub,stat,-1,,,210,off,off,False,False,
1779492997.2870493,stat_pub,stat,-1,,,210,off,off,False,False,
1779492997.787595,stat_pub,stat,-1,,,209,off,off,False,False,
1779492998.2879996,stat_pub,stat,-1,,,210,off,off,False,False,
1779492998.7890682,stat_pub,stat,-1,,,210,off,off,False,False,
1779492999.289959,stat_pub,stat,-1,,,209,off,off,False,False,
1779492999.7905815,stat_pub,stat,-1,,,208,off,off,False,False,
1779493000.291235,stat_pub,stat,-1,,,207,off,off,False,False,
1779493000.791562,stat_pub,stat,-1,,,209,off,off,False,False,
1779493001.2919884,stat_pub,stat,-1,,,210,off,off,False,False,
1779493001.7923944,stat_pub,stat,-1,,,210,off,off,False,False,
1779493002.292682,stat_pub,stat,-1,,,209,off,off,False,False,
1779493002.7929316,stat_pub,stat,-1,,,210,off,off,False,False,
1779493003.2934184,stat_pub,stat,-1,,,210,off,off,False,False,
1779493003.7938657,stat_pub,stat,-1,,,210,off,off,False,False,
1779493004.294247,stat_pub,stat,-1,,,209,off,off,False,False,
1779493004.794635,stat_pub,stat,-1,,,209,off,off,False,False,
1779493005.2951896,stat_pub,stat,-1,,,210,off,off,False,False,
1779493005.7956147,stat_pub,stat,-1,,,210,off,off,False,False,
1779493006.2963152,stat_pub,stat,-1,,,210,off,off,False,False,
1779493006.7965043,stat_pub,stat,-1,,,210,off,off,False,False,
1779493007.296628,stat_pub,stat,-1,,,209,off,off,False,False,
1779493007.7970083,stat_pub,stat,-1,,,210,off,off,False,False,
1779493008.2977014,stat_pub,stat,-1,,,210,off,off,False,False,
1779493008.7983997,stat_pub,stat,-1,,,210,off,off,False,False,
1779493009.2986674,stat_pub,stat,-1,,,210,off,off,False,False,
1779493009.799325,stat_pub,stat,-1,,,209,off,off,False,False,
1779493010.2998953,stat_pub,stat,-1,,,210,off,off,False,False,
1779493010.8004434,stat_pub,stat,-1,,,209,off,off,False,False,
1779493011.3013408,stat_pub,stat,-1,,,210,off,off,False,False,
1779493011.802363,stat_pub,stat,-1,,,209,off,off,False,False,
1779493012.302571,stat_pub,stat,-1,,,209,off,off,False,False,
1779493012.8033152,stat_pub,stat,-1,,,210,off,off,False,False,
1779493013.3036506,stat_pub,stat,-1,,,210,off,off,False,False,
1779493013.8043325,stat_pub,stat,-1,,,210,off,off,False,False,
1779493014.3051054,stat_pub,stat,-1,,,210,off,off,False,False,
1779493014.805372,stat_pub,stat,-1,,,209,off,off,False,False,
1779493015.3058357,stat_pub,stat,-1,,,210,off,off,False,False,
1779493015.8064108,stat_pub,stat,-1,,,210,off,off,False,False,
1779493016.3069334,stat_pub,stat,-1,,,210,off,off,False,False,
1779493016.8075643,stat_pub,stat,-1,,,210,off,off,False,False,
1779493017.3080416,stat_pub,stat,-1,,,210,off,off,False,False,
1779493017.80834,stat_pub,stat,-1,,,208,off,off,False,False,
1779493018.3087502,stat_pub,stat,-1,,,210,off,off,False,False,
1779493018.8093026,stat_pub,stat,-1,,,210,off,off,False,False,
1779493019.309809,stat_pub,stat,-1,,,209,off,off,False,False,
1779493019.810425,stat_pub,stat,-1,,,208,off,off,False,False,
1779493020.3106384,stat_pub,stat,-1,,,209,off,off,False,False,
1779493020.8108435,stat_pub,stat,-1,,,209,off,off,False,False,
1779493021.311168,stat_pub,stat,-1,,,208,off,off,False,False,
1779493021.811737,stat_pub,stat,-1,,,209,off,off,False,False,
1779493022.312261,stat_pub,stat,-1,,,209,off,off,False,False,
1779493022.8127587,stat_pub,stat,-1,,,210,off,off,False,False,
1779493023.3129609,stat_pub,stat,-1,,,210,off,off,False,False,
1779493023.8137357,stat_pub,stat,-1,,,210,off,off,False,False,
1779493024.3143098,stat_pub,stat,-1,,,210,off,off,False,False,
1779493024.8145957,stat_pub,stat,-1,,,210,off,off,False,False,
1779493025.3150277,stat_pub,stat,-1,,,210,off,off,False,False,
1779493025.8154566,stat_pub,stat,-1,,,210,off,off,False,False,
1779493026.3157642,stat_pub,stat,-1,,,210,off,off,False,False,
1779493026.8165598,stat_pub,stat,-1,,,210,off,off,False,False,
1779493027.3169167,stat_pub,stat,-1,,,210,off,off,False,False,
1779493027.8173914,stat_pub,stat,-1,,,210,off,off,False,False,
1779493028.3179963,stat_pub,stat,-1,,,210,off,off,False,False,
1779493028.8181484,stat_pub,stat,-1,,,210,off,off,False,False,
1779493029.3183172,stat_pub,stat,-1,,,210,off,off,False,False,
1779493029.8191488,stat_pub,stat,-1,,,210,off,off,False,False,
1779493030.319711,stat_pub,stat,-1,,,209,off,off,False,False,
1779493030.8199089,stat_pub,stat,-1,,,210,off,off,False,False,
1779493031.3206275,stat_pub,stat,-1,,,209,off,off,False,False,
1779493031.8216515,stat_pub,stat,-1,,,210,off,off,False,False,
1779493032.3224223,stat_pub,stat,-1,,,210,off,off,False,False,
1779493032.822858,stat_pub,stat,-1,,,209,off,off,False,False,
1779493033.3234494,stat_pub,stat,-1,,,210,off,off,False,False,
1779493033.8238637,stat_pub,stat,-1,,,210,off,off,False,False,
1779493034.3242717,stat_pub,stat,-1,,,210,off,off,False,False,
1779493034.824918,stat_pub,stat,-1,,,209,off,off,False,False,
1779493035.325212,stat_pub,stat,-1,,,209,off,off,False,False,
1779493035.825489,stat_pub,stat,-1,,,209,off,off,False,False,
1779493036.325733,stat_pub,stat,-1,,,209,off,off,False,False,
1779493036.8262439,stat_pub,stat,-1,,,210,off,off,False,False,
1779493037.3266618,stat_pub,stat,-1,,,210,off,off,False,False,
1779493037.8269567,stat_pub,stat,-1,,,210,off,off,False,False,
1779493038.327457,stat_pub,stat,-1,,,209,off,off,False,False,
1779493038.8280723,stat_pub,stat,-1,,,210,off,off,False,False,
1779493039.3284163,stat_pub,stat,-1,,,210,off,off,False,False,
1779493039.8290083,stat_pub,stat,-1,,,210,off,off,False,False,
1779493040.3295717,stat_pub,stat,-1,,,210,off,off,False,False,
1779493040.8298767,stat_pub,stat,-1,,,210,off,off,False,False,
1779493041.330365,stat_pub,stat,-1,,,208,off,off,False,False,
1779493041.83055,stat_pub,stat,-1,,,207,off,off,False,False,
1779493042.3308644,stat_pub,stat,-1,,,209,off,off,False,False,
1779493042.8314056,stat_pub,stat,-1,,,210,off,off,False,False,
1779493043.3319519,stat_pub,stat,-1,,,210,off,off,False,False,
1779493043.8325183,stat_pub,stat,-1,,,210,off,off,False,False,
1779493044.332953,stat_pub,stat,-1,,,209,off,off,False,False,
1779493044.8331676,stat_pub,stat,-1,,,210,off,off,False,False,
1779493045.3334858,stat_pub,stat,-1,,,210,off,off,False,False,
1779493045.833706,stat_pub,stat,-1,,,209,off,off,False,False,
1779493046.33446,stat_pub,stat,-1,,,208,off,off,False,False,
1779493046.8352566,stat_pub,stat,-1,,,210,off,off,False,False,
1779493047.3357053,stat_pub,stat,-1,,,210,off,off,False,False,
1779493047.8359163,stat_pub,stat,-1,,,210,off,off,False,False,
1779493048.3362174,stat_pub,stat,-1,,,210,off,off,False,False,
1779493048.8365073,stat_pub,stat,-1,,,210,off,off,False,False,
1779493049.3366506,stat_pub,stat,-1,,,210,off,off,False,False,
1779493049.8370547,stat_pub,stat,-1,,,210,off,off,False,False,
1779493050.3375201,stat_pub,stat,-1,,,210,off,off,False,False,
1779493050.837836,stat_pub,stat,-1,,,209,off,off,False,False,
1779493051.3383753,stat_pub,stat,-1,,,210,off,off,False,False,
1779493051.838778,stat_pub,stat,-1,,,209,off,off,False,False,
1779493052.3390083,stat_pub,stat,-1,,,210,off,off,False,False,
1779493052.8395824,stat_pub,stat,-1,,,210,off,off,False,False,
1779493053.3401582,stat_pub,stat,-1,,,210,off,off,False,False,
1779493053.8403347,stat_pub,stat,-1,,,209,off,off,False,False,
1779493054.3404815,stat_pub,stat,-1,,,209,off,off,False,False,
1779493054.841031,stat_pub,stat,-1,,,208,off,off,False,False,
1779493055.341259,stat_pub,stat,-1,,,208,off,off,False,False,
1779493055.8417344,stat_pub,stat,-1,,,210,off,off,False,False,
1779493056.3422158,stat_pub,stat,-1,,,210,off,off,False,False,
1779493056.8427265,stat_pub,stat,-1,,,210,off,off,False,False,
1779493057.342983,stat_pub,stat,-1,,,209,off,off,False,False,
1779493057.8434215,stat_pub,stat,-1,,,210,off,off,False,False,
1779493058.343756,stat_pub,stat,-1,,,209,off,off,False,False,
1779493058.8443477,stat_pub,stat,-1,,,210,off,off,False,False,
1779493059.3448079,stat_pub,stat,-1,,,210,off,off,False,False,
1779493059.845168,stat_pub,stat,-1,,,209,off,off,False,False,
1779493060.3453603,stat_pub,stat,-1,,,210,off,off,False,False,
1779493060.8456783,stat_pub,stat,-1,,,210,off,off,False,False,
1779493061.3462086,stat_pub,stat,-1,,,210,off,off,False,False,
1779493061.84648,stat_pub,stat,-1,,,208,off,off,False,False,
1779493062.3467147,stat_pub,stat,-1,,,210,off,off,False,False,
1779493062.8473067,stat_pub,stat,-1,,,210,off,off,False,False,
1779493063.3477018,stat_pub,stat,-1,,,210,off,off,False,False,
1779493063.8484416,stat_pub,stat,-1,,,210,off,off,False,False,
1779493064.3490374,stat_pub,stat,-1,,,210,off,off,False,False,
1779493064.8497827,stat_pub,stat,-1,,,210,off,off,False,False,
1779493065.3503637,stat_pub,stat,-1,,,209,off,off,False,False,
1779493065.8513808,stat_pub,stat,-1,,,210,off,off,False,False,
1779493066.3519711,stat_pub,stat,-1,,,210,off,off,False,False,
1779493066.8522084,stat_pub,stat,-1,,,210,off,off,False,False,
1779493067.3529594,stat_pub,stat,-1,,,210,off,off,False,False,
1779493067.8535473,stat_pub,stat,-1,,,210,off,off,False,False,
1779493068.3542333,stat_pub,stat,-1,,,210,off,off,False,False,
1779493068.8549929,stat_pub,stat,-1,,,210,off,off,False,False,
1779493069.355421,stat_pub,stat,-1,,,209,off,off,False,False,
1779493069.8558857,stat_pub,stat,-1,,,210,off,off,False,False,
1779493070.3562999,stat_pub,stat,-1,,,210,off,off,False,False,
1779493070.8566787,stat_pub,stat,-1,,,210,off,off,False,False,
1779493071.3569465,stat_pub,stat,-1,,,210,off,off,False,False,
1779493071.857378,stat_pub,stat,-1,,,209,off,off,False,False,
1779493072.3577397,stat_pub,stat,-1,,,210,off,off,False,False,
1779493072.8580444,stat_pub,stat,-1,,,210,off,off,False,False,
1779493073.358532,stat_pub,stat,-1,,,209,off,off,False,False,
1779493073.8589149,stat_pub,stat,-1,,,210,off,off,False,False,
1779493074.3595545,stat_pub,stat,-1,,,210,off,off,False,False,
1779493074.8597078,stat_pub,stat,-1,,,210,off,off,False,False,
1779493075.3600192,stat_pub,stat,-1,,,210,off,off,False,False,
1779493075.86048,stat_pub,stat,-1,,,207,off,off,False,False,
1779493076.3611784,stat_pub,stat,-1,,,209,off,off,False,False,
1779493076.8617141,stat_pub,stat,-1,,,210,off,off,False,False,
1779493077.3622005,stat_pub,stat,-1,,,210,off,off,False,False,
1779493077.862616,stat_pub,stat,-1,,,209,off,off,False,False,
1779493078.3628998,stat_pub,stat,-1,,,210,off,off,False,False,
1779493078.863484,stat_pub,stat,-1,,,209,off,off,False,False,
1779493079.3641942,stat_pub,stat,-1,,,210,off,off,False,False,
1779493079.8646064,stat_pub,stat,-1,,,210,off,off,False,False,
1779493080.3647695,stat_pub,stat,-1,,,210,off,off,False,False,
1779493080.8650613,stat_pub,stat,-1,,,210,off,off,False,False,
1779493081.3654878,stat_pub,stat,-1,,,210,off,off,False,False,
1779493081.866294,stat_pub,stat,-1,,,209,off,off,False,False,
1779493082.36666,stat_pub,stat,-1,,,208,off,off,False,False,
1779493082.867124,stat_pub,stat,-1,,,209,off,off,False,False,
1779493083.3673167,stat_pub,stat,-1,,,210,off,off,False,False,
1779493083.867837,stat_pub,stat,-1,,,209,off,off,False,False,
1779493084.3683915,stat_pub,stat,-1,,,210,off,off,False,False,
1779493084.8689697,stat_pub,stat,-1,,,210,off,off,False,False,
1779493085.3694093,stat_pub,stat,-1,,,210,off,off,False,False,
1779493085.8696105,stat_pub,stat,-1,,,210,off,off,False,False,
1779493086.369921,stat_pub,stat,-1,,,209,off,off,False,False,
1779493086.870536,stat_pub,stat,-1,,,208,off,off,False,False,
1779493087.3709898,stat_pub,stat,-1,,,209,off,off,False,False,
1779493087.8717117,stat_pub,stat,-1,,,210,off,off,False,False,
1779493088.3725982,stat_pub,stat,-1,,,210,off,off,False,False,
1779493088.8731117,stat_pub,stat,-1,,,210,off,off,False,False,
1779493089.373984,stat_pub,stat,-1,,,209,off,off,False,False,
1779493089.874411,stat_pub,stat,-1,,,209,off,off,False,False,
1779493090.374568,stat_pub,stat,-1,,,209,off,off,False,False,
1779493090.875137,stat_pub,stat,-1,,,209,off,off,False,False,
1779493091.3753183,stat_pub,stat,-1,,,210,off,off,False,False,
1779493091.875646,stat_pub,stat,-1,,,209,off,off,False,False,
1779493092.375924,stat_pub,stat,-1,,,209,off,off,False,False,
1779493092.8761938,stat_pub,stat,-1,,,210,off,off,False,False,
1779493093.3767266,stat_pub,stat,-1,,,210,off,off,False,False,
1779493093.8772953,stat_pub,stat,-1,,,210,off,off,False,False,
1779493094.377627,stat_pub,stat,-1,,,209,off,off,False,False,
1779493094.8779418,stat_pub,stat,-1,,,210,off,off,False,False,
1779493095.378574,stat_pub,stat,-1,,,209,off,off,False,False,
1779493095.8789055,stat_pub,stat,-1,,,210,off,off,False,False,
1779493096.3793285,stat_pub,stat,-1,,,210,off,off,False,False,
1779493096.8796113,stat_pub,stat,-1,,,210,off,off,False,False,
1779493097.3797166,stat_pub,stat,-1,,,210,off,off,False,False,
1779493097.8802164,stat_pub,stat,-1,,,210,off,off,False,False,
1779493098.3803737,stat_pub,stat,-1,,,209,off,off,False,False,
1779493098.8807867,stat_pub,stat,-1,,,209,off,off,False,False,
1779493099.3812613,stat_pub,stat,-1,,,209,off,off,False,False,
1779493099.8816907,stat_pub,stat,-1,,,210,off,off,False,False,
1779493100.3819935,stat_pub,stat,-1,,,210,off,off,False,False,
1779493100.8821683,stat_pub,stat,-1,,,210,off,off,False,False,
1779493101.3827136,stat_pub,stat,-1,,,210,off,off,False,False,
1779493101.883058,stat_pub,stat,-1,,,209,off,off,False,False,
1779493102.3834612,stat_pub,stat,-1,,,210,off,off,False,False,
1779493102.8837986,stat_pub,stat,-1,,,210,off,off,False,False,
1779493103.384331,stat_pub,stat,-1,,,209,off,off,False,False,
1779493103.8849273,stat_pub,stat,-1,,,210,off,off,False,False,
1779493104.385239,stat_pub,stat,-1,,,209,off,off,False,False,
1779493104.8855577,stat_pub,stat,-1,,,210,off,off,False,False,
1779493105.3856947,stat_pub,stat,-1,,,210,off,off,False,False,
1779493105.885951,stat_pub,stat,-1,,,209,off,off,False,False,
1779493106.3862996,stat_pub,stat,-1,,,210,off,off,False,False,
1779493106.887042,stat_pub,stat,-1,,,209,off,off,False,False,
1779493107.3874092,stat_pub,stat,-1,,,210,off,off,False,False,
1779493107.8881605,stat_pub,stat,-1,,,210,off,off,False,False,
1779493108.3887308,stat_pub,stat,-1,,,210,off,off,False,False,
1779493108.8890944,stat_pub,stat,-1,,,210,off,off,False,False,
1779493109.389506,stat_pub,stat,-1,,,209,off,off,False,False,
1779493109.890088,stat_pub,stat,-1,,,209,off,off,False,False,
1779493110.3904867,stat_pub,stat,-1,,,208,off,off,False,False,
1779493110.8909373,stat_pub,stat,-1,,,208,off,off,False,False,
1779493111.3912406,stat_pub,stat,-1,,,208,off,off,False,False,
1779493111.8915937,stat_pub,stat,-1,,,210,off,off,False,False,
1779493112.3920283,stat_pub,stat,-1,,,210,off,off,False,False,
1779493112.8922646,stat_pub,stat,-1,,,210,off,off,False,False,
1779493113.3924427,stat_pub,stat,-1,,,210,off,off,False,False,
1779493113.8929102,stat_pub,stat,-1,,,210,off,off,False,False,
1779493114.3934433,stat_pub,stat,-1,,,210,off,off,False,False,
1779493114.8940501,stat_pub,stat,-1,,,210,off,off,False,False,
1779493115.3942566,stat_pub,stat,-1,,,210,off,off,False,False,
1779493115.8946629,stat_pub,stat,-1,,,210,off,off,False,False,
1779493116.3950467,stat_pub,stat,-1,,,210,off,off,False,False,
1779493116.8955355,stat_pub,stat,-1,,,210,off,off,False,False,
1779493117.3958654,stat_pub,stat,-1,,,210,off,off,False,False,
1779493117.8960578,stat_pub,stat,-1,,,210,off,off,False,False,
1779493118.3963552,stat_pub,stat,-1,,,210,off,off,False,False,
1779493118.8967094,stat_pub,stat,-1,,,210,off,off,False,False,
1779493119.397053,stat_pub,stat,-1,,,209,off,off,False,False,
1779493119.89742,stat_pub,stat,-1,,,208,off,off,False,False,
1779493120.3977487,stat_pub,stat,-1,,,210,off,off,False,False,
1779493120.8980343,stat_pub,stat,-1,,,210,off,off,False,False,
1779493121.398216,stat_pub,stat,-1,,,209,off,off,False,False,
1779493121.898533,stat_pub,stat,-1,,,209,off,off,False,False,
1779493122.398886,stat_pub,stat,-1,,,209,off,off,False,False,
1779493122.8991933,stat_pub,stat,-1,,,210,off,off,False,False,
1779493123.3997695,stat_pub,stat,-1,,,210,off,off,False,False,
1779493123.9001114,stat_pub,stat,-1,,,210,off,off,False,False,
1779493124.400565,stat_pub,stat,-1,,,208,off,off,False,False,
1779493124.9008498,stat_pub,stat,-1,,,209,off,off,False,False,
1779493125.4019272,stat_pub,stat,-1,,,210,off,off,False,False,
1779493125.9016044,stat_pub,stat,-1,,,210,off,off,False,False,
1779493126.4017954,stat_pub,stat,-1,,,210,off,off,False,False,
1779493126.9019375,stat_pub,stat,-1,,,210,off,off,False,False,
1779493127.4021885,stat_pub,stat,-1,,,210,off,off,False,False,
1779493127.9026535,stat_pub,stat,-1,,,210,off,off,False,False,
1779493128.4028516,stat_pub,stat,-1,,,210,off,off,False,False,
1779493128.9032238,stat_pub,stat,-1,,,210,off,off,False,False,
1779493129.4038818,stat_pub,stat,-1,,,210,off,off,False,False,
1779493129.9044182,stat_pub,stat,-1,,,210,off,off,False,False,
1779493130.4049058,stat_pub,stat,-1,,,210,off,off,False,False,
1779493130.9053612,stat_pub,stat,-1,,,210,off,off,False,False,
1779493131.4058657,stat_pub,stat,-1,,,210,off,off,False,False,
1779493131.9062257,stat_pub,stat,-1,,,210,off,off,False,False,
1779493132.4065437,stat_pub,stat,-1,,,210,off,off,False,False,
1779493132.9071257,stat_pub,stat,-1,,,210,off,off,False,False,
1779493133.4077208,stat_pub,stat,-1,,,210,off,off,False,False,
1779493133.9080296,stat_pub,stat,-1,,,210,off,off,False,False,
1779493134.4086137,stat_pub,stat,-1,,,210,off,off,False,False,
1779493134.9092255,stat_pub,stat,-1,,,210,off,off,False,False,
1779493135.418995,stat_pub,stat,-1,,,209,off,off,False,False,
1779493135.9198265,stat_pub,stat,-1,,,210,off,off,False,False,
1779493136.4450748,stat_pub,stat,-1,,,210,off,off,False,False,
1779493137.0269659,stat_pub,stat,-1,,,210,off,off,False,False,
1779493137.5381837,stat_pub,stat,-1,,,210,off,off,False,False,
1779493138.057216,stat_pub,stat,-1,,,210,off,off,False,False,
1779493138.5734668,stat_pub,stat,-1,,,210,off,off,False,False,
1779493139.0770261,stat_pub,stat,-1,,,210,off,off,False,False,
1779493139.6007266,stat_pub,stat,-1,,,209,off,off,False,False,
1779493140.1444023,stat_pub,stat,-1,,,210,off,off,False,False,
1779493140.6454062,stat_pub,stat,-1,,,210,off,off,False,False,
1779493141.1458392,stat_pub,stat,-1,,,210,off,off,False,False,
1779493141.6470466,stat_pub,stat,-1,,,210,off,off,False,False,
1779493142.146097,stat_pub,stat,-1,,,209,off,off,False,False,
1779493142.6466043,stat_pub,stat,-1,,,210,off,off,False,False,
1779493143.146843,stat_pub,stat,-1,,,209,off,off,False,False,
1779493143.6470582,stat_pub,stat,-1,,,210,off,off,False,False,
1779493144.147616,stat_pub,stat,-1,,,209,off,off,False,False,
1779493144.6482174,stat_pub,stat,-1,,,210,off,off,False,False,
1779493145.1484625,stat_pub,stat,-1,,,210,off,off,False,False,
1779493145.6486604,stat_pub,stat,-1,,,210,off,off,False,False,
1779493146.1492023,stat_pub,stat,-1,,,210,off,off,False,False,
1779493146.649645,stat_pub,stat,-1,,,209,off,off,False,False,
1779493147.1501095,stat_pub,stat,-1,,,210,off,off,False,False,
1779493147.650687,stat_pub,stat,-1,,,208,off,off,False,False,
1779493148.15123,stat_pub,stat,-1,,,207,off,off,False,False,
1779493148.6518123,stat_pub,stat,-1,,,210,off,off,False,False,
1779493149.1524446,stat_pub,stat,-1,,,210,off,off,False,False,
1779493149.6530607,stat_pub,stat,-1,,,210,off,off,False,False,
1779493150.1533859,stat_pub,stat,-1,,,210,off,off,False,False,
1779493150.6535187,stat_pub,stat,-1,,,210,off,off,False,False,
1779493151.1537519,stat_pub,stat,-1,,,210,off,off,False,False,
1779493151.654022,stat_pub,stat,-1,,,209,off,off,False,False,
1779493152.154659,stat_pub,stat,-1,,,209,off,off,False,False,
1779493152.65503,stat_pub,stat,-1,,,208,off,off,False,False,
1779493153.1553552,stat_pub,stat,-1,,,210,off,off,False,False,
1779493153.656005,stat_pub,stat,-1,,,209,off,off,False,False,
1779493154.1564248,stat_pub,stat,-1,,,210,off,off,False,False,
1779493154.6569402,stat_pub,stat,-1,,,210,off,off,False,False,
1779493155.157688,stat_pub,stat,-1,,,209,off,off,False,False,
1779493155.6580665,stat_pub,stat,-1,,,210,off,off,False,False,
1779493156.1587083,stat_pub,stat,-1,,,210,off,off,False,False,
1779493156.658987,stat_pub,stat,-1,,,209,off,off,False,False,
1779493157.1594117,stat_pub,stat,-1,,,210,off,off,False,False,
1779493157.6599226,stat_pub,stat,-1,,,210,off,off,False,False,
1779493158.1603916,stat_pub,stat,-1,,,209,off,off,False,False,
1779493158.6605692,stat_pub,stat,-1,,,209,off,off,False,False,
1779493159.1610909,stat_pub,stat,-1,,,209,off,off,False,False,
1779493159.6613226,stat_pub,stat,-1,,,210,off,off,False,False,
1779493160.1615903,stat_pub,stat,-1,,,210,off,off,False,False,
1779493160.661684,stat_pub,stat,-1,,,209,off,off,False,False,
1779493161.1623938,stat_pub,stat,-1,,,210,off,off,False,False,
1779493161.662962,stat_pub,stat,-1,,,209,off,off,False,False,
1779493162.1637707,stat_pub,stat,-1,,,210,off,off,False,False,
1779493162.6642635,stat_pub,stat,-1,,,210,off,off,False,False,
1779493163.1647983,stat_pub,stat,-1,,,210,off,off,False,False,
1779493163.6654022,stat_pub,stat,-1,,,210,off,off,False,False,
1779493164.165904,stat_pub,stat,-1,,,209,off,off,False,False,
1779493164.6661365,stat_pub,stat,-1,,,210,off,off,False,False,
1779493165.1666322,stat_pub,stat,-1,,,210,off,off,False,False,
1779493165.6671913,stat_pub,stat,-1,,,210,off,off,False,False,
1779493166.1674275,stat_pub,stat,-1,,,210,off,off,False,False,
1779493166.6679304,stat_pub,stat,-1,,,210,off,off,False,False,
1779493167.1683095,stat_pub,stat,-1,,,210,off,off,False,False,
1779493167.668619,stat_pub,stat,-1,,,209,off,off,False,False,
1779493168.1688826,stat_pub,stat,-1,,,210,off,off,False,False,
1779493168.6690948,stat_pub,stat,-1,,,210,off,off,False,False,
1779493169.169426,stat_pub,stat,-1,,,209,off,off,False,False,
1779493169.6696255,stat_pub,stat,-1,,,210,off,off,False,False,
1779493170.170226,stat_pub,stat,-1,,,209,off,off,False,False,
1779493170.6708028,stat_pub,stat,-1,,,209,off,off,False,False,
1779493171.1718626,stat_pub,stat,-1,,,210,off,off,False,False,
1779493171.672439,stat_pub,stat,-1,,,209,off,off,False,False,
1779493172.172903,stat_pub,stat,-1,,,209,off,off,False,False,
1779493172.6736367,stat_pub,stat,-1,,,210,off,off,False,False,
1779493173.1740394,stat_pub,stat,-1,,,210,off,off,False,False,
1779493173.6750307,stat_pub,stat,-1,,,210,off,off,False,False,
1779493174.175642,stat_pub,stat,-1,,,209,off,off,False,False,
1779493174.6759796,stat_pub,stat,-1,,,210,off,off,False,False,
1779493175.1769955,stat_pub,stat,-1,,,210,off,off,False,False,
1779493175.6777244,stat_pub,stat,-1,,,210,off,off,False,False,
1779493176.1780095,stat_pub,stat,-1,,,210,off,off,False,False,
1779493176.6786814,stat_pub,stat,-1,,,210,off,off,False,False,
1779493177.179103,stat_pub,stat,-1,,,209,off,off,False,False,
1779493177.6800764,stat_pub,stat,-1,,,210,off,off,False,False,
1779493178.1803157,stat_pub,stat,-1,,,209,off,off,False,False,
1779493178.680949,stat_pub,stat,-1,,,209,off,off,False,False,
1779493179.1814587,stat_pub,stat,-1,,,211,off,off,False,False,
1779493179.6820061,stat_pub,stat,-1,,,211,off,off,False,False,
1779493180.182849,stat_pub,stat,-1,,,210,off,off,False,False,
1779493180.6833594,stat_pub,stat,-1,,,211,off,off,False,False,
1779493181.1841931,stat_pub,stat,-1,,,211,off,off,False,False,
1779493181.68453,stat_pub,stat,-1,,,209,off,off,False,False,
1779493182.185297,stat_pub,stat,-1,,,210,off,off,False,False,
1779493182.6858687,stat_pub,stat,-1,,,211,off,off,False,False,
1779493183.1862323,stat_pub,stat,-1,,,211,off,off,False,False,
1779493183.6868212,stat_pub,stat,-1,,,211,off,off,False,False,
1779493184.1875718,stat_pub,stat,-1,,,211,off,off,False,False,
1779493184.6879046,stat_pub,stat,-1,,,211,off,off,False,False,
1779493185.1889265,stat_pub,stat,-1,,,211,off,off,False,False,
1779493185.6895964,stat_pub,stat,-1,,,211,off,off,False,False,
1779493186.1899846,stat_pub,stat,-1,,,211,off,off,False,False,
1779493186.6904945,stat_pub,stat,-1,,,209,off,off,False,False,
1779493187.1907256,stat_pub,stat,-1,,,209,off,off,False,False,
1779493187.6914363,stat_pub,stat,-1,,,211,off,off,False,False,
1779493188.192052,stat_pub,stat,-1,,,210,off,off,False,False,
1779493188.6926737,stat_pub,stat,-1,,,211,off,off,False,False,
1779493189.1939785,stat_pub,stat,-1,,,211,off,off,False,False,
1779493189.694451,stat_pub,stat,-1,,,210,off,off,False,False,
1779493190.1949728,stat_pub,stat,-1,,,211,off,off,False,False,
1779493190.6955397,stat_pub,stat,-1,,,211,off,off,False,False,
1779493191.196091,stat_pub,stat,-1,,,210,off,off,False,False,
1779493191.6964874,stat_pub,stat,-1,,,211,off,off,False,False,
1779493192.1970708,stat_pub,stat,-1,,,211,off,off,False,False,
1779493192.6974897,stat_pub,stat,-1,,,211,off,off,False,False,
1779493193.1976378,stat_pub,stat,-1,,,211,off,off,False,False,
1779493193.69828,stat_pub,stat,-1,,,209,off,off,False,False,
1779493194.1986587,stat_pub,stat,-1,,,211,off,off,False,False,
1779493194.699282,stat_pub,stat,-1,,,210,off,off,False,False,
1779493195.2001123,stat_pub,stat,-1,,,211,off,off,False,False,
1779493195.7005389,stat_pub,stat,-1,,,210,off,off,False,False,
1779493196.2011192,stat_pub,stat,-1,,,210,off,off,False,False,
1779493196.70207,stat_pub,stat,-1,,,209,off,off,False,False,
1779493197.2027042,stat_pub,stat,-1,,,211,off,off,False,False,
1779493197.702955,stat_pub,stat,-1,,,210,off,off,False,False,
1779493198.2037132,stat_pub,stat,-1,,,211,off,off,False,False,
1779493198.7041814,stat_pub,stat,-1,,,211,off,off,False,False,
1779493199.204561,stat_pub,stat,-1,,,210,off,off,False,False,
1779493199.7051287,stat_pub,stat,-1,,,211,off,off,False,False,
1779493200.2057025,stat_pub,stat,-1,,,211,off,off,False,False,
1779493200.706592,stat_pub,stat,-1,,,210,off,off,False,False,
1779493201.2073739,stat_pub,stat,-1,,,211,off,off,False,False,
1779493201.7083333,stat_pub,stat,-1,,,211,off,off,False,False,
1779493202.2086272,stat_pub,stat,-1,,,211,off,off,False,False,
1779493202.7093074,stat_pub,stat,-1,,,211,off,off,False,False,
1779493203.2095504,stat_pub,stat,-1,,,211,off,off,False,False,
1779493203.710094,stat_pub,stat,-1,,,210,off,off,False,False,
1779493204.2109468,stat_pub,stat,-1,,,210,off,off,False,False,
1779493204.7111478,stat_pub,stat,-1,,,210,off,off,False,False,
1779493205.2117202,stat_pub,stat,-1,,,211,off,off,False,False,
1779493205.7123322,stat_pub,stat,-1,,,211,off,off,False,False,
1779493206.212667,stat_pub,stat,-1,,,210,off,off,False,False,
1779493206.7132952,stat_pub,stat,-1,,,211,off,off,False,False,
1779493207.2136662,stat_pub,stat,-1,,,211,off,off,False,False,
1779493207.714025,stat_pub,stat,-1,,,210,off,off,False,False,
1779493208.2145443,stat_pub,stat,-1,,,211,off,off,False,False,
1779493208.7155757,stat_pub,stat,-1,,,211,off,off,False,False,
1779493209.2162335,stat_pub,stat,-1,,,211,off,off,False,False,
1779493209.716679,stat_pub,stat,-1,,,210,off,off,False,False,
1779493210.2175837,stat_pub,stat,-1,,,211,off,off,False,False,
1779493210.7177517,stat_pub,stat,-1,,,211,off,off,False,False,
1779493211.2184997,stat_pub,stat,-1,,,211,off,off,False,False,
1779493211.7188478,stat_pub,stat,-1,,,211,off,off,False,False,
1779493212.219237,stat_pub,stat,-1,,,210,off,off,False,False,
1779493212.7200544,stat_pub,stat,-1,,,211,off,off,False,False,
1779493213.2209182,stat_pub,stat,-1,,,210,off,off,False,False,
1779493213.7213354,stat_pub,stat,-1,,,211,off,off,False,False,
1779493214.2218223,stat_pub,stat,-1,,,211,off,off,False,False,
1779493214.7224689,stat_pub,stat,-1,,,211,off,off,False,False,
1779493215.222594,stat_pub,stat,-1,,,210,off,off,False,False,
1779493215.7231936,stat_pub,stat,-1,,,211,off,off,False,False,
1779493216.2239037,stat_pub,stat,-1,,,211,off,off,False,False,
1779493216.7246735,stat_pub,stat,-1,,,211,off,off,False,False,
1779493217.2251966,stat_pub,stat,-1,,,211,off,off,False,False,
1779493217.725726,stat_pub,stat,-1,,,210,off,off,False,False,
1779493218.2262874,stat_pub,stat,-1,,,211,off,off,False,False,
1779493218.7274477,stat_pub,stat,-1,,,211,off,off,False,False,
1779493219.2282674,stat_pub,stat,-1,,,211,off,off,False,False,
1779493219.728491,stat_pub,stat,-1,,,210,off,off,False,False,
1779493220.229768,stat_pub,stat,-1,,,210,off,off,False,False,
1779493220.7302864,stat_pub,stat,-1,,,210,off,off,False,False,
1779493221.2313483,stat_pub,stat,-1,,,211,off,off,False,False,
1779493221.731565,stat_pub,stat,-1,,,210,off,off,False,False,
1779493222.2318707,stat_pub,stat,-1,,,211,off,off,False,False,
1779493222.7322135,stat_pub,stat,-1,,,211,off,off,False,False,
1779493223.2327383,stat_pub,stat,-1,,,211,off,off,False,False,
1779493223.7331345,stat_pub,stat,-1,,,211,off,off,False,False,
1779493224.2337072,stat_pub,stat,-1,,,211,off,off,False,False,
1779493224.7344081,stat_pub,stat,-1,,,211,off,off,False,False,
1779493225.2350352,stat_pub,stat,-1,,,211,off,off,False,False,
1779493225.735841,stat_pub,stat,-1,,,210,off,off,False,False,
1779493226.236718,stat_pub,stat,-1,,,210,off,off,False,False,
1779493226.73706,stat_pub,stat,-1,,,209,off,off,False,False,
1779493227.2375777,stat_pub,stat,-1,,,211,off,off,False,False,
1779493227.7384338,stat_pub,stat,-1,,,211,off,off,False,False,
1779493228.2390277,stat_pub,stat,-1,,,211,off,off,False,False,
1779493228.7398195,stat_pub,stat,-1,,,211,off,off,False,False,
1779493229.240317,stat_pub,stat,-1,,,209,off,off,False,False,
1779493229.7412028,stat_pub,stat,-1,,,210,off,off,False,False,
1779493230.241793,stat_pub,stat,-1,,,210,off,off,False,False,
1779493230.742375,stat_pub,stat,-1,,,210,off,off,False,False,
1779493231.2427788,stat_pub,stat,-1,,,211,off,off,False,False,
1779493231.743503,stat_pub,stat,-1,,,210,off,off,False,False,
1779493232.244399,stat_pub,stat,-1,,,210,off,off,False,False,
1779493232.7448752,stat_pub,stat,-1,,,211,off,off,False,False,
1779493233.2452765,stat_pub,stat,-1,,,211,off,off,False,False,
1779493233.746117,stat_pub,stat,-1,,,210,off,off,False,False,
1779493234.2467954,stat_pub,stat,-1,,,211,off,off,False,False,
1779493234.7476113,stat_pub,stat,-1,,,211,off,off,False,False,
1779493235.248016,stat_pub,stat,-1,,,210,off,off,False,False,
1779493235.748848,stat_pub,stat,-1,,,210,off,off,False,False,
1779493236.249616,stat_pub,stat,-1,,,210,off,off,False,False,
1779493236.7500005,stat_pub,stat,-1,,,211,off,off,False,False,
1779493237.2506092,stat_pub,stat,-1,,,210,off,off,False,False,
1779493237.7515328,stat_pub,stat,-1,,,211,off,off,False,False,
1779493238.2520995,stat_pub,stat,-1,,,211,off,off,False,False,
1779493238.7529576,stat_pub,stat,-1,,,211,off,off,False,False,
1779493239.2536418,stat_pub,stat,-1,,,211,off,off,False,False,
1779493239.7539012,stat_pub,stat,-1,,,211,off,off,False,False,
1779493240.255036,stat_pub,stat,-1,,,210,off,off,False,False,
1779493240.7557745,stat_pub,stat,-1,,,211,off,off,False,False,
1779493241.2564275,stat_pub,stat,-1,,,211,off,off,False,False,
1779493241.7573767,stat_pub,stat,-1,,,211,off,off,False,False,
1779493242.2584264,stat_pub,stat,-1,,,211,off,off,False,False,
1779493242.7586358,stat_pub,stat,-1,,,211,off,off,False,False,
1779493243.2593765,stat_pub,stat,-1,,,211,off,off,False,False,
1779493243.7601938,stat_pub,stat,-1,,,211,off,off,False,False,
1779493244.2605178,stat_pub,stat,-1,,,210,off,off,False,False,
1779493244.7609365,stat_pub,stat,-1,,,210,off,off,False,False,
1779493245.261509,stat_pub,stat,-1,,,210,off,off,False,False,
1779493245.7618923,stat_pub,stat,-1,,,211,off,off,False,False,
1779493246.2622533,stat_pub,stat,-1,,,211,off,off,False,False,
1779493246.7631278,stat_pub,stat,-1,,,211,off,off,False,False,
1779493247.2637444,stat_pub,stat,-1,,,211,off,off,False,False,
1779493247.7641206,stat_pub,stat,-1,,,211,off,off,False,False,
1779493248.2647696,stat_pub,stat,-1,,,211,off,off,False,False,
1779493248.7657201,stat_pub,stat,-1,,,211,off,off,False,False,
1779493249.2665174,stat_pub,stat,-1,,,211,off,off,False,False,
1779493249.767272,stat_pub,stat,-1,,,210,off,off,False,False,
1779493250.2676618,stat_pub,stat,-1,,,211,off,off,False,False,
1779493250.7683043,stat_pub,stat,-1,,,211,off,off,False,False,
1779493251.268903,stat_pub,stat,-1,,,210,off,off,False,False,
1779493251.76954,stat_pub,stat,-1,,,209,off,off,False,False,
1779493252.270393,stat_pub,stat,-1,,,209,off,off,False,False,
1779493252.770948,stat_pub,stat,-1,,,209,off,off,False,False,
1779493253.2718232,stat_pub,stat,-1,,,211,off,off,False,False,
1779493253.7724636,stat_pub,stat,-1,,,211,off,off,False,False,
1779493254.2727847,stat_pub,stat,-1,,,211,off,off,False,False,
1779493254.77297,stat_pub,stat,-1,,,209,off,off,False,False,
1779493255.27345,stat_pub,stat,-1,,,209,off,off,False,False,
1779493255.773817,stat_pub,stat,-1,,,210,off,off,False,False,
1779493256.2742891,stat_pub,stat,-1,,,211,off,off,False,False,
1779493256.7744465,stat_pub,stat,-1,,,211,off,off,False,False,
1779493257.2750154,stat_pub,stat,-1,,,211,off,off,False,False,
1779493257.7755346,stat_pub,stat,-1,,,211,off,off,False,False,
1779493258.2762892,stat_pub,stat,-1,,,211,off,off,False,False,
1779493258.7766747,stat_pub,stat,-1,,,211,off,off,False,False,
1779493259.277274,stat_pub,stat,-1,,,210,off,off,False,False,
1779493259.7776258,stat_pub,stat,-1,,,211,off,off,False,False,
1779493260.2783267,stat_pub,stat,-1,,,211,off,off,False,False,
1779493260.7787375,stat_pub,stat,-1,,,211,off,off,False,False,
1779493261.2795274,stat_pub,stat,-1,,,211,off,off,False,False,
1779493261.7803986,stat_pub,stat,-1,,,210,off,off,False,False,
1779493262.280937,stat_pub,stat,-1,,,209,off,off,False,False,
1779493262.7815406,stat_pub,stat,-1,,,211,off,off,False,False,
1779493263.2817383,stat_pub,stat,-1,,,211,off,off,False,False,
1779493263.7819333,stat_pub,stat,-1,,,211,off,off,False,False,
1779493264.2828665,stat_pub,stat,-1,,,211,off,off,False,False,
1779493264.7833447,stat_pub,stat,-1,,,211,off,off,False,False,
1779493265.2841213,stat_pub,stat,-1,,,211,off,off,False,False,
1779493265.7853305,stat_pub,stat,-1,,,211,off,off,False,False,
1779493266.2862139,stat_pub,stat,-1,,,211,off,off,False,False,
1779493266.7870843,stat_pub,stat,-1,,,211,off,off,False,False,
1779493267.2872837,stat_pub,stat,-1,,,211,off,off,False,False,
1779493267.7876055,stat_pub,stat,-1,,,211,off,off,False,False,
1779493268.287896,stat_pub,stat,-1,,,210,off,off,False,False,
1779493268.7885377,stat_pub,stat,-1,,,211,off,off,False,False,
1779493269.289417,stat_pub,stat,-1,,,210,off,off,False,False,
1779493269.7897592,stat_pub,stat,-1,,,211,off,off,False,False,
1779493270.2903717,stat_pub,stat,-1,,,209,off,off,False,False,
1779493270.7906957,stat_pub,stat,-1,,,209,off,off,False,False,
1779493271.2914004,stat_pub,stat,-1,,,211,off,off,False,False,
1779493271.7920728,stat_pub,stat,-1,,,211,off,off,False,False,
1779493272.2925549,stat_pub,stat,-1,,,211,off,off,False,False,
1779493272.7930272,stat_pub,stat,-1,,,211,off,off,False,False,
1779493273.2933629,stat_pub,stat,-1,,,211,off,off,False,False,
1779493273.793988,stat_pub,stat,-1,,,210,off,off,False,False,
1779493274.2943788,stat_pub,stat,-1,,,211,off,off,False,False,
1779493274.7949321,stat_pub,stat,-1,,,211,off,off,False,False,
1779493275.2952096,stat_pub,stat,-1,,,211,off,off,False,False,
1779493275.796089,stat_pub,stat,-1,,,210,off,off,False,False,
1779493276.2971594,stat_pub,stat,-1,,,211,off,off,False,False,
1779493276.7977974,stat_pub,stat,-1,,,211,off,off,False,False,
1779493277.2988377,stat_pub,stat,-1,,,211,off,off,False,False,
1779493277.7993143,stat_pub,stat,-1,,,211,off,off,False,False,
1779493278.2997262,stat_pub,stat,-1,,,211,off,off,False,False,
1779493278.8001835,stat_pub,stat,-1,,,211,off,off,False,False,
1779493279.3008811,stat_pub,stat,-1,,,210,off,off,False,False,
1779493279.8015342,stat_pub,stat,-1,,,211,off,off,False,False,
1779493280.3021517,stat_pub,stat,-1,,,211,off,off,False,False,
1779493280.8032022,stat_pub,stat,-1,,,211,off,off,False,False,
1779493281.3036325,stat_pub,stat,-1,,,211,off,off,False,False,
1779493281.8040755,stat_pub,stat,-1,,,211,off,off,False,False,
1779493282.3046083,stat_pub,stat,-1,,,211,off,off,False,False,
1779493282.804931,stat_pub,stat,-1,,,210,off,off,False,False,
1779493283.3057728,stat_pub,stat,-1,,,211,off,off,False,False,
1779493283.8060136,stat_pub,stat,-1,,,211,off,off,False,False,
1779493284.3067632,stat_pub,stat,-1,,,211,off,off,False,False,
1779493284.8070517,stat_pub,stat,-1,,,211,off,off,False,False,
1779493285.3078656,stat_pub,stat,-1,,,211,off,off,False,False,
1779493285.8086636,stat_pub,stat,-1,,,211,off,off,False,False,
1779493286.3095567,stat_pub,stat,-1,,,211,off,off,False,False,
1779493286.810206,stat_pub,stat,-1,,,210,off,off,False,False,
1779493287.3103926,stat_pub,stat,-1,,,210,off,off,False,False,
1779493287.8109126,stat_pub,stat,-1,,,210,off,off,False,False,
1779493288.3111558,stat_pub,stat,-1,,,210,off,off,False,False,
1779493288.8116126,stat_pub,stat,-1,,,211,off,off,False,False,
1779493289.3119836,stat_pub,stat,-1,,,211,off,off,False,False,
1779493289.8124764,stat_pub,stat,-1,,,211,off,off,False,False,
1779493290.3127182,stat_pub,stat,-1,,,211,off,off,False,False,
1779493290.8130865,stat_pub,stat,-1,,,211,off,off,False,False,
1779493291.3133774,stat_pub,stat,-1,,,211,off,off,False,False,
1779493291.8140457,stat_pub,stat,-1,,,211,off,off,False,False,
1779493292.3145602,stat_pub,stat,-1,,,211,off,off,False,False,
1779493292.8150034,stat_pub,stat,-1,,,211,off,off,False,False,
1779493293.315588,stat_pub,stat,-1,,,210,off,off,False,False,
1779493293.8163195,stat_pub,stat,-1,,,211,off,off,False,False,
1779493294.3165565,stat_pub,stat,-1,,,211,off,off,False,False,
1779493294.8171098,stat_pub,stat,-1,,,211,off,off,False,False,
1779493295.3177807,stat_pub,stat,-1,,,211,off,off,False,False,
1779493295.8183703,stat_pub,stat,-1,,,211,off,off,False,False,
1779493296.3189852,stat_pub,stat,-1,,,211,off,off,False,False,
1779493296.8197017,stat_pub,stat,-1,,,211,off,off,False,False,
1779493297.3204281,stat_pub,stat,-1,,,210,off,off,False,False,
1779493297.8207202,stat_pub,stat,-1,,,210,off,off,False,False,
1779493298.3212724,stat_pub,stat,-1,,,210,off,off,False,False,
1779493298.821616,stat_pub,stat,-1,,,210,off,off,False,False,
1779493299.3221066,stat_pub,stat,-1,,,211,off,off,False,False,
1779493299.8223271,stat_pub,stat,-1,,,211,off,off,False,False,
1779493300.3228838,stat_pub,stat,-1,,,211,off,off,False,False,
1779493300.8234744,stat_pub,stat,-1,,,211,off,off,False,False,
1779493301.323917,stat_pub,stat,-1,,,210,off,off,False,False,
1779493301.8241055,stat_pub,stat,-1,,,211,off,off,False,False,
1779493302.3247209,stat_pub,stat,-1,,,211,off,off,False,False,
1779493302.825226,stat_pub,stat,-1,,,210,off,off,False,False,
1779493303.3258028,stat_pub,stat,-1,,,211,off,off,False,False,
1779493303.82627,stat_pub,stat,-1,,,209,off,off,False,False,
1779493304.3265705,stat_pub,stat,-1,,,211,off,off,False,False,
1779493304.8271027,stat_pub,stat,-1,,,211,off,off,False,False,
1779493305.327536,stat_pub,stat,-1,,,210,off,off,False,False,
1779493305.8280268,stat_pub,stat,-1,,,211,off,off,False,False,
1779493306.3286152,stat_pub,stat,-1,,,211,off,off,False,False,
1779493306.8290699,stat_pub,stat,-1,,,211,off,off,False,False,
1779493307.3295498,stat_pub,stat,-1,,,211,off,off,False,False,
1779493307.8302214,stat_pub,stat,-1,,,211,off,off,False,False,
1779493308.3307898,stat_pub,stat,-1,,,210,off,off,False,False,
1779493308.8314662,stat_pub,stat,-1,,,211,off,off,False,False,
1779493309.3317807,stat_pub,stat,-1,,,211,off,off,False,False,
1779493309.832343,stat_pub,stat,-1,,,210,off,off,False,False,
1779493310.3334653,stat_pub,stat,-1,,,211,off,off,False,False,
1779493310.8342454,stat_pub,stat,-1,,,211,off,off,False,False,
1779493311.3348567,stat_pub,stat,-1,,,211,off,off,False,False,
1779493311.8357787,stat_pub,stat,-1,,,211,off,off,False,False,
1779493312.3359482,stat_pub,stat,-1,,,211,off,off,False,False,
1779493312.8366568,stat_pub,stat,-1,,,211,off,off,False,False,
1779493313.337009,stat_pub,stat,-1,,,210,off,off,False,False,
1779493313.837634,stat_pub,stat,-1,,,210,off,off,False,False,
1779493314.3379653,stat_pub,stat,-1,,,211,off,off,False,False,
1779493314.8388977,stat_pub,stat,-1,,,211,off,off,False,False,
1779493315.3400652,stat_pub,stat,-1,,,209,off,off,False,False,
1779493315.8402073,stat_pub,stat,-1,,,211,off,off,False,False,
1779493316.340605,stat_pub,stat,-1,,,209,off,off,False,False,
1779493316.841547,stat_pub,stat,-1,,,210,off,off,False,False,
1779493317.34219,stat_pub,stat,-1,,,209,off,off,False,False,
1779493317.8428097,stat_pub,stat,-1,,,211,off,off,False,False,
1779493318.3432992,stat_pub,stat,-1,,,211,off,off,False,False,
1779493318.8440151,stat_pub,stat,-1,,,211,off,off,False,False,
1779493319.3447552,stat_pub,stat,-1,,,211,off,off,False,False,
1779493319.8458343,stat_pub,stat,-1,,,211,off,off,False,False,
1779493320.346662,stat_pub,stat,-1,,,210,off,off,False,False,
1779493320.8470607,stat_pub,stat,-1,,,211,off,off,False,False,
1779493321.3473125,stat_pub,stat,-1,,,211,off,off,False,False,
1779493321.8480623,stat_pub,stat,-1,,,211,off,off,False,False,
1779493322.3484755,stat_pub,stat,-1,,,211,off,off,False,False,
1779493322.8488686,stat_pub,stat,-1,,,211,off,off,False,False,
1779493323.349561,stat_pub,stat,-1,,,210,off,off,False,False,
1779493323.850358,stat_pub,stat,-1,,,209,off,off,False,False,
1779493324.3506858,stat_pub,stat,-1,,,210,off,off,False,False,
1779493324.851544,stat_pub,stat,-1,,,210,off,off,False,False,
1779493325.3522825,stat_pub,stat,-1,,,211,off,off,False,False,
1779493325.8526835,stat_pub,stat,-1,,,211,off,off,False,False,
1779493326.3531513,stat_pub,stat,-1,,,211,off,off,False,False,
1779493326.8537815,stat_pub,stat,-1,,,211,off,off,False,False,
1779493327.3544452,stat_pub,stat,-1,,,211,off,off,False,False,
1779493327.8551214,stat_pub,stat,-1,,,211,off,off,False,False,
1779493328.3557825,stat_pub,stat,-1,,,211,off,off,False,False,
1779493328.8560894,stat_pub,stat,-1,,,211,off,off,False,False,
1779493329.3565469,stat_pub,stat,-1,,,211,off,off,False,False,
1779493329.8573885,stat_pub,stat,-1,,,211,off,off,False,False,
1779493330.3576472,stat_pub,stat,-1,,,211,off,off,False,False,
1779493330.8587291,stat_pub,stat,-1,,,211,off,off,False,False,
1779493331.359342,stat_pub,stat,-1,,,210,off,off,False,False,
1779493331.8598156,stat_pub,stat,-1,,,211,off,off,False,False,
1779493332.360539,stat_pub,stat,-1,,,209,off,off,False,False,
1779493332.861066,stat_pub,stat,-1,,,209,off,off,False,False,
1779493333.3619428,stat_pub,stat,-1,,,211,off,off,False,False,
1779493333.8624985,stat_pub,stat,-1,,,211,off,off,False,False,
1779493334.3627522,stat_pub,stat,-1,,,211,off,off,False,False,
1779493334.8637185,stat_pub,stat,-1,,,211,off,off,False,False,
1779493335.3643422,stat_pub,stat,-1,,,211,off,off,False,False,
1779493335.8651404,stat_pub,stat,-1,,,211,off,off,False,False,
1779493336.365852,stat_pub,stat,-1,,,210,off,off,False,False,
1779493336.8662348,stat_pub,stat,-1,,,211,off,off,False,False,
1779493337.3667994,stat_pub,stat,-1,,,211,off,off,False,False,
1779493337.867715,stat_pub,stat,-1,,,210,off,off,False,False,
1779493338.3684177,stat_pub,stat,-1,,,211,off,off,False,False,
1779493338.8689563,stat_pub,stat,-1,,,211,off,off,False,False,
1779493339.3698149,stat_pub,stat,-1,,,211,off,off,False,False,
1779493339.8709068,stat_pub,stat,-1,,,210,off,off,False,False,
1779493340.3712895,stat_pub,stat,-1,,,211,off,off,False,False,
1779493340.871529,stat_pub,stat,-1,,,210,off,off,False,False,
1779493341.372598,stat_pub,stat,-1,,,210,off,off,False,False,
1779493341.8735907,stat_pub,stat,-1,,,211,off,off,False,False,
1779493342.3745835,stat_pub,stat,-1,,,211,off,off,False,False,
1779493342.8752189,stat_pub,stat,-1,,,211,off,off,False,False,
1779493343.3758578,stat_pub,stat,-1,,,211,off,off,False,False,
1779493343.8760474,stat_pub,stat,-1,,,211,off,off,False,False,
1779493344.3766694,stat_pub,stat,-1,,,211,off,off,False,False,
1779493344.877444,stat_pub,stat,-1,,,210,off,off,False,False,
1779493345.3783383,stat_pub,stat,-1,,,211,off,off,False,False,
1779493345.8787627,stat_pub,stat,-1,,,211,off,off,False,False,
1779493346.379543,stat_pub,stat,-1,,,210,off,off,False,False,
1779493346.8803048,stat_pub,stat,-1,,,210,off,off,False,False,
1779493347.38213,stat_pub,stat,-1,,,209,off,off,False,False,
1779493347.8835182,stat_pub,stat,-1,,,211,off,off,False,False,
1779493348.3844485,stat_pub,stat,-1,,,211,off,off,False,False,
1779493348.8854656,stat_pub,stat,-1,,,211,off,off,False,False,
1779493349.3861547,stat_pub,stat,-1,,,211,off,off,False,False,
1779493349.8875093,stat_pub,stat,-1,,,211,off,off,False,False,
1779493350.3882737,stat_pub,stat,-1,,,211,off,off,False,False,
1779493350.8886895,stat_pub,stat,-1,,,211,off,off,False,False,
1779493351.3890903,stat_pub,stat,-1,,,211,off,off,False,False,
1779493351.889692,stat_pub,stat,-1,,,210,off,off,False,False,
1779493352.3901188,stat_pub,stat,-1,,,211,off,off,False,False,
1779493352.8907907,stat_pub,stat,-1,,,209,off,off,False,False,
1779493353.3913758,stat_pub,stat,-1,,,211,off,off,False,False,
1779493353.8922017,stat_pub,stat,-1,,,211,off,off,False,False,
1779493354.392631,stat_pub,stat,-1,,,210,off,off,False,False,
1779493354.8934603,stat_pub,stat,-1,,,211,off,off,False,False,
1779493355.394251,stat_pub,stat,-1,,,210,off,off,False,False,
1779493355.8950098,stat_pub,stat,-1,,,211,off,off,False,False,
1779493356.3954563,stat_pub,stat,-1,,,211,off,off,False,False,
1779493356.8962443,stat_pub,stat,-1,,,211,off,off,False,False,
1779493357.3969796,stat_pub,stat,-1,,,211,off,off,False,False,
1779493357.8977542,stat_pub,stat,-1,,,211,off,off,False,False,
1779493358.3983903,stat_pub,stat,-1,,,211,off,off,False,False,
1779493358.8986638,stat_pub,stat,-1,,,211,off,off,False,False,
1779493359.3991828,stat_pub,stat,-1,,,211,off,off,False,False,
1779493359.8995152,stat_pub,stat,-1,,,211,off,off,False,False,
1779493360.3998837,stat_pub,stat,-1,,,211,off,off,False,False,
1779493360.9001496,stat_pub,stat,-1,,,211,off,off,False,False,
1779493361.4008975,stat_pub,stat,-1,,,210,off,off,False,False,
1779493361.9015281,stat_pub,stat,-1,,,211,off,off,False,False,
1779493362.4019847,stat_pub,stat,-1,,,211,off,off,False,False,
1779493362.9030282,stat_pub,stat,-1,,,211,off,off,False,False,
1779493363.4039705,stat_pub,stat,-1,,,211,off,off,False,False,
1779493363.9046,stat_pub,stat,-1,,,208,off,off,False,False,
1779493364.4056067,stat_pub,stat,-1,,,211,off,off,False,False,
1779493364.9060066,stat_pub,stat,-1,,,211,off,off,False,False,
1779493365.406588,stat_pub,stat,-1,,,210,off,off,False,False,
1779493365.9069939,stat_pub,stat,-1,,,211,off,off,False,False,
1779493366.4073608,stat_pub,stat,-1,,,211,off,off,False,False,
1779493366.9078116,stat_pub,stat,-1,,,211,off,off,False,False,
1779493367.4085877,stat_pub,stat,-1,,,211,off,off,False,False,
1779493367.9088008,stat_pub,stat,-1,,,211,off,off,False,False,
1779493368.4092534,stat_pub,stat,-1,,,211,off,off,False,False,
1779493368.909731,stat_pub,stat,-1,,,210,off,off,False,False,
1779493369.4100342,stat_pub,stat,-1,,,211,off,off,False,False,
1779493369.9106529,stat_pub,stat,-1,,,210,off,off,False,False,
1779493370.4112566,stat_pub,stat,-1,,,210,off,off,False,False,
1779493370.911538,stat_pub,stat,-1,,,210,off,off,False,False,
1779493371.4118977,stat_pub,stat,-1,,,211,off,off,False,False,
1779493371.9119916,stat_pub,stat,-1,,,211,off,off,False,False,
1779493372.4127533,stat_pub,stat,-1,,,211,off,off,False,False,
1779493372.9131653,stat_pub,stat,-1,,,211,off,off,False,False,
1779493373.4137723,stat_pub,stat,-1,,,211,off,off,False,False,
1779493373.914303,stat_pub,stat,-1,,,210,off,off,False,False,
1779493374.4145417,stat_pub,stat,-1,,,211,off,off,False,False,
1779493374.9147537,stat_pub,stat,-1,,,211,off,off,False,False,
1779493375.4153984,stat_pub,stat,-1,,,211,off,off,False,False,
1779493375.9159331,stat_pub,stat,-1,,,211,off,off,False,False,
1779493376.4163506,stat_pub,stat,-1,,,211,off,off,False,False,
1779493376.9172018,stat_pub,stat,-1,,,211,off,off,False,False,
1779493377.4178972,stat_pub,stat,-1,,,211,off,off,False,False,
1779493377.9184637,stat_pub,stat,-1,,,211,off,off,False,False,
1779493378.419023,stat_pub,stat,-1,,,210,off,off,False,False,
1779493378.9193926,stat_pub,stat,-1,,,211,off,off,False,False,
1779493379.4198148,stat_pub,stat,-1,,,211,off,off,False,False,
1779493379.9205308,stat_pub,stat,-1,,,210,off,off,False,False,
1779493380.4212584,stat_pub,stat,-1,,,210,off,off,False,False,
1779493380.9216542,stat_pub,stat,-1,,,211,off,off,False,False,
1779493381.4221942,stat_pub,stat,-1,,,211,off,off,False,False,
1779493381.9230795,stat_pub,stat,-1,,,211,off,off,False,False,
1779493382.4233453,stat_pub,stat,-1,,,211,off,off,False,False,
1779493382.924176,stat_pub,stat,-1,,,210,off,off,False,False,
1779493383.424498,stat_pub,stat,-1,,,210,off,off,False,False,
1779493383.9252243,stat_pub,stat,-1,,,211,off,off,False,False,
1779493384.425583,stat_pub,stat,-1,,,210,off,off,False,False,
1779493384.9259079,stat_pub,stat,-1,,,211,off,off,False,False,
1779493385.4262981,stat_pub,stat,-1,,,211,off,off,False,False,
1779493385.9265804,stat_pub,stat,-1,,,211,off,off,False,False,
1779493386.427425,stat_pub,stat,-1,,,210,off,off,False,False,
1779493386.9284718,stat_pub,stat,-1,,,211,off,off,False,False,
1779493387.429512,stat_pub,stat,-1,,,210,off,off,False,False,
1779493387.9306421,stat_pub,stat,-1,,,210,off,off,False,False,
1779493388.4312484,stat_pub,stat,-1,,,210,off,off,False,False,
1779493388.9317896,stat_pub,stat,-1,,,211,off,off,False,False,
1779493389.4323153,stat_pub,stat,-1,,,211,off,off,False,False,
1779493389.9332342,stat_pub,stat,-1,,,211,off,off,False,False,
1779493390.4337633,stat_pub,stat,-1,,,211,off,off,False,False,
1779493390.934194,stat_pub,stat,-1,,,210,off,off,False,False,
1779493391.4345167,stat_pub,stat,-1,,,211,off,off,False,False,
1779493391.9350047,stat_pub,stat,-1,,,211,off,off,False,False,
1779493392.4358988,stat_pub,stat,-1,,,211,off,off,False,False,
1779493392.9367735,stat_pub,stat,-1,,,211,off,off,False,False,
1779493393.4373267,stat_pub,stat,-1,,,211,off,off,False,False,
1779493393.9383378,stat_pub,stat,-1,,,211,off,off,False,False,
1779493394.4391146,stat_pub,stat,-1,,,211,off,off,False,False,
1779493394.9396439,stat_pub,stat,-1,,,211,off,off,False,False,
1779493395.440577,stat_pub,stat,-1,,,209,off,off,False,False,
1779493395.940971,stat_pub,stat,-1,,,209,off,off,False,False,
1779493396.4420197,stat_pub,stat,-1,,,211,off,off,False,False,
1779493396.9431052,stat_pub,stat,-1,,,211,off,off,False,False,
1779493397.443596,stat_pub,stat,-1,,,210,off,off,False,False,
1779493397.944383,stat_pub,stat,-1,,,210,off,off,False,False,
1779493398.4454536,stat_pub,stat,-1,,,211,off,off,False,False,
1779493398.9462426,stat_pub,stat,-1,,,211,off,off,False,False,
1779493399.4465966,stat_pub,stat,-1,,,211,off,off,False,False,
1779493399.9470243,stat_pub,stat,-1,,,211,off,off,False,False,
1779493400.4475915,stat_pub,stat,-1,,,211,off,off,False,False,
1779493400.9486709,stat_pub,stat,-1,,,211,off,off,False,False,
1779493401.4493465,stat_pub,stat,-1,,,211,off,off,False,False,
1779493401.9498842,stat_pub,stat,-1,,,211,off,off,False,False,
1779493402.450262,stat_pub,stat,-1,,,210,off,off,False,False,
1779493402.950802,stat_pub,stat,-1,,,209,off,off,False,False,
1779493403.451073,stat_pub,stat,-1,,,209,off,off,False,False,
1779493403.9515862,stat_pub,stat,-1,,,211,off,off,False,False,
1779493404.4520557,stat_pub,stat,-1,,,211,off,off,False,False,
1779493404.95267,stat_pub,stat,-1,,,209,off,off,False,False,
1779493405.4531136,stat_pub,stat,-1,,,211,off,off,False,False,
1779493405.9536378,stat_pub,stat,-1,,,211,off,off,False,False,
1779493406.4545264,stat_pub,stat,-1,,,211,off,off,False,False,
1779493406.9551547,stat_pub,stat,-1,,,211,off,off,False,False,
1779493407.4554045,stat_pub,stat,-1,,,211,off,off,False,False,
1779493407.9559803,stat_pub,stat,-1,,,211,off,off,False,False,
1779493408.4565744,stat_pub,stat,-1,,,211,off,off,False,False,
1779493408.9572535,stat_pub,stat,-1,,,211,off,off,False,False,
1779493409.4577053,stat_pub,stat,-1,,,211,off,off,False,False,
1779493409.958283,stat_pub,stat,-1,,,210,off,off,False,False,
1779493410.4589732,stat_pub,stat,-1,,,211,off,off,False,False,
1779493410.959573,stat_pub,stat,-1,,,210,off,off,False,False,
1779493411.4602492,stat_pub,stat,-1,,,211,off,off,False,False,
1779493411.961045,stat_pub,stat,-1,,,209,off,off,False,False,
1779493412.461654,stat_pub,stat,-1,,,210,off,off,False,False,
1779493412.9623547,stat_pub,stat,-1,,,211,off,off,False,False,
1779493413.4632409,stat_pub,stat,-1,,,211,off,off,False,False,
1779493413.9639878,stat_pub,stat,-1,,,211,off,off,False,False,
1779493414.4649065,stat_pub,stat,-1,,,211,off,off,False,False,
1779493414.9654217,stat_pub,stat,-1,,,211,off,off,False,False,
1779493415.4659553,stat_pub,stat,-1,,,211,off,off,False,False,
1779493415.9672284,stat_pub,stat,-1,,,211,off,off,False,False,
1779493416.467603,stat_pub,stat,-1,,,210,off,off,False,False,
1779493416.9681199,stat_pub,stat,-1,,,211,off,off,False,False,
1779493417.4686248,stat_pub,stat,-1,,,211,off,off,False,False,
1779493417.9695382,stat_pub,stat,-1,,,211,off,off,False,False,
1779493418.4702814,stat_pub,stat,-1,,,210,off,off,False,False,
1779493418.9710522,stat_pub,stat,-1,,,210,off,off,False,False,
1779493419.4719296,stat_pub,stat,-1,,,211,off,off,False,False,
1779493419.9727616,stat_pub,stat,-1,,,211,off,off,False,False,
1779493420.473258,stat_pub,stat,-1,,,210,off,off,False,False,
1779493420.9738941,stat_pub,stat,-1,,,211,off,off,False,False,
1779493421.4747984,stat_pub,stat,-1,,,211,off,off,False,False,
1779493421.9757733,stat_pub,stat,-1,,,211,off,off,False,False,
1779493422.4764483,stat_pub,stat,-1,,,211,off,off,False,False,
1779493422.9770415,stat_pub,stat,-1,,,211,off,off,False,False,
1779493423.4773889,stat_pub,stat,-1,,,211,off,off,False,False,
1779493423.9779253,stat_pub,stat,-1,,,211,off,off,False,False,
1779493424.4781556,stat_pub,stat,-1,,,211,off,off,False,False,
1779493424.9791512,stat_pub,stat,-1,,,211,off,off,False,False,
1779493425.479701,stat_pub,stat,-1,,,210,off,off,False,False,
1779493425.980026,stat_pub,stat,-1,,,210,off,off,False,False,
1779493426.480635,stat_pub,stat,-1,,,209,off,off,False,False,
1779493426.981287,stat_pub,stat,-1,,,210,off,off,False,False,
1779493427.481861,stat_pub,stat,-1,,,210,off,off,False,False,
1779493427.9823601,stat_pub,stat,-1,,,211,off,off,False,False,
1779493428.4833558,stat_pub,stat,-1,,,211,off,off,False,False,
1779493428.9843106,stat_pub,stat,-1,,,211,off,off,False,False,
1779493429.4851725,stat_pub,stat,-1,,,211,off,off,False,False,
1779493429.985861,stat_pub,stat,-1,,,210,off,off,False,False,
1779493430.4867218,stat_pub,stat,-1,,,211,off,off,False,False,
1779493430.9873555,stat_pub,stat,-1,,,211,off,off,False,False,
1779493431.4885886,stat_pub,stat,-1,,,211,off,off,False,False,
1779493431.9890676,stat_pub,stat,-1,,,211,off,off,False,False,
1779493432.489871,stat_pub,stat,-1,,,210,off,off,False,False,
1779493432.9900556,stat_pub,stat,-1,,,211,off,off,False,False,
1779493433.4902894,stat_pub,stat,-1,,,209,off,off,False,False,
1779493433.9907641,stat_pub,stat,-1,,,209,off,off,False,False,
1779493434.491688,stat_pub,stat,-1,,,210,off,off,False,False,
1779493434.9927917,stat_pub,stat,-1,,,211,off,off,False,False,
1779493435.4931893,stat_pub,stat,-1,,,211,off,off,False,False,
1779493435.9934993,stat_pub,stat,-1,,,211,off,off,False,False,
1779493436.4941595,stat_pub,stat,-1,,,211,off,off,False,False,
1779493436.9951212,stat_pub,stat,-1,,,211,off,off,False,False,
1779493437.4958794,stat_pub,stat,-1,,,211,off,off,False,False,
1779493437.9961748,stat_pub,stat,-1,,,211,off,off,False,False,
1779493438.4967186,stat_pub,stat,-1,,,211,off,off,False,False,
1779493438.9970207,stat_pub,stat,-1,,,211,off,off,False,False,
1779493439.4971957,stat_pub,stat,-1,,,211,off,off,False,False,
1779493439.9980936,stat_pub,stat,-1,,,211,off,off,False,False,
1779493440.4987547,stat_pub,stat,-1,,,211,off,off,False,False,
1779493440.998899,stat_pub,stat,-1,,,210,off,off,False,False,
1779493441.499681,stat_pub,stat,-1,,,210,off,off,False,False,
1779493441.9998689,stat_pub,stat,-1,,,211,off,off,False,False,
1779493442.5002973,stat_pub,stat,-1,,,210,off,off,False,False,
1779493443.0007386,stat_pub,stat,-1,,,210,off,off,False,False,
1779493443.501437,stat_pub,stat,-1,,,210,off,off,False,False,
1779493444.0022871,stat_pub,stat,-1,,,211,off,off,False,False,
1779493444.502823,stat_pub,stat,-1,,,210,off,off,False,False,
1779493445.0039225,stat_pub,stat,-1,,,211,off,off,False,False,
1779493445.5042202,stat_pub,stat,-1,,,211,off,off,False,False,
1779493446.0046163,stat_pub,stat,-1,,,211,off,off,False,False,
1779493446.505087,stat_pub,stat,-1,,,210,off,off,False,False,
1779493447.0059683,stat_pub,stat,-1,,,211,off,off,False,False,
1779493447.5064628,stat_pub,stat,-1,,,211,off,off,False,False,
1779493448.0075076,stat_pub,stat,-1,,,211,off,off,False,False,
1779493448.5077188,stat_pub,stat,-1,,,211,off,off,False,False,
1779493449.008182,stat_pub,stat,-1,,,210,off,off,False,False,
1779493449.508936,stat_pub,stat,-1,,,210,off,off,False,False,
1779493450.0094361,stat_pub,stat,-1,,,211,off,off,False,False,
1779493450.5098157,stat_pub,stat,-1,,,211,off,off,False,False,
1779493451.010262,stat_pub,stat,-1,,,210,off,off,False,False,
1779493451.5108645,stat_pub,stat,-1,,,210,off,off,False,False,
1779493452.0116036,stat_pub,stat,-1,,,211,off,off,False,False,
1779493452.5124676,stat_pub,stat,-1,,,211,off,off,False,False,
1779493453.0131721,stat_pub,stat,-1,,,211,off,off,False,False,
1779493453.514363,stat_pub,stat,-1,,,210,off,off,False,False,
1779493454.0151396,stat_pub,stat,-1,,,211,off,off,False,False,
1779493454.515482,stat_pub,stat,-1,,,210,off,off,False,False,
1779493455.0161276,stat_pub,stat,-1,,,211,off,off,False,False,
1779493455.516362,stat_pub,stat,-1,,,210,off,off,False,False,
1779493456.017048,stat_pub,stat,-1,,,210,off,off,False,False,
1779493456.5178337,stat_pub,stat,-1,,,211,off,off,False,False,
1779493457.0183556,stat_pub,stat,-1,,,211,off,off,False,False,
1779493457.5189066,stat_pub,stat,-1,,,211,off,off,False,False,
1779493458.0194485,stat_pub,stat,-1,,,211,off,off,False,False,
1779493458.5200255,stat_pub,stat,-1,,,211,off,off,False,False,
1779493459.0208406,stat_pub,stat,-1,,,210,off,off,False,False,
1779493459.5213363,stat_pub,stat,-1,,,211,off,off,False,False,
1779493460.0218377,stat_pub,stat,-1,,,211,off,off,False,False,
1779493460.522384,stat_pub,stat,-1,,,210,off,off,False,False,
1779493461.023229,stat_pub,stat,-1,,,210,off,off,False,False,
1779493461.5236666,stat_pub,stat,-1,,,211,off,off,False,False,
1779493462.0245326,stat_pub,stat,-1,,,211,off,off,False,False,
1779493462.5250032,stat_pub,stat,-1,,,211,off,off,False,False,
1779493463.0254529,stat_pub,stat,-1,,,211,off,off,False,False,
1779493463.5259736,stat_pub,stat,-1,,,211,off,off,False,False,
1779493464.0262744,stat_pub,stat,-1,,,211,off,off,False,False,
1779493464.5265105,stat_pub,stat,-1,,,211,off,off,False,False,
1779493465.0272543,stat_pub,stat,-1,,,211,off,off,False,False,
1779493465.5275223,stat_pub,stat,-1,,,211,off,off,False,False,
1779493466.0281553,stat_pub,stat,-1,,,211,off,off,False,False,
1779493466.5292418,stat_pub,stat,-1,,,211,off,off,False,False,
1779493467.0297267,stat_pub,stat,-1,,,211,off,off,False,False,
1779493467.5301702,stat_pub,stat,-1,,,211,off,off,False,False,
1779493468.0307133,stat_pub,stat,-1,,,210,off,off,False,False,
1779493468.531639,stat_pub,stat,-1,,,210,off,off,False,False,
1779493469.0320587,stat_pub,stat,-1,,,211,off,off,False,False,
1779493469.5323794,stat_pub,stat,-1,,,211,off,off,False,False,
1779493470.0330534,stat_pub,stat,-1,,,211,off,off,False,False,
1779493470.5342348,stat_pub,stat,-1,,,211,off,off,False,False,
1779493471.0346174,stat_pub,stat,-1,,,211,off,off,False,False,
1779493471.535029,stat_pub,stat,-1,,,210,off,off,False,False,
1779493472.035845,stat_pub,stat,-1,,,210,off,off,False,False,
1779493472.5366602,stat_pub,stat,-1,,,211,off,off,False,False,
1779493473.037143,stat_pub,stat,-1,,,210,off,off,False,False,
1779493473.537786,stat_pub,stat,-1,,,210,off,off,False,False,
1779493474.0388932,stat_pub,stat,-1,,,211,off,off,False,False,
1779493474.5403018,stat_pub,stat,-1,,,210,off,off,False,False,
1779493475.040909,stat_pub,stat,-1,,,209,off,off,False,False,
1779493475.541485,stat_pub,stat,-1,,,210,off,off,False,False,
1779493476.042047,stat_pub,stat,-1,,,210,off,off,False,False,
1779493476.5429373,stat_pub,stat,-1,,,211,off,off,False,False,
1779493477.0434422,stat_pub,stat,-1,,,211,off,off,False,False,
1779493477.5439644,stat_pub,stat,-1,,,211,off,off,False,False,
1779493478.0445027,stat_pub,stat,-1,,,211,off,off,False,False,
1779493478.545172,stat_pub,stat,-1,,,210,off,off,False,False,
1779493479.0460217,stat_pub,stat,-1,,,211,off,off,False,False,
1779493479.5465202,stat_pub,stat,-1,,,211,off,off,False,False,
1779493480.0469193,stat_pub,stat,-1,,,211,off,off,False,False,
1779493480.547645,stat_pub,stat,-1,,,210,off,off,False,False,
1779493481.0481782,stat_pub,stat,-1,,,211,off,off,False,False,
1779493481.5490074,stat_pub,stat,-1,,,211,off,off,False,False,
1779493482.0496023,stat_pub,stat,-1,,,211,off,off,False,False,
1779493482.5504363,stat_pub,stat,-1,,,210,off,off,False,False,
1779493483.0506914,stat_pub,stat,-1,,,210,off,off,False,False,
1779493483.5510342,stat_pub,stat,-1,,,210,off,off,False,False,
1779493484.051899,stat_pub,stat,-1,,,210,off,off,False,False,
1779493484.552667,stat_pub,stat,-1,,,210,off,off,False,False,
1779493485.0531178,stat_pub,stat,-1,,,211,off,off,False,False,
1779493485.5532675,stat_pub,stat,-1,,,211,off,off,False,False,
1779493486.0540168,stat_pub,stat,-1,,,211,off,off,False,False,
1779493486.5541923,stat_pub,stat,-1,,,211,off,off,False,False,
1779493487.0546916,stat_pub,stat,-1,,,211,off,off,False,False,
1779493487.5553231,stat_pub,stat,-1,,,211,off,off,False,False,
1779493488.05576,stat_pub,stat,-1,,,209,off,off,False,False,
1779493488.5559406,stat_pub,stat,-1,,,211,off,off,False,False,
1779493489.0562732,stat_pub,stat,-1,,,211,off,off,False,False,
1779493489.5569813,stat_pub,stat,-1,,,211,off,off,False,False,
1779493490.057747,stat_pub,stat,-1,,,210,off,off,False,False,
1779493490.5588639,stat_pub,stat,-1,,,211,off,off,False,False,
1779493491.0587776,stat_pub,stat,-1,,,211,off,off,False,False,
1779493491.5591025,stat_pub,stat,-1,,,211,off,off,False,False,
1779493492.0592582,stat_pub,stat,-1,,,211,off,off,False,False,
1779493492.5598707,stat_pub,stat,-1,,,211,off,off,False,False,
1779493493.0604713,stat_pub,stat,-1,,,210,off,off,False,False,
1779493493.560884,stat_pub,stat,-1,,,209,off,off,False,False,
1779493494.0614736,stat_pub,stat,-1,,,211,off,off,False,False,
1779493494.5624006,stat_pub,stat,-1,,,211,off,off,False,False,
1779493495.0635273,stat_pub,stat,-1,,,211,off,off,False,False,
1779493495.5640893,stat_pub,stat,-1,,,211,off,off,False,False,
1779493496.0647297,stat_pub,stat,-1,,,211,off,off,False,False,
1779493496.5652475,stat_pub,stat,-1,,,211,off,off,False,False,
1779493497.0655446,stat_pub,stat,-1,,,211,off,off,False,False,
1779493497.5663218,stat_pub,stat,-1,,,211,off,off,False,False,
1779493498.0669413,stat_pub,stat,-1,,,211,off,off,False,False,
1779493498.5674202,stat_pub,stat,-1,,,211,off,off,False,False,
1779493499.0677583,stat_pub,stat,-1,,,211,off,off,False,False,
1779493499.5683236,stat_pub,stat,-1,,,211,off,off,False,False,
1779493500.0687606,stat_pub,stat,-1,,,211,off,off,False,False,
1779493500.5693524,stat_pub,stat,-1,,,211,off,off,False,False,
1779493501.0695245,stat_pub,stat,-1,,,211,off,off,False,False,
1779493501.5698998,stat_pub,stat,-1,,,211,off,off,False,False,
1779493502.0704842,stat_pub,stat,-1,,,210,off,off,False,False,
1779493502.570977,stat_pub,stat,-1,,,209,off,off,False,False,
1779493503.0711985,stat_pub,stat,-1,,,210,off,off,False,False,
1779493503.571444,stat_pub,stat,-1,,,210,off,off,False,False,
1779493504.0720105,stat_pub,stat,-1,,,211,off,off,False,False,
1779493504.5721316,stat_pub,stat,-1,,,211,off,off,False,False,
1779493505.0726993,stat_pub,stat,-1,,,211,off,off,False,False,
1779493505.573057,stat_pub,stat,-1,,,210,off,off,False,False,
1779493506.0731926,stat_pub,stat,-1,,,211,off,off,False,False,
1779493506.5734768,stat_pub,stat,-1,,,211,off,off,False,False,
1779493507.0740306,stat_pub,stat,-1,,,211,off,off,False,False,
1779493507.5744443,stat_pub,stat,-1,,,211,off,off,False,False,
1779493508.0746534,stat_pub,stat,-1,,,211,off,off,False,False,
1779493508.5755765,stat_pub,stat,-1,,,211,off,off,False,False,
1779493509.0762038,stat_pub,stat,-1,,,211,off,off,False,False,
1779493509.5765831,stat_pub,stat,-1,,,211,off,off,False,False,
1779493510.0770397,stat_pub,stat,-1,,,211,off,off,False,False,
1779493510.5771592,stat_pub,stat,-1,,,211,off,off,False,False,
1779493511.0775523,stat_pub,stat,-1,,,211,off,off,False,False,
1779493511.5778754,stat_pub,stat,-1,,,211,off,off,False,False,
1779493512.0783615,stat_pub,stat,-1,,,211,off,off,False,False,
1779493512.5788083,stat_pub,stat,-1,,,211,off,off,False,False,
1779493513.079049,stat_pub,stat,-1,,,210,off,off,False,False,
1779493513.579371,stat_pub,stat,-1,,,210,off,off,False,False,
1779493514.0799067,stat_pub,stat,-1,,,211,off,off,False,False,
1779493514.5804446,stat_pub,stat,-1,,,210,off,off,False,False,
1779493515.0810199,stat_pub,stat,-1,,,210,off,off,False,False,
1779493515.5815308,stat_pub,stat,-1,,,211,off,off,False,False,
1779493516.081905,stat_pub,stat,-1,,,210,off,off,False,False,
1779493516.582209,stat_pub,stat,-1,,,210,off,off,False,False,
1779493517.0824056,stat_pub,stat,-1,,,211,off,off,False,False,
1779493517.5830514,stat_pub,stat,-1,,,211,off,off,False,False,
1779493518.0835316,stat_pub,stat,-1,,,211,off,off,False,False,
1779493518.583725,stat_pub,stat,-1,,,210,off,off,False,False,
1779493519.084043,stat_pub,stat,-1,,,210,off,off,False,False,
1779493519.5842555,stat_pub,stat,-1,,,211,off,off,False,False,
1779493520.084725,stat_pub,stat,-1,,,210,off,off,False,False,
1779493520.585102,stat_pub,stat,-1,,,210,off,off,False,False,
1779493521.0852666,stat_pub,stat,-1,,,211,off,off,False,False,
1779493521.5857027,stat_pub,stat,-1,,,211,off,off,False,False,
1779493522.0860512,stat_pub,stat,-1,,,211,off,off,False,False,
1779493522.586422,stat_pub,stat,-1,,,210,off,off,False,False,
1779493523.0869644,stat_pub,stat,-1,,,211,off,off,False,False,
1779493523.5872204,stat_pub,stat,-1,,,211,off,off,False,False,
1779493524.0876627,stat_pub,stat,-1,,,211,off,off,False,False,
1779493524.5881183,stat_pub,stat,-1,,,211,off,off,False,False,
1779493525.0882165,stat_pub,stat,-1,,,211,off,off,False,False,
1779493525.5883772,stat_pub,stat,-1,,,211,off,off,False,False,
1779493526.0885515,stat_pub,stat,-1,,,211,off,off,False,False,
1779493526.5890386,stat_pub,stat,-1,,,211,off,off,False,False,
1779493527.0894403,stat_pub,stat,-1,,,211,off,off,False,False,
1779493527.5897665,stat_pub,stat,-1,,,211,off,off,False,False,
1779493528.0904195,stat_pub,stat,-1,,,209,off,off,False,False,
1779493528.5908678,stat_pub,stat,-1,,,209,off,off,False,False,
1779493529.0911078,stat_pub,stat,-1,,,209,off,off,False,False,
1779493529.5915906,stat_pub,stat,-1,,,211,off,off,False,False,
1779493530.0919712,stat_pub,stat,-1,,,211,off,off,False,False,
1779493530.5923607,stat_pub,stat,-1,,,211,off,off,False,False,
1779493531.0925283,stat_pub,stat,-1,,,211,off,off,False,False,
1779493531.592724,stat_pub,stat,-1,,,210,off,off,False,False,
1779493532.0931382,stat_pub,stat,-1,,,211,off,off,False,False,
1779493532.593641,stat_pub,stat,-1,,,210,off,off,False,False,
1779493533.0941248,stat_pub,stat,-1,,,211,off,off,False,False,
1779493533.594271,stat_pub,stat,-1,,,210,off,off,False,False,
1779493534.0945394,stat_pub,stat,-1,,,211,off,off,False,False,
1779493534.5950937,stat_pub,stat,-1,,,211,off,off,False,False,
1779493535.0955198,stat_pub,stat,-1,,,211,off,off,False,False,
1779493535.5959132,stat_pub,stat,-1,,,211,off,off,False,False,
1779493536.0963776,stat_pub,stat,-1,,,211,off,off,False,False,
1779493536.5966115,stat_pub,stat,-1,,,211,off,off,False,False,
1779493537.0971844,stat_pub,stat,-1,,,211,off,off,False,False,
1779493537.5976205,stat_pub,stat,-1,,,211,off,off,False,False,
1779493538.0981627,stat_pub,stat,-1,,,211,off,off,False,False,
1779493538.5985417,stat_pub,stat,-1,,,211,off,off,False,False,
1779493539.0987053,stat_pub,stat,-1,,,211,off,off,False,False,
1779493539.5990076,stat_pub,stat,-1,,,211,off,off,False,False,
1779493540.0995264,stat_pub,stat,-1,,,211,off,off,False,False,
1779493540.5996637,stat_pub,stat,-1,,,211,off,off,False,False,
1779493541.100209,stat_pub,stat,-1,,,210,off,off,False,False,
1779493541.600352,stat_pub,stat,-1,,,209,off,off,False,False,
1779493542.1005754,stat_pub,stat,-1,,,210,off,off,False,False,
1779493542.6009927,stat_pub,stat,-1,,,210,off,off,False,False,
1779493543.1012387,stat_pub,stat,-1,,,210,off,off,False,False,
1779493543.6016397,stat_pub,stat,-1,,,211,off,off,False,False,
1779493544.102147,stat_pub,stat,-1,,,210,off,off,False,False,
1779493544.6023314,stat_pub,stat,-1,,,211,off,off,False,False,
1779493545.1024144,stat_pub,stat,-1,,,211,off,off,False,False,
1779493545.602595,stat_pub,stat,-1,,,210,off,off,False,False,
1779493546.1026905,stat_pub,stat,-1,,,211,off,off,False,False,
1779493546.603231,stat_pub,stat,-1,,,210,off,off,False,False,
1779493547.1035156,stat_pub,stat,-1,,,211,off,off,False,False,
1779493547.6040814,stat_pub,stat,-1,,,211,off,off,False,False,
1779493548.10467,stat_pub,stat,-1,,,209,off,off,False,False,
1779493548.6053505,stat_pub,stat,-1,,,211,off,off,False,False,
1779493549.105951,stat_pub,stat,-1,,,210,off,off,False,False,
1779493549.6063502,stat_pub,stat,-1,,,211,off,off,False,False,
1779493550.106698,stat_pub,stat,-1,,,210,off,off,False,False,
1779493550.6071825,stat_pub,stat,-1,,,211,off,off,False,False,
1779493551.107736,stat_pub,stat,-1,,,210,off,off,False,False,
1779493551.6083255,stat_pub,stat,-1,,,211,off,off,False,False,
1779493552.1087818,stat_pub,stat,-1,,,211,off,off,False,False,
1779493552.6092427,stat_pub,stat,-1,,,211,off,off,False,False,
1779493553.1097307,stat_pub,stat,-1,,,211,off,off,False,False,
1779493553.6101398,stat_pub,stat,-1,,,211,off,off,False,False,
1779493554.1105828,stat_pub,stat,-1,,,210,off,off,False,False,
1779493554.6109385,stat_pub,stat,-1,,,210,off,off,False,False,
1779493555.1114385,stat_pub,stat,-1,,,211,off,off,False,False,
1779493555.611891,stat_pub,stat,-1,,,210,off,off,False,False,
1779493556.1122296,stat_pub,stat,-1,,,211,off,off,False,False,
1779493556.6125526,stat_pub,stat,-1,,,211,off,off,False,False,
1779493557.1129658,stat_pub,stat,-1,,,211,off,off,False,False,
1779493557.6130702,stat_pub,stat,-1,,,211,off,off,False,False,
1779493558.1136162,stat_pub,stat,-1,,,211,off,off,False,False,
1779493558.6139562,stat_pub,stat,-1,,,211,off,off,False,False,
1779493559.114082,stat_pub,stat,-1,,,210,off,off,False,False,
1779493559.6145744,stat_pub,stat,-1,,,211,off,off,False,False,
1779493560.1149259,stat_pub,stat,-1,,,211,off,off,False,False,
1779493560.6151786,stat_pub,stat,-1,,,211,off,off,False,False,
1779493561.115772,stat_pub,stat,-1,,,210,off,off,False,False,
1779493561.6160593,stat_pub,stat,-1,,,211,off,off,False,False,
1779493562.116321,stat_pub,stat,-1,,,210,off,off,False,False,
1779493562.6166565,stat_pub,stat,-1,,,211,off,off,False,False,
1779493563.1168141,stat_pub,stat,-1,,,211,off,off,False,False,
1779493563.3596358,cmd_recv,start_condition,-1,C4_lidar_medium,C4_lidar_medium,84,off,off,False,False,
1779493563.3596358,cmd_recv,set_camera_mode,-1,C4_lidar_medium,C4_lidar_medium,39,off,off,False,False,mode=off
1779493563.3596358,cmd_recv,set_lidar_mode,-1,C4_lidar_medium,C4_lidar_medium,38,off,off,False,False,mode=off
1779493563.360792,cmd_recv,set_stream_config,-1,C4_lidar_medium,C4_lidar_medium,136,off,off,False,False,
1779493563.6171968,stat_pub,stat,-1,C4_lidar_medium,C4_lidar_medium,210,off,off,False,True,
1779493564.1176105,stat_pub,stat,-1,C4_lidar_medium,C4_lidar_medium,210,off,off,False,True,
1779493564.4591238,cmd_recv,latency_probe,0,C4_lidar_medium,C4_lidar_medium,117,off,off,False,True,
1779493564.5608494,cmd_recv,latency_probe,1,C4_lidar_medium,C4_lidar_medium,117,off,off,False,True,
1779493564.6177692,stat_pub,stat,-1,C4_lidar_medium,C4_lidar_medium,210,off,off,False,True,
1779493564.6637301,cmd_recv,latency_probe,2,C4_lidar_medium,C4_lidar_medium,117,off,off,False,True,
1779493564.772167,cmd_recv,latency_probe,3,C4_lidar_medium,C4_lidar_medium,117,off,off,False,True,
1779493564.8709056,cmd_recv,latency_probe,4,C4_lidar_medium,C4_lidar_medium,117,off,off,False,True,
1779493564.9731212,cmd_recv,latency_probe,5,C4_lidar_medium,C4_lidar_medium,117,off,off,False,True,
1779493565.075007,cmd_recv,latency_probe,6,C4_lidar_medium,C4_lidar_medium,117,off,off,False,True,
1779493565.1183157,stat_pub,stat,-1,C4_lidar_medium,C4_lidar_medium,210,off,off,False,True,
1779493565.1763275,cmd_recv,latency_probe,7,C4_lidar_medium,C4_lidar_medium,117,off,off,False,True,
1779493565.2766361,cmd_recv,latency_probe,8,C4_lidar_medium,C4_lidar_medium,117,off,off,False,True,
1779493565.3796573,cmd_recv,latency_probe,9,C4_lidar_medium,C4_lidar_medium,117,off,off,False,True,
1779493565.4789174,cmd_recv,latency_probe,10,C4_lidar_medium,C4_lidar_medium,118,off,off,False,True,
1779493565.5829313,cmd_recv,latency_probe,11,C4_lidar_medium,C4_lidar_medium,118,off,off,False,True,
1779493565.61887,stat_pub,stat,-1,C4_lidar_medium,C4_lidar_medium,208,off,off,False,True,
1779493565.6869128,cmd_recv,latency_probe,12,C4_lidar_medium,C4_lidar_medium,118,off,off,False,True,
1779493565.7930987,cmd_recv,latency_probe,13,C4_lidar_medium,C4_lidar_medium,118,off,off,False,True,
1779493565.8941588,cmd_recv,latency_probe,14,C4_lidar_medium,C4_lidar_medium,118,off,off,False,True,
1779493565.9922712,cmd_recv,latency_probe,15,C4_lidar_medium,C4_lidar_medium,118,off,off,False,True,
1779493566.0983148,cmd_recv,latency_probe,16,C4_lidar_medium,C4_lidar_medium,118,off,off,False,True,
1779493566.1193748,stat_pub,stat,-1,C4_lidar_medium,C4_lidar_medium,210,off,off,False,True,
1779493566.1950471,cmd_recv,latency_probe,17,C4_lidar_medium,C4_lidar_medium,118,off,off,False,True,
1779493566.2987347,cmd_recv,latency_probe,18,C4_lidar_medium,C4_lidar_medium,118,off,off,False,True,
1779493566.4021533,cmd_recv,latency_probe,19,C4_lidar_medium,C4_lidar_medium,118,off,off,False,True,
1779493566.5052829,cmd_recv,latency_probe,20,C4_lidar_medium,C4_lidar_medium,118,off,off,False,True,
1779493566.6041956,cmd_recv,latency_probe,21,C4_lidar_medium,C4_lidar_medium,118,off,off,False,True,
1779493566.6201165,stat_pub,stat,-1,C4_lidar_medium,C4_lidar_medium,210,off,off,False,True,
1779493566.7120306,cmd_recv,latency_probe,22,C4_lidar_medium,C4_lidar_medium,118,off,off,False,True,
1779493566.8106675,cmd_recv,latency_probe,23,C4_lidar_medium,C4_lidar_medium,118,off,off,False,True,
1779493566.9128475,cmd_recv,latency_probe,24,C4_lidar_medium,C4_lidar_medium,118,off,off,False,True,
1779493567.0202253,cmd_recv,latency_probe,25,C4_lidar_medium,C4_lidar_medium,118,off,off,False,True,
1779493567.1197088,cmd_recv,latency_probe,26,C4_lidar_medium,C4_lidar_medium,118,off,off,False,True,
1779493567.1202142,stat_pub,stat,-1,C4_lidar_medium,C4_lidar_medium,210,off,off,False,True,
1779493567.2227051,cmd_recv,latency_probe,27,C4_lidar_medium,C4_lidar_medium,118,off,off,False,True,
1779493567.3266587,cmd_recv,latency_probe,28,C4_lidar_medium,C4_lidar_medium,118,off,off,False,True,
1779493567.4293242,cmd_recv,latency_probe,29,C4_lidar_medium,C4_lidar_medium,118,off,off,False,True,
1779493567.532491,cmd_recv,latency_probe,30,C4_lidar_medium,C4_lidar_medium,118,off,off,False,True,
1779493567.6207201,stat_pub,stat,-1,C4_lidar_medium,C4_lidar_medium,209,off,off,False,True,
1779493567.6369169,cmd_recv,latency_probe,31,C4_lidar_medium,C4_lidar_medium,118,off,off,False,True,
1779493567.7375097,cmd_recv,latency_probe,32,C4_lidar_medium,C4_lidar_medium,118,off,off,False,True,
1779493567.8356445,cmd_recv,latency_probe,33,C4_lidar_medium,C4_lidar_medium,118,off,off,False,True,
1779493567.9390147,cmd_recv,latency_probe,34,C4_lidar_medium,C4_lidar_medium,118,off,off,False,True,
1779493568.040225,cmd_recv,latency_probe,35,C4_lidar_medium,C4_lidar_medium,118,off,off,False,True,
1779493568.1212103,stat_pub,stat,-1,C4_lidar_medium,C4_lidar_medium,209,off,off,False,True,
1779493568.1476123,cmd_recv,latency_probe,36,C4_lidar_medium,C4_lidar_medium,118,off,off,False,True,
1779493568.2498777,cmd_recv,latency_probe,37,C4_lidar_medium,C4_lidar_medium,118,off,off,False,True,
1779493568.3525636,cmd_recv,latency_probe,38,C4_lidar_medium,C4_lidar_medium,118,off,off,False,True,
1779493568.456094,cmd_recv,latency_probe,39,C4_lidar_medium,C4_lidar_medium,118,off,off,False,True,
1779493568.555954,cmd_recv,latency_probe,40,C4_lidar_medium,C4_lidar_medium,118,off,off,False,True,
1779493568.6215456,stat_pub,stat,-1,C4_lidar_medium,C4_lidar_medium,210,off,off,False,True,
1779493568.6561708,cmd_recv,latency_probe,41,C4_lidar_medium,C4_lidar_medium,118,off,off,False,True,
1779493568.7535877,cmd_recv,latency_probe,42,C4_lidar_medium,C4_lidar_medium,118,off,off,False,True,
1779493568.855338,cmd_recv,latency_probe,43,C4_lidar_medium,C4_lidar_medium,118,off,off,False,True,
1779493568.957146,cmd_recv,latency_probe,44,C4_lidar_medium,C4_lidar_medium,118,off,off,False,True,
1779493569.0621054,cmd_recv,latency_probe,45,C4_lidar_medium,C4_lidar_medium,118,off,off,False,True,
1779493569.1220431,stat_pub,stat,-1,C4_lidar_medium,C4_lidar_medium,210,off,off,False,True,
1779493569.164386,cmd_recv,latency_probe,46,C4_lidar_medium,C4_lidar_medium,118,off,off,False,True,
1779493569.2659528,cmd_recv,latency_probe,47,C4_lidar_medium,C4_lidar_medium,118,off,off,False,True,
1779493569.3685465,cmd_recv,latency_probe,48,C4_lidar_medium,C4_lidar_medium,118,off,off,False,True,
1779493569.46766,cmd_recv,latency_probe,49,C4_lidar_medium,C4_lidar_medium,118,off,off,False,True,
1779493569.5666678,cmd_recv,latency_probe,50,C4_lidar_medium,C4_lidar_medium,118,off,off,False,True,
1779493569.623056,stat_pub,stat,-1,C4_lidar_medium,C4_lidar_medium,209,off,off,False,True,
1779493569.6711204,cmd_recv,latency_probe,51,C4_lidar_medium,C4_lidar_medium,118,off,off,False,True,
1779493569.7744246,cmd_recv,latency_probe,52,C4_lidar_medium,C4_lidar_medium,118,off,off,False,True,
1779493569.8757496,cmd_recv,latency_probe,53,C4_lidar_medium,C4_lidar_medium,118,off,off,False,True,
1779493569.9761677,cmd_recv,latency_probe,54,C4_lidar_medium,C4_lidar_medium,118,off,off,False,True,
1779493570.079096,cmd_recv,latency_probe,55,C4_lidar_medium,C4_lidar_medium,118,off,off,False,True,
1779493570.123643,stat_pub,stat,-1,C4_lidar_medium,C4_lidar_medium,209,off,off,False,True,
1779493570.1840675,cmd_recv,latency_probe,56,C4_lidar_medium,C4_lidar_medium,118,off,off,False,True,
1779493570.2875264,cmd_recv,latency_probe,57,C4_lidar_medium,C4_lidar_medium,118,off,off,False,True,
1779493570.386127,cmd_recv,latency_probe,58,C4_lidar_medium,C4_lidar_medium,118,off,off,False,True,
1779493570.4900236,cmd_recv,latency_probe,59,C4_lidar_medium,C4_lidar_medium,118,off,off,False,True,
1779493570.5980508,cmd_recv,latency_probe,60,C4_lidar_medium,C4_lidar_medium,118,off,off,False,True,
1779493570.6240358,stat_pub,stat,-1,C4_lidar_medium,C4_lidar_medium,210,off,off,False,True,
1779493570.69913,cmd_recv,latency_probe,61,C4_lidar_medium,C4_lidar_medium,118,off,off,False,True,
1779493570.7986536,cmd_recv,latency_probe,62,C4_lidar_medium,C4_lidar_medium,118,off,off,False,True,
1779493570.9046726,cmd_recv,latency_probe,63,C4_lidar_medium,C4_lidar_medium,118,off,off,False,True,
1779493571.006994,cmd_recv,latency_probe,64,C4_lidar_medium,C4_lidar_medium,118,off,off,False,True,
1779493571.1102235,cmd_recv,latency_probe,65,C4_lidar_medium,C4_lidar_medium,118,off,off,False,True,
1779493571.124503,stat_pub,stat,-1,C4_lidar_medium,C4_lidar_medium,209,off,off,False,True,
1779493571.2099886,cmd_recv,latency_probe,66,C4_lidar_medium,C4_lidar_medium,118,off,off,False,True,
1779493571.3167462,cmd_recv,latency_probe,67,C4_lidar_medium,C4_lidar_medium,118,off,off,False,True,
1779493571.4194646,cmd_recv,latency_probe,68,C4_lidar_medium,C4_lidar_medium,118,off,off,False,True,
1779493571.5178306,cmd_recv,latency_probe,69,C4_lidar_medium,C4_lidar_medium,118,off,off,False,True,
1779493571.621643,cmd_recv,latency_probe,70,C4_lidar_medium,C4_lidar_medium,118,off,off,False,True,
1779493571.624661,stat_pub,stat,-1,C4_lidar_medium,C4_lidar_medium,209,off,off,False,True,
1779493571.7231443,cmd_recv,latency_probe,71,C4_lidar_medium,C4_lidar_medium,118,off,off,False,True,
1779493571.8254983,cmd_recv,latency_probe,72,C4_lidar_medium,C4_lidar_medium,118,off,off,False,True,
1779493571.9262028,cmd_recv,latency_probe,73,C4_lidar_medium,C4_lidar_medium,118,off,off,False,True,
1779493572.0307817,cmd_recv,latency_probe,74,C4_lidar_medium,C4_lidar_medium,118,off,off,False,True,
1779493572.124868,stat_pub,stat,-1,C4_lidar_medium,C4_lidar_medium,209,off,off,False,True,
1779493572.1324186,cmd_recv,latency_probe,75,C4_lidar_medium,C4_lidar_medium,118,off,off,False,True,
1779493572.232476,cmd_recv,latency_probe,76,C4_lidar_medium,C4_lidar_medium,118,off,off,False,True,
1779493572.3360581,cmd_recv,latency_probe,77,C4_lidar_medium,C4_lidar_medium,118,off,off,False,True,
1779493572.4432447,cmd_recv,latency_probe,78,C4_lidar_medium,C4_lidar_medium,118,off,off,False,True,
1779493572.541141,cmd_recv,latency_probe,79,C4_lidar_medium,C4_lidar_medium,118,off,off,False,True,
1779493572.6254635,stat_pub,stat,-1,C4_lidar_medium,C4_lidar_medium,210,off,off,False,True,
1779493572.6479857,cmd_recv,latency_probe,80,C4_lidar_medium,C4_lidar_medium,118,off,off,False,True,
1779493572.7492354,cmd_recv,latency_probe,81,C4_lidar_medium,C4_lidar_medium,118,off,off,False,True,
1779493572.850824,cmd_recv,latency_probe,82,C4_lidar_medium,C4_lidar_medium,118,off,off,False,True,
1779493572.9517646,cmd_recv,latency_probe,83,C4_lidar_medium,C4_lidar_medium,118,off,off,False,True,
1779493573.0530832,cmd_recv,latency_probe,84,C4_lidar_medium,C4_lidar_medium,118,off,off,False,True,
1779493573.1260352,stat_pub,stat,-1,C4_lidar_medium,C4_lidar_medium,210,off,off,False,True,
1779493573.1603274,cmd_recv,latency_probe,85,C4_lidar_medium,C4_lidar_medium,118,off,off,False,True,
1779493573.262901,cmd_recv,latency_probe,86,C4_lidar_medium,C4_lidar_medium,118,off,off,False,True,
1779493573.3673222,cmd_recv,latency_probe,87,C4_lidar_medium,C4_lidar_medium,118,off,off,False,True,
1779493573.4754086,cmd_recv,latency_probe,88,C4_lidar_medium,C4_lidar_medium,118,off,off,False,True,
1779493573.5766487,cmd_recv,latency_probe,89,C4_lidar_medium,C4_lidar_medium,118,off,off,False,True,
1779493573.6264575,stat_pub,stat,-1,C4_lidar_medium,C4_lidar_medium,210,off,off,False,True,
1779493573.6739914,cmd_recv,latency_probe,90,C4_lidar_medium,C4_lidar_medium,118,off,off,False,True,
1779493573.7805002,cmd_recv,latency_probe,91,C4_lidar_medium,C4_lidar_medium,118,off,off,False,True,
1779493573.878584,cmd_recv,latency_probe,92,C4_lidar_medium,C4_lidar_medium,118,off,off,False,True,
1779493573.9865189,cmd_recv,latency_probe,93,C4_lidar_medium,C4_lidar_medium,118,off,off,False,True,
1779493574.0854247,cmd_recv,latency_probe,94,C4_lidar_medium,C4_lidar_medium,118,off,off,False,True,
1779493574.1270008,stat_pub,stat,-1,C4_lidar_medium,C4_lidar_medium,210,off,off,False,True,
1779493574.1942246,cmd_recv,latency_probe,95,C4_lidar_medium,C4_lidar_medium,118,off,off,False,True,
1779493574.2959476,cmd_recv,latency_probe,96,C4_lidar_medium,C4_lidar_medium,118,off,off,False,True,
1779493574.3981252,cmd_recv,latency_probe,97,C4_lidar_medium,C4_lidar_medium,118,off,off,False,True,
1779493574.494379,cmd_recv,latency_probe,98,C4_lidar_medium,C4_lidar_medium,118,off,off,False,True,
1779493574.5966346,cmd_recv,latency_probe,99,C4_lidar_medium,C4_lidar_medium,118,off,off,False,True,
1779493574.6272871,stat_pub,stat,-1,C4_lidar_medium,C4_lidar_medium,210,off,off,False,True,
1779493574.7018304,cmd_recv,latency_probe,100,C4_lidar_medium,C4_lidar_medium,119,off,off,False,True,
1779493574.806126,cmd_recv,latency_probe,101,C4_lidar_medium,C4_lidar_medium,119,off,off,False,True,
1779493574.9074662,cmd_recv,latency_probe,102,C4_lidar_medium,C4_lidar_medium,119,off,off,False,True,
1779493575.011945,cmd_recv,latency_probe,103,C4_lidar_medium,C4_lidar_medium,119,off,off,False,True,
1779493575.1118188,cmd_recv,latency_probe,104,C4_lidar_medium,C4_lidar_medium,119,off,off,False,True,
1779493575.1278906,stat_pub,stat,-1,C4_lidar_medium,C4_lidar_medium,210,off,off,False,True,
1779493575.2124252,cmd_recv,latency_probe,105,C4_lidar_medium,C4_lidar_medium,119,off,off,False,True,
1779493575.3122892,cmd_recv,latency_probe,106,C4_lidar_medium,C4_lidar_medium,119,off,off,False,True,
1779493575.4137049,cmd_recv,latency_probe,107,C4_lidar_medium,C4_lidar_medium,119,off,off,False,True,
1779493575.5185037,cmd_recv,latency_probe,108,C4_lidar_medium,C4_lidar_medium,119,off,off,False,True,
1779493575.6216972,cmd_recv,latency_probe,109,C4_lidar_medium,C4_lidar_medium,119,off,off,False,True,
1779493575.6282427,stat_pub,stat,-1,C4_lidar_medium,C4_lidar_medium,210,off,off,False,True,
1779493575.7252743,cmd_recv,latency_probe,110,C4_lidar_medium,C4_lidar_medium,119,off,off,False,True,
1779493575.8296003,cmd_recv,latency_probe,111,C4_lidar_medium,C4_lidar_medium,119,off,off,False,True,
1779493575.9278343,cmd_recv,latency_probe,112,C4_lidar_medium,C4_lidar_medium,119,off,off,False,True,
1779493576.028639,cmd_recv,latency_probe,113,C4_lidar_medium,C4_lidar_medium,119,off,off,False,True,
1779493576.1284635,stat_pub,stat,-1,C4_lidar_medium,C4_lidar_medium,210,off,off,False,True,
1779493576.130976,cmd_recv,latency_probe,114,C4_lidar_medium,C4_lidar_medium,119,off,off,False,True,
1779493576.234244,cmd_recv,latency_probe,115,C4_lidar_medium,C4_lidar_medium,119,off,off,False,True,
1779493576.3351238,cmd_recv,latency_probe,116,C4_lidar_medium,C4_lidar_medium,119,off,off,False,True,
1779493576.436375,cmd_recv,latency_probe,117,C4_lidar_medium,C4_lidar_medium,119,off,off,False,True,
1779493576.5431592,cmd_recv,latency_probe,118,C4_lidar_medium,C4_lidar_medium,119,off,off,False,True,
1779493576.6289864,stat_pub,stat,-1,C4_lidar_medium,C4_lidar_medium,210,off,off,False,True,
1779493576.641051,cmd_recv,latency_probe,119,C4_lidar_medium,C4_lidar_medium,119,off,off,False,True,
1779493576.7435856,cmd_recv,latency_probe,120,C4_lidar_medium,C4_lidar_medium,119,off,off,False,True,
1779493576.8462105,cmd_recv,latency_probe,121,C4_lidar_medium,C4_lidar_medium,119,off,off,False,True,
1779493576.9514663,cmd_recv,latency_probe,122,C4_lidar_medium,C4_lidar_medium,119,off,off,False,True,
1779493577.051786,cmd_recv,latency_probe,123,C4_lidar_medium,C4_lidar_medium,119,off,off,False,True,
1779493577.1291356,stat_pub,stat,-1,C4_lidar_medium,C4_lidar_medium,210,off,off,False,True,
1779493577.1533139,cmd_recv,latency_probe,124,C4_lidar_medium,C4_lidar_medium,119,off,off,False,True,
1779493577.2570817,cmd_recv,latency_probe,125,C4_lidar_medium,C4_lidar_medium,119,off,off,False,True,
1779493577.3591342,cmd_recv,latency_probe,126,C4_lidar_medium,C4_lidar_medium,119,off,off,False,True,
1779493577.4616349,cmd_recv,latency_probe,127,C4_lidar_medium,C4_lidar_medium,119,off,off,False,True,
1779493577.5596893,cmd_recv,latency_probe,128,C4_lidar_medium,C4_lidar_medium,119,off,off,False,True,
1779493577.6295633,stat_pub,stat,-1,C4_lidar_medium,C4_lidar_medium,210,off,off,False,True,
1779493577.664255,cmd_recv,latency_probe,129,C4_lidar_medium,C4_lidar_medium,119,off,off,False,True,
1779493577.765862,cmd_recv,latency_probe,130,C4_lidar_medium,C4_lidar_medium,119,off,off,False,True,
1779493577.8711593,cmd_recv,latency_probe,131,C4_lidar_medium,C4_lidar_medium,119,off,off,False,True,
1779493577.9686017,cmd_recv,latency_probe,132,C4_lidar_medium,C4_lidar_medium,119,off,off,False,True,
1779493578.0751941,cmd_recv,latency_probe,133,C4_lidar_medium,C4_lidar_medium,119,off,off,False,True,
1779493578.1301253,stat_pub,stat,-1,C4_lidar_medium,C4_lidar_medium,210,off,off,False,True,
1779493578.1735766,cmd_recv,latency_probe,134,C4_lidar_medium,C4_lidar_medium,119,off,off,False,True,
1779493578.2826407,cmd_recv,latency_probe,135,C4_lidar_medium,C4_lidar_medium,119,off,off,False,True,
1779493578.3843482,cmd_recv,latency_probe,136,C4_lidar_medium,C4_lidar_medium,119,off,off,False,True,
1779493578.4886043,cmd_recv,latency_probe,137,C4_lidar_medium,C4_lidar_medium,119,off,off,False,True,
1779493578.5935931,cmd_recv,latency_probe,138,C4_lidar_medium,C4_lidar_medium,119,off,off,False,True,
1779493578.630567,stat_pub,stat,-1,C4_lidar_medium,C4_lidar_medium,208,off,off,False,True,
1779493578.6939483,cmd_recv,latency_probe,139,C4_lidar_medium,C4_lidar_medium,119,off,off,False,True,
1779493578.794033,cmd_recv,latency_probe,140,C4_lidar_medium,C4_lidar_medium,119,off,off,False,True,
1779493578.8971899,cmd_recv,latency_probe,141,C4_lidar_medium,C4_lidar_medium,119,off,off,False,True,
1779493578.9995968,cmd_recv,latency_probe,142,C4_lidar_medium,C4_lidar_medium,119,off,off,False,True,
1779493579.0601187,cmd_recv,stop_condition,-1,C4_lidar_medium,C4_lidar_medium,53,off,off,False,True,
1779493579.1311176,stat_pub,stat,-1,C4_lidar_medium,C4_lidar_medium,209,off,off,False,True,
1779493579.6316586,stat_pub,stat,-1,C4_lidar_medium,C4_lidar_medium,210,off,off,False,True,
1779493580.1319814,stat_pub,stat,-1,C4_lidar_medium,C4_lidar_medium,210,off,off,False,True,
1779493580.6325552,stat_pub,stat,-1,C4_lidar_medium,C4_lidar_medium,210,off,off,False,True,
1779493581.1329322,stat_pub,stat,-1,C4_lidar_medium,C4_lidar_medium,210,off,off,False,True,
1779493581.1579607,cmd_recv,start_condition,-1,C4_lidar_medium,C4_lidar_medium,84,off,off,False,True,
1779493581.1579607,cmd_recv,set_camera_mode,-1,C4_lidar_medium,C4_lidar_medium,39,off,off,False,True,mode=off
1779493581.1579607,cmd_recv,set_lidar_mode,-1,C4_lidar_medium,C4_lidar_medium,38,off,off,False,True,mode=off
1779493581.1589634,cmd_recv,set_stream_config,-1,C4_lidar_medium,C4_lidar_medium,136,off,off,False,False,
1779493581.633232,stat_pub,stat,-1,C4_lidar_medium,C4_lidar_medium,209,off,off,False,True,
1779493582.1334627,stat_pub,stat,-1,C4_lidar_medium,C4_lidar_medium,210,off,off,False,True,
1779493582.2608202,cmd_recv,latency_probe,0,C4_lidar_medium,C4_lidar_medium,117,off,off,False,True,
1779493582.3642814,cmd_recv,latency_probe,1,C4_lidar_medium,C4_lidar_medium,117,off,off,False,True,
1779493582.4631846,cmd_recv,latency_probe,2,C4_lidar_medium,C4_lidar_medium,117,off,off,False,True,
1779493582.5644557,cmd_recv,latency_probe,3,C4_lidar_medium,C4_lidar_medium,117,off,off,False,True,
1779493582.633741,stat_pub,stat,-1,C4_lidar_medium,C4_lidar_medium,209,off,off,False,True,
1779493582.6654305,cmd_recv,latency_probe,4,C4_lidar_medium,C4_lidar_medium,117,off,off,False,True,
1779493582.7677574,cmd_recv,latency_probe,5,C4_lidar_medium,C4_lidar_medium,117,off,off,False,True,
1779493582.8708737,cmd_recv,latency_probe,6,C4_lidar_medium,C4_lidar_medium,117,off,off,False,True,
1779493582.9739683,cmd_recv,latency_probe,7,C4_lidar_medium,C4_lidar_medium,117,off,off,False,True,
1779493583.0743241,cmd_recv,latency_probe,8,C4_lidar_medium,C4_lidar_medium,117,off,off,False,True,
1779493583.1343055,stat_pub,stat,-1,C4_lidar_medium,C4_lidar_medium,210,off,off,False,True,
1779493583.1767738,cmd_recv,latency_probe,9,C4_lidar_medium,C4_lidar_medium,117,off,off,False,True,
1779493583.2792943,cmd_recv,latency_probe,10,C4_lidar_medium,C4_lidar_medium,118,off,off,False,True,
1779493583.3819597,cmd_recv,latency_probe,11,C4_lidar_medium,C4_lidar_medium,118,off,off,False,True,
1779493583.4865067,cmd_recv,latency_probe,12,C4_lidar_medium,C4_lidar_medium,118,off,off,False,True,
1779493583.5837095,cmd_recv,latency_probe,13,C4_lidar_medium,C4_lidar_medium,118,off,off,False,True,
1779493583.6348355,stat_pub,stat,-1,C4_lidar_medium,C4_lidar_medium,210,off,off,False,True,
1779493583.6898522,cmd_recv,latency_probe,14,C4_lidar_medium,C4_lidar_medium,118,off,off,False,True,
1779493583.7881773,cmd_recv,latency_probe,15,C4_lidar_medium,C4_lidar_medium,118,off,off,False,True,
1779493583.8472826,cmd_recv,stop_condition,-1,C4_lidar_medium,C4_lidar_medium,53,off,off,False,True,
1779493584.1350553,stat_pub,stat,-1,C4_lidar_medium,C4_lidar_medium,210,off,off,False,True,
1779493584.635413,stat_pub,stat,-1,C4_lidar_medium,C4_lidar_medium,209,off,off,False,True,
1779493585.135657,stat_pub,stat,-1,C4_lidar_medium,C4_lidar_medium,209,off,off,False,True,
1779493585.6361144,stat_pub,stat,-1,C4_lidar_medium,C4_lidar_medium,210,off,off,False,True,
1779493586.1366973,stat_pub,stat,-1,C4_lidar_medium,C4_lidar_medium,210,off,off,False,True,
1779493586.6369832,stat_pub,stat,-1,C4_lidar_medium,C4_lidar_medium,210,off,off,False,True,
1779493587.1374784,stat_pub,stat,-1,C4_lidar_medium,C4_lidar_medium,210,off,off,False,True,
1779493587.6377118,stat_pub,stat,-1,C4_lidar_medium,C4_lidar_medium,210,off,off,False,True,
1779493588.1382527,stat_pub,stat,-1,C4_lidar_medium,C4_lidar_medium,210,off,off,False,True,
1779493588.6385229,stat_pub,stat,-1,C4_lidar_medium,C4_lidar_medium,210,off,off,False,True,
1779493589.1389906,stat_pub,stat,-1,C4_lidar_medium,C4_lidar_medium,210,off,off,False,True,
1779493589.639278,stat_pub,stat,-1,C4_lidar_medium,C4_lidar_medium,209,off,off,False,True,
1779493590.1395469,stat_pub,stat,-1,C4_lidar_medium,C4_lidar_medium,210,off,off,False,True,
1779493590.6400595,stat_pub,stat,-1,C4_lidar_medium,C4_lidar_medium,210,off,off,False,True,
1779493591.1402085,stat_pub,stat,-1,C4_lidar_medium,C4_lidar_medium,210,off,off,False,True,
1779493591.640755,stat_pub,stat,-1,C4_lidar_medium,C4_lidar_medium,208,off,off,False,True,
1779493592.1412196,stat_pub,stat,-1,C4_lidar_medium,C4_lidar_medium,209,off,off,False,True,
1779493592.641784,stat_pub,stat,-1,C4_lidar_medium,C4_lidar_medium,209,off,off,False,True,
1779493593.1419115,stat_pub,stat,-1,C4_lidar_medium,C4_lidar_medium,210,off,off,False,True,
1779493593.6424582,stat_pub,stat,-1,C4_lidar_medium,C4_lidar_medium,210,off,off,False,True,
1779493594.1429691,stat_pub,stat,-1,C4_lidar_medium,C4_lidar_medium,210,off,off,False,True,
1779493594.6432445,stat_pub,stat,-1,C4_lidar_medium,C4_lidar_medium,210,off,off,False,True,
1779493595.1434565,stat_pub,stat,-1,C4_lidar_medium,C4_lidar_medium,210,off,off,False,True,
1779493595.6439986,stat_pub,stat,-1,C4_lidar_medium,C4_lidar_medium,210,off,off,False,True,
1779493596.1444361,stat_pub,stat,-1,C4_lidar_medium,C4_lidar_medium,210,off,off,False,True,
1779493596.644758,stat_pub,stat,-1,C4_lidar_medium,C4_lidar_medium,209,off,off,False,True,
1779493597.1452687,stat_pub,stat,-1,C4_lidar_medium,C4_lidar_medium,210,off,off,False,True,
1779493597.645445,stat_pub,stat,-1,C4_lidar_medium,C4_lidar_medium,209,off,off,False,True,
1779493598.14584,stat_pub,stat,-1,C4_lidar_medium,C4_lidar_medium,208,off,off,False,True,
1779493598.6460762,stat_pub,stat,-1,C4_lidar_medium,C4_lidar_medium,210,off,off,False,True,
1779493599.1462119,stat_pub,stat,-1,C4_lidar_medium,C4_lidar_medium,210,off,off,False,True,
1779493599.6468384,stat_pub,stat,-1,C4_lidar_medium,C4_lidar_medium,210,off,off,False,True,
1779493600.147142,stat_pub,stat,-1,C4_lidar_medium,C4_lidar_medium,209,off,off,False,True,
1779493600.6477993,stat_pub,stat,-1,C4_lidar_medium,C4_lidar_medium,210,off,off,False,True,
1779493601.1479023,stat_pub,stat,-1,C4_lidar_medium,C4_lidar_medium,210,off,off,False,True,
1779493601.6481345,stat_pub,stat,-1,C4_lidar_medium,C4_lidar_medium,210,off,off,False,True,
1779493602.1486905,stat_pub,stat,-1,C4_lidar_medium,C4_lidar_medium,210,off,off,False,True,
1779493602.6490638,stat_pub,stat,-1,C4_lidar_medium,C4_lidar_medium,210,off,off,False,True,
1779493603.1495717,stat_pub,stat,-1,C4_lidar_medium,C4_lidar_medium,210,off,off,False,True,
1779493603.6499133,stat_pub,stat,-1,C4_lidar_medium,C4_lidar_medium,210,off,off,False,True,
1779493604.1500285,stat_pub,stat,-1,C4_lidar_medium,C4_lidar_medium,210,off,off,False,True,
1779493604.6505482,stat_pub,stat,-1,C4_lidar_medium,C4_lidar_medium,209,off,off,False,True,
1779493605.1509476,stat_pub,stat,-1,C4_lidar_medium,C4_lidar_medium,209,off,off,False,True,
1779493605.6512935,stat_pub,stat,-1,C4_lidar_medium,C4_lidar_medium,210,off,off,False,True,
1779493606.1515439,stat_pub,stat,-1,C4_lidar_medium,C4_lidar_medium,210,off,off,False,True,
1779493606.651896,stat_pub,stat,-1,C4_lidar_medium,C4_lidar_medium,209,off,off,False,True,
1779493607.152031,stat_pub,stat,-1,C4_lidar_medium,C4_lidar_medium,209,off,off,False,True,
1779493607.6523712,stat_pub,stat,-1,C4_lidar_medium,C4_lidar_medium,210,off,off,False,True,
1779493608.1527975,stat_pub,stat,-1,C4_lidar_medium,C4_lidar_medium,210,off,off,False,True,
1779493608.6530733,stat_pub,stat,-1,C4_lidar_medium,C4_lidar_medium,210,off,off,False,True,
1779493609.1534264,stat_pub,stat,-1,C4_lidar_medium,C4_lidar_medium,210,off,off,False,True,
1779493609.6538289,stat_pub,stat,-1,C4_lidar_medium,C4_lidar_medium,210,off,off,False,True,
1779493610.1544094,stat_pub,stat,-1,C4_lidar_medium,C4_lidar_medium,210,off,off,False,True,
1779493610.6547897,stat_pub,stat,-1,C4_lidar_medium,C4_lidar_medium,210,off,off,False,True,
1779493611.1553295,stat_pub,stat,-1,C4_lidar_medium,C4_lidar_medium,210,off,off,False,True,
1779493611.6558228,stat_pub,stat,-1,C4_lidar_medium,C4_lidar_medium,210,off,off,False,True,
1779493612.1561646,stat_pub,stat,-1,C4_lidar_medium,C4_lidar_medium,210,off,off,False,True,
1779493612.6564138,stat_pub,stat,-1,C4_lidar_medium,C4_lidar_medium,210,off,off,False,True,
1779493613.1565266,stat_pub,stat,-1,C4_lidar_medium,C4_lidar_medium,210,off,off,False,True,
1779493613.6569152,stat_pub,stat,-1,C4_lidar_medium,C4_lidar_medium,210,off,off,False,True,
1779493614.1571245,stat_pub,stat,-1,C4_lidar_medium,C4_lidar_medium,210,off,off,False,True,
1779493614.6573908,stat_pub,stat,-1,C4_lidar_medium,C4_lidar_medium,210,off,off,False,True,
1779493615.1579332,stat_pub,stat,-1,C4_lidar_medium,C4_lidar_medium,210,off,off,False,True,
1779493615.6582103,stat_pub,stat,-1,C4_lidar_medium,C4_lidar_medium,210,off,off,False,True,
1779493616.158804,stat_pub,stat,-1,C4_lidar_medium,C4_lidar_medium,209,off,off,False,True,
1779493616.6591854,stat_pub,stat,-1,C4_lidar_medium,C4_lidar_medium,210,off,off,False,True,
1779493617.1597593,stat_pub,stat,-1,C4_lidar_medium,C4_lidar_medium,210,off,off,False,True,
1779493617.6604917,stat_pub,stat,-1,C4_lidar_medium,C4_lidar_medium,209,off,off,False,True,
1779493618.1608999,stat_pub,stat,-1,C4_lidar_medium,C4_lidar_medium,209,off,off,False,True,
1779493618.6611626,stat_pub,stat,-1,C4_lidar_medium,C4_lidar_medium,209,off,off,False,True,
1779493619.1613247,stat_pub,stat,-1,C4_lidar_medium,C4_lidar_medium,210,off,off,False,True,
1779493619.661546,stat_pub,stat,-1,C4_lidar_medium,C4_lidar_medium,209,off,off,False,True,
1779493620.16204,stat_pub,stat,-1,C4_lidar_medium,C4_lidar_medium,208,off,off,False,True,
1779493620.6625965,stat_pub,stat,-1,C4_lidar_medium,C4_lidar_medium,210,off,off,False,True,
1779493621.1632757,stat_pub,stat,-1,C4_lidar_medium,C4_lidar_medium,210,off,off,False,True,
1779493621.6637285,stat_pub,stat,-1,C4_lidar_medium,C4_lidar_medium,210,off,off,False,True,
1779493622.1638472,stat_pub,stat,-1,C4_lidar_medium,C4_lidar_medium,210,off,off,False,True,
1779493622.6641927,stat_pub,stat,-1,C4_lidar_medium,C4_lidar_medium,210,off,off,False,True,
1779493623.1645122,stat_pub,stat,-1,C4_lidar_medium,C4_lidar_medium,210,off,off,False,True,
1779493623.6647666,stat_pub,stat,-1,C4_lidar_medium,C4_lidar_medium,210,off,off,False,True,
1779493624.1655083,stat_pub,stat,-1,C4_lidar_medium,C4_lidar_medium,210,off,off,False,True,
1779493624.6659563,stat_pub,stat,-1,C4_lidar_medium,C4_lidar_medium,210,off,off,False,True,
1779493625.166645,stat_pub,stat,-1,C4_lidar_medium,C4_lidar_medium,209,off,off,False,True,
1779493625.6668656,stat_pub,stat,-1,C4_lidar_medium,C4_lidar_medium,210,off,off,False,True,
1779493626.167363,stat_pub,stat,-1,C4_lidar_medium,C4_lidar_medium,209,off,off,False,True,
1779493626.6675727,stat_pub,stat,-1,C4_lidar_medium,C4_lidar_medium,210,off,off,False,True,
1779493627.1678445,stat_pub,stat,-1,C4_lidar_medium,C4_lidar_medium,210,off,off,False,True,
1779493627.6683586,stat_pub,stat,-1,C4_lidar_medium,C4_lidar_medium,210,off,off,False,True,
1779493628.1684518,stat_pub,stat,-1,C4_lidar_medium,C4_lidar_medium,210,off,off,False,True,
1779493628.6685784,stat_pub,stat,-1,C4_lidar_medium,C4_lidar_medium,210,off,off,False,True,
1779493629.1691637,stat_pub,stat,-1,C4_lidar_medium,C4_lidar_medium,210,off,off,False,True,
1779493629.6693616,stat_pub,stat,-1,C4_lidar_medium,C4_lidar_medium,210,off,off,False,True,
1779493630.1699138,stat_pub,stat,-1,C4_lidar_medium,C4_lidar_medium,210,off,off,False,True,
1779493630.6703112,stat_pub,stat,-1,C4_lidar_medium,C4_lidar_medium,209,off,off,False,True,
1779493631.170879,stat_pub,stat,-1,C4_lidar_medium,C4_lidar_medium,208,off,off,False,True,
1779493631.671549,stat_pub,stat,-1,C4_lidar_medium,C4_lidar_medium,209,off,off,False,True,
1779493632.1719718,stat_pub,stat,-1,C4_lidar_medium,C4_lidar_medium,210,off,off,False,True,
1779493632.6724522,stat_pub,stat,-1,C4_lidar_medium,C4_lidar_medium,210,off,off,False,True,
1779493633.172548,stat_pub,stat,-1,C4_lidar_medium,C4_lidar_medium,209,off,off,False,True,
1779493633.6726596,stat_pub,stat,-1,C4_lidar_medium,C4_lidar_medium,210,off,off,False,True,
1779493634.172931,stat_pub,stat,-1,C4_lidar_medium,C4_lidar_medium,209,off,off,False,True,
1779493634.673596,stat_pub,stat,-1,C4_lidar_medium,C4_lidar_medium,209,off,off,False,True,
1779493635.1741593,stat_pub,stat,-1,C4_lidar_medium,C4_lidar_medium,210,off,off,False,True,
1779493635.6744137,stat_pub,stat,-1,C4_lidar_medium,C4_lidar_medium,210,off,off,False,True,
1779493636.1749318,stat_pub,stat,-1,C4_lidar_medium,C4_lidar_medium,210,off,off,False,True,
1779493636.675295,stat_pub,stat,-1,C4_lidar_medium,C4_lidar_medium,209,off,off,False,True,
1779493637.1755269,stat_pub,stat,-1,C4_lidar_medium,C4_lidar_medium,210,off,off,False,True,
1779493637.6759105,stat_pub,stat,-1,C4_lidar_medium,C4_lidar_medium,210,off,off,False,True,
1779493638.1761642,stat_pub,stat,-1,C4_lidar_medium,C4_lidar_medium,210,off,off,False,True,
1779493638.6766295,stat_pub,stat,-1,C4_lidar_medium,C4_lidar_medium,210,off,off,False,True,
1779493639.176809,stat_pub,stat,-1,C4_lidar_medium,C4_lidar_medium,209,off,off,False,True,
1779493639.6772685,stat_pub,stat,-1,C4_lidar_medium,C4_lidar_medium,210,off,off,False,True,
1779493640.1775641,stat_pub,stat,-1,C4_lidar_medium,C4_lidar_medium,210,off,off,False,True,
1779493640.678035,stat_pub,stat,-1,C4_lidar_medium,C4_lidar_medium,209,off,off,False,True,
1779493641.1784348,stat_pub,stat,-1,C4_lidar_medium,C4_lidar_medium,210,off,off,False,True,
1779493641.6789923,stat_pub,stat,-1,C4_lidar_medium,C4_lidar_medium,210,off,off,False,True,
1779493642.1792662,stat_pub,stat,-1,C4_lidar_medium,C4_lidar_medium,210,off,off,False,True,
1779493642.6798458,stat_pub,stat,-1,C4_lidar_medium,C4_lidar_medium,210,off,off,False,True,
1779493643.180342,stat_pub,stat,-1,C4_lidar_medium,C4_lidar_medium,208,off,off,False,True,
1779493643.68066,stat_pub,stat,-1,C4_lidar_medium,C4_lidar_medium,207,off,off,False,True,
1779493644.1809704,stat_pub,stat,-1,C4_lidar_medium,C4_lidar_medium,209,off,off,False,True,
1779493644.6812956,stat_pub,stat,-1,C4_lidar_medium,C4_lidar_medium,210,off,off,False,True,
1779493645.181802,stat_pub,stat,-1,C4_lidar_medium,C4_lidar_medium,209,off,off,False,True,
1779493645.682345,stat_pub,stat,-1,C4_lidar_medium,C4_lidar_medium,209,off,off,False,True,
1779493646.1829736,stat_pub,stat,-1,C4_lidar_medium,C4_lidar_medium,210,off,off,False,True,
1779493646.6832306,stat_pub,stat,-1,C4_lidar_medium,C4_lidar_medium,210,off,off,False,True,
1779493647.1837335,stat_pub,stat,-1,C4_lidar_medium,C4_lidar_medium,210,off,off,False,True,
1779493647.6842678,stat_pub,stat,-1,C4_lidar_medium,C4_lidar_medium,210,off,off,False,True,
1779493648.1846154,stat_pub,stat,-1,C4_lidar_medium,C4_lidar_medium,210,off,off,False,True,
1779493648.6847897,stat_pub,stat,-1,C4_lidar_medium,C4_lidar_medium,210,off,off,False,True,
1779493649.1851661,stat_pub,stat,-1,C4_lidar_medium,C4_lidar_medium,210,off,off,False,True,
1779493649.6858184,stat_pub,stat,-1,C4_lidar_medium,C4_lidar_medium,210,off,off,False,True,
1779493650.1864324,stat_pub,stat,-1,C4_lidar_medium,C4_lidar_medium,210,off,off,False,True,
1779493650.6867642,stat_pub,stat,-1,C4_lidar_medium,C4_lidar_medium,210,off,off,False,True,
1779493651.1870563,stat_pub,stat,-1,C4_lidar_medium,C4_lidar_medium,210,off,off,False,True,
1779493651.6872709,stat_pub,stat,-1,C4_lidar_medium,C4_lidar_medium,210,off,off,False,True,
1779493652.1874642,stat_pub,stat,-1,C4_lidar_medium,C4_lidar_medium,210,off,off,False,True,
1779493652.6879473,stat_pub,stat,-1,C4_lidar_medium,C4_lidar_medium,210,off,off,False,True,
1779493653.1881173,stat_pub,stat,-1,C4_lidar_medium,C4_lidar_medium,210,off,off,False,True,
1779493653.6886058,stat_pub,stat,-1,C4_lidar_medium,C4_lidar_medium,210,off,off,False,True,
1779493654.1890445,stat_pub,stat,-1,C4_lidar_medium,C4_lidar_medium,210,off,off,False,True,
1779493654.6896658,stat_pub,stat,-1,C4_lidar_medium,C4_lidar_medium,210,off,off,False,True,
1779493655.1899376,stat_pub,stat,-1,C4_lidar_medium,C4_lidar_medium,210,off,off,False,True,
1779493655.6901126,stat_pub,stat,-1,C4_lidar_medium,C4_lidar_medium,210,off,off,False,True,
1779493656.1902604,stat_pub,stat,-1,C4_lidar_medium,C4_lidar_medium,210,off,off,False,True,
1779493656.69071,stat_pub,stat,-1,C4_lidar_medium,C4_lidar_medium,206,off,off,False,True,
1779493657.1908872,stat_pub,stat,-1,C4_lidar_medium,C4_lidar_medium,208,off,off,False,True,
1779493657.6910992,stat_pub,stat,-1,C4_lidar_medium,C4_lidar_medium,208,off,off,False,True,
1779493658.1913943,stat_pub,stat,-1,C4_lidar_medium,C4_lidar_medium,210,off,off,False,True,
1779493658.692007,stat_pub,stat,-1,C4_lidar_medium,C4_lidar_medium,209,off,off,False,True,
1779493659.1924314,stat_pub,stat,-1,C4_lidar_medium,C4_lidar_medium,210,off,off,False,True,
1779493659.692997,stat_pub,stat,-1,C4_lidar_medium,C4_lidar_medium,209,off,off,False,True,
1779493660.1932342,stat_pub,stat,-1,C4_lidar_medium,C4_lidar_medium,210,off,off,False,True,
1779493660.6934893,stat_pub,stat,-1,C4_lidar_medium,C4_lidar_medium,210,off,off,False,True,
1779493661.1940503,stat_pub,stat,-1,C4_lidar_medium,C4_lidar_medium,210,off,off,False,True,
1779493661.6944568,stat_pub,stat,-1,C4_lidar_medium,C4_lidar_medium,210,off,off,False,True,
1779493662.194615,stat_pub,stat,-1,C4_lidar_medium,C4_lidar_medium,209,off,off,False,True,
1779493662.6950564,stat_pub,stat,-1,C4_lidar_medium,C4_lidar_medium,210,off,off,False,True,
1779493663.1951866,stat_pub,stat,-1,C4_lidar_medium,C4_lidar_medium,210,off,off,False,True,
1779493663.695432,stat_pub,stat,-1,C4_lidar_medium,C4_lidar_medium,209,off,off,False,True,
1779493664.1960652,stat_pub,stat,-1,C4_lidar_medium,C4_lidar_medium,210,off,off,False,True,
1779493664.696543,stat_pub,stat,-1,C4_lidar_medium,C4_lidar_medium,209,off,off,False,True,
1779493665.1968358,stat_pub,stat,-1,C4_lidar_medium,C4_lidar_medium,210,off,off,False,True,
1779493665.697236,stat_pub,stat,-1,C4_lidar_medium,C4_lidar_medium,209,off,off,False,True,
1779493666.197347,stat_pub,stat,-1,C4_lidar_medium,C4_lidar_medium,209,off,off,False,True,
1779493666.6977384,stat_pub,stat,-1,C4_lidar_medium,C4_lidar_medium,210,off,off,False,True,
1779493667.1982787,stat_pub,stat,-1,C4_lidar_medium,C4_lidar_medium,210,off,off,False,True,
1779493667.6989963,stat_pub,stat,-1,C4_lidar_medium,C4_lidar_medium,210,off,off,False,True,
1779493668.1996803,stat_pub,stat,-1,C4_lidar_medium,C4_lidar_medium,210,off,off,False,True,
1779493668.7000413,stat_pub,stat,-1,C4_lidar_medium,C4_lidar_medium,210,off,off,False,True,
1779493669.2003698,stat_pub,stat,-1,C4_lidar_medium,C4_lidar_medium,209,off,off,False,True,
1779493669.7008746,stat_pub,stat,-1,C4_lidar_medium,C4_lidar_medium,209,off,off,False,True,
1779493670.2012625,stat_pub,stat,-1,C4_lidar_medium,C4_lidar_medium,209,off,off,False,True,
1779493670.701679,stat_pub,stat,-1,C4_lidar_medium,C4_lidar_medium,209,off,off,False,True,
1779493671.2020574,stat_pub,stat,-1,C4_lidar_medium,C4_lidar_medium,210,off,off,False,True,
1779493671.70226,stat_pub,stat,-1,C4_lidar_medium,C4_lidar_medium,208,off,off,False,True,
1779493672.2023692,stat_pub,stat,-1,C4_lidar_medium,C4_lidar_medium,210,off,off,False,True,
1779493672.7028089,stat_pub,stat,-1,C4_lidar_medium,C4_lidar_medium,210,off,off,False,True,
1779493673.2029123,stat_pub,stat,-1,C4_lidar_medium,C4_lidar_medium,210,off,off,False,True,
1779493673.7034345,stat_pub,stat,-1,C4_lidar_medium,C4_lidar_medium,210,off,off,False,True,
1779493674.2035701,stat_pub,stat,-1,C4_lidar_medium,C4_lidar_medium,210,off,off,False,True,
1779493674.7040508,stat_pub,stat,-1,C4_lidar_medium,C4_lidar_medium,210,off,off,False,True,
1779493675.2043297,stat_pub,stat,-1,C4_lidar_medium,C4_lidar_medium,210,off,off,False,True,
1779493675.7045007,stat_pub,stat,-1,C4_lidar_medium,C4_lidar_medium,210,off,off,False,True,
1779493676.2047608,stat_pub,stat,-1,C4_lidar_medium,C4_lidar_medium,210,off,off,False,True,
1779493676.7054143,stat_pub,stat,-1,C4_lidar_medium,C4_lidar_medium,210,off,off,False,True,
1779493677.2058842,stat_pub,stat,-1,C4_lidar_medium,C4_lidar_medium,210,off,off,False,True,
1779493677.7063534,stat_pub,stat,-1,C4_lidar_medium,C4_lidar_medium,210,off,off,False,True,
1779493678.2066677,stat_pub,stat,-1,C4_lidar_medium,C4_lidar_medium,210,off,off,False,True,
1779493678.7068615,stat_pub,stat,-1,C4_lidar_medium,C4_lidar_medium,210,off,off,False,True,
1779493679.2071416,stat_pub,stat,-1,C4_lidar_medium,C4_lidar_medium,210,off,off,False,True,
1779493679.7072942,stat_pub,stat,-1,C4_lidar_medium,C4_lidar_medium,210,off,off,False,True,
1779493680.207627,stat_pub,stat,-1,C4_lidar_medium,C4_lidar_medium,209,off,off,False,True,
1779493680.7080781,stat_pub,stat,-1,C4_lidar_medium,C4_lidar_medium,210,off,off,False,True,
1779493681.2084055,stat_pub,stat,-1,C4_lidar_medium,C4_lidar_medium,210,off,off,False,True,
1779493681.708571,stat_pub,stat,-1,C4_lidar_medium,C4_lidar_medium,209,off,off,False,True,
1779493682.209119,stat_pub,stat,-1,C4_lidar_medium,C4_lidar_medium,209,off,off,False,True,
1779493682.7095563,stat_pub,stat,-1,C4_lidar_medium,C4_lidar_medium,210,off,off,False,True,
1779493683.210015,stat_pub,stat,-1,C4_lidar_medium,C4_lidar_medium,209,off,off,False,True,
1779493683.710368,stat_pub,stat,-1,C4_lidar_medium,C4_lidar_medium,208,off,off,False,True,
1779493684.2107217,stat_pub,stat,-1,C4_lidar_medium,C4_lidar_medium,209,off,off,False,True,
1779493684.7113526,stat_pub,stat,-1,C4_lidar_medium,C4_lidar_medium,210,off,off,False,True,
1779493685.2115183,stat_pub,stat,-1,C4_lidar_medium,C4_lidar_medium,210,off,off,False,True,
1779493685.7119937,stat_pub,stat,-1,C4_lidar_medium,C4_lidar_medium,210,off,off,False,True,
1779493686.2124712,stat_pub,stat,-1,C4_lidar_medium,C4_lidar_medium,210,off,off,False,True,
1779493686.7129872,stat_pub,stat,-1,C4_lidar_medium,C4_lidar_medium,210,off,off,False,True,
1779493687.2133641,stat_pub,stat,-1,C4_lidar_medium,C4_lidar_medium,210,off,off,False,True,
1779493687.7134678,stat_pub,stat,-1,C4_lidar_medium,C4_lidar_medium,210,off,off,False,True,
1779493688.2136924,stat_pub,stat,-1,C4_lidar_medium,C4_lidar_medium,210,off,off,False,True,
1779493688.713982,stat_pub,stat,-1,C4_lidar_medium,C4_lidar_medium,209,off,off,False,True,
1779493689.2145498,stat_pub,stat,-1,C4_lidar_medium,C4_lidar_medium,210,off,off,False,True,
1779493689.7151291,stat_pub,stat,-1,C4_lidar_medium,C4_lidar_medium,210,off,off,False,True,
1779493690.2153268,stat_pub,stat,-1,C4_lidar_medium,C4_lidar_medium,210,off,off,False,True,
1779493690.7155452,stat_pub,stat,-1,C4_lidar_medium,C4_lidar_medium,210,off,off,False,True,
1779493691.2161238,stat_pub,stat,-1,C4_lidar_medium,C4_lidar_medium,210,off,off,False,True,
1779493691.716774,stat_pub,stat,-1,C4_lidar_medium,C4_lidar_medium,209,off,off,False,True,
1779493692.2174203,stat_pub,stat,-1,C4_lidar_medium,C4_lidar_medium,210,off,off,False,True,
1779493692.717658,stat_pub,stat,-1,C4_lidar_medium,C4_lidar_medium,209,off,off,False,True,
1779493693.2182431,stat_pub,stat,-1,C4_lidar_medium,C4_lidar_medium,210,off,off,False,True,
1779493693.7186258,stat_pub,stat,-1,C4_lidar_medium,C4_lidar_medium,210,off,off,False,True,
1779493694.2190623,stat_pub,stat,-1,C4_lidar_medium,C4_lidar_medium,210,off,off,False,True,
1779493694.719684,stat_pub,stat,-1,C4_lidar_medium,C4_lidar_medium,209,off,off,False,True,
1779493695.2198546,stat_pub,stat,-1,C4_lidar_medium,C4_lidar_medium,210,off,off,False,True,
1779493695.7201042,stat_pub,stat,-1,C4_lidar_medium,C4_lidar_medium,210,off,off,False,True,
1779493696.2205632,stat_pub,stat,-1,C4_lidar_medium,C4_lidar_medium,209,off,off,False,True,
1779493696.7208586,stat_pub,stat,-1,C4_lidar_medium,C4_lidar_medium,209,off,off,False,True,
1779493697.2210877,stat_pub,stat,-1,C4_lidar_medium,C4_lidar_medium,209,off,off,False,True,
1779493697.7215276,stat_pub,stat,-1,C4_lidar_medium,C4_lidar_medium,210,off,off,False,True,
1779493698.2220895,stat_pub,stat,-1,C4_lidar_medium,C4_lidar_medium,210,off,off,False,True,
1779493698.7225194,stat_pub,stat,-1,C4_lidar_medium,C4_lidar_medium,210,off,off,False,True,
1779493699.2227685,stat_pub,stat,-1,C4_lidar_medium,C4_lidar_medium,210,off,off,False,True,
1779493699.723285,stat_pub,stat,-1,C4_lidar_medium,C4_lidar_medium,209,off,off,False,True,
1779493700.2234325,stat_pub,stat,-1,C4_lidar_medium,C4_lidar_medium,210,off,off,False,True,
1779493700.7240095,stat_pub,stat,-1,C4_lidar_medium,C4_lidar_medium,210,off,off,False,True,
1779493701.2245758,stat_pub,stat,-1,C4_lidar_medium,C4_lidar_medium,210,off,off,False,True,
1779493701.7247157,stat_pub,stat,-1,C4_lidar_medium,C4_lidar_medium,210,off,off,False,True,
1779493702.2252932,stat_pub,stat,-1,C4_lidar_medium,C4_lidar_medium,210,off,off,False,True,
1779493702.7254772,stat_pub,stat,-1,C4_lidar_medium,C4_lidar_medium,210,off,off,False,True,
1779493703.2260573,stat_pub,stat,-1,C4_lidar_medium,C4_lidar_medium,210,off,off,False,True,
1779493703.7266285,stat_pub,stat,-1,C4_lidar_medium,C4_lidar_medium,210,off,off,False,True,
1779493704.2267632,stat_pub,stat,-1,C4_lidar_medium,C4_lidar_medium,210,off,off,False,True,
1779493704.7269802,stat_pub,stat,-1,C4_lidar_medium,C4_lidar_medium,210,off,off,False,True,
1779493705.2274542,stat_pub,stat,-1,C4_lidar_medium,C4_lidar_medium,210,off,off,False,True,
1779493705.728065,stat_pub,stat,-1,C4_lidar_medium,C4_lidar_medium,209,off,off,False,True,
1779493706.2285628,stat_pub,stat,-1,C4_lidar_medium,C4_lidar_medium,210,off,off,False,True,
1779493706.728779,stat_pub,stat,-1,C4_lidar_medium,C4_lidar_medium,209,off,off,False,True,
1779493707.2292364,stat_pub,stat,-1,C4_lidar_medium,C4_lidar_medium,210,off,off,False,True,
1779493707.7294128,stat_pub,stat,-1,C4_lidar_medium,C4_lidar_medium,210,off,off,False,True,
1779493708.2296584,stat_pub,stat,-1,C4_lidar_medium,C4_lidar_medium,210,off,off,False,True,
1779493708.729877,stat_pub,stat,-1,C4_lidar_medium,C4_lidar_medium,209,off,off,False,True,
1779493709.2303598,stat_pub,stat,-1,C4_lidar_medium,C4_lidar_medium,209,off,off,False,True,
1779493709.730944,stat_pub,stat,-1,C4_lidar_medium,C4_lidar_medium,208,off,off,False,True,
1779493710.231333,stat_pub,stat,-1,C4_lidar_medium,C4_lidar_medium,209,off,off,False,True,
1779493710.7318697,stat_pub,stat,-1,C4_lidar_medium,C4_lidar_medium,210,off,off,False,True,
1779493711.2321563,stat_pub,stat,-1,C4_lidar_medium,C4_lidar_medium,210,off,off,False,True,
1779493711.7328427,stat_pub,stat,-1,C4_lidar_medium,C4_lidar_medium,210,off,off,False,True,
1779493712.23402,stat_pub,stat,-1,C4_lidar_medium,C4_lidar_medium,208,off,off,False,True,
1779493712.7345886,stat_pub,stat,-1,C4_lidar_medium,C4_lidar_medium,210,off,off,False,True,
1779493713.2347374,stat_pub,stat,-1,C4_lidar_medium,C4_lidar_medium,210,off,off,False,True,
1779493713.735151,stat_pub,stat,-1,C4_lidar_medium,C4_lidar_medium,209,off,off,False,True,
1779493714.2355852,stat_pub,stat,-1,C4_lidar_medium,C4_lidar_medium,210,off,off,False,True,
1779493714.7359314,stat_pub,stat,-1,C4_lidar_medium,C4_lidar_medium,210,off,off,False,True,
1779493715.2361848,stat_pub,stat,-1,C4_lidar_medium,C4_lidar_medium,210,off,off,False,True,
1779493715.7363107,stat_pub,stat,-1,C4_lidar_medium,C4_lidar_medium,210,off,off,False,True,
1779493716.2367716,stat_pub,stat,-1,C4_lidar_medium,C4_lidar_medium,210,off,off,False,True,
1779493716.7379081,stat_pub,stat,-1,C4_lidar_medium,C4_lidar_medium,210,off,off,False,True,
1779493717.2380166,stat_pub,stat,-1,C4_lidar_medium,C4_lidar_medium,210,off,off,False,True,
1779493717.7381659,stat_pub,stat,-1,C4_lidar_medium,C4_lidar_medium,210,off,off,False,True,
1779493718.23837,stat_pub,stat,-1,C4_lidar_medium,C4_lidar_medium,208,off,off,False,True,
1779493718.738941,stat_pub,stat,-1,C4_lidar_medium,C4_lidar_medium,209,off,off,False,True,
1779493719.2393131,stat_pub,stat,-1,C4_lidar_medium,C4_lidar_medium,210,off,off,False,True,
1779493719.73975,stat_pub,stat,-1,C4_lidar_medium,C4_lidar_medium,208,off,off,False,True,
1779493720.240234,stat_pub,stat,-1,C4_lidar_medium,C4_lidar_medium,209,off,off,False,True,
1779493720.7406797,stat_pub,stat,-1,C4_lidar_medium,C4_lidar_medium,209,off,off,False,True,
1779493721.2411904,stat_pub,stat,-1,C4_lidar_medium,C4_lidar_medium,209,off,off,False,True,
1779493721.7413642,stat_pub,stat,-1,C4_lidar_medium,C4_lidar_medium,210,off,off,False,True,
1779493722.2418945,stat_pub,stat,-1,C4_lidar_medium,C4_lidar_medium,210,off,off,False,True,
1779493722.742108,stat_pub,stat,-1,C4_lidar_medium,C4_lidar_medium,209,off,off,False,True,
1779493723.242505,stat_pub,stat,-1,C4_lidar_medium,C4_lidar_medium,209,off,off,False,True,
1779493723.7431285,stat_pub,stat,-1,C4_lidar_medium,C4_lidar_medium,210,off,off,False,True,
1779493724.2433882,stat_pub,stat,-1,C4_lidar_medium,C4_lidar_medium,210,off,off,False,True,
1779493724.7437742,stat_pub,stat,-1,C4_lidar_medium,C4_lidar_medium,210,off,off,False,True,
1779493725.2443597,stat_pub,stat,-1,C4_lidar_medium,C4_lidar_medium,210,off,off,False,True,
1779493725.7444954,stat_pub,stat,-1,C4_lidar_medium,C4_lidar_medium,210,off,off,False,True,
1779493726.2447913,stat_pub,stat,-1,C4_lidar_medium,C4_lidar_medium,210,off,off,False,True,
1779493726.7449896,stat_pub,stat,-1,C4_lidar_medium,C4_lidar_medium,210,off,off,False,True,
1779493727.2453566,stat_pub,stat,-1,C4_lidar_medium,C4_lidar_medium,210,off,off,False,True,
1779493727.7457495,stat_pub,stat,-1,C4_lidar_medium,C4_lidar_medium,210,off,off,False,True,
1779493728.2465017,stat_pub,stat,-1,C4_lidar_medium,C4_lidar_medium,210,off,off,False,True,
1779493728.747022,stat_pub,stat,-1,C4_lidar_medium,C4_lidar_medium,209,off,off,False,True,
1779493729.247554,stat_pub,stat,-1,C4_lidar_medium,C4_lidar_medium,209,off,off,False,True,
1779493729.7485363,stat_pub,stat,-1,C4_lidar_medium,C4_lidar_medium,210,off,off,False,True,
1779493730.2489681,stat_pub,stat,-1,C4_lidar_medium,C4_lidar_medium,210,off,off,False,True,
1779493730.749401,stat_pub,stat,-1,C4_lidar_medium,C4_lidar_medium,209,off,off,False,True,
1779493731.249932,stat_pub,stat,-1,C4_lidar_medium,C4_lidar_medium,209,off,off,False,True,
1779493731.7504416,stat_pub,stat,-1,C4_lidar_medium,C4_lidar_medium,209,off,off,False,True,
1779493732.250994,stat_pub,stat,-1,C4_lidar_medium,C4_lidar_medium,208,off,off,False,True,
1779493732.7515001,stat_pub,stat,-1,C4_lidar_medium,C4_lidar_medium,210,off,off,False,True,
1779493733.2516332,stat_pub,stat,-1,C4_lidar_medium,C4_lidar_medium,210,off,off,False,True,
1779493733.7519538,stat_pub,stat,-1,C4_lidar_medium,C4_lidar_medium,210,off,off,False,True,
1779493734.252103,stat_pub,stat,-1,C4_lidar_medium,C4_lidar_medium,209,off,off,False,True,
1779493734.7523692,stat_pub,stat,-1,C4_lidar_medium,C4_lidar_medium,210,off,off,False,True,
1779493735.2525463,stat_pub,stat,-1,C4_lidar_medium,C4_lidar_medium,210,off,off,False,True,
1779493735.7528777,stat_pub,stat,-1,C4_lidar_medium,C4_lidar_medium,210,off,off,False,True,
1779493736.253476,stat_pub,stat,-1,C4_lidar_medium,C4_lidar_medium,209,off,off,False,True,
1779493736.7540193,stat_pub,stat,-1,C4_lidar_medium,C4_lidar_medium,210,off,off,False,True,
1779493737.2541952,stat_pub,stat,-1,C4_lidar_medium,C4_lidar_medium,210,off,off,False,True,
1779493737.7545316,stat_pub,stat,-1,C4_lidar_medium,C4_lidar_medium,210,off,off,False,True,
1779493738.254725,stat_pub,stat,-1,C4_lidar_medium,C4_lidar_medium,209,off,off,False,True,
1779493738.7548943,stat_pub,stat,-1,C4_lidar_medium,C4_lidar_medium,210,off,off,False,True,
1779493739.2551153,stat_pub,stat,-1,C4_lidar_medium,C4_lidar_medium,210,off,off,False,True,
1779493739.7553594,stat_pub,stat,-1,C4_lidar_medium,C4_lidar_medium,210,off,off,False,True,
1779493740.255672,stat_pub,stat,-1,C4_lidar_medium,C4_lidar_medium,209,off,off,False,True,
1779493740.7561955,stat_pub,stat,-1,C4_lidar_medium,C4_lidar_medium,210,off,off,False,True,
1779493741.2567878,stat_pub,stat,-1,C4_lidar_medium,C4_lidar_medium,210,off,off,False,True,
1779493741.7571998,stat_pub,stat,-1,C4_lidar_medium,C4_lidar_medium,210,off,off,False,True,
1779493742.2577593,stat_pub,stat,-1,C4_lidar_medium,C4_lidar_medium,210,off,off,False,True,
1779493742.7580628,stat_pub,stat,-1,C4_lidar_medium,C4_lidar_medium,210,off,off,False,True,
1779493743.2582436,stat_pub,stat,-1,C4_lidar_medium,C4_lidar_medium,210,off,off,False,True,
1779493743.7583714,stat_pub,stat,-1,C4_lidar_medium,C4_lidar_medium,210,off,off,False,True,
1779493744.258597,stat_pub,stat,-1,C4_lidar_medium,C4_lidar_medium,209,off,off,False,True,
1779493744.7588325,stat_pub,stat,-1,C4_lidar_medium,C4_lidar_medium,210,off,off,False,True,
1779493745.2590067,stat_pub,stat,-1,C4_lidar_medium,C4_lidar_medium,210,off,off,False,True,
1779493745.7595446,stat_pub,stat,-1,C4_lidar_medium,C4_lidar_medium,210,off,off,False,True,
1779493746.259963,stat_pub,stat,-1,C4_lidar_medium,C4_lidar_medium,209,off,off,False,True,
1779493746.76082,stat_pub,stat,-1,C4_lidar_medium,C4_lidar_medium,207,off,off,False,True,
1779493747.2612379,stat_pub,stat,-1,C4_lidar_medium,C4_lidar_medium,209,off,off,False,True,
1779493747.7617888,stat_pub,stat,-1,C4_lidar_medium,C4_lidar_medium,210,off,off,False,True,
1779493748.2619038,stat_pub,stat,-1,C4_lidar_medium,C4_lidar_medium,210,off,off,False,True,
1779493748.7623932,stat_pub,stat,-1,C4_lidar_medium,C4_lidar_medium,210,off,off,False,True,
1779493749.2629192,stat_pub,stat,-1,C4_lidar_medium,C4_lidar_medium,210,off,off,False,True,
1779493749.7633324,stat_pub,stat,-1,C4_lidar_medium,C4_lidar_medium,210,off,off,False,True,
1779493750.2676709,stat_pub,stat,-1,C4_lidar_medium,C4_lidar_medium,210,off,off,False,True,
1779493750.767631,stat_pub,stat,-1,C4_lidar_medium,C4_lidar_medium,209,off,off,False,True,
1779493751.268169,stat_pub,stat,-1,C4_lidar_medium,C4_lidar_medium,209,off,off,False,True,
1779493751.7684782,stat_pub,stat,-1,C4_lidar_medium,C4_lidar_medium,210,off,off,False,True,
1779493752.2690861,stat_pub,stat,-1,C4_lidar_medium,C4_lidar_medium,210,off,off,False,True,
1779493752.7696404,stat_pub,stat,-1,C4_lidar_medium,C4_lidar_medium,210,off,off,False,True,
1779493753.2700422,stat_pub,stat,-1,C4_lidar_medium,C4_lidar_medium,210,off,off,False,True,
1779493753.7703376,stat_pub,stat,-1,C4_lidar_medium,C4_lidar_medium,209,off,off,False,True,
1779493754.2707942,stat_pub,stat,-1,C4_lidar_medium,C4_lidar_medium,209,off,off,False,True,
1779493754.771044,stat_pub,stat,-1,C4_lidar_medium,C4_lidar_medium,208,off,off,False,True,
1779493755.271368,stat_pub,stat,-1,C4_lidar_medium,C4_lidar_medium,209,off,off,False,True,
1779493755.771479,stat_pub,stat,-1,C4_lidar_medium,C4_lidar_medium,209,off,off,False,True,
1779493756.2719295,stat_pub,stat,-1,C4_lidar_medium,C4_lidar_medium,210,off,off,False,True,
1779493756.7723503,stat_pub,stat,-1,C4_lidar_medium,C4_lidar_medium,210,off,off,False,True,
1779493757.2729077,stat_pub,stat,-1,C4_lidar_medium,C4_lidar_medium,210,off,off,False,True,
1779493757.7732654,stat_pub,stat,-1,C4_lidar_medium,C4_lidar_medium,210,off,off,False,True,
1779493758.2738564,stat_pub,stat,-1,C4_lidar_medium,C4_lidar_medium,210,off,off,False,True,
1779493758.7742858,stat_pub,stat,-1,C4_lidar_medium,C4_lidar_medium,210,off,off,False,True,
1779493759.2746477,stat_pub,stat,-1,C4_lidar_medium,C4_lidar_medium,210,off,off,False,True,
1779493759.7751853,stat_pub,stat,-1,C4_lidar_medium,C4_lidar_medium,210,off,off,False,True,
1779493760.2755787,stat_pub,stat,-1,C4_lidar_medium,C4_lidar_medium,210,off,off,False,True,
1779493760.7758205,stat_pub,stat,-1,C4_lidar_medium,C4_lidar_medium,210,off,off,False,True,
1779493761.2767234,stat_pub,stat,-1,C4_lidar_medium,C4_lidar_medium,210,off,off,False,True,
1779493761.7769308,stat_pub,stat,-1,C4_lidar_medium,C4_lidar_medium,210,off,off,False,True,
1779493762.2775528,stat_pub,stat,-1,C4_lidar_medium,C4_lidar_medium,210,off,off,False,True,
1779493762.7777834,stat_pub,stat,-1,C4_lidar_medium,C4_lidar_medium,210,off,off,False,True,
1779493763.278146,stat_pub,stat,-1,C4_lidar_medium,C4_lidar_medium,209,off,off,False,True,
1779493763.778313,stat_pub,stat,-1,C4_lidar_medium,C4_lidar_medium,209,off,off,False,True,
1779493764.2788932,stat_pub,stat,-1,C4_lidar_medium,C4_lidar_medium,210,off,off,False,True,
1779493764.779569,stat_pub,stat,-1,C4_lidar_medium,C4_lidar_medium,209,off,off,False,True,
1779493765.2798464,stat_pub,stat,-1,C4_lidar_medium,C4_lidar_medium,210,off,off,False,True,
1779493765.7802308,stat_pub,stat,-1,C4_lidar_medium,C4_lidar_medium,210,off,off,False,True,
1779493766.280644,stat_pub,stat,-1,C4_lidar_medium,C4_lidar_medium,208,off,off,False,True,
1779493766.7811558,stat_pub,stat,-1,C4_lidar_medium,C4_lidar_medium,209,off,off,False,True,
1779493767.2816317,stat_pub,stat,-1,C4_lidar_medium,C4_lidar_medium,210,off,off,False,True,
1779493767.7819057,stat_pub,stat,-1,C4_lidar_medium,C4_lidar_medium,210,off,off,False,True,
1779493768.2820659,stat_pub,stat,-1,C4_lidar_medium,C4_lidar_medium,210,off,off,False,True,
1779493768.7822812,stat_pub,stat,-1,C4_lidar_medium,C4_lidar_medium,210,off,off,False,True,
1779493769.282747,stat_pub,stat,-1,C4_lidar_medium,C4_lidar_medium,209,off,off,False,True,
1779493769.7834203,stat_pub,stat,-1,C4_lidar_medium,C4_lidar_medium,210,off,off,False,True,
1779493770.283641,stat_pub,stat,-1,C4_lidar_medium,C4_lidar_medium,209,off,off,False,True,
1779493770.7839973,stat_pub,stat,-1,C4_lidar_medium,C4_lidar_medium,210,off,off,False,True,
1779493771.2846248,stat_pub,stat,-1,C4_lidar_medium,C4_lidar_medium,210,off,off,False,True,
1779493771.7850914,stat_pub,stat,-1,C4_lidar_medium,C4_lidar_medium,210,off,off,False,True,
1779493772.285446,stat_pub,stat,-1,C4_lidar_medium,C4_lidar_medium,209,off,off,False,True,
1779493772.786011,stat_pub,stat,-1,C4_lidar_medium,C4_lidar_medium,209,off,off,False,True,
1779493773.2864807,stat_pub,stat,-1,C4_lidar_medium,C4_lidar_medium,210,off,off,False,True,
1779493773.7868426,stat_pub,stat,-1,C4_lidar_medium,C4_lidar_medium,210,off,off,False,True,
1779493774.2873242,stat_pub,stat,-1,C4_lidar_medium,C4_lidar_medium,210,off,off,False,True,
1779493774.7878866,stat_pub,stat,-1,C4_lidar_medium,C4_lidar_medium,210,off,off,False,True,
1779493775.2882073,stat_pub,stat,-1,C4_lidar_medium,C4_lidar_medium,210,off,off,False,True,
1779493775.7885585,stat_pub,stat,-1,C4_lidar_medium,C4_lidar_medium,210,off,off,False,True,
1779493776.2890213,stat_pub,stat,-1,C4_lidar_medium,C4_lidar_medium,210,off,off,False,True,
1779493776.7891839,stat_pub,stat,-1,C4_lidar_medium,C4_lidar_medium,210,off,off,False,True,
1779493777.289329,stat_pub,stat,-1,C4_lidar_medium,C4_lidar_medium,209,off,off,False,True,
1779493777.7897213,stat_pub,stat,-1,C4_lidar_medium,C4_lidar_medium,210,off,off,False,True,
1779493778.290181,stat_pub,stat,-1,C4_lidar_medium,C4_lidar_medium,209,off,off,False,True,
1779493778.7907734,stat_pub,stat,-1,C4_lidar_medium,C4_lidar_medium,208,off,off,False,True,
1779493779.2911613,stat_pub,stat,-1,C4_lidar_medium,C4_lidar_medium,208,off,off,False,True,
1779493779.791367,stat_pub,stat,-1,C4_lidar_medium,C4_lidar_medium,209,off,off,False,True,
1779493780.2919395,stat_pub,stat,-1,C4_lidar_medium,C4_lidar_medium,210,off,off,False,True,
1779493780.7925494,stat_pub,stat,-1,C4_lidar_medium,C4_lidar_medium,210,off,off,False,True,
1779493781.2927518,stat_pub,stat,-1,C4_lidar_medium,C4_lidar_medium,210,off,off,False,True,
1779493781.7931416,stat_pub,stat,-1,C4_lidar_medium,C4_lidar_medium,210,off,off,False,True,
1779493782.2934732,stat_pub,stat,-1,C4_lidar_medium,C4_lidar_medium,210,off,off,False,True,
1779493782.7942083,stat_pub,stat,-1,C4_lidar_medium,C4_lidar_medium,210,off,off,False,True,
1779493783.2946157,stat_pub,stat,-1,C4_lidar_medium,C4_lidar_medium,210,off,off,False,True,
1779493783.7948887,stat_pub,stat,-1,C4_lidar_medium,C4_lidar_medium,210,off,off,False,True,
1779493784.2952604,stat_pub,stat,-1,C4_lidar_medium,C4_lidar_medium,210,off,off,False,True,
1779493784.7955153,stat_pub,stat,-1,C4_lidar_medium,C4_lidar_medium,210,off,off,False,True,
1779493785.2963762,stat_pub,stat,-1,C4_lidar_medium,C4_lidar_medium,210,off,off,False,True,
1779493785.79687,stat_pub,stat,-1,C4_lidar_medium,C4_lidar_medium,208,off,off,False,True,
1779493786.2972193,stat_pub,stat,-1,C4_lidar_medium,C4_lidar_medium,210,off,off,False,True,
1779493786.797621,stat_pub,stat,-1,C4_lidar_medium,C4_lidar_medium,209,off,off,False,True,
1779493787.2981858,stat_pub,stat,-1,C4_lidar_medium,C4_lidar_medium,210,off,off,False,True,
1779493787.7985137,stat_pub,stat,-1,C4_lidar_medium,C4_lidar_medium,210,off,off,False,True,
1779493788.2987778,stat_pub,stat,-1,C4_lidar_medium,C4_lidar_medium,210,off,off,False,True,
1779493788.79895,stat_pub,stat,-1,C4_lidar_medium,C4_lidar_medium,208,off,off,False,True,
1779493789.2995157,stat_pub,stat,-1,C4_lidar_medium,C4_lidar_medium,210,off,off,False,True,
1779493789.7999346,stat_pub,stat,-1,C4_lidar_medium,C4_lidar_medium,210,off,off,False,True,
1779493790.300416,stat_pub,stat,-1,C4_lidar_medium,C4_lidar_medium,208,off,off,False,True,
1779493790.8005815,stat_pub,stat,-1,C4_lidar_medium,C4_lidar_medium,209,off,off,False,True,
1779493791.300993,stat_pub,stat,-1,C4_lidar_medium,C4_lidar_medium,208,off,off,False,True,
1779493791.8016074,stat_pub,stat,-1,C4_lidar_medium,C4_lidar_medium,210,off,off,False,True,
1779493792.3019218,stat_pub,stat,-1,C4_lidar_medium,C4_lidar_medium,210,off,off,False,True,
1779493792.8025877,stat_pub,stat,-1,C4_lidar_medium,C4_lidar_medium,210,off,off,False,True,
1779493793.3030355,stat_pub,stat,-1,C4_lidar_medium,C4_lidar_medium,210,off,off,False,True,
1779493793.8032155,stat_pub,stat,-1,C4_lidar_medium,C4_lidar_medium,210,off,off,False,True,
1779493794.303714,stat_pub,stat,-1,C4_lidar_medium,C4_lidar_medium,209,off,off,False,True,
1779493794.8041127,stat_pub,stat,-1,C4_lidar_medium,C4_lidar_medium,210,off,off,False,True,
1779493795.304494,stat_pub,stat,-1,C4_lidar_medium,C4_lidar_medium,209,off,off,False,True,
1779493795.804867,stat_pub,stat,-1,C4_lidar_medium,C4_lidar_medium,209,off,off,False,True,
1779493796.3050623,stat_pub,stat,-1,C4_lidar_medium,C4_lidar_medium,210,off,off,False,True,
1779493796.8052473,stat_pub,stat,-1,C4_lidar_medium,C4_lidar_medium,210,off,off,False,True,
1779493797.3058162,stat_pub,stat,-1,C4_lidar_medium,C4_lidar_medium,210,off,off,False,True,
1779493797.8060603,stat_pub,stat,-1,C4_lidar_medium,C4_lidar_medium,210,off,off,False,True,
1779493798.3066165,stat_pub,stat,-1,C4_lidar_medium,C4_lidar_medium,210,off,off,False,True,
1779493798.807171,stat_pub,stat,-1,C4_lidar_medium,C4_lidar_medium,209,off,off,False,True,
1779493799.3077643,stat_pub,stat,-1,C4_lidar_medium,C4_lidar_medium,210,off,off,False,True,
1779493799.8079638,stat_pub,stat,-1,C4_lidar_medium,C4_lidar_medium,210,off,off,False,True,
1779493800.308507,stat_pub,stat,-1,C4_lidar_medium,C4_lidar_medium,209,off,off,False,True,
1779493800.808705,stat_pub,stat,-1,C4_lidar_medium,C4_lidar_medium,209,off,off,False,True,
1779493801.309062,stat_pub,stat,-1,C4_lidar_medium,C4_lidar_medium,209,off,off,False,True,
1779493801.8091743,stat_pub,stat,-1,C4_lidar_medium,C4_lidar_medium,210,off,off,False,True,
1779493802.3095148,stat_pub,stat,-1,C4_lidar_medium,C4_lidar_medium,210,off,off,False,True,
1779493802.8100579,stat_pub,stat,-1,C4_lidar_medium,C4_lidar_medium,210,off,off,False,True,
1779493803.3106222,stat_pub,stat,-1,C4_lidar_medium,C4_lidar_medium,209,off,off,False,True,
1779493803.810853,stat_pub,stat,-1,C4_lidar_medium,C4_lidar_medium,208,off,off,False,True,
1779493804.3110468,stat_pub,stat,-1,C4_lidar_medium,C4_lidar_medium,209,off,off,False,True,
1779493804.8111918,stat_pub,stat,-1,C4_lidar_medium,C4_lidar_medium,209,off,off,False,True,
1779493805.3115566,stat_pub,stat,-1,C4_lidar_medium,C4_lidar_medium,210,off,off,False,True,
1779493805.8120859,stat_pub,stat,-1,C4_lidar_medium,C4_lidar_medium,210,off,off,False,True,
1779493806.3123803,stat_pub,stat,-1,C4_lidar_medium,C4_lidar_medium,210,off,off,False,True,
1779493806.8127434,stat_pub,stat,-1,C4_lidar_medium,C4_lidar_medium,210,off,off,False,True,
1779493807.3131294,stat_pub,stat,-1,C4_lidar_medium,C4_lidar_medium,210,off,off,False,True,
1779493807.8134403,stat_pub,stat,-1,C4_lidar_medium,C4_lidar_medium,210,off,off,False,True,
1779493808.3136358,stat_pub,stat,-1,C4_lidar_medium,C4_lidar_medium,210,off,off,False,True,
1779493808.814171,stat_pub,stat,-1,C4_lidar_medium,C4_lidar_medium,209,off,off,False,True,
1779493809.314619,stat_pub,stat,-1,C4_lidar_medium,C4_lidar_medium,209,off,off,False,True,
1779493809.8152847,stat_pub,stat,-1,C4_lidar_medium,C4_lidar_medium,210,off,off,False,True,
1779493810.3157823,stat_pub,stat,-1,C4_lidar_medium,C4_lidar_medium,210,off,off,False,True,
1779493810.8159318,stat_pub,stat,-1,C4_lidar_medium,C4_lidar_medium,210,off,off,False,True,
1779493811.316362,stat_pub,stat,-1,C4_lidar_medium,C4_lidar_medium,209,off,off,False,True,
1779493811.8166795,stat_pub,stat,-1,C4_lidar_medium,C4_lidar_medium,210,off,off,False,True,
1779493812.3171184,stat_pub,stat,-1,C4_lidar_medium,C4_lidar_medium,210,off,off,False,True,
1779493812.8172698,stat_pub,stat,-1,C4_lidar_medium,C4_lidar_medium,210,off,off,False,True,
1779493813.3174386,stat_pub,stat,-1,C4_lidar_medium,C4_lidar_medium,210,off,off,False,True,
1779493813.8180177,stat_pub,stat,-1,C4_lidar_medium,C4_lidar_medium,210,off,off,False,True,
1779493814.3185868,stat_pub,stat,-1,C4_lidar_medium,C4_lidar_medium,210,off,off,False,True,
1779493814.8187664,stat_pub,stat,-1,C4_lidar_medium,C4_lidar_medium,210,off,off,False,True,
1779493815.31914,stat_pub,stat,-1,C4_lidar_medium,C4_lidar_medium,208,off,off,False,True,
1779493815.8196712,stat_pub,stat,-1,C4_lidar_medium,C4_lidar_medium,210,off,off,False,True,
1779493816.3198748,stat_pub,stat,-1,C4_lidar_medium,C4_lidar_medium,210,off,off,False,True,
1779493816.8201687,stat_pub,stat,-1,C4_lidar_medium,C4_lidar_medium,210,off,off,False,True,
1779493817.3204541,stat_pub,stat,-1,C4_lidar_medium,C4_lidar_medium,209,off,off,False,True,
1779493817.820666,stat_pub,stat,-1,C4_lidar_medium,C4_lidar_medium,208,off,off,False,True,
1779493818.3211718,stat_pub,stat,-1,C4_lidar_medium,C4_lidar_medium,209,off,off,False,True,
1779493818.8213358,stat_pub,stat,-1,C4_lidar_medium,C4_lidar_medium,210,off,off,False,True,
1779493819.3216944,stat_pub,stat,-1,C4_lidar_medium,C4_lidar_medium,210,off,off,False,True,
1779493819.8222723,stat_pub,stat,-1,C4_lidar_medium,C4_lidar_medium,210,off,off,False,True,
1779493820.3225343,stat_pub,stat,-1,C4_lidar_medium,C4_lidar_medium,210,off,off,False,True,
1779493820.8229825,stat_pub,stat,-1,C4_lidar_medium,C4_lidar_medium,210,off,off,False,True,
1779493821.3235137,stat_pub,stat,-1,C4_lidar_medium,C4_lidar_medium,210,off,off,False,True,
1779493821.823797,stat_pub,stat,-1,C4_lidar_medium,C4_lidar_medium,209,off,off,False,True,
1779493822.3241656,stat_pub,stat,-1,C4_lidar_medium,C4_lidar_medium,210,off,off,False,True,
1779493822.824717,stat_pub,stat,-1,C4_lidar_medium,C4_lidar_medium,209,off,off,False,True,
1779493823.3251107,stat_pub,stat,-1,C4_lidar_medium,C4_lidar_medium,210,off,off,False,True,
1779493823.8253915,stat_pub,stat,-1,C4_lidar_medium,C4_lidar_medium,210,off,off,False,True,
1779493824.3261294,stat_pub,stat,-1,C4_lidar_medium,C4_lidar_medium,210,off,off,False,True,
1779493824.8263204,stat_pub,stat,-1,C4_lidar_medium,C4_lidar_medium,210,off,off,False,True,
1779493825.3267317,stat_pub,stat,-1,C4_lidar_medium,C4_lidar_medium,210,off,off,False,True,
1779493825.827198,stat_pub,stat,-1,C4_lidar_medium,C4_lidar_medium,209,off,off,False,True,
1779493826.3283355,stat_pub,stat,-1,C4_lidar_medium,C4_lidar_medium,210,off,off,False,True,
1779493826.8290699,stat_pub,stat,-1,C4_lidar_medium,C4_lidar_medium,210,off,off,False,True,
1779493827.3293858,stat_pub,stat,-1,C4_lidar_medium,C4_lidar_medium,210,off,off,False,True,
1779493827.8296545,stat_pub,stat,-1,C4_lidar_medium,C4_lidar_medium,210,off,off,False,True,
1779493828.3297539,stat_pub,stat,-1,C4_lidar_medium,C4_lidar_medium,210,off,off,False,True,
1779493828.8302727,stat_pub,stat,-1,C4_lidar_medium,C4_lidar_medium,210,off,off,False,True,
1779493829.330588,stat_pub,stat,-1,C4_lidar_medium,C4_lidar_medium,208,off,off,False,True,
1779493829.8309429,stat_pub,stat,-1,C4_lidar_medium,C4_lidar_medium,209,off,off,False,True,
1779493830.3314774,stat_pub,stat,-1,C4_lidar_medium,C4_lidar_medium,210,off,off,False,True,
1779493830.8318782,stat_pub,stat,-1,C4_lidar_medium,C4_lidar_medium,210,off,off,False,True,
1779493831.3323693,stat_pub,stat,-1,C4_lidar_medium,C4_lidar_medium,210,off,off,False,True,
1779493831.833055,stat_pub,stat,-1,C4_lidar_medium,C4_lidar_medium,209,off,off,False,True,
1779493832.3335624,stat_pub,stat,-1,C4_lidar_medium,C4_lidar_medium,210,off,off,False,True,
1779493832.834179,stat_pub,stat,-1,C4_lidar_medium,C4_lidar_medium,209,off,off,False,True,
1779493833.3346503,stat_pub,stat,-1,C4_lidar_medium,C4_lidar_medium,210,off,off,False,True,
1779493833.8349473,stat_pub,stat,-1,C4_lidar_medium,C4_lidar_medium,210,off,off,False,True,
1779493834.335284,stat_pub,stat,-1,C4_lidar_medium,C4_lidar_medium,209,off,off,False,True,
1779493834.8357298,stat_pub,stat,-1,C4_lidar_medium,C4_lidar_medium,210,off,off,False,True,
1779493835.336228,stat_pub,stat,-1,C4_lidar_medium,C4_lidar_medium,209,off,off,False,True,
1779493835.836763,stat_pub,stat,-1,C4_lidar_medium,C4_lidar_medium,209,off,off,False,True,
1779493836.337157,stat_pub,stat,-1,C4_lidar_medium,C4_lidar_medium,209,off,off,False,True,
1779493836.837654,stat_pub,stat,-1,C4_lidar_medium,C4_lidar_medium,209,off,off,False,True,
1779493837.338069,stat_pub,stat,-1,C4_lidar_medium,C4_lidar_medium,209,off,off,False,True,
1779493837.8384511,stat_pub,stat,-1,C4_lidar_medium,C4_lidar_medium,210,off,off,False,True,
1779493838.338925,stat_pub,stat,-1,C4_lidar_medium,C4_lidar_medium,209,off,off,False,True,
1779493838.8392675,stat_pub,stat,-1,C4_lidar_medium,C4_lidar_medium,210,off,off,False,True,
1779493839.3397179,stat_pub,stat,-1,C4_lidar_medium,C4_lidar_medium,210,off,off,False,True,
1779493839.8398907,stat_pub,stat,-1,C4_lidar_medium,C4_lidar_medium,210,off,off,False,True,
1779493840.340005,stat_pub,stat,-1,C4_lidar_medium,C4_lidar_medium,209,off,off,False,True,
1779493840.8403213,stat_pub,stat,-1,C4_lidar_medium,C4_lidar_medium,209,off,off,False,True,
1779493841.3407822,stat_pub,stat,-1,C4_lidar_medium,C4_lidar_medium,209,off,off,False,True,
1779493841.8408668,stat_pub,stat,-1,C4_lidar_medium,C4_lidar_medium,209,off,off,False,True,
1779493842.3410459,stat_pub,stat,-1,C4_lidar_medium,C4_lidar_medium,209,off,off,False,True,
1779493842.841147,stat_pub,stat,-1,C4_lidar_medium,C4_lidar_medium,208,off,off,False,True,
1779493843.3415039,stat_pub,stat,-1,C4_lidar_medium,C4_lidar_medium,210,off,off,False,True,
1779493843.8420017,stat_pub,stat,-1,C4_lidar_medium,C4_lidar_medium,210,off,off,False,True,
1779493844.3425682,stat_pub,stat,-1,C4_lidar_medium,C4_lidar_medium,210,off,off,False,True,
1779493844.8432765,stat_pub,stat,-1,C4_lidar_medium,C4_lidar_medium,210,off,off,False,True,
1779493845.3436904,stat_pub,stat,-1,C4_lidar_medium,C4_lidar_medium,210,off,off,False,True,
1779493845.8441486,stat_pub,stat,-1,C4_lidar_medium,C4_lidar_medium,210,off,off,False,True,
1779493846.3442647,stat_pub,stat,-1,C4_lidar_medium,C4_lidar_medium,210,off,off,False,True,
1779493846.844747,stat_pub,stat,-1,C4_lidar_medium,C4_lidar_medium,209,off,off,False,True,
1779493847.3450813,stat_pub,stat,-1,C4_lidar_medium,C4_lidar_medium,210,off,off,False,True,
1779493847.8456602,stat_pub,stat,-1,C4_lidar_medium,C4_lidar_medium,210,off,off,False,True,
1779493848.3459435,stat_pub,stat,-1,C4_lidar_medium,C4_lidar_medium,210,off,off,False,True,
1779493848.8463867,stat_pub,stat,-1,C4_lidar_medium,C4_lidar_medium,210,off,off,False,True,
1779493849.3469496,stat_pub,stat,-1,C4_lidar_medium,C4_lidar_medium,210,off,off,False,True,
1779493849.8470678,stat_pub,stat,-1,C4_lidar_medium,C4_lidar_medium,210,off,off,False,True,
1779493850.3472502,stat_pub,stat,-1,C4_lidar_medium,C4_lidar_medium,210,off,off,False,True,
1779493850.8476741,stat_pub,stat,-1,C4_lidar_medium,C4_lidar_medium,210,off,off,False,True,
1779493851.3482573,stat_pub,stat,-1,C4_lidar_medium,C4_lidar_medium,210,off,off,False,True,
1779493851.8483753,stat_pub,stat,-1,C4_lidar_medium,C4_lidar_medium,210,off,off,False,True,
1779493852.3488352,stat_pub,stat,-1,C4_lidar_medium,C4_lidar_medium,210,off,off,False,True,
1779493852.849077,stat_pub,stat,-1,C4_lidar_medium,C4_lidar_medium,209,off,off,False,True,
1779493853.349227,stat_pub,stat,-1,C4_lidar_medium,C4_lidar_medium,209,off,off,False,True,
1779493853.8496616,stat_pub,stat,-1,C4_lidar_medium,C4_lidar_medium,210,off,off,False,True,
1779493854.3500147,stat_pub,stat,-1,C4_lidar_medium,C4_lidar_medium,210,off,off,False,True,
1779493854.850425,stat_pub,stat,-1,C4_lidar_medium,C4_lidar_medium,208,off,off,False,True,
1779493855.3508987,stat_pub,stat,-1,C4_lidar_medium,C4_lidar_medium,209,off,off,False,True,
1779493855.8512747,stat_pub,stat,-1,C4_lidar_medium,C4_lidar_medium,209,off,off,False,True,
1779493856.351609,stat_pub,stat,-1,C4_lidar_medium,C4_lidar_medium,209,off,off,False,True,
1779493856.8523686,stat_pub,stat,-1,C4_lidar_medium,C4_lidar_medium,210,off,off,False,True,
1779493857.3527284,stat_pub,stat,-1,C4_lidar_medium,C4_lidar_medium,210,off,off,False,True,
1779493857.8530006,stat_pub,stat,-1,C4_lidar_medium,C4_lidar_medium,210,off,off,False,True,
1779493858.3533444,stat_pub,stat,-1,C4_lidar_medium,C4_lidar_medium,210,off,off,False,True,
1779493858.853871,stat_pub,stat,-1,C4_lidar_medium,C4_lidar_medium,209,off,off,False,True,
1779493859.3542647,stat_pub,stat,-1,C4_lidar_medium,C4_lidar_medium,210,off,off,False,True,
1779493859.8547592,stat_pub,stat,-1,C4_lidar_medium,C4_lidar_medium,210,off,off,False,True,
1779493860.355306,stat_pub,stat,-1,C4_lidar_medium,C4_lidar_medium,209,off,off,False,True,
1779493860.8555284,stat_pub,stat,-1,C4_lidar_medium,C4_lidar_medium,210,off,off,False,True,
1779493861.3556385,stat_pub,stat,-1,C4_lidar_medium,C4_lidar_medium,210,off,off,False,True,
1779493861.8561969,stat_pub,stat,-1,C4_lidar_medium,C4_lidar_medium,210,off,off,False,True,
1779493862.3570397,stat_pub,stat,-1,C4_lidar_medium,C4_lidar_medium,210,off,off,False,True,
1779493862.8572066,stat_pub,stat,-1,C4_lidar_medium,C4_lidar_medium,210,off,off,False,True,
1779493863.357505,stat_pub,stat,-1,C4_lidar_medium,C4_lidar_medium,209,off,off,False,True,
1779493863.8583674,stat_pub,stat,-1,C4_lidar_medium,C4_lidar_medium,210,off,off,False,True,
1779493864.3585901,stat_pub,stat,-1,C4_lidar_medium,C4_lidar_medium,210,off,off,False,True,
1779493864.8588617,stat_pub,stat,-1,C4_lidar_medium,C4_lidar_medium,210,off,off,False,True,
1779493865.3590205,stat_pub,stat,-1,C4_lidar_medium,C4_lidar_medium,210,off,off,False,True,
1779493865.8593524,stat_pub,stat,-1,C4_lidar_medium,C4_lidar_medium,210,off,off,False,True,
1779493866.360131,stat_pub,stat,-1,C4_lidar_medium,C4_lidar_medium,209,off,off,False,True,
1779493866.8611357,stat_pub,stat,-1,C4_lidar_medium,C4_lidar_medium,209,off,off,False,True,
1779493867.3618598,stat_pub,stat,-1,C4_lidar_medium,C4_lidar_medium,210,off,off,False,True,
1779493867.86249,stat_pub,stat,-1,C4_lidar_medium,C4_lidar_medium,208,off,off,False,True,
1779493868.3630745,stat_pub,stat,-1,C4_lidar_medium,C4_lidar_medium,210,off,off,False,True,
1779493868.8633187,stat_pub,stat,-1,C4_lidar_medium,C4_lidar_medium,210,off,off,False,True,
1779493869.3634303,stat_pub,stat,-1,C4_lidar_medium,C4_lidar_medium,210,off,off,False,True,
1779493869.8642316,stat_pub,stat,-1,C4_lidar_medium,C4_lidar_medium,210,off,off,False,True,
1779493870.3644385,stat_pub,stat,-1,C4_lidar_medium,C4_lidar_medium,210,off,off,False,True,
1779493870.8646066,stat_pub,stat,-1,C4_lidar_medium,C4_lidar_medium,210,off,off,False,True,
1779493871.3649254,stat_pub,stat,-1,C4_lidar_medium,C4_lidar_medium,210,off,off,False,True,
1779493871.8653328,stat_pub,stat,-1,C4_lidar_medium,C4_lidar_medium,210,off,off,False,True,
1779493872.3656075,stat_pub,stat,-1,C4_lidar_medium,C4_lidar_medium,210,off,off,False,True,
1779493872.8658333,stat_pub,stat,-1,C4_lidar_medium,C4_lidar_medium,210,off,off,False,True,
1779493873.3661199,stat_pub,stat,-1,C4_lidar_medium,C4_lidar_medium,210,off,off,False,True,
1779493873.8668618,stat_pub,stat,-1,C4_lidar_medium,C4_lidar_medium,210,off,off,False,True,
1779493874.3673925,stat_pub,stat,-1,C4_lidar_medium,C4_lidar_medium,210,off,off,False,True,
1779493874.8678288,stat_pub,stat,-1,C4_lidar_medium,C4_lidar_medium,210,off,off,False,True,
1779493875.3681312,stat_pub,stat,-1,C4_lidar_medium,C4_lidar_medium,210,off,off,False,True,
1779493875.868522,stat_pub,stat,-1,C4_lidar_medium,C4_lidar_medium,209,off,off,False,True,
1779493876.3689306,stat_pub,stat,-1,C4_lidar_medium,C4_lidar_medium,210,off,off,False,True,
1779493876.8693864,stat_pub,stat,-1,C4_lidar_medium,C4_lidar_medium,210,off,off,False,True,
1779493877.369627,stat_pub,stat,-1,C4_lidar_medium,C4_lidar_medium,209,off,off,False,True,
1779493877.8702133,stat_pub,stat,-1,C4_lidar_medium,C4_lidar_medium,210,off,off,False,True,
1779493878.3707597,stat_pub,stat,-1,C4_lidar_medium,C4_lidar_medium,209,off,off,False,True,
1779493878.8710375,stat_pub,stat,-1,C4_lidar_medium,C4_lidar_medium,209,off,off,False,True,
1779493879.3713129,stat_pub,stat,-1,C4_lidar_medium,C4_lidar_medium,210,off,off,False,True,
1779493879.8714204,stat_pub,stat,-1,C4_lidar_medium,C4_lidar_medium,210,off,off,False,True,
1779493880.371731,stat_pub,stat,-1,C4_lidar_medium,C4_lidar_medium,209,off,off,False,True,
1779493880.871853,stat_pub,stat,-1,C4_lidar_medium,C4_lidar_medium,209,off,off,False,True,
1779493881.372303,stat_pub,stat,-1,C4_lidar_medium,C4_lidar_medium,209,off,off,False,True,
1779493881.872885,stat_pub,stat,-1,C4_lidar_medium,C4_lidar_medium,209,off,off,False,True,
1779493882.3734033,stat_pub,stat,-1,C4_lidar_medium,C4_lidar_medium,210,off,off,False,True,
1779493882.8737533,stat_pub,stat,-1,C4_lidar_medium,C4_lidar_medium,210,off,off,False,True,
1779493883.3739846,stat_pub,stat,-1,C4_lidar_medium,C4_lidar_medium,210,off,off,False,True,
1779493883.8741357,stat_pub,stat,-1,C4_lidar_medium,C4_lidar_medium,210,off,off,False,True,
1779493884.3742895,stat_pub,stat,-1,C4_lidar_medium,C4_lidar_medium,210,off,off,False,True,
1779493884.8746843,stat_pub,stat,-1,C4_lidar_medium,C4_lidar_medium,210,off,off,False,True,
1779493885.3753765,stat_pub,stat,-1,C4_lidar_medium,C4_lidar_medium,210,off,off,False,True,
1779493885.875523,stat_pub,stat,-1,C4_lidar_medium,C4_lidar_medium,209,off,off,False,True,
1779493886.3760545,stat_pub,stat,-1,C4_lidar_medium,C4_lidar_medium,210,off,off,False,True,
1779493886.8762755,stat_pub,stat,-1,C4_lidar_medium,C4_lidar_medium,210,off,off,False,True,
1779493887.3765068,stat_pub,stat,-1,C4_lidar_medium,C4_lidar_medium,210,off,off,False,True,
1779493887.8770597,stat_pub,stat,-1,C4_lidar_medium,C4_lidar_medium,210,off,off,False,True,
1779493888.3773394,stat_pub,stat,-1,C4_lidar_medium,C4_lidar_medium,210,off,off,False,True,
1779493888.8775532,stat_pub,stat,-1,C4_lidar_medium,C4_lidar_medium,210,off,off,False,True,
1779493889.3779147,stat_pub,stat,-1,C4_lidar_medium,C4_lidar_medium,210,off,off,False,True,
1779493889.8783221,stat_pub,stat,-1,C4_lidar_medium,C4_lidar_medium,210,off,off,False,True,
1779493890.3786013,stat_pub,stat,-1,C4_lidar_medium,C4_lidar_medium,210,off,off,False,True,
1779493890.8791947,stat_pub,stat,-1,C4_lidar_medium,C4_lidar_medium,210,off,off,False,True,
1779493891.3795877,stat_pub,stat,-1,C4_lidar_medium,C4_lidar_medium,210,off,off,False,True,
1779493891.8800824,stat_pub,stat,-1,C4_lidar_medium,C4_lidar_medium,210,off,off,False,True,
1779493892.3802688,stat_pub,stat,-1,C4_lidar_medium,C4_lidar_medium,210,off,off,False,True,
1779493892.8808773,stat_pub,stat,-1,C4_lidar_medium,C4_lidar_medium,209,off,off,False,True,
1779493893.3810816,stat_pub,stat,-1,C4_lidar_medium,C4_lidar_medium,209,off,off,False,True,
1779493893.8812895,stat_pub,stat,-1,C4_lidar_medium,C4_lidar_medium,210,off,off,False,True,
1779493894.3817031,stat_pub,stat,-1,C4_lidar_medium,C4_lidar_medium,210,off,off,False,True,
1779493894.8819456,stat_pub,stat,-1,C4_lidar_medium,C4_lidar_medium,210,off,off,False,True,
1779493895.382466,stat_pub,stat,-1,C4_lidar_medium,C4_lidar_medium,209,off,off,False,True,
1779493895.882707,stat_pub,stat,-1,C4_lidar_medium,C4_lidar_medium,209,off,off,False,True,
1779493896.3829896,stat_pub,stat,-1,C4_lidar_medium,C4_lidar_medium,210,off,off,False,True,
1779493896.883162,stat_pub,stat,-1,C4_lidar_medium,C4_lidar_medium,209,off,off,False,True,
1779493897.3836162,stat_pub,stat,-1,C4_lidar_medium,C4_lidar_medium,210,off,off,False,True,
1779493897.8841736,stat_pub,stat,-1,C4_lidar_medium,C4_lidar_medium,210,off,off,False,True,
1779493898.3845649,stat_pub,stat,-1,C4_lidar_medium,C4_lidar_medium,210,off,off,False,True,
1779493898.8852365,stat_pub,stat,-1,C4_lidar_medium,C4_lidar_medium,210,off,off,False,True,
1779493899.3853767,stat_pub,stat,-1,C4_lidar_medium,C4_lidar_medium,210,off,off,False,True,
1779493899.8869658,stat_pub,stat,-1,C4_lidar_medium,C4_lidar_medium,210,off,off,False,True,
1779493900.3877165,stat_pub,stat,-1,C4_lidar_medium,C4_lidar_medium,210,off,off,False,True,
1779493900.8880978,stat_pub,stat,-1,C4_lidar_medium,C4_lidar_medium,210,off,off,False,True,
1779493901.3883805,stat_pub,stat,-1,C4_lidar_medium,C4_lidar_medium,210,off,off,False,True,
1779493901.888822,stat_pub,stat,-1,C4_lidar_medium,C4_lidar_medium,209,off,off,False,True,
1779493902.389322,stat_pub,stat,-1,C4_lidar_medium,C4_lidar_medium,209,off,off,False,True,
1779493902.8895068,stat_pub,stat,-1,C4_lidar_medium,C4_lidar_medium,210,off,off,False,True,
1779493903.3899362,stat_pub,stat,-1,C4_lidar_medium,C4_lidar_medium,210,off,off,False,True,
1779493903.8902602,stat_pub,stat,-1,C4_lidar_medium,C4_lidar_medium,210,off,off,False,True,
1779493904.3905723,stat_pub,stat,-1,C4_lidar_medium,C4_lidar_medium,208,off,off,False,True,
1779493904.8907626,stat_pub,stat,-1,C4_lidar_medium,C4_lidar_medium,208,off,off,False,True,
1779493905.3911839,stat_pub,stat,-1,C4_lidar_medium,C4_lidar_medium,208,off,off,False,True,
1779493905.8912868,stat_pub,stat,-1,C4_lidar_medium,C4_lidar_medium,210,off,off,False,True,
1779493906.3914776,stat_pub,stat,-1,C4_lidar_medium,C4_lidar_medium,210,off,off,False,True,
1779493906.8920724,stat_pub,stat,-1,C4_lidar_medium,C4_lidar_medium,210,off,off,False,True,
1779493907.392245,stat_pub,stat,-1,C4_lidar_medium,C4_lidar_medium,209,off,off,False,True,
1779493907.8924968,stat_pub,stat,-1,C4_lidar_medium,C4_lidar_medium,210,off,off,False,True,
1779493908.3928604,stat_pub,stat,-1,C4_lidar_medium,C4_lidar_medium,210,off,off,False,True,
1779493908.8935382,stat_pub,stat,-1,C4_lidar_medium,C4_lidar_medium,210,off,off,False,True,
1779493909.3939457,stat_pub,stat,-1,C4_lidar_medium,C4_lidar_medium,210,off,off,False,True,
1779493909.8942707,stat_pub,stat,-1,C4_lidar_medium,C4_lidar_medium,210,off,off,False,True,
1779493910.3946164,stat_pub,stat,-1,C4_lidar_medium,C4_lidar_medium,210,off,off,False,True,
1779493910.895186,stat_pub,stat,-1,C4_lidar_medium,C4_lidar_medium,209,off,off,False,True,
1779493911.3954465,stat_pub,stat,-1,C4_lidar_medium,C4_lidar_medium,210,off,off,False,True,
1779493911.8958569,stat_pub,stat,-1,C4_lidar_medium,C4_lidar_medium,210,off,off,False,True,
1779493912.396192,stat_pub,stat,-1,C4_lidar_medium,C4_lidar_medium,209,off,off,False,True,
1779493912.8967543,stat_pub,stat,-1,C4_lidar_medium,C4_lidar_medium,210,off,off,False,True,
1779493913.3973198,stat_pub,stat,-1,C4_lidar_medium,C4_lidar_medium,210,off,off,False,True,
1779493913.8974378,stat_pub,stat,-1,C4_lidar_medium,C4_lidar_medium,210,off,off,False,True,
1779493914.3981087,stat_pub,stat,-1,C4_lidar_medium,C4_lidar_medium,210,off,off,False,True,
1779493914.898293,stat_pub,stat,-1,C4_lidar_medium,C4_lidar_medium,209,off,off,False,True,
1779493915.3984025,stat_pub,stat,-1,C4_lidar_medium,C4_lidar_medium,210,off,off,False,True,
1779493915.8986497,stat_pub,stat,-1,C4_lidar_medium,C4_lidar_medium,210,off,off,False,True,
1779493916.3992124,stat_pub,stat,-1,C4_lidar_medium,C4_lidar_medium,210,off,off,False,True,
1779493916.899383,stat_pub,stat,-1,C4_lidar_medium,C4_lidar_medium,209,off,off,False,True,
1779493917.3998718,stat_pub,stat,-1,C4_lidar_medium,C4_lidar_medium,210,off,off,False,True,
1779493917.900313,stat_pub,stat,-1,C4_lidar_medium,C4_lidar_medium,208,off,off,False,True,
1779493918.4009514,stat_pub,stat,-1,C4_lidar_medium,C4_lidar_medium,209,off,off,False,True,
1779493918.9014044,stat_pub,stat,-1,C4_lidar_medium,C4_lidar_medium,210,off,off,False,True,
1779493919.401854,stat_pub,stat,-1,C4_lidar_medium,C4_lidar_medium,209,off,off,False,True,
1779493919.90217,stat_pub,stat,-1,C4_lidar_medium,C4_lidar_medium,208,off,off,False,True,
1779493920.4026413,stat_pub,stat,-1,C4_lidar_medium,C4_lidar_medium,210,off,off,False,True,
1779493920.9029279,stat_pub,stat,-1,C4_lidar_medium,C4_lidar_medium,210,off,off,False,True,
1779493921.4031105,stat_pub,stat,-1,C4_lidar_medium,C4_lidar_medium,210,off,off,False,True,
1779493921.903594,stat_pub,stat,-1,C4_lidar_medium,C4_lidar_medium,209,off,off,False,True,
1779493922.4039385,stat_pub,stat,-1,C4_lidar_medium,C4_lidar_medium,210,off,off,False,True,
1779493922.9043477,stat_pub,stat,-1,C4_lidar_medium,C4_lidar_medium,210,off,off,False,True,
1779493923.4049687,stat_pub,stat,-1,C4_lidar_medium,C4_lidar_medium,210,off,off,False,True,
1779493923.905495,stat_pub,stat,-1,C4_lidar_medium,C4_lidar_medium,209,off,off,False,True,
1779493924.4056373,stat_pub,stat,-1,C4_lidar_medium,C4_lidar_medium,210,off,off,False,True,
1779493924.9059992,stat_pub,stat,-1,C4_lidar_medium,C4_lidar_medium,210,off,off,False,True,
1779493925.4070277,stat_pub,stat,-1,C4_lidar_medium,C4_lidar_medium,210,off,off,False,True,
1779493925.907425,stat_pub,stat,-1,C4_lidar_medium,C4_lidar_medium,209,off,off,False,True,
1779493926.4078736,stat_pub,stat,-1,C4_lidar_medium,C4_lidar_medium,210,off,off,False,True,
1779493926.9083989,stat_pub,stat,-1,C4_lidar_medium,C4_lidar_medium,210,off,off,False,True,
1779493927.4089997,stat_pub,stat,-1,C4_lidar_medium,C4_lidar_medium,210,off,off,False,True,
1779493927.9094086,stat_pub,stat,-1,C4_lidar_medium,C4_lidar_medium,210,off,off,False,True,
1779493928.4097698,stat_pub,stat,-1,C4_lidar_medium,C4_lidar_medium,210,off,off,False,True,
1779493928.910533,stat_pub,stat,-1,C4_lidar_medium,C4_lidar_medium,208,off,off,False,True,
1779493929.4111512,stat_pub,stat,-1,C4_lidar_medium,C4_lidar_medium,209,off,off,False,True,
1779493929.911521,stat_pub,stat,-1,C4_lidar_medium,C4_lidar_medium,209,off,off,False,True,
1779493930.411894,stat_pub,stat,-1,C4_lidar_medium,C4_lidar_medium,209,off,off,False,True,
1779493930.91225,stat_pub,stat,-1,C4_lidar_medium,C4_lidar_medium,208,off,off,False,True,
1779493931.41281,stat_pub,stat,-1,C4_lidar_medium,C4_lidar_medium,208,off,off,False,True,
1779493931.913155,stat_pub,stat,-1,C4_lidar_medium,C4_lidar_medium,209,off,off,False,True,
1779493932.4135485,stat_pub,stat,-1,C4_lidar_medium,C4_lidar_medium,210,off,off,False,True,
1779493932.914094,stat_pub,stat,-1,C4_lidar_medium,C4_lidar_medium,209,off,off,False,True,
1779493933.4148378,stat_pub,stat,-1,C4_lidar_medium,C4_lidar_medium,210,off,off,False,True,
1779493933.9151964,stat_pub,stat,-1,C4_lidar_medium,C4_lidar_medium,210,off,off,False,True,
1779493934.4156802,stat_pub,stat,-1,C4_lidar_medium,C4_lidar_medium,210,off,off,False,True,
1779493934.91607,stat_pub,stat,-1,C4_lidar_medium,C4_lidar_medium,208,off,off,False,True,
1779493935.4166281,stat_pub,stat,-1,C4_lidar_medium,C4_lidar_medium,210,off,off,False,True,
1779493935.916909,stat_pub,stat,-1,C4_lidar_medium,C4_lidar_medium,209,off,off,False,True,
1779493936.417253,stat_pub,stat,-1,C4_lidar_medium,C4_lidar_medium,209,off,off,False,True,
1779493936.917362,stat_pub,stat,-1,C4_lidar_medium,C4_lidar_medium,209,off,off,False,True,
1779493937.41792,stat_pub,stat,-1,C4_lidar_medium,C4_lidar_medium,208,off,off,False,True,
1779493937.9181685,stat_pub,stat,-1,C4_lidar_medium,C4_lidar_medium,210,off,off,False,True,
1779493938.4183445,stat_pub,stat,-1,C4_lidar_medium,C4_lidar_medium,210,off,off,False,True,
1779493938.9189484,stat_pub,stat,-1,C4_lidar_medium,C4_lidar_medium,210,off,off,False,True,
1779493939.419389,stat_pub,stat,-1,C4_lidar_medium,C4_lidar_medium,209,off,off,False,True,
1779493939.9199004,stat_pub,stat,-1,C4_lidar_medium,C4_lidar_medium,210,off,off,False,True,
1779493940.4200377,stat_pub,stat,-1,C4_lidar_medium,C4_lidar_medium,210,off,off,False,True,
1779493940.9201665,stat_pub,stat,-1,C4_lidar_medium,C4_lidar_medium,210,off,off,False,True,
1779493941.420348,stat_pub,stat,-1,C4_lidar_medium,C4_lidar_medium,208,off,off,False,True,
1779493941.9207742,stat_pub,stat,-1,C4_lidar_medium,C4_lidar_medium,209,off,off,False,True,
1779493942.421238,stat_pub,stat,-1,C4_lidar_medium,C4_lidar_medium,208,off,off,False,True,
1779493942.921376,stat_pub,stat,-1,C4_lidar_medium,C4_lidar_medium,209,off,off,False,True,
1779493943.4215846,stat_pub,stat,-1,C4_lidar_medium,C4_lidar_medium,210,off,off,False,True,
1779493943.9217772,stat_pub,stat,-1,C4_lidar_medium,C4_lidar_medium,210,off,off,False,True,
1779493944.4221616,stat_pub,stat,-1,C4_lidar_medium,C4_lidar_medium,210,off,off,False,True,
1779493944.9224453,stat_pub,stat,-1,C4_lidar_medium,C4_lidar_medium,210,off,off,False,True,
1779493945.4230933,stat_pub,stat,-1,C4_lidar_medium,C4_lidar_medium,210,off,off,False,True,
1779493945.9232373,stat_pub,stat,-1,C4_lidar_medium,C4_lidar_medium,210,off,off,False,True,
1779493946.4235468,stat_pub,stat,-1,C4_lidar_medium,C4_lidar_medium,210,off,off,False,True,
1779493946.9237685,stat_pub,stat,-1,C4_lidar_medium,C4_lidar_medium,210,off,off,False,True,
1779493947.4240882,stat_pub,stat,-1,C4_lidar_medium,C4_lidar_medium,210,off,off,False,True,
1779493947.9245932,stat_pub,stat,-1,C4_lidar_medium,C4_lidar_medium,210,off,off,False,True,
1779493948.4251494,stat_pub,stat,-1,C4_lidar_medium,C4_lidar_medium,210,off,off,False,True,
1779493948.925902,stat_pub,stat,-1,C4_lidar_medium,C4_lidar_medium,209,off,off,False,True,
1779493949.426065,stat_pub,stat,-1,C4_lidar_medium,C4_lidar_medium,209,off,off,False,True,
1779493949.9262671,stat_pub,stat,-1,C4_lidar_medium,C4_lidar_medium,210,off,off,False,True,
1779493950.4264212,stat_pub,stat,-1,C4_lidar_medium,C4_lidar_medium,210,off,off,False,True,
1779493950.926559,stat_pub,stat,-1,C4_lidar_medium,C4_lidar_medium,209,off,off,False,True,
1779493951.4271436,stat_pub,stat,-1,C4_lidar_medium,C4_lidar_medium,210,off,off,False,True,
1779493951.9275033,stat_pub,stat,-1,C4_lidar_medium,C4_lidar_medium,210,off,off,False,True,
1779493952.4276085,stat_pub,stat,-1,C4_lidar_medium,C4_lidar_medium,210,off,off,False,True,
1779493952.928033,stat_pub,stat,-1,C4_lidar_medium,C4_lidar_medium,209,off,off,False,True,
1779493953.4283457,stat_pub,stat,-1,C4_lidar_medium,C4_lidar_medium,210,off,off,False,True,
1779493953.9286866,stat_pub,stat,-1,C4_lidar_medium,C4_lidar_medium,210,off,off,False,True,
1779493954.429056,stat_pub,stat,-1,C4_lidar_medium,C4_lidar_medium,209,off,off,False,True,
1779493954.9298463,stat_pub,stat,-1,C4_lidar_medium,C4_lidar_medium,210,off,off,False,True,
1779493955.4304185,stat_pub,stat,-1,C4_lidar_medium,C4_lidar_medium,209,off,off,False,True,
1779493955.931092,stat_pub,stat,-1,C4_lidar_medium,C4_lidar_medium,208,off,off,False,True,
1779493956.4316034,stat_pub,stat,-1,C4_lidar_medium,C4_lidar_medium,210,off,off,False,True,
1779493956.932722,stat_pub,stat,-1,C4_lidar_medium,C4_lidar_medium,209,off,off,False,True,
1779493957.4332428,stat_pub,stat,-1,C4_lidar_medium,C4_lidar_medium,210,off,off,False,True,
1779493957.9333591,stat_pub,stat,-1,C4_lidar_medium,C4_lidar_medium,210,off,off,False,True,
1779493958.4337866,stat_pub,stat,-1,C4_lidar_medium,C4_lidar_medium,210,off,off,False,True,
1779493958.9342752,stat_pub,stat,-1,C4_lidar_medium,C4_lidar_medium,210,off,off,False,True,
1779493959.4347575,stat_pub,stat,-1,C4_lidar_medium,C4_lidar_medium,210,off,off,False,True,
1779493959.9349203,stat_pub,stat,-1,C4_lidar_medium,C4_lidar_medium,210,off,off,False,True,
1779493960.4354415,stat_pub,stat,-1,C4_lidar_medium,C4_lidar_medium,210,off,off,False,True,
1779493960.9360023,stat_pub,stat,-1,C4_lidar_medium,C4_lidar_medium,210,off,off,False,True,
1779493961.4366007,stat_pub,stat,-1,C4_lidar_medium,C4_lidar_medium,210,off,off,False,True,
1779493961.936875,stat_pub,stat,-1,C4_lidar_medium,C4_lidar_medium,209,off,off,False,True,
1779493962.437344,stat_pub,stat,-1,C4_lidar_medium,C4_lidar_medium,209,off,off,False,True,
1779493962.9377575,stat_pub,stat,-1,C4_lidar_medium,C4_lidar_medium,210,off,off,False,True,
1779493963.4380856,stat_pub,stat,-1,C4_lidar_medium,C4_lidar_medium,210,off,off,False,True,
1779493963.9383793,stat_pub,stat,-1,C4_lidar_medium,C4_lidar_medium,210,off,off,False,True,
1779493964.4389546,stat_pub,stat,-1,C4_lidar_medium,C4_lidar_medium,210,off,off,False,True,
1779493964.9395447,stat_pub,stat,-1,C4_lidar_medium,C4_lidar_medium,210,off,off,False,True,
1779493965.439919,stat_pub,stat,-1,C4_lidar_medium,C4_lidar_medium,209,off,off,False,True,
1779493965.9404874,stat_pub,stat,-1,C4_lidar_medium,C4_lidar_medium,209,off,off,False,True,
1779493966.4409575,stat_pub,stat,-1,C4_lidar_medium,C4_lidar_medium,209,off,off,False,True,
1779493966.9411535,stat_pub,stat,-1,C4_lidar_medium,C4_lidar_medium,209,off,off,False,True,
1779493967.441775,stat_pub,stat,-1,C4_lidar_medium,C4_lidar_medium,209,off,off,False,True,
1779493967.9419682,stat_pub,stat,-1,C4_lidar_medium,C4_lidar_medium,210,off,off,False,True,
1779493968.4425654,stat_pub,stat,-1,C4_lidar_medium,C4_lidar_medium,210,off,off,False,True,
1779493968.9428003,stat_pub,stat,-1,C4_lidar_medium,C4_lidar_medium,210,off,off,False,True,
1779493969.4429307,stat_pub,stat,-1,C4_lidar_medium,C4_lidar_medium,210,off,off,False,True,
1779493969.9431474,stat_pub,stat,-1,C4_lidar_medium,C4_lidar_medium,210,off,off,False,True,
1779493970.443386,stat_pub,stat,-1,C4_lidar_medium,C4_lidar_medium,209,off,off,False,True,
1779493970.9436877,stat_pub,stat,-1,C4_lidar_medium,C4_lidar_medium,210,off,off,False,True,
1779493971.4441376,stat_pub,stat,-1,C4_lidar_medium,C4_lidar_medium,210,off,off,False,True,
1779493971.9446762,stat_pub,stat,-1,C4_lidar_medium,C4_lidar_medium,210,off,off,False,True,
1779493972.4452562,stat_pub,stat,-1,C4_lidar_medium,C4_lidar_medium,210,off,off,False,True,
1779493972.945582,stat_pub,stat,-1,C4_lidar_medium,C4_lidar_medium,209,off,off,False,True,
1779493973.4458773,stat_pub,stat,-1,C4_lidar_medium,C4_lidar_medium,210,off,off,False,True,
1779493973.9461,stat_pub,stat,-1,C4_lidar_medium,C4_lidar_medium,207,off,off,False,True,
1779493974.4466677,stat_pub,stat,-1,C4_lidar_medium,C4_lidar_medium,210,off,off,False,True,
1779493974.9470217,stat_pub,stat,-1,C4_lidar_medium,C4_lidar_medium,210,off,off,False,True,
1779493975.4471498,stat_pub,stat,-1,C4_lidar_medium,C4_lidar_medium,210,off,off,False,True,
1779493975.9474244,stat_pub,stat,-1,C4_lidar_medium,C4_lidar_medium,210,off,off,False,True,
1779493976.447934,stat_pub,stat,-1,C4_lidar_medium,C4_lidar_medium,209,off,off,False,True,
1779493976.9480972,stat_pub,stat,-1,C4_lidar_medium,C4_lidar_medium,210,off,off,False,True,
1779493977.4484537,stat_pub,stat,-1,C4_lidar_medium,C4_lidar_medium,210,off,off,False,True,
1779493977.9488046,stat_pub,stat,-1,C4_lidar_medium,C4_lidar_medium,210,off,off,False,True,
1779493978.44907,stat_pub,stat,-1,C4_lidar_medium,C4_lidar_medium,208,off,off,False,True,
1779493978.9491687,stat_pub,stat,-1,C4_lidar_medium,C4_lidar_medium,210,off,off,False,True,
1779493979.449423,stat_pub,stat,-1,C4_lidar_medium,C4_lidar_medium,209,off,off,False,True,
1779493979.9497688,stat_pub,stat,-1,C4_lidar_medium,C4_lidar_medium,210,off,off,False,True,
1779493980.4503007,stat_pub,stat,-1,C4_lidar_medium,C4_lidar_medium,209,off,off,False,True,
1779493980.9507103,stat_pub,stat,-1,C4_lidar_medium,C4_lidar_medium,209,off,off,False,True,
1779493981.4510095,stat_pub,stat,-1,C4_lidar_medium,C4_lidar_medium,209,off,off,False,True,
1779493981.9512475,stat_pub,stat,-1,C4_lidar_medium,C4_lidar_medium,209,off,off,False,True,
1779493982.4517183,stat_pub,stat,-1,C4_lidar_medium,C4_lidar_medium,210,off,off,False,True,
1779493982.9522092,stat_pub,stat,-1,C4_lidar_medium,C4_lidar_medium,210,off,off,False,True,
1779493983.4527125,stat_pub,stat,-1,C4_lidar_medium,C4_lidar_medium,210,off,off,False,True,
1779493983.9533,stat_pub,stat,-1,C4_lidar_medium,C4_lidar_medium,207,off,off,False,True,
1779493984.4538965,stat_pub,stat,-1,C4_lidar_medium,C4_lidar_medium,210,off,off,False,True,
1779493984.9547455,stat_pub,stat,-1,C4_lidar_medium,C4_lidar_medium,210,off,off,False,True,
1779493985.4552748,stat_pub,stat,-1,C4_lidar_medium,C4_lidar_medium,210,off,off,False,True,
1779493985.955849,stat_pub,stat,-1,C4_lidar_medium,C4_lidar_medium,209,off,off,False,True,
1779493986.4562538,stat_pub,stat,-1,C4_lidar_medium,C4_lidar_medium,210,off,off,False,True,
1779493986.9565434,stat_pub,stat,-1,C4_lidar_medium,C4_lidar_medium,210,off,off,False,True,
1779493987.4569037,stat_pub,stat,-1,C4_lidar_medium,C4_lidar_medium,210,off,off,False,True,
1779493987.9572291,stat_pub,stat,-1,C4_lidar_medium,C4_lidar_medium,210,off,off,False,True,
1779493988.4577005,stat_pub,stat,-1,C4_lidar_medium,C4_lidar_medium,210,off,off,False,True,
1779493988.9578822,stat_pub,stat,-1,C4_lidar_medium,C4_lidar_medium,210,off,off,False,True,
1779493989.458292,stat_pub,stat,-1,C4_lidar_medium,C4_lidar_medium,209,off,off,False,True,
1779493989.958802,stat_pub,stat,-1,C4_lidar_medium,C4_lidar_medium,209,off,off,False,True,
1779493990.4592962,stat_pub,stat,-1,C4_lidar_medium,C4_lidar_medium,210,off,off,False,True,
1779493990.9596832,stat_pub,stat,-1,C4_lidar_medium,C4_lidar_medium,210,off,off,False,True,
1779493991.460285,stat_pub,stat,-1,C4_lidar_medium,C4_lidar_medium,208,off,off,False,True,
1779493991.9609818,stat_pub,stat,-1,C4_lidar_medium,C4_lidar_medium,209,off,off,False,True,
1779493992.4614077,stat_pub,stat,-1,C4_lidar_medium,C4_lidar_medium,210,off,off,False,True,
1779493992.9616466,stat_pub,stat,-1,C4_lidar_medium,C4_lidar_medium,210,off,off,False,True,
1779493993.4621005,stat_pub,stat,-1,C4_lidar_medium,C4_lidar_medium,210,off,off,False,True,
1779493993.962294,stat_pub,stat,-1,C4_lidar_medium,C4_lidar_medium,209,off,off,False,True,
1779493994.4624114,stat_pub,stat,-1,C4_lidar_medium,C4_lidar_medium,210,off,off,False,True,
1779493994.9632106,stat_pub,stat,-1,C4_lidar_medium,C4_lidar_medium,210,off,off,False,True,
1779493995.4635127,stat_pub,stat,-1,C4_lidar_medium,C4_lidar_medium,210,off,off,False,True,
1779493995.963922,stat_pub,stat,-1,C4_lidar_medium,C4_lidar_medium,209,off,off,False,True,
1779493996.464292,stat_pub,stat,-1,C4_lidar_medium,C4_lidar_medium,209,off,off,False,True,
1779493996.9647894,stat_pub,stat,-1,C4_lidar_medium,C4_lidar_medium,210,off,off,False,True,
1779493997.4651897,stat_pub,stat,-1,C4_lidar_medium,C4_lidar_medium,210,off,off,False,True,
1779493997.965328,stat_pub,stat,-1,C4_lidar_medium,C4_lidar_medium,209,off,off,False,True,
1779493998.4658766,stat_pub,stat,-1,C4_lidar_medium,C4_lidar_medium,210,off,off,False,True,
1779493998.9664438,stat_pub,stat,-1,C4_lidar_medium,C4_lidar_medium,210,off,off,False,True,
1779493999.466896,stat_pub,stat,-1,C4_lidar_medium,C4_lidar_medium,209,off,off,False,True,
1779493999.9671688,stat_pub,stat,-1,C4_lidar_medium,C4_lidar_medium,210,off,off,False,True,
1779494000.467508,stat_pub,stat,-1,C4_lidar_medium,C4_lidar_medium,209,off,off,False,True,
1779494000.967766,stat_pub,stat,-1,C4_lidar_medium,C4_lidar_medium,209,off,off,False,True,
1779494001.4679742,stat_pub,stat,-1,C4_lidar_medium,C4_lidar_medium,210,off,off,False,True,
1779494001.9684823,stat_pub,stat,-1,C4_lidar_medium,C4_lidar_medium,210,off,off,False,True,
1779494002.4687028,stat_pub,stat,-1,C4_lidar_medium,C4_lidar_medium,210,off,off,False,True,
1779494002.9692454,stat_pub,stat,-1,C4_lidar_medium,C4_lidar_medium,210,off,off,False,True,
1779494003.4695764,stat_pub,stat,-1,C4_lidar_medium,C4_lidar_medium,210,off,off,False,True,
1779494003.9700003,stat_pub,stat,-1,C4_lidar_medium,C4_lidar_medium,210,off,off,False,True,
1779494004.4713807,stat_pub,stat,-1,C4_lidar_medium,C4_lidar_medium,210,off,off,False,True,
1779494004.972171,stat_pub,stat,-1,C4_lidar_medium,C4_lidar_medium,209,off,off,False,True,
1779494005.4723935,stat_pub,stat,-1,C4_lidar_medium,C4_lidar_medium,210,off,off,False,True,
1779494005.9728954,stat_pub,stat,-1,C4_lidar_medium,C4_lidar_medium,210,off,off,False,True,
1779494006.4731805,stat_pub,stat,-1,C4_lidar_medium,C4_lidar_medium,210,off,off,False,True,
1779494006.9736621,stat_pub,stat,-1,C4_lidar_medium,C4_lidar_medium,210,off,off,False,True,
1779494007.4738755,stat_pub,stat,-1,C4_lidar_medium,C4_lidar_medium,210,off,off,False,True,
1779494007.9744432,stat_pub,stat,-1,C4_lidar_medium,C4_lidar_medium,210,off,off,False,True,
1779494008.4747136,stat_pub,stat,-1,C4_lidar_medium,C4_lidar_medium,210,off,off,False,True,
1779494008.975189,stat_pub,stat,-1,C4_lidar_medium,C4_lidar_medium,209,off,off,False,True,
1779494009.4752944,stat_pub,stat,-1,C4_lidar_medium,C4_lidar_medium,210,off,off,False,True,
1779494009.9757173,stat_pub,stat,-1,C4_lidar_medium,C4_lidar_medium,210,off,off,False,True,
1779494010.475922,stat_pub,stat,-1,C4_lidar_medium,C4_lidar_medium,209,off,off,False,True,
1779494010.9765208,stat_pub,stat,-1,C4_lidar_medium,C4_lidar_medium,210,off,off,False,True,
1779494011.4769564,stat_pub,stat,-1,C4_lidar_medium,C4_lidar_medium,210,off,off,False,True,
1779494011.9771924,stat_pub,stat,-1,C4_lidar_medium,C4_lidar_medium,210,off,off,False,True,
1779494012.4776695,stat_pub,stat,-1,C4_lidar_medium,C4_lidar_medium,210,off,off,False,True,
1779494012.978058,stat_pub,stat,-1,C4_lidar_medium,C4_lidar_medium,209,off,off,False,True,
1779494013.4786456,stat_pub,stat,-1,C4_lidar_medium,C4_lidar_medium,210,off,off,False,True,
1779494013.9789178,stat_pub,stat,-1,C4_lidar_medium,C4_lidar_medium,210,off,off,False,True,
1779494014.4794993,stat_pub,stat,-1,C4_lidar_medium,C4_lidar_medium,210,off,off,False,True,
1779494014.979958,stat_pub,stat,-1,C4_lidar_medium,C4_lidar_medium,209,off,off,False,True,
1779494015.4805408,stat_pub,stat,-1,C4_lidar_medium,C4_lidar_medium,209,off,off,False,True,
1779494015.9806867,stat_pub,stat,-1,C4_lidar_medium,C4_lidar_medium,209,off,off,False,True,
1779494016.4812794,stat_pub,stat,-1,C4_lidar_medium,C4_lidar_medium,210,off,off,False,True,
1779494016.981919,stat_pub,stat,-1,C4_lidar_medium,C4_lidar_medium,209,off,off,False,True,
1779494017.482246,stat_pub,stat,-1,C4_lidar_medium,C4_lidar_medium,209,off,off,False,True,
1779494017.98276,stat_pub,stat,-1,C4_lidar_medium,C4_lidar_medium,208,off,off,False,True,
1779494018.4829714,stat_pub,stat,-1,C4_lidar_medium,C4_lidar_medium,210,off,off,False,True,
1779494018.9833581,stat_pub,stat,-1,C4_lidar_medium,C4_lidar_medium,210,off,off,False,True,
1779494019.4837923,stat_pub,stat,-1,C4_lidar_medium,C4_lidar_medium,210,off,off,False,True,
1779494019.9844685,stat_pub,stat,-1,C4_lidar_medium,C4_lidar_medium,210,off,off,False,True,
1779494020.484812,stat_pub,stat,-1,C4_lidar_medium,C4_lidar_medium,209,off,off,False,True,
1779494020.985022,stat_pub,stat,-1,C4_lidar_medium,C4_lidar_medium,209,off,off,False,True,
1779494021.4852445,stat_pub,stat,-1,C4_lidar_medium,C4_lidar_medium,210,off,off,False,True,
1779494021.9857454,stat_pub,stat,-1,C4_lidar_medium,C4_lidar_medium,210,off,off,False,True,
1779494022.4864736,stat_pub,stat,-1,C4_lidar_medium,C4_lidar_medium,210,off,off,False,True,
1779494022.9868839,stat_pub,stat,-1,C4_lidar_medium,C4_lidar_medium,210,off,off,False,True,
1779494023.4873834,stat_pub,stat,-1,C4_lidar_medium,C4_lidar_medium,210,off,off,False,True,
1779494023.9875205,stat_pub,stat,-1,C4_lidar_medium,C4_lidar_medium,210,off,off,False,True,
1779494024.4880989,stat_pub,stat,-1,C4_lidar_medium,C4_lidar_medium,210,off,off,False,True,
1779494024.9884427,stat_pub,stat,-1,C4_lidar_medium,C4_lidar_medium,210,off,off,False,True,
1779494025.4886768,stat_pub,stat,-1,C4_lidar_medium,C4_lidar_medium,210,off,off,False,True,
1779494025.9889116,stat_pub,stat,-1,C4_lidar_medium,C4_lidar_medium,210,off,off,False,True,
1779494026.4891665,stat_pub,stat,-1,C4_lidar_medium,C4_lidar_medium,210,off,off,False,True,
1779494026.9896338,stat_pub,stat,-1,C4_lidar_medium,C4_lidar_medium,210,off,off,False,True,
1779494027.4903104,stat_pub,stat,-1,C4_lidar_medium,C4_lidar_medium,208,off,off,False,True,
1779494027.9907498,stat_pub,stat,-1,C4_lidar_medium,C4_lidar_medium,208,off,off,False,True,
1779494028.4912539,stat_pub,stat,-1,C4_lidar_medium,C4_lidar_medium,208,off,off,False,True,
1779494028.9915922,stat_pub,stat,-1,C4_lidar_medium,C4_lidar_medium,210,off,off,False,True,
1779494029.49177,stat_pub,stat,-1,C4_lidar_medium,C4_lidar_medium,208,off,off,False,True,
1779494029.9921641,stat_pub,stat,-1,C4_lidar_medium,C4_lidar_medium,210,off,off,False,True,
1779494030.4932647,stat_pub,stat,-1,C4_lidar_medium,C4_lidar_medium,210,off,off,False,True,
1779494030.9936132,stat_pub,stat,-1,C4_lidar_medium,C4_lidar_medium,210,off,off,False,True,
1779494031.4943259,stat_pub,stat,-1,C4_lidar_medium,C4_lidar_medium,210,off,off,False,True,
1779494031.994766,stat_pub,stat,-1,C4_lidar_medium,C4_lidar_medium,209,off,off,False,True,
1779494032.4954116,stat_pub,stat,-1,C4_lidar_medium,C4_lidar_medium,210,off,off,False,True,
1779494032.995964,stat_pub,stat,-1,C4_lidar_medium,C4_lidar_medium,209,off,off,False,True,
1779494033.4963398,stat_pub,stat,-1,C4_lidar_medium,C4_lidar_medium,210,off,off,False,True,
1779494033.9968865,stat_pub,stat,-1,C4_lidar_medium,C4_lidar_medium,210,off,off,False,True,
1779494034.4973059,stat_pub,stat,-1,C4_lidar_medium,C4_lidar_medium,210,off,off,False,True,
1779494034.997835,stat_pub,stat,-1,C4_lidar_medium,C4_lidar_medium,209,off,off,False,True,
1779494035.4981594,stat_pub,stat,-1,C4_lidar_medium,C4_lidar_medium,210,off,off,False,True,
1779494035.9982612,stat_pub,stat,-1,C4_lidar_medium,C4_lidar_medium,210,off,off,False,True,
1779494036.498827,stat_pub,stat,-1,C4_lidar_medium,C4_lidar_medium,209,off,off,False,True,
1779494036.9989989,stat_pub,stat,-1,C4_lidar_medium,C4_lidar_medium,210,off,off,False,True,
1779494037.4995613,stat_pub,stat,-1,C4_lidar_medium,C4_lidar_medium,210,off,off,False,True,
1779494037.9997456,stat_pub,stat,-1,C4_lidar_medium,C4_lidar_medium,210,off,off,False,True,
1779494038.5000818,stat_pub,stat,-1,C4_lidar_medium,C4_lidar_medium,210,off,off,False,True,
1779494039.0003257,stat_pub,stat,-1,C4_lidar_medium,C4_lidar_medium,209,off,off,False,True,
1779494039.5008628,stat_pub,stat,-1,C4_lidar_medium,C4_lidar_medium,209,off,off,False,True,
1779494040.0013738,stat_pub,stat,-1,C4_lidar_medium,C4_lidar_medium,210,off,off,False,True,
1779494040.5016837,stat_pub,stat,-1,C4_lidar_medium,C4_lidar_medium,210,off,off,False,True,
1779494041.0021007,stat_pub,stat,-1,C4_lidar_medium,C4_lidar_medium,210,off,off,False,True,
1779494041.5026052,stat_pub,stat,-1,C4_lidar_medium,C4_lidar_medium,210,off,off,False,True,
1779494042.0031843,stat_pub,stat,-1,C4_lidar_medium,C4_lidar_medium,210,off,off,False,True,
1779494042.5034895,stat_pub,stat,-1,C4_lidar_medium,C4_lidar_medium,210,off,off,False,True,
1779494043.00389,stat_pub,stat,-1,C4_lidar_medium,C4_lidar_medium,208,off,off,False,True,
1779494043.5045662,stat_pub,stat,-1,C4_lidar_medium,C4_lidar_medium,210,off,off,False,True,
1779494044.0051322,stat_pub,stat,-1,C4_lidar_medium,C4_lidar_medium,210,off,off,False,True,
1779494044.5053692,stat_pub,stat,-1,C4_lidar_medium,C4_lidar_medium,210,off,off,False,True,
1779494045.0056243,stat_pub,stat,-1,C4_lidar_medium,C4_lidar_medium,210,off,off,False,True,
1779494045.5057483,stat_pub,stat,-1,C4_lidar_medium,C4_lidar_medium,210,off,off,False,True,
1779494046.006264,stat_pub,stat,-1,C4_lidar_medium,C4_lidar_medium,209,off,off,False,True,
1779494046.5065372,stat_pub,stat,-1,C4_lidar_medium,C4_lidar_medium,210,off,off,False,True,
1779494047.0070517,stat_pub,stat,-1,C4_lidar_medium,C4_lidar_medium,210,off,off,False,True,
1779494047.5076222,stat_pub,stat,-1,C4_lidar_medium,C4_lidar_medium,210,off,off,False,True,
1779494048.0080256,stat_pub,stat,-1,C4_lidar_medium,C4_lidar_medium,210,off,off,False,True,
1779494048.5082638,stat_pub,stat,-1,C4_lidar_medium,C4_lidar_medium,210,off,off,False,True,
1779494049.0086708,stat_pub,stat,-1,C4_lidar_medium,C4_lidar_medium,210,off,off,False,True,
1779494049.5088046,stat_pub,stat,-1,C4_lidar_medium,C4_lidar_medium,210,off,off,False,True,
1779494050.0091767,stat_pub,stat,-1,C4_lidar_medium,C4_lidar_medium,210,off,off,False,True,
1779494050.5094686,stat_pub,stat,-1,C4_lidar_medium,C4_lidar_medium,210,off,off,False,True,
1779494051.0096443,stat_pub,stat,-1,C4_lidar_medium,C4_lidar_medium,210,off,off,False,True,
1779494051.509834,stat_pub,stat,-1,C4_lidar_medium,C4_lidar_medium,209,off,off,False,True,
1779494052.010193,stat_pub,stat,-1,C4_lidar_medium,C4_lidar_medium,209,off,off,False,True,
1779494052.510403,stat_pub,stat,-1,C4_lidar_medium,C4_lidar_medium,208,off,off,False,True,
1779494053.0105355,stat_pub,stat,-1,C4_lidar_medium,C4_lidar_medium,209,off,off,False,True,
1779494053.511026,stat_pub,stat,-1,C4_lidar_medium,C4_lidar_medium,208,off,off,False,True,
1779494054.0112436,stat_pub,stat,-1,C4_lidar_medium,C4_lidar_medium,209,off,off,False,True,
1779494054.511618,stat_pub,stat,-1,C4_lidar_medium,C4_lidar_medium,209,off,off,False,True,
1779494055.0120027,stat_pub,stat,-1,C4_lidar_medium,C4_lidar_medium,210,off,off,False,True,
1779494055.5124364,stat_pub,stat,-1,C4_lidar_medium,C4_lidar_medium,210,off,off,False,True,
1779494056.0131571,stat_pub,stat,-1,C4_lidar_medium,C4_lidar_medium,210,off,off,False,True,
1779494056.5134232,stat_pub,stat,-1,C4_lidar_medium,C4_lidar_medium,210,off,off,False,True,
1779494057.013571,stat_pub,stat,-1,C4_lidar_medium,C4_lidar_medium,209,off,off,False,True,
1779494057.5140371,stat_pub,stat,-1,C4_lidar_medium,C4_lidar_medium,210,off,off,False,True,
1779494058.0144424,stat_pub,stat,-1,C4_lidar_medium,C4_lidar_medium,210,off,off,False,True,
1779494058.514586,stat_pub,stat,-1,C4_lidar_medium,C4_lidar_medium,209,off,off,False,True,
1779494059.0147712,stat_pub,stat,-1,C4_lidar_medium,C4_lidar_medium,210,off,off,False,True,
1779494059.515251,stat_pub,stat,-1,C4_lidar_medium,C4_lidar_medium,209,off,off,False,True,
1779494060.015535,stat_pub,stat,-1,C4_lidar_medium,C4_lidar_medium,209,off,off,False,True,
1779494060.5161338,stat_pub,stat,-1,C4_lidar_medium,C4_lidar_medium,210,off,off,False,True,
1779494061.01665,stat_pub,stat,-1,C4_lidar_medium,C4_lidar_medium,208,off,off,False,True,
1779494061.5167696,stat_pub,stat,-1,C4_lidar_medium,C4_lidar_medium,210,off,off,False,True,
1779494062.017562,stat_pub,stat,-1,C4_lidar_medium,C4_lidar_medium,209,off,off,False,True,
1779494062.5179105,stat_pub,stat,-1,C4_lidar_medium,C4_lidar_medium,210,off,off,False,True,
1779494063.0182037,stat_pub,stat,-1,C4_lidar_medium,C4_lidar_medium,210,off,off,False,True,
1779494063.5184588,stat_pub,stat,-1,C4_lidar_medium,C4_lidar_medium,210,off,off,False,True,
1779494064.0186,stat_pub,stat,-1,C4_lidar_medium,C4_lidar_medium,207,off,off,False,True,
1779494064.5188527,stat_pub,stat,-1,C4_lidar_medium,C4_lidar_medium,210,off,off,False,True,
1779494065.0192492,stat_pub,stat,-1,C4_lidar_medium,C4_lidar_medium,210,off,off,False,True,
1779494065.519588,stat_pub,stat,-1,C4_lidar_medium,C4_lidar_medium,209,off,off,False,True,
1779494066.0197043,stat_pub,stat,-1,C4_lidar_medium,C4_lidar_medium,210,off,off,False,True,
1779494066.5201185,stat_pub,stat,-1,C4_lidar_medium,C4_lidar_medium,210,off,off,False,True,
1779494067.0205002,stat_pub,stat,-1,C4_lidar_medium,C4_lidar_medium,209,off,off,False,True,
1779494067.5206733,stat_pub,stat,-1,C4_lidar_medium,C4_lidar_medium,209,off,off,False,True,
1779494068.021189,stat_pub,stat,-1,C4_lidar_medium,C4_lidar_medium,208,off,off,False,True,
1779494068.5221033,stat_pub,stat,-1,C4_lidar_medium,C4_lidar_medium,210,off,off,False,True,
1779494069.022477,stat_pub,stat,-1,C4_lidar_medium,C4_lidar_medium,209,off,off,False,True,
1779494069.5227077,stat_pub,stat,-1,C4_lidar_medium,C4_lidar_medium,210,off,off,False,True,
1779494070.0228167,stat_pub,stat,-1,C4_lidar_medium,C4_lidar_medium,210,off,off,False,True,
1779494070.5230339,stat_pub,stat,-1,C4_lidar_medium,C4_lidar_medium,210,off,off,False,True,
1779494071.0233657,stat_pub,stat,-1,C4_lidar_medium,C4_lidar_medium,210,off,off,False,True,
1779494071.5240397,stat_pub,stat,-1,C4_lidar_medium,C4_lidar_medium,210,off,off,False,True,
1779494072.0246038,stat_pub,stat,-1,C4_lidar_medium,C4_lidar_medium,210,off,off,False,True,
1779494072.5251055,stat_pub,stat,-1,C4_lidar_medium,C4_lidar_medium,210,off,off,False,True,
1779494073.0253992,stat_pub,stat,-1,C4_lidar_medium,C4_lidar_medium,210,off,off,False,True,
1779494073.5258226,stat_pub,stat,-1,C4_lidar_medium,C4_lidar_medium,210,off,off,False,True,
1779494074.0266106,stat_pub,stat,-1,C4_lidar_medium,C4_lidar_medium,210,off,off,False,True,
1779494074.5267897,stat_pub,stat,-1,C4_lidar_medium,C4_lidar_medium,210,off,off,False,True,
1779494075.027238,stat_pub,stat,-1,C4_lidar_medium,C4_lidar_medium,209,off,off,False,True,
1779494075.5274436,stat_pub,stat,-1,C4_lidar_medium,C4_lidar_medium,210,off,off,False,True,
1779494076.0279276,stat_pub,stat,-1,C4_lidar_medium,C4_lidar_medium,210,off,off,False,True,
1779494076.5282495,stat_pub,stat,-1,C4_lidar_medium,C4_lidar_medium,210,off,off,False,True,
1779494077.0287352,stat_pub,stat,-1,C4_lidar_medium,C4_lidar_medium,210,off,off,False,True,
1779494077.5290077,stat_pub,stat,-1,C4_lidar_medium,C4_lidar_medium,210,off,off,False,True,
1779494078.0292904,stat_pub,stat,-1,C4_lidar_medium,C4_lidar_medium,210,off,off,False,True,
1779494078.5298438,stat_pub,stat,-1,C4_lidar_medium,C4_lidar_medium,210,off,off,False,True,
1779494079.0301564,stat_pub,stat,-1,C4_lidar_medium,C4_lidar_medium,210,off,off,False,True,
1779494079.530499,stat_pub,stat,-1,C4_lidar_medium,C4_lidar_medium,208,off,off,False,True,
1779494080.0307755,stat_pub,stat,-1,C4_lidar_medium,C4_lidar_medium,209,off,off,False,True,
1779494080.5314999,stat_pub,stat,-1,C4_lidar_medium,C4_lidar_medium,210,off,off,False,True,
1779494081.0317924,stat_pub,stat,-1,C4_lidar_medium,C4_lidar_medium,210,off,off,False,True,
1779494081.5323956,stat_pub,stat,-1,C4_lidar_medium,C4_lidar_medium,210,off,off,False,True,
1779494082.0326807,stat_pub,stat,-1,C4_lidar_medium,C4_lidar_medium,210,off,off,False,True,
1779494082.5331547,stat_pub,stat,-1,C4_lidar_medium,C4_lidar_medium,210,off,off,False,True,
1779494083.0334458,stat_pub,stat,-1,C4_lidar_medium,C4_lidar_medium,210,off,off,False,True,
1779494083.533962,stat_pub,stat,-1,C4_lidar_medium,C4_lidar_medium,209,off,off,False,True,
1779494084.0343726,stat_pub,stat,-1,C4_lidar_medium,C4_lidar_medium,210,off,off,False,True,
1779494084.5347214,stat_pub,stat,-1,C4_lidar_medium,C4_lidar_medium,210,off,off,False,True,
1779494085.0350666,stat_pub,stat,-1,C4_lidar_medium,C4_lidar_medium,210,off,off,False,True,
1779494085.535473,stat_pub,stat,-1,C4_lidar_medium,C4_lidar_medium,209,off,off,False,True,
1779494086.0359282,stat_pub,stat,-1,C4_lidar_medium,C4_lidar_medium,210,off,off,False,True,
1779494086.5362148,stat_pub,stat,-1,C4_lidar_medium,C4_lidar_medium,210,off,off,False,True,
1779494087.03643,stat_pub,stat,-1,C4_lidar_medium,C4_lidar_medium,208,off,off,False,True,
1779494087.5373423,stat_pub,stat,-1,C4_lidar_medium,C4_lidar_medium,210,off,off,False,True,
1779494088.0377324,stat_pub,stat,-1,C4_lidar_medium,C4_lidar_medium,210,off,off,False,True,
1779494088.5378323,stat_pub,stat,-1,C4_lidar_medium,C4_lidar_medium,210,off,off,False,True,
1779494089.038011,stat_pub,stat,-1,C4_lidar_medium,C4_lidar_medium,209,off,off,False,True,
1779494089.5385914,stat_pub,stat,-1,C4_lidar_medium,C4_lidar_medium,210,off,off,False,True,
1779494090.0389252,stat_pub,stat,-1,C4_lidar_medium,C4_lidar_medium,210,off,off,False,True,
1779494090.5393908,stat_pub,stat,-1,C4_lidar_medium,C4_lidar_medium,210,off,off,False,True,
1779494091.0395947,stat_pub,stat,-1,C4_lidar_medium,C4_lidar_medium,210,off,off,False,True,
1779494091.5399446,stat_pub,stat,-1,C4_lidar_medium,C4_lidar_medium,210,off,off,False,True,
1779494092.040031,stat_pub,stat,-1,C4_lidar_medium,C4_lidar_medium,209,off,off,False,True,
1779494092.540231,stat_pub,stat,-1,C4_lidar_medium,C4_lidar_medium,209,off,off,False,True,
1779494093.040715,stat_pub,stat,-1,C4_lidar_medium,C4_lidar_medium,208,off,off,False,True,
1779494093.5411222,stat_pub,stat,-1,C4_lidar_medium,C4_lidar_medium,209,off,off,False,True,
1779494094.0416484,stat_pub,stat,-1,C4_lidar_medium,C4_lidar_medium,210,off,off,False,True,
1779494094.54181,stat_pub,stat,-1,C4_lidar_medium,C4_lidar_medium,208,off,off,False,True,
1779494095.0419943,stat_pub,stat,-1,C4_lidar_medium,C4_lidar_medium,210,off,off,False,True,
1779494095.542454,stat_pub,stat,-1,C4_lidar_medium,C4_lidar_medium,209,off,off,False,True,
1779494096.0425696,stat_pub,stat,-1,C4_lidar_medium,C4_lidar_medium,210,off,off,False,True,
1779494096.5431855,stat_pub,stat,-1,C4_lidar_medium,C4_lidar_medium,210,off,off,False,True,
1779494097.043466,stat_pub,stat,-1,C4_lidar_medium,C4_lidar_medium,209,off,off,False,True,
1779494097.5437553,stat_pub,stat,-1,C4_lidar_medium,C4_lidar_medium,210,off,off,False,True,
1779494098.0441024,stat_pub,stat,-1,C4_lidar_medium,C4_lidar_medium,210,off,off,False,True,
1779494098.5443296,stat_pub,stat,-1,C4_lidar_medium,C4_lidar_medium,210,off,off,False,True,
1779494099.0447552,stat_pub,stat,-1,C4_lidar_medium,C4_lidar_medium,210,off,off,False,True,
1779494099.544957,stat_pub,stat,-1,C4_lidar_medium,C4_lidar_medium,209,off,off,False,True,
1779494100.0453467,stat_pub,stat,-1,C4_lidar_medium,C4_lidar_medium,210,off,off,False,True,
1779494100.5456955,stat_pub,stat,-1,C4_lidar_medium,C4_lidar_medium,210,off,off,False,True,
1779494101.0458608,stat_pub,stat,-1,C4_lidar_medium,C4_lidar_medium,210,off,off,False,True,
1779494101.5464718,stat_pub,stat,-1,C4_lidar_medium,C4_lidar_medium,210,off,off,False,True,
1779494102.0469875,stat_pub,stat,-1,C4_lidar_medium,C4_lidar_medium,210,off,off,False,True,
1779494102.5473793,stat_pub,stat,-1,C4_lidar_medium,C4_lidar_medium,210,off,off,False,True,
1779494103.047778,stat_pub,stat,-1,C4_lidar_medium,C4_lidar_medium,209,off,off,False,True,
1779494103.548247,stat_pub,stat,-1,C4_lidar_medium,C4_lidar_medium,209,off,off,False,True,
1779494104.0483649,stat_pub,stat,-1,C4_lidar_medium,C4_lidar_medium,210,off,off,False,True,
1779494104.548733,stat_pub,stat,-1,C4_lidar_medium,C4_lidar_medium,209,off,off,False,True,
1779494105.0489204,stat_pub,stat,-1,C4_lidar_medium,C4_lidar_medium,210,off,off,False,True,
1779494105.5493102,stat_pub,stat,-1,C4_lidar_medium,C4_lidar_medium,210,off,off,False,True,
1779494106.0496874,stat_pub,stat,-1,C4_lidar_medium,C4_lidar_medium,210,off,off,False,True,
1779494106.550269,stat_pub,stat,-1,C4_lidar_medium,C4_lidar_medium,209,off,off,False,True,
1779494107.0505106,stat_pub,stat,-1,C4_lidar_medium,C4_lidar_medium,209,off,off,False,True,
1779494107.5510101,stat_pub,stat,-1,C4_lidar_medium,C4_lidar_medium,209,off,off,False,True,
1779494108.0514824,stat_pub,stat,-1,C4_lidar_medium,C4_lidar_medium,210,off,off,False,True,
1779494108.5520349,stat_pub,stat,-1,C4_lidar_medium,C4_lidar_medium,210,off,off,False,True,
1779494109.0523868,stat_pub,stat,-1,C4_lidar_medium,C4_lidar_medium,210,off,off,False,True,
1779494109.5525098,stat_pub,stat,-1,C4_lidar_medium,C4_lidar_medium,210,off,off,False,True,
1779494110.052783,stat_pub,stat,-1,C4_lidar_medium,C4_lidar_medium,209,off,off,False,True,
1779494110.5530393,stat_pub,stat,-1,C4_lidar_medium,C4_lidar_medium,210,off,off,False,True,
1779494111.053328,stat_pub,stat,-1,C4_lidar_medium,C4_lidar_medium,209,off,off,False,True,
1779494111.5540698,stat_pub,stat,-1,C4_lidar_medium,C4_lidar_medium,210,off,off,False,True,
1779494112.0550041,stat_pub,stat,-1,C4_lidar_medium,C4_lidar_medium,210,off,off,False,True,
1779494112.5554252,stat_pub,stat,-1,C4_lidar_medium,C4_lidar_medium,210,off,off,False,True,
1779494113.0555844,stat_pub,stat,-1,C4_lidar_medium,C4_lidar_medium,210,off,off,False,True,
1779494113.5558252,stat_pub,stat,-1,C4_lidar_medium,C4_lidar_medium,210,off,off,False,True,
1779494114.0559976,stat_pub,stat,-1,C4_lidar_medium,C4_lidar_medium,210,off,off,False,True,
1779494114.556224,stat_pub,stat,-1,C4_lidar_medium,C4_lidar_medium,209,off,off,False,True,
1779494115.0566618,stat_pub,stat,-1,C4_lidar_medium,C4_lidar_medium,210,off,off,False,True,
1779494115.5569463,stat_pub,stat,-1,C4_lidar_medium,C4_lidar_medium,210,off,off,False,True,
1779494116.057142,stat_pub,stat,-1,C4_lidar_medium,C4_lidar_medium,209,off,off,False,True,
1779494116.5574074,stat_pub,stat,-1,C4_lidar_medium,C4_lidar_medium,210,off,off,False,True,
1779494117.0577955,stat_pub,stat,-1,C4_lidar_medium,C4_lidar_medium,210,off,off,False,True,
1779494117.5580056,stat_pub,stat,-1,C4_lidar_medium,C4_lidar_medium,210,off,off,False,True,
1779494118.0581145,stat_pub,stat,-1,C4_lidar_medium,C4_lidar_medium,210,off,off,False,True,
1779494118.5586822,stat_pub,stat,-1,C4_lidar_medium,C4_lidar_medium,210,off,off,False,True,
1779494119.0592115,stat_pub,stat,-1,C4_lidar_medium,C4_lidar_medium,210,off,off,False,True,
1779494119.559513,stat_pub,stat,-1,C4_lidar_medium,C4_lidar_medium,209,off,off,False,True,
1779494120.0600502,stat_pub,stat,-1,C4_lidar_medium,C4_lidar_medium,210,off,off,False,True,
1779494120.5601914,stat_pub,stat,-1,C4_lidar_medium,C4_lidar_medium,210,off,off,False,True,
1779494121.0607412,stat_pub,stat,-1,C4_lidar_medium,C4_lidar_medium,209,off,off,False,True,
1779494121.5609722,stat_pub,stat,-1,C4_lidar_medium,C4_lidar_medium,209,off,off,False,True,
1779494122.0614169,stat_pub,stat,-1,C4_lidar_medium,C4_lidar_medium,210,off,off,False,True,
1779494122.5616333,stat_pub,stat,-1,C4_lidar_medium,C4_lidar_medium,210,off,off,False,True,
1779494123.0621312,stat_pub,stat,-1,C4_lidar_medium,C4_lidar_medium,210,off,off,False,True,
1779494123.5626426,stat_pub,stat,-1,C4_lidar_medium,C4_lidar_medium,210,off,off,False,True,
1779494124.0629966,stat_pub,stat,-1,C4_lidar_medium,C4_lidar_medium,210,off,off,False,True,
1779494124.5631633,stat_pub,stat,-1,C4_lidar_medium,C4_lidar_medium,210,off,off,False,True,
1779494125.063398,stat_pub,stat,-1,C4_lidar_medium,C4_lidar_medium,209,off,off,False,True,
1779494125.5639353,stat_pub,stat,-1,C4_lidar_medium,C4_lidar_medium,210,off,off,False,True,
1779494126.0642695,stat_pub,stat,-1,C4_lidar_medium,C4_lidar_medium,210,off,off,False,True,
1779494126.5644588,stat_pub,stat,-1,C4_lidar_medium,C4_lidar_medium,210,off,off,False,True,
1779494127.0647573,stat_pub,stat,-1,C4_lidar_medium,C4_lidar_medium,210,off,off,False,True,
1779494127.5652642,stat_pub,stat,-1,C4_lidar_medium,C4_lidar_medium,210,off,off,False,True,
1779494128.065793,stat_pub,stat,-1,C4_lidar_medium,C4_lidar_medium,209,off,off,False,True,
1779494128.5661068,stat_pub,stat,-1,C4_lidar_medium,C4_lidar_medium,210,off,off,False,True,
1779494129.0664022,stat_pub,stat,-1,C4_lidar_medium,C4_lidar_medium,210,off,off,False,True,
1779494129.5666542,stat_pub,stat,-1,C4_lidar_medium,C4_lidar_medium,210,off,off,False,True,
1779494130.0671456,stat_pub,stat,-1,C4_lidar_medium,C4_lidar_medium,210,off,off,False,True,
1779494130.567563,stat_pub,stat,-1,C4_lidar_medium,C4_lidar_medium,209,off,off,False,True,
1779494131.0680044,stat_pub,stat,-1,C4_lidar_medium,C4_lidar_medium,210,off,off,False,True,
1779494131.5683718,stat_pub,stat,-1,C4_lidar_medium,C4_lidar_medium,210,off,off,False,True,
1779494132.0689986,stat_pub,stat,-1,C4_lidar_medium,C4_lidar_medium,210,off,off,False,True,
1779494132.569379,stat_pub,stat,-1,C4_lidar_medium,C4_lidar_medium,209,off,off,False,True,
1779494133.0695734,stat_pub,stat,-1,C4_lidar_medium,C4_lidar_medium,210,off,off,False,True,
1779494133.5700257,stat_pub,stat,-1,C4_lidar_medium,C4_lidar_medium,210,off,off,False,True,
1779494134.0706072,stat_pub,stat,-1,C4_lidar_medium,C4_lidar_medium,209,off,off,False,True,
1779494134.570927,stat_pub,stat,-1,C4_lidar_medium,C4_lidar_medium,208,off,off,False,True,
1779494135.0711484,stat_pub,stat,-1,C4_lidar_medium,C4_lidar_medium,209,off,off,False,True,
1779494135.5716312,stat_pub,stat,-1,C4_lidar_medium,C4_lidar_medium,210,off,off,False,True,
1779494136.0719097,stat_pub,stat,-1,C4_lidar_medium,C4_lidar_medium,210,off,off,False,True,
1779494136.5722098,stat_pub,stat,-1,C4_lidar_medium,C4_lidar_medium,210,off,off,False,True,
1779494137.0726666,stat_pub,stat,-1,C4_lidar_medium,C4_lidar_medium,210,off,off,False,True,
1779494137.5728471,stat_pub,stat,-1,C4_lidar_medium,C4_lidar_medium,210,off,off,False,True,
1779494138.0730453,stat_pub,stat,-1,C4_lidar_medium,C4_lidar_medium,210,off,off,False,True,
1779494138.573279,stat_pub,stat,-1,C4_lidar_medium,C4_lidar_medium,209,off,off,False,True,
1779494139.07382,stat_pub,stat,-1,C4_lidar_medium,C4_lidar_medium,208,off,off,False,True,
1779494139.5743172,stat_pub,stat,-1,C4_lidar_medium,C4_lidar_medium,210,off,off,False,True,
1779494140.074959,stat_pub,stat,-1,C4_lidar_medium,C4_lidar_medium,209,off,off,False,True,
1779494140.5755472,stat_pub,stat,-1,C4_lidar_medium,C4_lidar_medium,210,off,off,False,True,
1779494141.075735,stat_pub,stat,-1,C4_lidar_medium,C4_lidar_medium,209,off,off,False,True,
1779494141.5761065,stat_pub,stat,-1,C4_lidar_medium,C4_lidar_medium,210,off,off,False,True,
1779494142.0763247,stat_pub,stat,-1,C4_lidar_medium,C4_lidar_medium,210,off,off,False,True,
1779494142.576846,stat_pub,stat,-1,C4_lidar_medium,C4_lidar_medium,209,off,off,False,True,
1779494143.0773993,stat_pub,stat,-1,C4_lidar_medium,C4_lidar_medium,210,off,off,False,True,
1779494143.578027,stat_pub,stat,-1,C4_lidar_medium,C4_lidar_medium,209,off,off,False,True,
1779494144.0782712,stat_pub,stat,-1,C4_lidar_medium,C4_lidar_medium,210,off,off,False,True,
1779494144.578502,stat_pub,stat,-1,C4_lidar_medium,C4_lidar_medium,209,off,off,False,True,
1779494145.078778,stat_pub,stat,-1,C4_lidar_medium,C4_lidar_medium,209,off,off,False,True,
1779494145.5791657,stat_pub,stat,-1,C4_lidar_medium,C4_lidar_medium,210,off,off,False,True,
1779494146.0796468,stat_pub,stat,-1,C4_lidar_medium,C4_lidar_medium,210,off,off,False,True,
1779494146.5800638,stat_pub,stat,-1,C4_lidar_medium,C4_lidar_medium,210,off,off,False,True,
1779494147.080558,stat_pub,stat,-1,C4_lidar_medium,C4_lidar_medium,208,off,off,False,True,
1779494147.5807889,stat_pub,stat,-1,C4_lidar_medium,C4_lidar_medium,209,off,off,False,True,
1779494148.0810716,stat_pub,stat,-1,C4_lidar_medium,C4_lidar_medium,209,off,off,False,True,
1779494148.5816386,stat_pub,stat,-1,C4_lidar_medium,C4_lidar_medium,210,off,off,False,True,
1779494149.0820963,stat_pub,stat,-1,C4_lidar_medium,C4_lidar_medium,210,off,off,False,True,
1779494149.5825143,stat_pub,stat,-1,C4_lidar_medium,C4_lidar_medium,210,off,off,False,True,
1779494150.0828617,stat_pub,stat,-1,C4_lidar_medium,C4_lidar_medium,210,off,off,False,True,
1779494150.5830455,stat_pub,stat,-1,C4_lidar_medium,C4_lidar_medium,210,off,off,False,True,
1779494151.0835073,stat_pub,stat,-1,C4_lidar_medium,C4_lidar_medium,210,off,off,False,True,
1779494151.5839727,stat_pub,stat,-1,C4_lidar_medium,C4_lidar_medium,210,off,off,False,True,
1779494152.0846221,stat_pub,stat,-1,C4_lidar_medium,C4_lidar_medium,210,off,off,False,True,
1779494152.5851264,stat_pub,stat,-1,C4_lidar_medium,C4_lidar_medium,210,off,off,False,True,
1779494153.0853643,stat_pub,stat,-1,C4_lidar_medium,C4_lidar_medium,210,off,off,False,True,
1779494153.5856164,stat_pub,stat,-1,C4_lidar_medium,C4_lidar_medium,210,off,off,False,True,
1779494154.0859158,stat_pub,stat,-1,C4_lidar_medium,C4_lidar_medium,210,off,off,False,True,
1779494154.5861003,stat_pub,stat,-1,C4_lidar_medium,C4_lidar_medium,210,off,off,False,True,
1779494155.086639,stat_pub,stat,-1,C4_lidar_medium,C4_lidar_medium,209,off,off,False,True,
1779494155.5869431,stat_pub,stat,-1,C4_lidar_medium,C4_lidar_medium,210,off,off,False,True,
1779494156.0872328,stat_pub,stat,-1,C4_lidar_medium,C4_lidar_medium,210,off,off,False,True,
1779494156.587701,stat_pub,stat,-1,C4_lidar_medium,C4_lidar_medium,209,off,off,False,True,
1779494157.088234,stat_pub,stat,-1,C4_lidar_medium,C4_lidar_medium,209,off,off,False,True,
1779494157.5886593,stat_pub,stat,-1,C4_lidar_medium,C4_lidar_medium,210,off,off,False,True,
1779494158.089099,stat_pub,stat,-1,C4_lidar_medium,C4_lidar_medium,209,off,off,False,True,
1779494158.5894763,stat_pub,stat,-1,C4_lidar_medium,C4_lidar_medium,210,off,off,False,True,
1779494159.089953,stat_pub,stat,-1,C4_lidar_medium,C4_lidar_medium,209,off,off,False,True,
1779494159.5903418,stat_pub,stat,-1,C4_lidar_medium,C4_lidar_medium,208,off,off,False,True,
1779494160.0907068,stat_pub,stat,-1,C4_lidar_medium,C4_lidar_medium,208,off,off,False,True,
1779494160.5909274,stat_pub,stat,-1,C4_lidar_medium,C4_lidar_medium,208,off,off,False,True,
1779494161.0914965,stat_pub,stat,-1,C4_lidar_medium,C4_lidar_medium,210,off,off,False,True,
1779494161.5917745,stat_pub,stat,-1,C4_lidar_medium,C4_lidar_medium,210,off,off,False,True,
1779494162.09217,stat_pub,stat,-1,C4_lidar_medium,C4_lidar_medium,208,off,off,False,True,
1779494162.592325,stat_pub,stat,-1,C4_lidar_medium,C4_lidar_medium,209,off,off,False,True,
1779494163.0928755,stat_pub,stat,-1,C4_lidar_medium,C4_lidar_medium,210,off,off,False,True,
1779494163.5934548,stat_pub,stat,-1,C4_lidar_medium,C4_lidar_medium,210,off,off,False,True,
1779494164.0935867,stat_pub,stat,-1,C4_lidar_medium,C4_lidar_medium,210,off,off,False,True,
1779494164.5941002,stat_pub,stat,-1,C4_lidar_medium,C4_lidar_medium,210,off,off,False,True,
1779494165.0946248,stat_pub,stat,-1,C4_lidar_medium,C4_lidar_medium,210,off,off,False,True,
1779494165.5950053,stat_pub,stat,-1,C4_lidar_medium,C4_lidar_medium,210,off,off,False,True,
1779494166.095458,stat_pub,stat,-1,C4_lidar_medium,C4_lidar_medium,209,off,off,False,True,
1779494166.5960348,stat_pub,stat,-1,C4_lidar_medium,C4_lidar_medium,210,off,off,False,True,
1779494167.09632,stat_pub,stat,-1,C4_lidar_medium,C4_lidar_medium,208,off,off,False,True,
1779494167.5967958,stat_pub,stat,-1,C4_lidar_medium,C4_lidar_medium,210,off,off,False,True,
1779494168.0970922,stat_pub,stat,-1,C4_lidar_medium,C4_lidar_medium,210,off,off,False,True,
1779494168.5972881,stat_pub,stat,-1,C4_lidar_medium,C4_lidar_medium,210,off,off,False,True,
1779494169.0974715,stat_pub,stat,-1,C4_lidar_medium,C4_lidar_medium,210,off,off,False,True,
1779494169.5976868,stat_pub,stat,-1,C4_lidar_medium,C4_lidar_medium,210,off,off,False,True,
1779494170.097792,stat_pub,stat,-1,C4_lidar_medium,C4_lidar_medium,209,off,off,False,True,
1779494170.5981429,stat_pub,stat,-1,C4_lidar_medium,C4_lidar_medium,210,off,off,False,True,
1779494171.0986676,stat_pub,stat,-1,C4_lidar_medium,C4_lidar_medium,210,off,off,False,True,
1779494171.5989969,stat_pub,stat,-1,C4_lidar_medium,C4_lidar_medium,210,off,off,False,True,
1779494172.099573,stat_pub,stat,-1,C4_lidar_medium,C4_lidar_medium,209,off,off,False,True,
1779494172.5996916,stat_pub,stat,-1,C4_lidar_medium,C4_lidar_medium,210,off,off,False,True,
1779494173.0999217,stat_pub,stat,-1,C4_lidar_medium,C4_lidar_medium,210,off,off,False,True,
1779494173.600099,stat_pub,stat,-1,C4_lidar_medium,C4_lidar_medium,209,off,off,False,True,
1779494174.100582,stat_pub,stat,-1,C4_lidar_medium,C4_lidar_medium,208,off,off,False,True,
1779494174.6011117,stat_pub,stat,-1,C4_lidar_medium,C4_lidar_medium,209,off,off,False,True,
1779494175.1013799,stat_pub,stat,-1,C4_lidar_medium,C4_lidar_medium,210,off,off,False,True,
1779494175.6018887,stat_pub,stat,-1,C4_lidar_medium,C4_lidar_medium,210,off,off,False,True,
1779494176.1023362,stat_pub,stat,-1,C4_lidar_medium,C4_lidar_medium,210,off,off,False,True,
1779494176.602519,stat_pub,stat,-1,C4_lidar_medium,C4_lidar_medium,209,off,off,False,True,
1779494177.1030705,stat_pub,stat,-1,C4_lidar_medium,C4_lidar_medium,210,off,off,False,True,
1779494177.6035755,stat_pub,stat,-1,C4_lidar_medium,C4_lidar_medium,210,off,off,False,True,
1779494178.1040113,stat_pub,stat,-1,C4_lidar_medium,C4_lidar_medium,210,off,off,False,True,
1779494178.6048255,stat_pub,stat,-1,C4_lidar_medium,C4_lidar_medium,210,off,off,False,True,
1779494179.1050868,stat_pub,stat,-1,C4_lidar_medium,C4_lidar_medium,210,off,off,False,True,
1779494179.6057034,stat_pub,stat,-1,C4_lidar_medium,C4_lidar_medium,210,off,off,False,True,
1779494180.106189,stat_pub,stat,-1,C4_lidar_medium,C4_lidar_medium,209,off,off,False,True,
1779494180.6064374,stat_pub,stat,-1,C4_lidar_medium,C4_lidar_medium,210,off,off,False,True,
1779494181.106767,stat_pub,stat,-1,C4_lidar_medium,C4_lidar_medium,209,off,off,False,True,
1779494181.606993,stat_pub,stat,-1,C4_lidar_medium,C4_lidar_medium,209,off,off,False,True,
1779494182.1073723,stat_pub,stat,-1,C4_lidar_medium,C4_lidar_medium,210,off,off,False,True,
1779494182.6078837,stat_pub,stat,-1,C4_lidar_medium,C4_lidar_medium,210,off,off,False,True,
1779494183.1083562,stat_pub,stat,-1,C4_lidar_medium,C4_lidar_medium,210,off,off,False,True,
1779494183.6085634,stat_pub,stat,-1,C4_lidar_medium,C4_lidar_medium,210,off,off,False,True,
1779494184.109259,stat_pub,stat,-1,C4_lidar_medium,C4_lidar_medium,209,off,off,False,True,
1779494184.609753,stat_pub,stat,-1,C4_lidar_medium,C4_lidar_medium,209,off,off,False,True,
1779494185.1099596,stat_pub,stat,-1,C4_lidar_medium,C4_lidar_medium,210,off,off,False,True,
1779494185.6101272,stat_pub,stat,-1,C4_lidar_medium,C4_lidar_medium,210,off,off,False,True,
1779494186.1107059,stat_pub,stat,-1,C4_lidar_medium,C4_lidar_medium,209,off,off,False,True,
1779494186.6110926,stat_pub,stat,-1,C4_lidar_medium,C4_lidar_medium,209,off,off,False,True,
1779494187.1112187,stat_pub,stat,-1,C4_lidar_medium,C4_lidar_medium,209,off,off,False,True,
1779494187.6116264,stat_pub,stat,-1,C4_lidar_medium,C4_lidar_medium,210,off,off,False,True,
1779494188.1121902,stat_pub,stat,-1,C4_lidar_medium,C4_lidar_medium,210,off,off,False,True,
1779494188.6127572,stat_pub,stat,-1,C4_lidar_medium,C4_lidar_medium,210,off,off,False,True,
1779494189.1137252,stat_pub,stat,-1,C4_lidar_medium,C4_lidar_medium,210,off,off,False,True,
1779494189.6141727,stat_pub,stat,-1,C4_lidar_medium,C4_lidar_medium,210,off,off,False,True,
1779494190.114535,stat_pub,stat,-1,C4_lidar_medium,C4_lidar_medium,209,off,off,False,True,
1779494190.6148338,stat_pub,stat,-1,C4_lidar_medium,C4_lidar_medium,210,off,off,False,True,
1779494191.1153178,stat_pub,stat,-1,C4_lidar_medium,C4_lidar_medium,210,off,off,False,True,
1779494191.615452,stat_pub,stat,-1,C4_lidar_medium,C4_lidar_medium,209,off,off,False,True,
1779494192.115802,stat_pub,stat,-1,C4_lidar_medium,C4_lidar_medium,209,off,off,False,True,
1779494192.6160374,stat_pub,stat,-1,C4_lidar_medium,C4_lidar_medium,210,off,off,False,True,
1779494193.1162791,stat_pub,stat,-1,C4_lidar_medium,C4_lidar_medium,210,off,off,False,True,
1779494193.6166933,stat_pub,stat,-1,C4_lidar_medium,C4_lidar_medium,210,off,off,False,True,
1779494194.1171324,stat_pub,stat,-1,C4_lidar_medium,C4_lidar_medium,210,off,off,False,True,
1779494194.6175356,stat_pub,stat,-1,C4_lidar_medium,C4_lidar_medium,210,off,off,False,True,
1779494195.1181726,stat_pub,stat,-1,C4_lidar_medium,C4_lidar_medium,210,off,off,False,True,
1779494195.618316,stat_pub,stat,-1,C4_lidar_medium,C4_lidar_medium,209,off,off,False,True,
1779494196.1185603,stat_pub,stat,-1,C4_lidar_medium,C4_lidar_medium,210,off,off,False,True,
1779494196.6188385,stat_pub,stat,-1,C4_lidar_medium,C4_lidar_medium,210,off,off,False,True,
1779494197.1190858,stat_pub,stat,-1,C4_lidar_medium,C4_lidar_medium,210,off,off,False,True,
1779494197.619366,stat_pub,stat,-1,C4_lidar_medium,C4_lidar_medium,209,off,off,False,True,
1779494198.1198003,stat_pub,stat,-1,C4_lidar_medium,C4_lidar_medium,210,off,off,False,True,
1779494198.6201267,stat_pub,stat,-1,C4_lidar_medium,C4_lidar_medium,210,off,off,False,True,
1779494199.1206226,stat_pub,stat,-1,C4_lidar_medium,C4_lidar_medium,209,off,off,False,True,
1779494199.621208,stat_pub,stat,-1,C4_lidar_medium,C4_lidar_medium,208,off,off,False,True,
1779494200.1217854,stat_pub,stat,-1,C4_lidar_medium,C4_lidar_medium,210,off,off,False,True,
1779494200.6219957,stat_pub,stat,-1,C4_lidar_medium,C4_lidar_medium,210,off,off,False,True,
1779494201.122565,stat_pub,stat,-1,C4_lidar_medium,C4_lidar_medium,209,off,off,False,True,
1779494201.6228573,stat_pub,stat,-1,C4_lidar_medium,C4_lidar_medium,210,off,off,False,True,
1779494202.1230953,stat_pub,stat,-1,C4_lidar_medium,C4_lidar_medium,210,off,off,False,True,
1779494202.6233108,stat_pub,stat,-1,C4_lidar_medium,C4_lidar_medium,210,off,off,False,True,
1779494203.123564,stat_pub,stat,-1,C4_lidar_medium,C4_lidar_medium,209,off,off,False,True,
1779494203.6237571,stat_pub,stat,-1,C4_lidar_medium,C4_lidar_medium,210,off,off,False,True,
1779494204.1241229,stat_pub,stat,-1,C4_lidar_medium,C4_lidar_medium,210,off,off,False,True,
1779494204.624415,stat_pub,stat,-1,C4_lidar_medium,C4_lidar_medium,209,off,off,False,True,
1779494205.1248677,stat_pub,stat,-1,C4_lidar_medium,C4_lidar_medium,210,off,off,False,True,
1779494205.6252875,stat_pub,stat,-1,C4_lidar_medium,C4_lidar_medium,210,off,off,False,True,
1779494206.1256328,stat_pub,stat,-1,C4_lidar_medium,C4_lidar_medium,210,off,off,False,True,
1779494206.625958,stat_pub,stat,-1,C4_lidar_medium,C4_lidar_medium,209,off,off,False,True,
1779494207.1262167,stat_pub,stat,-1,C4_lidar_medium,C4_lidar_medium,210,off,off,False,True,
1779494207.6263285,stat_pub,stat,-1,C4_lidar_medium,C4_lidar_medium,210,off,off,False,True,
1779494208.1267295,stat_pub,stat,-1,C4_lidar_medium,C4_lidar_medium,210,off,off,False,True,
1779494208.6271214,stat_pub,stat,-1,C4_lidar_medium,C4_lidar_medium,210,off,off,False,True,
1779494209.1274354,stat_pub,stat,-1,C4_lidar_medium,C4_lidar_medium,210,off,off,False,True,
1779494209.6278346,stat_pub,stat,-1,C4_lidar_medium,C4_lidar_medium,210,off,off,False,True,
1779494210.1281533,stat_pub,stat,-1,C4_lidar_medium,C4_lidar_medium,210,off,off,False,True,
1779494210.6286995,stat_pub,stat,-1,C4_lidar_medium,C4_lidar_medium,210,off,off,False,True,
1779494211.1289678,stat_pub,stat,-1,C4_lidar_medium,C4_lidar_medium,210,off,off,False,True,
1779494211.6291938,stat_pub,stat,-1,C4_lidar_medium,C4_lidar_medium,210,off,off,False,True,
1779494212.1297438,stat_pub,stat,-1,C4_lidar_medium,C4_lidar_medium,210,off,off,False,True,
1779494212.6299298,stat_pub,stat,-1,C4_lidar_medium,C4_lidar_medium,210,off,off,False,True,
1779494213.1301148,stat_pub,stat,-1,C4_lidar_medium,C4_lidar_medium,210,off,off,False,True,
1779494213.6303608,stat_pub,stat,-1,C4_lidar_medium,C4_lidar_medium,209,off,off,False,True,
1779494214.1307616,stat_pub,stat,-1,C4_lidar_medium,C4_lidar_medium,209,off,off,False,True,
1779494214.6313324,stat_pub,stat,-1,C4_lidar_medium,C4_lidar_medium,210,off,off,False,True,
1779494215.1316068,stat_pub,stat,-1,C4_lidar_medium,C4_lidar_medium,210,off,off,False,True,
1779494215.6318455,stat_pub,stat,-1,C4_lidar_medium,C4_lidar_medium,210,off,off,False,True,
1779494216.1321082,stat_pub,stat,-1,C4_lidar_medium,C4_lidar_medium,210,off,off,False,True,
1779494216.6326797,stat_pub,stat,-1,C4_lidar_medium,C4_lidar_medium,210,off,off,False,True,
1779494217.133102,stat_pub,stat,-1,C4_lidar_medium,C4_lidar_medium,209,off,off,False,True,
1779494217.6337638,stat_pub,stat,-1,C4_lidar_medium,C4_lidar_medium,210,off,off,False,True,
1779494218.1343443,stat_pub,stat,-1,C4_lidar_medium,C4_lidar_medium,210,off,off,False,True,
1779494218.6349435,stat_pub,stat,-1,C4_lidar_medium,C4_lidar_medium,210,off,off,False,True,
1779494219.135537,stat_pub,stat,-1,C4_lidar_medium,C4_lidar_medium,209,off,off,False,True,
1779494219.635958,stat_pub,stat,-1,C4_lidar_medium,C4_lidar_medium,209,off,off,False,True,
1779494220.1364386,stat_pub,stat,-1,C4_lidar_medium,C4_lidar_medium,210,off,off,False,True,
1779494220.637006,stat_pub,stat,-1,C4_lidar_medium,C4_lidar_medium,209,off,off,False,True,
1779494221.1374698,stat_pub,stat,-1,C4_lidar_medium,C4_lidar_medium,210,off,off,False,True,
1779494221.638005,stat_pub,stat,-1,C4_lidar_medium,C4_lidar_medium,209,off,off,False,True,
1779494222.1383665,stat_pub,stat,-1,C4_lidar_medium,C4_lidar_medium,210,off,off,False,True,
1779494222.6389227,stat_pub,stat,-1,C4_lidar_medium,C4_lidar_medium,210,off,off,False,True,
1779494223.1393683,stat_pub,stat,-1,C4_lidar_medium,C4_lidar_medium,210,off,off,False,True,
1779494223.6396725,stat_pub,stat,-1,C4_lidar_medium,C4_lidar_medium,210,off,off,False,True,
1779494224.1400135,stat_pub,stat,-1,C4_lidar_medium,C4_lidar_medium,210,off,off,False,True,
1779494224.640344,stat_pub,stat,-1,C4_lidar_medium,C4_lidar_medium,208,off,off,False,True,
1779494225.1407216,stat_pub,stat,-1,C4_lidar_medium,C4_lidar_medium,209,off,off,False,True,
1779494225.6410189,stat_pub,stat,-1,C4_lidar_medium,C4_lidar_medium,209,off,off,False,True,
1779494226.1413386,stat_pub,stat,-1,C4_lidar_medium,C4_lidar_medium,210,off,off,False,True,
1779494226.6416843,stat_pub,stat,-1,C4_lidar_medium,C4_lidar_medium,210,off,off,False,True,
1779494227.1421456,stat_pub,stat,-1,C4_lidar_medium,C4_lidar_medium,210,off,off,False,True,
1779494227.6423333,stat_pub,stat,-1,C4_lidar_medium,C4_lidar_medium,210,off,off,False,True,
1779494228.1428525,stat_pub,stat,-1,C4_lidar_medium,C4_lidar_medium,210,off,off,False,True,
1779494228.6433294,stat_pub,stat,-1,C4_lidar_medium,C4_lidar_medium,210,off,off,False,True,
1779494229.143736,stat_pub,stat,-1,C4_lidar_medium,C4_lidar_medium,209,off,off,False,True,
1779494229.6440408,stat_pub,stat,-1,C4_lidar_medium,C4_lidar_medium,210,off,off,False,True,
1779494230.1444318,stat_pub,stat,-1,C4_lidar_medium,C4_lidar_medium,210,off,off,False,True,
1779494230.6446433,stat_pub,stat,-1,C4_lidar_medium,C4_lidar_medium,210,off,off,False,True,
1779494231.144771,stat_pub,stat,-1,C4_lidar_medium,C4_lidar_medium,209,off,off,False,True,
1779494231.6452596,stat_pub,stat,-1,C4_lidar_medium,C4_lidar_medium,210,off,off,False,True,
1779494232.1456604,stat_pub,stat,-1,C4_lidar_medium,C4_lidar_medium,210,off,off,False,True,
1779494232.64609,stat_pub,stat,-1,C4_lidar_medium,C4_lidar_medium,208,off,off,False,True,
1779494233.1465995,stat_pub,stat,-1,C4_lidar_medium,C4_lidar_medium,210,off,off,False,True,
1779494233.6469958,stat_pub,stat,-1,C4_lidar_medium,C4_lidar_medium,210,off,off,False,True,
1779494234.1474004,stat_pub,stat,-1,C4_lidar_medium,C4_lidar_medium,210,off,off,False,True,
1779494234.6479156,stat_pub,stat,-1,C4_lidar_medium,C4_lidar_medium,210,off,off,False,True,
1779494235.1484246,stat_pub,stat,-1,C4_lidar_medium,C4_lidar_medium,210,off,off,False,True,
1779494235.6489902,stat_pub,stat,-1,C4_lidar_medium,C4_lidar_medium,210,off,off,False,True,
1779494236.1494136,stat_pub,stat,-1,C4_lidar_medium,C4_lidar_medium,210,off,off,False,True,
1779494236.649887,stat_pub,stat,-1,C4_lidar_medium,C4_lidar_medium,209,off,off,False,True,
1779494237.1504412,stat_pub,stat,-1,C4_lidar_medium,C4_lidar_medium,209,off,off,False,True,
1779494237.6510005,stat_pub,stat,-1,C4_lidar_medium,C4_lidar_medium,209,off,off,False,True,
1779494238.1512215,stat_pub,stat,-1,C4_lidar_medium,C4_lidar_medium,209,off,off,False,True,
1779494238.651722,stat_pub,stat,-1,C4_lidar_medium,C4_lidar_medium,209,off,off,False,True,
1779494239.152297,stat_pub,stat,-1,C4_lidar_medium,C4_lidar_medium,209,off,off,False,True,
1779494239.6525083,stat_pub,stat,-1,C4_lidar_medium,C4_lidar_medium,210,off,off,False,True,
1779494240.1528347,stat_pub,stat,-1,C4_lidar_medium,C4_lidar_medium,210,off,off,False,True,
1779494240.6531436,stat_pub,stat,-1,C4_lidar_medium,C4_lidar_medium,210,off,off,False,True,
1779494241.1536872,stat_pub,stat,-1,C4_lidar_medium,C4_lidar_medium,210,off,off,False,True,
1779494241.6542478,stat_pub,stat,-1,C4_lidar_medium,C4_lidar_medium,210,off,off,False,True,
1779494242.1545742,stat_pub,stat,-1,C4_lidar_medium,C4_lidar_medium,210,off,off,False,True,
1779494242.6550925,stat_pub,stat,-1,C4_lidar_medium,C4_lidar_medium,210,off,off,False,True,
1779494243.1553595,stat_pub,stat,-1,C4_lidar_medium,C4_lidar_medium,210,off,off,False,True,
1779494243.6558459,stat_pub,stat,-1,C4_lidar_medium,C4_lidar_medium,210,off,off,False,True,
1779494244.156365,stat_pub,stat,-1,C4_lidar_medium,C4_lidar_medium,209,off,off,False,True,
1779494244.6566246,stat_pub,stat,-1,C4_lidar_medium,C4_lidar_medium,210,off,off,False,True,
1779494245.1575267,stat_pub,stat,-1,C4_lidar_medium,C4_lidar_medium,210,off,off,False,True,
1779494245.657938,stat_pub,stat,-1,C4_lidar_medium,C4_lidar_medium,209,off,off,False,True,
1779494246.1584706,stat_pub,stat,-1,C4_lidar_medium,C4_lidar_medium,210,off,off,False,True,
1779494246.6586869,stat_pub,stat,-1,C4_lidar_medium,C4_lidar_medium,210,off,off,False,True,
1779494247.1591291,stat_pub,stat,-1,C4_lidar_medium,C4_lidar_medium,210,off,off,False,True,
1779494247.6594567,stat_pub,stat,-1,C4_lidar_medium,C4_lidar_medium,210,off,off,False,True,
1779494248.1596522,stat_pub,stat,-1,C4_lidar_medium,C4_lidar_medium,210,off,off,False,True,
1779494248.6602218,stat_pub,stat,-1,C4_lidar_medium,C4_lidar_medium,210,off,off,False,True,
1779494249.1603978,stat_pub,stat,-1,C4_lidar_medium,C4_lidar_medium,209,off,off,False,True,
1779494249.6609602,stat_pub,stat,-1,C4_lidar_medium,C4_lidar_medium,209,off,off,False,True,
1779494250.1610708,stat_pub,stat,-1,C4_lidar_medium,C4_lidar_medium,209,off,off,False,True,
1779494250.6615005,stat_pub,stat,-1,C4_lidar_medium,C4_lidar_medium,210,off,off,False,True,
1779494251.1617305,stat_pub,stat,-1,C4_lidar_medium,C4_lidar_medium,210,off,off,False,True,
1779494251.6620178,stat_pub,stat,-1,C4_lidar_medium,C4_lidar_medium,210,off,off,False,True,
1779494252.162189,stat_pub,stat,-1,C4_lidar_medium,C4_lidar_medium,209,off,off,False,True,
1779494252.662299,stat_pub,stat,-1,C4_lidar_medium,C4_lidar_medium,209,off,off,False,True,
1779494253.1626117,stat_pub,stat,-1,C4_lidar_medium,C4_lidar_medium,210,off,off,False,True,
1779494253.6631095,stat_pub,stat,-1,C4_lidar_medium,C4_lidar_medium,210,off,off,False,True,
1779494254.163569,stat_pub,stat,-1,C4_lidar_medium,C4_lidar_medium,209,off,off,False,True,
1779494254.6643963,stat_pub,stat,-1,C4_lidar_medium,C4_lidar_medium,210,off,off,False,True,
1779494255.164978,stat_pub,stat,-1,C4_lidar_medium,C4_lidar_medium,209,off,off,False,True,
1779494255.6652002,stat_pub,stat,-1,C4_lidar_medium,C4_lidar_medium,210,off,off,False,True,
1779494256.165556,stat_pub,stat,-1,C4_lidar_medium,C4_lidar_medium,209,off,off,False,True,
1779494256.6661932,stat_pub,stat,-1,C4_lidar_medium,C4_lidar_medium,210,off,off,False,True,
1779494257.1664073,stat_pub,stat,-1,C4_lidar_medium,C4_lidar_medium,210,off,off,False,True,
1779494257.6668684,stat_pub,stat,-1,C4_lidar_medium,C4_lidar_medium,210,off,off,False,True,
1779494258.167008,stat_pub,stat,-1,C4_lidar_medium,C4_lidar_medium,209,off,off,False,True,
1779494258.6674654,stat_pub,stat,-1,C4_lidar_medium,C4_lidar_medium,210,off,off,False,True,
1779494259.1679885,stat_pub,stat,-1,C4_lidar_medium,C4_lidar_medium,210,off,off,False,True,
1779494259.6685975,stat_pub,stat,-1,C4_lidar_medium,C4_lidar_medium,210,off,off,False,True,
1779494260.169201,stat_pub,stat,-1,C4_lidar_medium,C4_lidar_medium,209,off,off,False,True,
1779494260.669527,stat_pub,stat,-1,C4_lidar_medium,C4_lidar_medium,209,off,off,False,True,
1779494261.1699967,stat_pub,stat,-1,C4_lidar_medium,C4_lidar_medium,210,off,off,False,True,
1779494261.670151,stat_pub,stat,-1,C4_lidar_medium,C4_lidar_medium,209,off,off,False,True,
1779494262.1707637,stat_pub,stat,-1,C4_lidar_medium,C4_lidar_medium,209,off,off,False,True,
1779494262.6711693,stat_pub,stat,-1,C4_lidar_medium,C4_lidar_medium,209,off,off,False,True,
1779494263.1721199,stat_pub,stat,-1,C4_lidar_medium,C4_lidar_medium,210,off,off,False,True,
1779494263.6725948,stat_pub,stat,-1,C4_lidar_medium,C4_lidar_medium,210,off,off,False,True,
1779494264.1731248,stat_pub,stat,-1,C4_lidar_medium,C4_lidar_medium,210,off,off,False,True,
1779494264.673428,stat_pub,stat,-1,C4_lidar_medium,C4_lidar_medium,209,off,off,False,True,
1779494265.17353,stat_pub,stat,-1,C4_lidar_medium,C4_lidar_medium,208,off,off,False,True,
1779494265.6740174,stat_pub,stat,-1,C4_lidar_medium,C4_lidar_medium,210,off,off,False,True,
1779494266.1744597,stat_pub,stat,-1,C4_lidar_medium,C4_lidar_medium,210,off,off,False,True,
1779494266.67492,stat_pub,stat,-1,C4_lidar_medium,C4_lidar_medium,208,off,off,False,True,
1779494267.1751769,stat_pub,stat,-1,C4_lidar_medium,C4_lidar_medium,210,off,off,False,True,
1779494267.6754284,stat_pub,stat,-1,C4_lidar_medium,C4_lidar_medium,210,off,off,False,True,
1779494268.1759872,stat_pub,stat,-1,C4_lidar_medium,C4_lidar_medium,210,off,off,False,True,
1779494268.6762526,stat_pub,stat,-1,C4_lidar_medium,C4_lidar_medium,210,off,off,False,True,
1779494269.1768162,stat_pub,stat,-1,C4_lidar_medium,C4_lidar_medium,210,off,off,False,True,
1779494269.6771033,stat_pub,stat,-1,C4_lidar_medium,C4_lidar_medium,210,off,off,False,True,
1779494270.177394,stat_pub,stat,-1,C4_lidar_medium,C4_lidar_medium,209,off,off,False,True,
1779494270.6775777,stat_pub,stat,-1,C4_lidar_medium,C4_lidar_medium,210,off,off,False,True,
1779494271.1784322,stat_pub,stat,-1,C4_lidar_medium,C4_lidar_medium,210,off,off,False,True,
1779494271.6787245,stat_pub,stat,-1,C4_lidar_medium,C4_lidar_medium,210,off,off,False,True,
1779494272.179068,stat_pub,stat,-1,C4_lidar_medium,C4_lidar_medium,209,off,off,False,True,
1779494272.679427,stat_pub,stat,-1,C4_lidar_medium,C4_lidar_medium,209,off,off,False,True,
1779494273.17976,stat_pub,stat,-1,C4_lidar_medium,C4_lidar_medium,208,off,off,False,True,
1779494273.6799273,stat_pub,stat,-1,C4_lidar_medium,C4_lidar_medium,210,off,off,False,True,
1779494274.180341,stat_pub,stat,-1,C4_lidar_medium,C4_lidar_medium,208,off,off,False,True,
1779494274.6808138,stat_pub,stat,-1,C4_lidar_medium,C4_lidar_medium,209,off,off,False,True,
1779494275.1813936,stat_pub,stat,-1,C4_lidar_medium,C4_lidar_medium,210,off,off,False,True,
1779494275.6816437,stat_pub,stat,-1,C4_lidar_medium,C4_lidar_medium,210,off,off,False,True,
1779494276.1821277,stat_pub,stat,-1,C4_lidar_medium,C4_lidar_medium,210,off,off,False,True,
1779494276.6826403,stat_pub,stat,-1,C4_lidar_medium,C4_lidar_medium,210,off,off,False,True,
1779494277.1830664,stat_pub,stat,-1,C4_lidar_medium,C4_lidar_medium,210,off,off,False,True,
1779494277.6836812,stat_pub,stat,-1,C4_lidar_medium,C4_lidar_medium,210,off,off,False,True,
1779494278.184015,stat_pub,stat,-1,C4_lidar_medium,C4_lidar_medium,209,off,off,False,True,
1779494278.6841743,stat_pub,stat,-1,C4_lidar_medium,C4_lidar_medium,210,off,off,False,True,
1779494279.184479,stat_pub,stat,-1,C4_lidar_medium,C4_lidar_medium,209,off,off,False,True,
1779494279.684575,stat_pub,stat,-1,C4_lidar_medium,C4_lidar_medium,209,off,off,False,True,
1779494280.1851783,stat_pub,stat,-1,C4_lidar_medium,C4_lidar_medium,210,off,off,False,True,
1779494280.6855402,stat_pub,stat,-1,C4_lidar_medium,C4_lidar_medium,210,off,off,False,True,
1779494281.1861513,stat_pub,stat,-1,C4_lidar_medium,C4_lidar_medium,210,off,off,False,True,
1779494281.686633,stat_pub,stat,-1,C4_lidar_medium,C4_lidar_medium,209,off,off,False,True,
1779494282.186919,stat_pub,stat,-1,C4_lidar_medium,C4_lidar_medium,209,off,off,False,True,
1779494282.687196,stat_pub,stat,-1,C4_lidar_medium,C4_lidar_medium,209,off,off,False,True,
1779494283.1874862,stat_pub,stat,-1,C4_lidar_medium,C4_lidar_medium,210,off,off,False,True,
1779494283.6880856,stat_pub,stat,-1,C4_lidar_medium,C4_lidar_medium,210,off,off,False,True,
1779494284.1883135,stat_pub,stat,-1,C4_lidar_medium,C4_lidar_medium,210,off,off,False,True,
1779494284.6887238,stat_pub,stat,-1,C4_lidar_medium,C4_lidar_medium,210,off,off,False,True,
1779494285.1890686,stat_pub,stat,-1,C4_lidar_medium,C4_lidar_medium,210,off,off,False,True,
1779494285.689268,stat_pub,stat,-1,C4_lidar_medium,C4_lidar_medium,209,off,off,False,True,
1779494286.1895607,stat_pub,stat,-1,C4_lidar_medium,C4_lidar_medium,210,off,off,False,True,
1779494286.6897848,stat_pub,stat,-1,C4_lidar_medium,C4_lidar_medium,210,off,off,False,True,
1779494287.190119,stat_pub,stat,-1,C4_lidar_medium,C4_lidar_medium,209,off,off,False,True,
1779494287.6905117,stat_pub,stat,-1,C4_lidar_medium,C4_lidar_medium,208,off,off,False,True,
1779494288.1908877,stat_pub,stat,-1,C4_lidar_medium,C4_lidar_medium,208,off,off,False,True,
1779494288.69111,stat_pub,stat,-1,C4_lidar_medium,C4_lidar_medium,206,off,off,False,True,
1779494289.1916978,stat_pub,stat,-1,C4_lidar_medium,C4_lidar_medium,210,off,off,False,True,
1779494289.6921525,stat_pub,stat,-1,C4_lidar_medium,C4_lidar_medium,210,off,off,False,True,
1779494290.1925411,stat_pub,stat,-1,C4_lidar_medium,C4_lidar_medium,210,off,off,False,True,
1779494290.692929,stat_pub,stat,-1,C4_lidar_medium,C4_lidar_medium,209,off,off,False,True,
1779494291.193468,stat_pub,stat,-1,C4_lidar_medium,C4_lidar_medium,209,off,off,False,True,
1779494291.6943014,stat_pub,stat,-1,C4_lidar_medium,C4_lidar_medium,210,off,off,False,True,
1779494292.1946526,stat_pub,stat,-1,C4_lidar_medium,C4_lidar_medium,210,off,off,False,True,
1779494292.6951368,stat_pub,stat,-1,C4_lidar_medium,C4_lidar_medium,210,off,off,False,True,
1779494293.1954708,stat_pub,stat,-1,C4_lidar_medium,C4_lidar_medium,210,off,off,False,True,
1779494293.695776,stat_pub,stat,-1,C4_lidar_medium,C4_lidar_medium,209,off,off,False,True,
1779494294.1962485,stat_pub,stat,-1,C4_lidar_medium,C4_lidar_medium,210,off,off,False,True,
1779494294.6965585,stat_pub,stat,-1,C4_lidar_medium,C4_lidar_medium,210,off,off,False,True,
1779494295.1970625,stat_pub,stat,-1,C4_lidar_medium,C4_lidar_medium,210,off,off,False,True,
1779494295.6975105,stat_pub,stat,-1,C4_lidar_medium,C4_lidar_medium,210,off,off,False,True,
1779494296.1981285,stat_pub,stat,-1,C4_lidar_medium,C4_lidar_medium,210,off,off,False,True,
1779494296.6984005,stat_pub,stat,-1,C4_lidar_medium,C4_lidar_medium,210,off,off,False,True,
1779494297.198595,stat_pub,stat,-1,C4_lidar_medium,C4_lidar_medium,209,off,off,False,True,
1779494297.6987324,stat_pub,stat,-1,C4_lidar_medium,C4_lidar_medium,210,off,off,False,True,
1779494298.1991818,stat_pub,stat,-1,C4_lidar_medium,C4_lidar_medium,210,off,off,False,True,
1779494298.6996977,stat_pub,stat,-1,C4_lidar_medium,C4_lidar_medium,210,off,off,False,True,
1779494299.199929,stat_pub,stat,-1,C4_lidar_medium,C4_lidar_medium,209,off,off,False,True,
1779494299.7003012,stat_pub,stat,-1,C4_lidar_medium,C4_lidar_medium,209,off,off,False,True,
1779494300.2008832,stat_pub,stat,-1,C4_lidar_medium,C4_lidar_medium,209,off,off,False,True,
1779494300.701498,stat_pub,stat,-1,C4_lidar_medium,C4_lidar_medium,209,off,off,False,True,
1779494301.2018478,stat_pub,stat,-1,C4_lidar_medium,C4_lidar_medium,210,off,off,False,True,
1779494301.702313,stat_pub,stat,-1,C4_lidar_medium,C4_lidar_medium,209,off,off,False,True,
1779494302.20294,stat_pub,stat,-1,C4_lidar_medium,C4_lidar_medium,208,off,off,False,True,
1779494302.7032814,stat_pub,stat,-1,C4_lidar_medium,C4_lidar_medium,210,off,off,False,True,
1779494303.2037292,stat_pub,stat,-1,C4_lidar_medium,C4_lidar_medium,210,off,off,False,True,
1779494303.7042627,stat_pub,stat,-1,C4_lidar_medium,C4_lidar_medium,210,off,off,False,True,
1779494304.2048438,stat_pub,stat,-1,C4_lidar_medium,C4_lidar_medium,210,off,off,False,True,
1779494304.7053719,stat_pub,stat,-1,C4_lidar_medium,C4_lidar_medium,210,off,off,False,True,
1779494305.205899,stat_pub,stat,-1,C4_lidar_medium,C4_lidar_medium,209,off,off,False,True,
1779494305.706162,stat_pub,stat,-1,C4_lidar_medium,C4_lidar_medium,209,off,off,False,True,
1779494306.2066596,stat_pub,stat,-1,C4_lidar_medium,C4_lidar_medium,210,off,off,False,True,
1779494306.7072692,stat_pub,stat,-1,C4_lidar_medium,C4_lidar_medium,210,off,off,False,True,
1779494307.2078545,stat_pub,stat,-1,C4_lidar_medium,C4_lidar_medium,210,off,off,False,True,
1779494307.7082715,stat_pub,stat,-1,C4_lidar_medium,C4_lidar_medium,210,off,off,False,True,
1779494308.2088606,stat_pub,stat,-1,C4_lidar_medium,C4_lidar_medium,210,off,off,False,True,
1779494308.7092223,stat_pub,stat,-1,C4_lidar_medium,C4_lidar_medium,210,off,off,False,True,
1779494309.2096648,stat_pub,stat,-1,C4_lidar_medium,C4_lidar_medium,210,off,off,False,True,
1779494309.7102573,stat_pub,stat,-1,C4_lidar_medium,C4_lidar_medium,210,off,off,False,True,
1779494310.2108085,stat_pub,stat,-1,C4_lidar_medium,C4_lidar_medium,209,off,off,False,True,
1779494310.7113333,stat_pub,stat,-1,C4_lidar_medium,C4_lidar_medium,210,off,off,False,True,
1779494311.2116683,stat_pub,stat,-1,C4_lidar_medium,C4_lidar_medium,210,off,off,False,True,
1779494311.7121978,stat_pub,stat,-1,C4_lidar_medium,C4_lidar_medium,210,off,off,False,True,
1779494312.2125714,stat_pub,stat,-1,C4_lidar_medium,C4_lidar_medium,210,off,off,False,True,
1779494312.7129943,stat_pub,stat,-1,C4_lidar_medium,C4_lidar_medium,210,off,off,False,True,
1779494313.2133286,stat_pub,stat,-1,C4_lidar_medium,C4_lidar_medium,210,off,off,False,True,
1779494313.7134943,stat_pub,stat,-1,C4_lidar_medium,C4_lidar_medium,210,off,off,False,True,
1779494314.2136502,stat_pub,stat,-1,C4_lidar_medium,C4_lidar_medium,210,off,off,False,True,
1779494314.7141101,stat_pub,stat,-1,C4_lidar_medium,C4_lidar_medium,210,off,off,False,True,
1779494315.2146149,stat_pub,stat,-1,C4_lidar_medium,C4_lidar_medium,210,off,off,False,True,
1779494315.7150471,stat_pub,stat,-1,C4_lidar_medium,C4_lidar_medium,210,off,off,False,True,
1779494316.2155368,stat_pub,stat,-1,C4_lidar_medium,C4_lidar_medium,210,off,off,False,True,
1779494316.716163,stat_pub,stat,-1,C4_lidar_medium,C4_lidar_medium,209,off,off,False,True,
1779494317.2164054,stat_pub,stat,-1,C4_lidar_medium,C4_lidar_medium,210,off,off,False,True,
1779494317.716743,stat_pub,stat,-1,C4_lidar_medium,C4_lidar_medium,209,off,off,False,True,
1779494318.2170668,stat_pub,stat,-1,C4_lidar_medium,C4_lidar_medium,210,off,off,False,True,
1779494318.7172673,stat_pub,stat,-1,C4_lidar_medium,C4_lidar_medium,210,off,off,False,True,
1779494319.2176604,stat_pub,stat,-1,C4_lidar_medium,C4_lidar_medium,210,off,off,False,True,
1779494319.718245,stat_pub,stat,-1,C4_lidar_medium,C4_lidar_medium,209,off,off,False,True,
1779494320.2184176,stat_pub,stat,-1,C4_lidar_medium,C4_lidar_medium,210,off,off,False,True,
1779494320.7187824,stat_pub,stat,-1,C4_lidar_medium,C4_lidar_medium,210,off,off,False,True,
1779494321.2190075,stat_pub,stat,-1,C4_lidar_medium,C4_lidar_medium,210,off,off,False,True,
1779494321.719519,stat_pub,stat,-1,C4_lidar_medium,C4_lidar_medium,209,off,off,False,True,
1779494322.219703,stat_pub,stat,-1,C4_lidar_medium,C4_lidar_medium,209,off,off,False,True,
1779494322.7199059,stat_pub,stat,-1,C4_lidar_medium,C4_lidar_medium,210,off,off,False,True,
1779494323.2202983,stat_pub,stat,-1,C4_lidar_medium,C4_lidar_medium,209,off,off,False,True,
1779494323.7207582,stat_pub,stat,-1,C4_lidar_medium,C4_lidar_medium,209,off,off,False,True,
1779494324.2211668,stat_pub,stat,-1,C4_lidar_medium,C4_lidar_medium,209,off,off,False,True,
1779494324.721337,stat_pub,stat,-1,C4_lidar_medium,C4_lidar_medium,209,off,off,False,True,
1779494325.221779,stat_pub,stat,-1,C4_lidar_medium,C4_lidar_medium,209,off,off,False,True,
1779494325.7220128,stat_pub,stat,-1,C4_lidar_medium,C4_lidar_medium,210,off,off,False,True,
1779494326.2223744,stat_pub,stat,-1,C4_lidar_medium,C4_lidar_medium,210,off,off,False,True,
1779494326.722503,stat_pub,stat,-1,C4_lidar_medium,C4_lidar_medium,209,off,off,False,True,
1779494327.2227979,stat_pub,stat,-1,C4_lidar_medium,C4_lidar_medium,210,off,off,False,True,
1779494327.7231593,stat_pub,stat,-1,C4_lidar_medium,C4_lidar_medium,210,off,off,False,True,
1779494328.2236223,stat_pub,stat,-1,C4_lidar_medium,C4_lidar_medium,210,off,off,False,True,
1779494328.7239883,stat_pub,stat,-1,C4_lidar_medium,C4_lidar_medium,210,off,off,False,True,
1779494329.2244835,stat_pub,stat,-1,C4_lidar_medium,C4_lidar_medium,210,off,off,False,True,
1779494329.724995,stat_pub,stat,-1,C4_lidar_medium,C4_lidar_medium,209,off,off,False,True,
1779494330.225637,stat_pub,stat,-1,C4_lidar_medium,C4_lidar_medium,209,off,off,False,True,
1779494330.725999,stat_pub,stat,-1,C4_lidar_medium,C4_lidar_medium,209,off,off,False,True,
1779494331.2261176,stat_pub,stat,-1,C4_lidar_medium,C4_lidar_medium,210,off,off,False,True,
1779494331.7264445,stat_pub,stat,-1,C4_lidar_medium,C4_lidar_medium,210,off,off,False,True,
1779494332.2268605,stat_pub,stat,-1,C4_lidar_medium,C4_lidar_medium,210,off,off,False,True,
1779494332.727363,stat_pub,stat,-1,C4_lidar_medium,C4_lidar_medium,209,off,off,False,True,
1779494333.2276206,stat_pub,stat,-1,C4_lidar_medium,C4_lidar_medium,210,off,off,False,True,
1779494333.7279005,stat_pub,stat,-1,C4_lidar_medium,C4_lidar_medium,210,off,off,False,True,
1779494334.2284875,stat_pub,stat,-1,C4_lidar_medium,C4_lidar_medium,210,off,off,False,True,
1779494334.7287982,stat_pub,stat,-1,C4_lidar_medium,C4_lidar_medium,210,off,off,False,True,
1779494335.2293816,stat_pub,stat,-1,C4_lidar_medium,C4_lidar_medium,210,off,off,False,True,
1779494335.7295523,stat_pub,stat,-1,C4_lidar_medium,C4_lidar_medium,210,off,off,False,True,
1779494336.2300708,stat_pub,stat,-1,C4_lidar_medium,C4_lidar_medium,210,off,off,False,True,
1779494336.730457,stat_pub,stat,-1,C4_lidar_medium,C4_lidar_medium,208,off,off,False,True,
1779494337.2308002,stat_pub,stat,-1,C4_lidar_medium,C4_lidar_medium,209,off,off,False,True,
1779494337.730918,stat_pub,stat,-1,C4_lidar_medium,C4_lidar_medium,208,off,off,False,True,
1779494338.2313995,stat_pub,stat,-1,C4_lidar_medium,C4_lidar_medium,210,off,off,False,True,
1779494338.7315226,stat_pub,stat,-1,C4_lidar_medium,C4_lidar_medium,210,off,off,False,True,
1779494339.231712,stat_pub,stat,-1,C4_lidar_medium,C4_lidar_medium,209,off,off,False,True,
1779494339.7323143,stat_pub,stat,-1,C4_lidar_medium,C4_lidar_medium,210,off,off,False,True,
1779494340.2325335,stat_pub,stat,-1,C4_lidar_medium,C4_lidar_medium,210,off,off,False,True,
1779494340.7328987,stat_pub,stat,-1,C4_lidar_medium,C4_lidar_medium,210,off,off,False,True,
1779494341.2334645,stat_pub,stat,-1,C4_lidar_medium,C4_lidar_medium,210,off,off,False,True,
1779494341.7339063,stat_pub,stat,-1,C4_lidar_medium,C4_lidar_medium,210,off,off,False,True,
1779494342.2343297,stat_pub,stat,-1,C4_lidar_medium,C4_lidar_medium,210,off,off,False,True,
1779494342.7345088,stat_pub,stat,-1,C4_lidar_medium,C4_lidar_medium,210,off,off,False,True,
1779494343.235174,stat_pub,stat,-1,C4_lidar_medium,C4_lidar_medium,209,off,off,False,True,
1779494343.7354789,stat_pub,stat,-1,C4_lidar_medium,C4_lidar_medium,210,off,off,False,True,
1779494344.2360537,stat_pub,stat,-1,C4_lidar_medium,C4_lidar_medium,210,off,off,False,True,
1779494344.736224,stat_pub,stat,-1,C4_lidar_medium,C4_lidar_medium,209,off,off,False,True,
1779494345.2365282,stat_pub,stat,-1,C4_lidar_medium,C4_lidar_medium,210,off,off,False,True,
1779494345.7371197,stat_pub,stat,-1,C4_lidar_medium,C4_lidar_medium,210,off,off,False,True,
1779494346.2377725,stat_pub,stat,-1,C4_lidar_medium,C4_lidar_medium,210,off,off,False,True,
1779494346.7379076,stat_pub,stat,-1,C4_lidar_medium,C4_lidar_medium,210,off,off,False,True,
1779494347.238073,stat_pub,stat,-1,C4_lidar_medium,C4_lidar_medium,209,off,off,False,True,
1779494347.738215,stat_pub,stat,-1,C4_lidar_medium,C4_lidar_medium,209,off,off,False,True,
1779494348.238938,stat_pub,stat,-1,C4_lidar_medium,C4_lidar_medium,209,off,off,False,True,
1779494348.7390883,stat_pub,stat,-1,C4_lidar_medium,C4_lidar_medium,210,off,off,False,True,
1779494349.2396598,stat_pub,stat,-1,C4_lidar_medium,C4_lidar_medium,210,off,off,False,True,
1779494349.7400458,stat_pub,stat,-1,C4_lidar_medium,C4_lidar_medium,210,off,off,False,True,
1779494350.2409313,stat_pub,stat,-1,C4_lidar_medium,C4_lidar_medium,209,off,off,False,True,
1779494350.7410924,stat_pub,stat,-1,C4_lidar_medium,C4_lidar_medium,209,off,off,False,True,
1779494351.2413788,stat_pub,stat,-1,C4_lidar_medium,C4_lidar_medium,210,off,off,False,True,
1779494351.7417922,stat_pub,stat,-1,C4_lidar_medium,C4_lidar_medium,210,off,off,False,True,
1779494352.2419338,stat_pub,stat,-1,C4_lidar_medium,C4_lidar_medium,210,off,off,False,True,
1779494352.7420514,stat_pub,stat,-1,C4_lidar_medium,C4_lidar_medium,210,off,off,False,True,
1779494353.2425942,stat_pub,stat,-1,C4_lidar_medium,C4_lidar_medium,210,off,off,False,True,
1779494353.743165,stat_pub,stat,-1,C4_lidar_medium,C4_lidar_medium,209,off,off,False,True,
1779494354.2435896,stat_pub,stat,-1,C4_lidar_medium,C4_lidar_medium,210,off,off,False,True,
1779494354.7440724,stat_pub,stat,-1,C4_lidar_medium,C4_lidar_medium,210,off,off,False,True,
1779494355.24448,stat_pub,stat,-1,C4_lidar_medium,C4_lidar_medium,208,off,off,False,True,
1779494355.7447524,stat_pub,stat,-1,C4_lidar_medium,C4_lidar_medium,210,off,off,False,True,
1779494356.2450163,stat_pub,stat,-1,C4_lidar_medium,C4_lidar_medium,210,off,off,False,True,
1779494356.7455397,stat_pub,stat,-1,C4_lidar_medium,C4_lidar_medium,210,off,off,False,True,
1779494357.246134,stat_pub,stat,-1,C4_lidar_medium,C4_lidar_medium,209,off,off,False,True,
1779494357.7464254,stat_pub,stat,-1,C4_lidar_medium,C4_lidar_medium,210,off,off,False,True,
1779494358.2468066,stat_pub,stat,-1,C4_lidar_medium,C4_lidar_medium,210,off,off,False,True,
1779494358.7473018,stat_pub,stat,-1,C4_lidar_medium,C4_lidar_medium,210,off,off,False,True,
1779494359.2476683,stat_pub,stat,-1,C4_lidar_medium,C4_lidar_medium,210,off,off,False,True,
1779494359.7480404,stat_pub,stat,-1,C4_lidar_medium,C4_lidar_medium,210,off,off,False,True,
1779494360.2483218,stat_pub,stat,-1,C4_lidar_medium,C4_lidar_medium,210,off,off,False,True,
1779494360.748987,stat_pub,stat,-1,C4_lidar_medium,C4_lidar_medium,209,off,off,False,True,
1779494361.2499404,stat_pub,stat,-1,C4_lidar_medium,C4_lidar_medium,210,off,off,False,True,
1779494361.7503016,stat_pub,stat,-1,C4_lidar_medium,C4_lidar_medium,209,off,off,False,True,
1779494362.2508633,stat_pub,stat,-1,C4_lidar_medium,C4_lidar_medium,209,off,off,False,True,
1779494362.7512574,stat_pub,stat,-1,C4_lidar_medium,C4_lidar_medium,209,off,off,False,True,
1779494363.2514217,stat_pub,stat,-1,C4_lidar_medium,C4_lidar_medium,210,off,off,False,True,
1779494363.7517538,stat_pub,stat,-1,C4_lidar_medium,C4_lidar_medium,210,off,off,False,True,
1779494364.2520237,stat_pub,stat,-1,C4_lidar_medium,C4_lidar_medium,210,off,off,False,True,
1779494364.7526217,stat_pub,stat,-1,C4_lidar_medium,C4_lidar_medium,210,off,off,False,True,
1779494365.253154,stat_pub,stat,-1,C4_lidar_medium,C4_lidar_medium,209,off,off,False,True,
1779494365.7535932,stat_pub,stat,-1,C4_lidar_medium,C4_lidar_medium,210,off,off,False,True,
1779494366.2538571,stat_pub,stat,-1,C4_lidar_medium,C4_lidar_medium,210,off,off,False,True,
1779494366.754043,stat_pub,stat,-1,C4_lidar_medium,C4_lidar_medium,209,off,off,False,True,
1779494367.2542953,stat_pub,stat,-1,C4_lidar_medium,C4_lidar_medium,210,off,off,False,True,
1779494367.7547798,stat_pub,stat,-1,C4_lidar_medium,C4_lidar_medium,210,off,off,False,True,
1779494368.2549891,stat_pub,stat,-1,C4_lidar_medium,C4_lidar_medium,210,off,off,False,True,
1779494368.7557614,stat_pub,stat,-1,C4_lidar_medium,C4_lidar_medium,210,off,off,False,True,
1779494369.2559056,stat_pub,stat,-1,C4_lidar_medium,C4_lidar_medium,210,off,off,False,True,
1779494369.7563384,stat_pub,stat,-1,C4_lidar_medium,C4_lidar_medium,210,off,off,False,True,
1779494370.2566059,stat_pub,stat,-1,C4_lidar_medium,C4_lidar_medium,210,off,off,False,True,
1779494370.7571075,stat_pub,stat,-1,C4_lidar_medium,C4_lidar_medium,210,off,off,False,True,
1779494371.2578921,stat_pub,stat,-1,C4_lidar_medium,C4_lidar_medium,210,off,off,False,True,
1779494371.758119,stat_pub,stat,-1,C4_lidar_medium,C4_lidar_medium,209,off,off,False,True,
1779494372.2585723,stat_pub,stat,-1,C4_lidar_medium,C4_lidar_medium,210,off,off,False,True,
1779494372.7591832,stat_pub,stat,-1,C4_lidar_medium,C4_lidar_medium,210,off,off,False,True,
1779494373.2596147,stat_pub,stat,-1,C4_lidar_medium,C4_lidar_medium,210,off,off,False,True,
1779494373.7599192,stat_pub,stat,-1,C4_lidar_medium,C4_lidar_medium,210,off,off,False,True,
1779494374.2601955,stat_pub,stat,-1,C4_lidar_medium,C4_lidar_medium,210,off,off,False,True,
1779494374.7606652,stat_pub,stat,-1,C4_lidar_medium,C4_lidar_medium,209,off,off,False,True,
1779494375.2611008,stat_pub,stat,-1,C4_lidar_medium,C4_lidar_medium,209,off,off,False,True,
1779494375.7616189,stat_pub,stat,-1,C4_lidar_medium,C4_lidar_medium,210,off,off,False,True,
1779494376.2621062,stat_pub,stat,-1,C4_lidar_medium,C4_lidar_medium,210,off,off,False,True,
1779494376.7623055,stat_pub,stat,-1,C4_lidar_medium,C4_lidar_medium,210,off,off,False,True,
1779494377.26262,stat_pub,stat,-1,C4_lidar_medium,C4_lidar_medium,208,off,off,False,True,
1779494377.7628944,stat_pub,stat,-1,C4_lidar_medium,C4_lidar_medium,210,off,off,False,True,
1779494378.2634013,stat_pub,stat,-1,C4_lidar_medium,C4_lidar_medium,210,off,off,False,True,
1779494378.76379,stat_pub,stat,-1,C4_lidar_medium,C4_lidar_medium,208,off,off,False,True,
1779494379.263969,stat_pub,stat,-1,C4_lidar_medium,C4_lidar_medium,209,off,off,False,True,
1779494379.7643223,stat_pub,stat,-1,C4_lidar_medium,C4_lidar_medium,210,off,off,False,True,
1779494380.2647004,stat_pub,stat,-1,C4_lidar_medium,C4_lidar_medium,210,off,off,False,True,
1779494380.7653034,stat_pub,stat,-1,C4_lidar_medium,C4_lidar_medium,210,off,off,False,True,
1779494381.265505,stat_pub,stat,-1,C4_lidar_medium,C4_lidar_medium,209,off,off,False,True,
1779494381.7658904,stat_pub,stat,-1,C4_lidar_medium,C4_lidar_medium,210,off,off,False,True,
1779494382.2660575,stat_pub,stat,-1,C4_lidar_medium,C4_lidar_medium,210,off,off,False,True,
1779494382.7665534,stat_pub,stat,-1,C4_lidar_medium,C4_lidar_medium,210,off,off,False,True,
1779494383.2667656,stat_pub,stat,-1,C4_lidar_medium,C4_lidar_medium,210,off,off,False,True,
1779494383.767014,stat_pub,stat,-1,C4_lidar_medium,C4_lidar_medium,209,off,off,False,True,
1779494384.2673814,stat_pub,stat,-1,C4_lidar_medium,C4_lidar_medium,210,off,off,False,True,
1779494384.7675304,stat_pub,stat,-1,C4_lidar_medium,C4_lidar_medium,210,off,off,False,True,
1779494385.26812,stat_pub,stat,-1,C4_lidar_medium,C4_lidar_medium,208,off,off,False,True,
1779494385.7684534,stat_pub,stat,-1,C4_lidar_medium,C4_lidar_medium,210,off,off,False,True,
1779494386.268985,stat_pub,stat,-1,C4_lidar_medium,C4_lidar_medium,209,off,off,False,True,
1779494386.7695098,stat_pub,stat,-1,C4_lidar_medium,C4_lidar_medium,210,off,off,False,True,
1779494387.2699132,stat_pub,stat,-1,C4_lidar_medium,C4_lidar_medium,210,off,off,False,True,
1779494387.7702522,stat_pub,stat,-1,C4_lidar_medium,C4_lidar_medium,210,off,off,False,True,
1779494388.27058,stat_pub,stat,-1,C4_lidar_medium,C4_lidar_medium,207,off,off,False,True,
1779494388.7712562,stat_pub,stat,-1,C4_lidar_medium,C4_lidar_medium,209,off,off,False,True,
1779494389.2714462,stat_pub,stat,-1,C4_lidar_medium,C4_lidar_medium,210,off,off,False,True,
1779494389.771897,stat_pub,stat,-1,C4_lidar_medium,C4_lidar_medium,209,off,off,False,True,
1779494390.2720277,stat_pub,stat,-1,C4_lidar_medium,C4_lidar_medium,210,off,off,False,True,
1779494390.7721407,stat_pub,stat,-1,C4_lidar_medium,C4_lidar_medium,210,off,off,False,True,
1779494391.2724626,stat_pub,stat,-1,C4_lidar_medium,C4_lidar_medium,210,off,off,False,True,
1779494391.7726512,stat_pub,stat,-1,C4_lidar_medium,C4_lidar_medium,210,off,off,False,True,
1779494392.272997,stat_pub,stat,-1,C4_lidar_medium,C4_lidar_medium,209,off,off,False,True,
1779494392.7733483,stat_pub,stat,-1,C4_lidar_medium,C4_lidar_medium,210,off,off,False,True,
1779494393.273674,stat_pub,stat,-1,C4_lidar_medium,C4_lidar_medium,209,off,off,False,True,
1779494393.774106,stat_pub,stat,-1,C4_lidar_medium,C4_lidar_medium,209,off,off,False,True,
1779494394.2747972,stat_pub,stat,-1,C4_lidar_medium,C4_lidar_medium,210,off,off,False,True,
1779494394.7757256,stat_pub,stat,-1,C4_lidar_medium,C4_lidar_medium,210,off,off,False,True,
1779494395.2761345,stat_pub,stat,-1,C4_lidar_medium,C4_lidar_medium,210,off,off,False,True,
1779494395.7767487,stat_pub,stat,-1,C4_lidar_medium,C4_lidar_medium,210,off,off,False,True,
1779494396.2772326,stat_pub,stat,-1,C4_lidar_medium,C4_lidar_medium,210,off,off,False,True,
1779494396.7773716,stat_pub,stat,-1,C4_lidar_medium,C4_lidar_medium,210,off,off,False,True,
1779494397.2776608,stat_pub,stat,-1,C4_lidar_medium,C4_lidar_medium,210,off,off,False,True,
1779494397.7781308,stat_pub,stat,-1,C4_lidar_medium,C4_lidar_medium,210,off,off,False,True,
1779494398.2787182,stat_pub,stat,-1,C4_lidar_medium,C4_lidar_medium,210,off,off,False,True,
1779494398.7788827,stat_pub,stat,-1,C4_lidar_medium,C4_lidar_medium,210,off,off,False,True,
1779494399.2791574,stat_pub,stat,-1,C4_lidar_medium,C4_lidar_medium,210,off,off,False,True,
1779494399.7795558,stat_pub,stat,-1,C4_lidar_medium,C4_lidar_medium,210,off,off,False,True,
1779494400.2800338,stat_pub,stat,-1,C4_lidar_medium,C4_lidar_medium,210,off,off,False,True,
1779494400.7803717,stat_pub,stat,-1,C4_lidar_medium,C4_lidar_medium,209,off,off,False,True,
1779494401.2804914,stat_pub,stat,-1,C4_lidar_medium,C4_lidar_medium,209,off,off,False,True,
1779494401.7806041,stat_pub,stat,-1,C4_lidar_medium,C4_lidar_medium,209,off,off,False,True,
1779494402.2808967,stat_pub,stat,-1,C4_lidar_medium,C4_lidar_medium,209,off,off,False,True,
1779494402.7812107,stat_pub,stat,-1,C4_lidar_medium,C4_lidar_medium,209,off,off,False,True,
1779494403.2815363,stat_pub,stat,-1,C4_lidar_medium,C4_lidar_medium,210,off,off,False,True,
1779494403.7817273,stat_pub,stat,-1,C4_lidar_medium,C4_lidar_medium,210,off,off,False,True,
1779494404.2819414,stat_pub,stat,-1,C4_lidar_medium,C4_lidar_medium,210,off,off,False,True,
1779494404.782202,stat_pub,stat,-1,C4_lidar_medium,C4_lidar_medium,209,off,off,False,True,
1779494405.282501,stat_pub,stat,-1,C4_lidar_medium,C4_lidar_medium,209,off,off,False,True,
1779494405.7828522,stat_pub,stat,-1,C4_lidar_medium,C4_lidar_medium,210,off,off,False,True,
1779494406.283017,stat_pub,stat,-1,C4_lidar_medium,C4_lidar_medium,209,off,off,False,True,
1779494406.7835228,stat_pub,stat,-1,C4_lidar_medium,C4_lidar_medium,210,off,off,False,True,
1779494407.2841973,stat_pub,stat,-1,C4_lidar_medium,C4_lidar_medium,210,off,off,False,True,
1779494407.784618,stat_pub,stat,-1,C4_lidar_medium,C4_lidar_medium,209,off,off,False,True,
1779494408.2848992,stat_pub,stat,-1,C4_lidar_medium,C4_lidar_medium,210,off,off,False,True,
1779494408.785286,stat_pub,stat,-1,C4_lidar_medium,C4_lidar_medium,209,off,off,False,True,
1779494409.2857778,stat_pub,stat,-1,C4_lidar_medium,C4_lidar_medium,210,off,off,False,True,
1779494409.7859352,stat_pub,stat,-1,C4_lidar_medium,C4_lidar_medium,210,off,off,False,True,
1779494410.2861042,stat_pub,stat,-1,C4_lidar_medium,C4_lidar_medium,210,off,off,False,True,
1779494410.7867382,stat_pub,stat,-1,C4_lidar_medium,C4_lidar_medium,210,off,off,False,True,
1779494411.287262,stat_pub,stat,-1,C4_lidar_medium,C4_lidar_medium,209,off,off,False,True,
1779494411.7878933,stat_pub,stat,-1,C4_lidar_medium,C4_lidar_medium,210,off,off,False,True,
1779494412.2880847,stat_pub,stat,-1,C4_lidar_medium,C4_lidar_medium,210,off,off,False,True,
1779494412.7888105,stat_pub,stat,-1,C4_lidar_medium,C4_lidar_medium,210,off,off,False,True,
1779494413.2890694,stat_pub,stat,-1,C4_lidar_medium,C4_lidar_medium,210,off,off,False,True,
1779494413.7895021,stat_pub,stat,-1,C4_lidar_medium,C4_lidar_medium,210,off,off,False,True,
1779494414.2902925,stat_pub,stat,-1,C4_lidar_medium,C4_lidar_medium,208,off,off,False,True,
1779494414.7905052,stat_pub,stat,-1,C4_lidar_medium,C4_lidar_medium,208,off,off,False,True,
1779494415.2910454,stat_pub,stat,-1,C4_lidar_medium,C4_lidar_medium,208,off,off,False,True,
1779494415.7917068,stat_pub,stat,-1,C4_lidar_medium,C4_lidar_medium,210,off,off,False,True,
1779494416.2919302,stat_pub,stat,-1,C4_lidar_medium,C4_lidar_medium,210,off,off,False,True,
1779494416.79248,stat_pub,stat,-1,C4_lidar_medium,C4_lidar_medium,208,off,off,False,True,
1779494417.2928653,stat_pub,stat,-1,C4_lidar_medium,C4_lidar_medium,210,off,off,False,True,
1779494417.7932851,stat_pub,stat,-1,C4_lidar_medium,C4_lidar_medium,210,off,off,False,True,
1779494418.293577,stat_pub,stat,-1,C4_lidar_medium,C4_lidar_medium,209,off,off,False,True,
1779494418.794081,stat_pub,stat,-1,C4_lidar_medium,C4_lidar_medium,209,off,off,False,True,
1779494419.2943969,stat_pub,stat,-1,C4_lidar_medium,C4_lidar_medium,210,off,off,False,True,
1779494419.7946835,stat_pub,stat,-1,C4_lidar_medium,C4_lidar_medium,210,off,off,False,True,
1779494420.295071,stat_pub,stat,-1,C4_lidar_medium,C4_lidar_medium,209,off,off,False,True,
1779494420.7956553,stat_pub,stat,-1,C4_lidar_medium,C4_lidar_medium,210,off,off,False,True,
1779494421.2960653,stat_pub,stat,-1,C4_lidar_medium,C4_lidar_medium,210,off,off,False,True,
1779494421.7963984,stat_pub,stat,-1,C4_lidar_medium,C4_lidar_medium,210,off,off,False,True,
1779494422.2965484,stat_pub,stat,-1,C4_lidar_medium,C4_lidar_medium,210,off,off,False,True,
1779494422.7969906,stat_pub,stat,-1,C4_lidar_medium,C4_lidar_medium,210,off,off,False,True,
1779494423.297301,stat_pub,stat,-1,C4_lidar_medium,C4_lidar_medium,209,off,off,False,True,
1779494423.7976978,stat_pub,stat,-1,C4_lidar_medium,C4_lidar_medium,210,off,off,False,True,
1779494424.298049,stat_pub,stat,-1,C4_lidar_medium,C4_lidar_medium,209,off,off,False,True,
1779494424.7983623,stat_pub,stat,-1,C4_lidar_medium,C4_lidar_medium,210,off,off,False,True,
1779494425.2987745,stat_pub,stat,-1,C4_lidar_medium,C4_lidar_medium,210,off,off,False,True,
1779494425.7992525,stat_pub,stat,-1,C4_lidar_medium,C4_lidar_medium,210,off,off,False,True,
1779494426.299456,stat_pub,stat,-1,C4_lidar_medium,C4_lidar_medium,209,off,off,False,True,
1779494426.799914,stat_pub,stat,-1,C4_lidar_medium,C4_lidar_medium,209,off,off,False,True,
1779494427.3004606,stat_pub,stat,-1,C4_lidar_medium,C4_lidar_medium,209,off,off,False,True,
1779494427.8010123,stat_pub,stat,-1,C4_lidar_medium,C4_lidar_medium,209,off,off,False,True,
1779494428.3011785,stat_pub,stat,-1,C4_lidar_medium,C4_lidar_medium,209,off,off,False,True,
1779494428.801595,stat_pub,stat,-1,C4_lidar_medium,C4_lidar_medium,209,off,off,False,True,
1779494429.3023493,stat_pub,stat,-1,C4_lidar_medium,C4_lidar_medium,210,off,off,False,True,
1779494429.8028212,stat_pub,stat,-1,C4_lidar_medium,C4_lidar_medium,210,off,off,False,True,
1779494430.303046,stat_pub,stat,-1,C4_lidar_medium,C4_lidar_medium,209,off,off,False,True,
1779494430.8036377,stat_pub,stat,-1,C4_lidar_medium,C4_lidar_medium,210,off,off,False,True,
1779494431.3038323,stat_pub,stat,-1,C4_lidar_medium,C4_lidar_medium,210,off,off,False,True,
1779494431.8042414,stat_pub,stat,-1,C4_lidar_medium,C4_lidar_medium,210,off,off,False,True,
1779494432.304703,stat_pub,stat,-1,C4_lidar_medium,C4_lidar_medium,209,off,off,False,True,
1779494432.8053572,stat_pub,stat,-1,C4_lidar_medium,C4_lidar_medium,210,off,off,False,True,
1779494433.3057857,stat_pub,stat,-1,C4_lidar_medium,C4_lidar_medium,210,off,off,False,True,
1779494433.8060164,stat_pub,stat,-1,C4_lidar_medium,C4_lidar_medium,210,off,off,False,True,
1779494434.3064058,stat_pub,stat,-1,C4_lidar_medium,C4_lidar_medium,210,off,off,False,True,
1779494434.8068604,stat_pub,stat,-1,C4_lidar_medium,C4_lidar_medium,210,off,off,False,True,
1779494435.307048,stat_pub,stat,-1,C4_lidar_medium,C4_lidar_medium,209,off,off,False,True,
1779494435.8077621,stat_pub,stat,-1,C4_lidar_medium,C4_lidar_medium,210,off,off,False,True,
1779494436.3082926,stat_pub,stat,-1,C4_lidar_medium,C4_lidar_medium,210,off,off,False,True,
1779494436.8088348,stat_pub,stat,-1,C4_lidar_medium,C4_lidar_medium,210,off,off,False,True,
1779494437.309037,stat_pub,stat,-1,C4_lidar_medium,C4_lidar_medium,209,off,off,False,True,
1779494437.8091424,stat_pub,stat,-1,C4_lidar_medium,C4_lidar_medium,210,off,off,False,True,
1779494438.3094876,stat_pub,stat,-1,C4_lidar_medium,C4_lidar_medium,210,off,off,False,True,
1779494438.8099234,stat_pub,stat,-1,C4_lidar_medium,C4_lidar_medium,210,off,off,False,True,
1779494439.3102632,stat_pub,stat,-1,C4_lidar_medium,C4_lidar_medium,210,off,off,False,True,
1779494439.8106787,stat_pub,stat,-1,C4_lidar_medium,C4_lidar_medium,209,off,off,False,True,
1779494440.311243,stat_pub,stat,-1,C4_lidar_medium,C4_lidar_medium,208,off,off,False,True,
1779494440.8115838,stat_pub,stat,-1,C4_lidar_medium,C4_lidar_medium,210,off,off,False,True,
1779494441.3117845,stat_pub,stat,-1,C4_lidar_medium,C4_lidar_medium,210,off,off,False,True,
1779494441.8124368,stat_pub,stat,-1,C4_lidar_medium,C4_lidar_medium,210,off,off,False,True,
1779494442.3128402,stat_pub,stat,-1,C4_lidar_medium,C4_lidar_medium,210,off,off,False,True,
1779494442.8130484,stat_pub,stat,-1,C4_lidar_medium,C4_lidar_medium,210,off,off,False,True,
1779494443.3136084,stat_pub,stat,-1,C4_lidar_medium,C4_lidar_medium,210,off,off,False,True,
1779494443.813894,stat_pub,stat,-1,C4_lidar_medium,C4_lidar_medium,209,off,off,False,True,
1779494444.3140073,stat_pub,stat,-1,C4_lidar_medium,C4_lidar_medium,210,off,off,False,True,
1779494444.8142257,stat_pub,stat,-1,C4_lidar_medium,C4_lidar_medium,210,off,off,False,True,
1779494445.3144896,stat_pub,stat,-1,C4_lidar_medium,C4_lidar_medium,210,off,off,False,True,
1779494445.8147504,stat_pub,stat,-1,C4_lidar_medium,C4_lidar_medium,210,off,off,False,True,
1779494446.315025,stat_pub,stat,-1,C4_lidar_medium,C4_lidar_medium,209,off,off,False,True,
1779494446.815288,stat_pub,stat,-1,C4_lidar_medium,C4_lidar_medium,209,off,off,False,True,
1779494447.3155315,stat_pub,stat,-1,C4_lidar_medium,C4_lidar_medium,210,off,off,False,True,
1779494447.8157105,stat_pub,stat,-1,C4_lidar_medium,C4_lidar_medium,210,off,off,False,True,
1779494448.316267,stat_pub,stat,-1,C4_lidar_medium,C4_lidar_medium,209,off,off,False,True,
1779494448.8164463,stat_pub,stat,-1,C4_lidar_medium,C4_lidar_medium,210,off,off,False,True,
1779494449.3168414,stat_pub,stat,-1,C4_lidar_medium,C4_lidar_medium,210,off,off,False,True,
1779494449.8174312,stat_pub,stat,-1,C4_lidar_medium,C4_lidar_medium,210,off,off,False,True,
1779494450.317742,stat_pub,stat,-1,C4_lidar_medium,C4_lidar_medium,209,off,off,False,True,
1779494450.8181322,stat_pub,stat,-1,C4_lidar_medium,C4_lidar_medium,210,off,off,False,True,
1779494451.318955,stat_pub,stat,-1,C4_lidar_medium,C4_lidar_medium,209,off,off,False,True,
1779494451.819337,stat_pub,stat,-1,C4_lidar_medium,C4_lidar_medium,209,off,off,False,True,
1779494452.3200202,stat_pub,stat,-1,C4_lidar_medium,C4_lidar_medium,210,off,off,False,True,
1779494452.8203604,stat_pub,stat,-1,C4_lidar_medium,C4_lidar_medium,209,off,off,False,True,
1779494453.3204741,stat_pub,stat,-1,C4_lidar_medium,C4_lidar_medium,209,off,off,False,True,
1779494453.8207352,stat_pub,stat,-1,C4_lidar_medium,C4_lidar_medium,209,off,off,False,True,
1779494454.3212464,stat_pub,stat,-1,C4_lidar_medium,C4_lidar_medium,209,off,off,False,True,
1779494454.8214974,stat_pub,stat,-1,C4_lidar_medium,C4_lidar_medium,210,off,off,False,True,
1779494455.3218298,stat_pub,stat,-1,C4_lidar_medium,C4_lidar_medium,210,off,off,False,True,
1779494455.8225882,stat_pub,stat,-1,C4_lidar_medium,C4_lidar_medium,210,off,off,False,True,
1779494456.3227413,stat_pub,stat,-1,C4_lidar_medium,C4_lidar_medium,210,off,off,False,True,
1779494456.8229306,stat_pub,stat,-1,C4_lidar_medium,C4_lidar_medium,210,off,off,False,True,
1779494457.3231046,stat_pub,stat,-1,C4_lidar_medium,C4_lidar_medium,210,off,off,False,True,
1779494457.8232903,stat_pub,stat,-1,C4_lidar_medium,C4_lidar_medium,210,off,off,False,True,
1779494458.3237884,stat_pub,stat,-1,C4_lidar_medium,C4_lidar_medium,210,off,off,False,True,
1779494458.8243508,stat_pub,stat,-1,C4_lidar_medium,C4_lidar_medium,210,off,off,False,True,
1779494459.3247132,stat_pub,stat,-1,C4_lidar_medium,C4_lidar_medium,210,off,off,False,True,
1779494459.8250306,stat_pub,stat,-1,C4_lidar_medium,C4_lidar_medium,210,off,off,False,True,
1779494460.3256402,stat_pub,stat,-1,C4_lidar_medium,C4_lidar_medium,210,off,off,False,True,
1779494460.8259506,stat_pub,stat,-1,C4_lidar_medium,C4_lidar_medium,210,off,off,False,True,
1779494461.326497,stat_pub,stat,-1,C4_lidar_medium,C4_lidar_medium,209,off,off,False,True,
1779494461.8267574,stat_pub,stat,-1,C4_lidar_medium,C4_lidar_medium,210,off,off,False,True,
1779494462.3270319,stat_pub,stat,-1,C4_lidar_medium,C4_lidar_medium,210,off,off,False,True,
1779494462.8276403,stat_pub,stat,-1,C4_lidar_medium,C4_lidar_medium,210,off,off,False,True,
1779494463.3281305,stat_pub,stat,-1,C4_lidar_medium,C4_lidar_medium,210,off,off,False,True,
1779494463.8285213,stat_pub,stat,-1,C4_lidar_medium,C4_lidar_medium,210,off,off,False,True,
1779494464.3286529,stat_pub,stat,-1,C4_lidar_medium,C4_lidar_medium,210,off,off,False,True,
1779494464.828951,stat_pub,stat,-1,C4_lidar_medium,C4_lidar_medium,209,off,off,False,True,
1779494465.3291914,stat_pub,stat,-1,C4_lidar_medium,C4_lidar_medium,210,off,off,False,True,
1779494465.829819,stat_pub,stat,-1,C4_lidar_medium,C4_lidar_medium,209,off,off,False,True,
1779494466.329974,stat_pub,stat,-1,C4_lidar_medium,C4_lidar_medium,209,off,off,False,True,
1779494466.8303053,stat_pub,stat,-1,C4_lidar_medium,C4_lidar_medium,209,off,off,False,True,
1779494467.3304176,stat_pub,stat,-1,C4_lidar_medium,C4_lidar_medium,209,off,off,False,True,
1779494467.8307822,stat_pub,stat,-1,C4_lidar_medium,C4_lidar_medium,209,off,off,False,True,
1779494468.3310468,stat_pub,stat,-1,C4_lidar_medium,C4_lidar_medium,209,off,off,False,True,
1779494468.8313122,stat_pub,stat,-1,C4_lidar_medium,C4_lidar_medium,210,off,off,False,True,
1779494469.3314452,stat_pub,stat,-1,C4_lidar_medium,C4_lidar_medium,210,off,off,False,True,
1779494469.8319266,stat_pub,stat,-1,C4_lidar_medium,C4_lidar_medium,210,off,off,False,True,
1779494470.3320286,stat_pub,stat,-1,C4_lidar_medium,C4_lidar_medium,210,off,off,False,True,
1779494470.8322587,stat_pub,stat,-1,C4_lidar_medium,C4_lidar_medium,210,off,off,False,True,
1779494471.3326375,stat_pub,stat,-1,C4_lidar_medium,C4_lidar_medium,210,off,off,False,True,
1779494471.8328867,stat_pub,stat,-1,C4_lidar_medium,C4_lidar_medium,210,off,off,False,True,
1779494472.333402,stat_pub,stat,-1,C4_lidar_medium,C4_lidar_medium,209,off,off,False,True,
1779494472.833626,stat_pub,stat,-1,C4_lidar_medium,C4_lidar_medium,209,off,off,False,True,
1779494473.3338797,stat_pub,stat,-1,C4_lidar_medium,C4_lidar_medium,210,off,off,False,True,
1779494473.8344398,stat_pub,stat,-1,C4_lidar_medium,C4_lidar_medium,210,off,off,False,True,
1779494474.3350215,stat_pub,stat,-1,C4_lidar_medium,C4_lidar_medium,210,off,off,False,True,
1779494474.835198,stat_pub,stat,-1,C4_lidar_medium,C4_lidar_medium,209,off,off,False,True,
1779494475.3356884,stat_pub,stat,-1,C4_lidar_medium,C4_lidar_medium,210,off,off,False,True,
1779494475.8361118,stat_pub,stat,-1,C4_lidar_medium,C4_lidar_medium,210,off,off,False,True,
1779494476.3366733,stat_pub,stat,-1,C4_lidar_medium,C4_lidar_medium,210,off,off,False,True,
1779494476.837088,stat_pub,stat,-1,C4_lidar_medium,C4_lidar_medium,209,off,off,False,True,
1779494477.3374937,stat_pub,stat,-1,C4_lidar_medium,C4_lidar_medium,210,off,off,False,True,
1779494477.8380055,stat_pub,stat,-1,C4_lidar_medium,C4_lidar_medium,210,off,off,False,True,
1779494478.3382986,stat_pub,stat,-1,C4_lidar_medium,C4_lidar_medium,210,off,off,False,True,
1779494478.838582,stat_pub,stat,-1,C4_lidar_medium,C4_lidar_medium,209,off,off,False,True,
1779494479.3388836,stat_pub,stat,-1,C4_lidar_medium,C4_lidar_medium,210,off,off,False,True,
1779494479.8394744,stat_pub,stat,-1,C4_lidar_medium,C4_lidar_medium,210,off,off,False,True,
1779494480.3399038,stat_pub,stat,-1,C4_lidar_medium,C4_lidar_medium,210,off,off,False,True,
1779494480.8400455,stat_pub,stat,-1,C4_lidar_medium,C4_lidar_medium,210,off,off,False,True,
1779494481.3405547,stat_pub,stat,-1,C4_lidar_medium,C4_lidar_medium,209,off,off,False,True,
1779494481.840972,stat_pub,stat,-1,C4_lidar_medium,C4_lidar_medium,208,off,off,False,True,
1779494482.34161,stat_pub,stat,-1,C4_lidar_medium,C4_lidar_medium,208,off,off,False,True,
1779494482.8423378,stat_pub,stat,-1,C4_lidar_medium,C4_lidar_medium,210,off,off,False,True,
1779494483.342671,stat_pub,stat,-1,C4_lidar_medium,C4_lidar_medium,209,off,off,False,True,
1779494483.8431818,stat_pub,stat,-1,C4_lidar_medium,C4_lidar_medium,210,off,off,False,True,
1779494484.3435736,stat_pub,stat,-1,C4_lidar_medium,C4_lidar_medium,210,off,off,False,True,
1779494484.8438964,stat_pub,stat,-1,C4_lidar_medium,C4_lidar_medium,210,off,off,False,True,
1779494485.344068,stat_pub,stat,-1,C4_lidar_medium,C4_lidar_medium,209,off,off,False,True,
1779494485.844606,stat_pub,stat,-1,C4_lidar_medium,C4_lidar_medium,209,off,off,False,True,
1779494486.345119,stat_pub,stat,-1,C4_lidar_medium,C4_lidar_medium,209,off,off,False,True,
1779494486.8452275,stat_pub,stat,-1,C4_lidar_medium,C4_lidar_medium,210,off,off,False,True,
1779494487.3454163,stat_pub,stat,-1,C4_lidar_medium,C4_lidar_medium,210,off,off,False,True,
1779494487.8456395,stat_pub,stat,-1,C4_lidar_medium,C4_lidar_medium,210,off,off,False,True,
1779494488.3461664,stat_pub,stat,-1,C4_lidar_medium,C4_lidar_medium,210,off,off,False,True,
1779494488.846346,stat_pub,stat,-1,C4_lidar_medium,C4_lidar_medium,209,off,off,False,True,
1779494489.3466225,stat_pub,stat,-1,C4_lidar_medium,C4_lidar_medium,210,off,off,False,True,
1779494489.84699,stat_pub,stat,-1,C4_lidar_medium,C4_lidar_medium,208,off,off,False,True,
1779494490.3474774,stat_pub,stat,-1,C4_lidar_medium,C4_lidar_medium,210,off,off,False,True,
1779494490.8479755,stat_pub,stat,-1,C4_lidar_medium,C4_lidar_medium,210,off,off,False,True,
1779494491.3484151,stat_pub,stat,-1,C4_lidar_medium,C4_lidar_medium,210,off,off,False,True,
1779494491.84876,stat_pub,stat,-1,C4_lidar_medium,C4_lidar_medium,208,off,off,False,True,
1779494492.3489373,stat_pub,stat,-1,C4_lidar_medium,C4_lidar_medium,210,off,off,False,True,
1779494492.8497016,stat_pub,stat,-1,C4_lidar_medium,C4_lidar_medium,210,off,off,False,True,
1779494493.3500884,stat_pub,stat,-1,C4_lidar_medium,C4_lidar_medium,210,off,off,False,True,
1779494493.850681,stat_pub,stat,-1,C4_lidar_medium,C4_lidar_medium,208,off,off,False,True,
1779494494.3509476,stat_pub,stat,-1,C4_lidar_medium,C4_lidar_medium,209,off,off,False,True,
1779494494.8514888,stat_pub,stat,-1,C4_lidar_medium,C4_lidar_medium,210,off,off,False,True,
1779494495.3520396,stat_pub,stat,-1,C4_lidar_medium,C4_lidar_medium,210,off,off,False,True,
1779494495.8523543,stat_pub,stat,-1,C4_lidar_medium,C4_lidar_medium,210,off,off,False,True,
1779494496.3526738,stat_pub,stat,-1,C4_lidar_medium,C4_lidar_medium,210,off,off,False,True,
1779494496.8531773,stat_pub,stat,-1,C4_lidar_medium,C4_lidar_medium,210,off,off,False,True,
1779494497.3535755,stat_pub,stat,-1,C4_lidar_medium,C4_lidar_medium,210,off,off,False,True,
1779494497.8541968,stat_pub,stat,-1,C4_lidar_medium,C4_lidar_medium,210,off,off,False,True,
1779494498.3546684,stat_pub,stat,-1,C4_lidar_medium,C4_lidar_medium,210,off,off,False,True,
1779494498.854828,stat_pub,stat,-1,C4_lidar_medium,C4_lidar_medium,209,off,off,False,True,
1779494499.3550525,stat_pub,stat,-1,C4_lidar_medium,C4_lidar_medium,210,off,off,False,True,
1779494499.8552134,stat_pub,stat,-1,C4_lidar_medium,C4_lidar_medium,210,off,off,False,True,
1779494500.3555152,stat_pub,stat,-1,C4_lidar_medium,C4_lidar_medium,210,off,off,False,True,
1779494500.8557186,stat_pub,stat,-1,C4_lidar_medium,C4_lidar_medium,210,off,off,False,True,
1779494501.3564749,stat_pub,stat,-1,C4_lidar_medium,C4_lidar_medium,210,off,off,False,True,
1779494501.8568437,stat_pub,stat,-1,C4_lidar_medium,C4_lidar_medium,210,off,off,False,True,
1779494502.357016,stat_pub,stat,-1,C4_lidar_medium,C4_lidar_medium,209,off,off,False,True,
1779494502.8573477,stat_pub,stat,-1,C4_lidar_medium,C4_lidar_medium,210,off,off,False,True,
1779494503.3577197,stat_pub,stat,-1,C4_lidar_medium,C4_lidar_medium,210,off,off,False,True,
1779494503.8581314,stat_pub,stat,-1,C4_lidar_medium,C4_lidar_medium,210,off,off,False,True,
1779494504.3582375,stat_pub,stat,-1,C4_lidar_medium,C4_lidar_medium,210,off,off,False,True,
1779494504.8587058,stat_pub,stat,-1,C4_lidar_medium,C4_lidar_medium,210,off,off,False,True,
1779494505.359175,stat_pub,stat,-1,C4_lidar_medium,C4_lidar_medium,209,off,off,False,True,
1779494505.8594842,stat_pub,stat,-1,C4_lidar_medium,C4_lidar_medium,210,off,off,False,True,
1779494506.3598778,stat_pub,stat,-1,C4_lidar_medium,C4_lidar_medium,210,off,off,False,True,
1779494506.860329,stat_pub,stat,-1,C4_lidar_medium,C4_lidar_medium,208,off,off,False,True,
1779494507.3609207,stat_pub,stat,-1,C4_lidar_medium,C4_lidar_medium,209,off,off,False,True,
1779494507.8611164,stat_pub,stat,-1,C4_lidar_medium,C4_lidar_medium,209,off,off,False,True,
1779494508.3615577,stat_pub,stat,-1,C4_lidar_medium,C4_lidar_medium,210,off,off,False,True,
1779494508.8620894,stat_pub,stat,-1,C4_lidar_medium,C4_lidar_medium,210,off,off,False,True,
1779494509.362389,stat_pub,stat,-1,C4_lidar_medium,C4_lidar_medium,209,off,off,False,True,
1779494509.8628128,stat_pub,stat,-1,C4_lidar_medium,C4_lidar_medium,210,off,off,False,True,
1779494510.3632498,stat_pub,stat,-1,C4_lidar_medium,C4_lidar_medium,210,off,off,False,True,
1779494510.86348,stat_pub,stat,-1,C4_lidar_medium,C4_lidar_medium,208,off,off,False,True,
1779494511.3640125,stat_pub,stat,-1,C4_lidar_medium,C4_lidar_medium,210,off,off,False,True,
1779494511.8645844,stat_pub,stat,-1,C4_lidar_medium,C4_lidar_medium,210,off,off,False,True,
1779494512.364918,stat_pub,stat,-1,C4_lidar_medium,C4_lidar_medium,209,off,off,False,True,
1779494512.8650804,stat_pub,stat,-1,C4_lidar_medium,C4_lidar_medium,210,off,off,False,True,
1779494513.3655417,stat_pub,stat,-1,C4_lidar_medium,C4_lidar_medium,210,off,off,False,True,
1779494513.8658743,stat_pub,stat,-1,C4_lidar_medium,C4_lidar_medium,210,off,off,False,True,
1779494514.3663971,stat_pub,stat,-1,C4_lidar_medium,C4_lidar_medium,210,off,off,False,True,
1779494514.8667257,stat_pub,stat,-1,C4_lidar_medium,C4_lidar_medium,210,off,off,False,True,
1779494515.3669705,stat_pub,stat,-1,C4_lidar_medium,C4_lidar_medium,210,off,off,False,True,
1779494515.867386,stat_pub,stat,-1,C4_lidar_medium,C4_lidar_medium,209,off,off,False,True,
1779494516.3676116,stat_pub,stat,-1,C4_lidar_medium,C4_lidar_medium,210,off,off,False,True,
1779494516.8680701,stat_pub,stat,-1,C4_lidar_medium,C4_lidar_medium,210,off,off,False,True,
1779494517.3684216,stat_pub,stat,-1,C4_lidar_medium,C4_lidar_medium,210,off,off,False,True,
1779494517.8688755,stat_pub,stat,-1,C4_lidar_medium,C4_lidar_medium,210,off,off,False,True,
1779494518.3691921,stat_pub,stat,-1,C4_lidar_medium,C4_lidar_medium,210,off,off,False,True,
1779494518.869417,stat_pub,stat,-1,C4_lidar_medium,C4_lidar_medium,209,off,off,False,True,
1779494519.3696918,stat_pub,stat,-1,C4_lidar_medium,C4_lidar_medium,210,off,off,False,True,
1779494519.8703058,stat_pub,stat,-1,C4_lidar_medium,C4_lidar_medium,209,off,off,False,True,
1779494520.3706293,stat_pub,stat,-1,C4_lidar_medium,C4_lidar_medium,209,off,off,False,True,
1779494520.87098,stat_pub,stat,-1,C4_lidar_medium,C4_lidar_medium,207,off,off,False,True,
1779494521.3715684,stat_pub,stat,-1,C4_lidar_medium,C4_lidar_medium,210,off,off,False,True,
1779494521.871908,stat_pub,stat,-1,C4_lidar_medium,C4_lidar_medium,209,off,off,False,True,
1779494522.372294,stat_pub,stat,-1,C4_lidar_medium,C4_lidar_medium,209,off,off,False,True,
1779494522.872643,stat_pub,stat,-1,C4_lidar_medium,C4_lidar_medium,209,off,off,False,True,
1779494523.372954,stat_pub,stat,-1,C4_lidar_medium,C4_lidar_medium,209,off,off,False,True,
1779494523.8732202,stat_pub,stat,-1,C4_lidar_medium,C4_lidar_medium,210,off,off,False,True,
1779494524.373533,stat_pub,stat,-1,C4_lidar_medium,C4_lidar_medium,209,off,off,False,True,
1779494524.8736906,stat_pub,stat,-1,C4_lidar_medium,C4_lidar_medium,210,off,off,False,True,
1779494525.3743188,stat_pub,stat,-1,C4_lidar_medium,C4_lidar_medium,210,off,off,False,True,
1779494525.8747869,stat_pub,stat,-1,C4_lidar_medium,C4_lidar_medium,210,off,off,False,True,
1779494526.3750641,stat_pub,stat,-1,C4_lidar_medium,C4_lidar_medium,210,off,off,False,True,
1779494526.875313,stat_pub,stat,-1,C4_lidar_medium,C4_lidar_medium,209,off,off,False,True,
1779494527.3758137,stat_pub,stat,-1,C4_lidar_medium,C4_lidar_medium,210,off,off,False,True,
1779494527.8760965,stat_pub,stat,-1,C4_lidar_medium,C4_lidar_medium,210,off,off,False,True,
1779494528.3764055,stat_pub,stat,-1,C4_lidar_medium,C4_lidar_medium,210,off,off,False,True,
1779494528.8770673,stat_pub,stat,-1,C4_lidar_medium,C4_lidar_medium,210,off,off,False,True,
1779494529.3772311,stat_pub,stat,-1,C4_lidar_medium,C4_lidar_medium,210,off,off,False,True,
1779494529.877677,stat_pub,stat,-1,C4_lidar_medium,C4_lidar_medium,209,off,off,False,True,
1779494530.3778005,stat_pub,stat,-1,C4_lidar_medium,C4_lidar_medium,210,off,off,False,True,
1779494530.8785026,stat_pub,stat,-1,C4_lidar_medium,C4_lidar_medium,210,off,off,False,True,
1779494531.3786328,stat_pub,stat,-1,C4_lidar_medium,C4_lidar_medium,210,off,off,False,True,
1779494531.8790288,stat_pub,stat,-1,C4_lidar_medium,C4_lidar_medium,210,off,off,False,True,
1779494532.379648,stat_pub,stat,-1,C4_lidar_medium,C4_lidar_medium,209,off,off,False,True,
1779494532.8800802,stat_pub,stat,-1,C4_lidar_medium,C4_lidar_medium,210,off,off,False,True,
1779494533.3803787,stat_pub,stat,-1,C4_lidar_medium,C4_lidar_medium,209,off,off,False,True,
1779494533.8806133,stat_pub,stat,-1,C4_lidar_medium,C4_lidar_medium,209,off,off,False,True,
1779494534.381403,stat_pub,stat,-1,C4_lidar_medium,C4_lidar_medium,209,off,off,False,True,
1779494534.8816223,stat_pub,stat,-1,C4_lidar_medium,C4_lidar_medium,210,off,off,False,True,
1779494535.3817456,stat_pub,stat,-1,C4_lidar_medium,C4_lidar_medium,210,off,off,False,True,
1779494535.8821137,stat_pub,stat,-1,C4_lidar_medium,C4_lidar_medium,210,off,off,False,True,
1779494536.382582,stat_pub,stat,-1,C4_lidar_medium,C4_lidar_medium,209,off,off,False,True,
1779494536.8828166,stat_pub,stat,-1,C4_lidar_medium,C4_lidar_medium,210,off,off,False,True,
1779494537.383131,stat_pub,stat,-1,C4_lidar_medium,C4_lidar_medium,209,off,off,False,True,
1779494537.8837671,stat_pub,stat,-1,C4_lidar_medium,C4_lidar_medium,210,off,off,False,True,
1779494538.38391,stat_pub,stat,-1,C4_lidar_medium,C4_lidar_medium,208,off,off,False,True,
1779494538.884332,stat_pub,stat,-1,C4_lidar_medium,C4_lidar_medium,209,off,off,False,True,
1779494539.3847754,stat_pub,stat,-1,C4_lidar_medium,C4_lidar_medium,210,off,off,False,True,
1779494539.8849502,stat_pub,stat,-1,C4_lidar_medium,C4_lidar_medium,210,off,off,False,True,
1779494540.3853076,stat_pub,stat,-1,C4_lidar_medium,C4_lidar_medium,210,off,off,False,True,
1779494540.8857934,stat_pub,stat,-1,C4_lidar_medium,C4_lidar_medium,210,off,off,False,True,
1779494541.3862357,stat_pub,stat,-1,C4_lidar_medium,C4_lidar_medium,210,off,off,False,True,
1779494541.8864331,stat_pub,stat,-1,C4_lidar_medium,C4_lidar_medium,210,off,off,False,True,
1779494542.3869429,stat_pub,stat,-1,C4_lidar_medium,C4_lidar_medium,210,off,off,False,True,
1779494542.8873856,stat_pub,stat,-1,C4_lidar_medium,C4_lidar_medium,210,off,off,False,True,
1779494543.387671,stat_pub,stat,-1,C4_lidar_medium,C4_lidar_medium,209,off,off,False,True,
1779494543.8880231,stat_pub,stat,-1,C4_lidar_medium,C4_lidar_medium,210,off,off,False,True,
1779494544.3881555,stat_pub,stat,-1,C4_lidar_medium,C4_lidar_medium,210,off,off,False,True,
1779494544.888677,stat_pub,stat,-1,C4_lidar_medium,C4_lidar_medium,209,off,off,False,True,
1779494545.3892062,stat_pub,stat,-1,C4_lidar_medium,C4_lidar_medium,210,off,off,False,True,
1779494545.8896537,stat_pub,stat,-1,C4_lidar_medium,C4_lidar_medium,210,off,off,False,True,
1779494546.3902326,stat_pub,stat,-1,C4_lidar_medium,C4_lidar_medium,210,off,off,False,True,
1779494546.8907604,stat_pub,stat,-1,C4_lidar_medium,C4_lidar_medium,208,off,off,False,True,
1779494547.3912861,stat_pub,stat,-1,C4_lidar_medium,C4_lidar_medium,210,off,off,False,True,
1779494547.891406,stat_pub,stat,-1,C4_lidar_medium,C4_lidar_medium,209,off,off,False,True,
1779494548.3919485,stat_pub,stat,-1,C4_lidar_medium,C4_lidar_medium,210,off,off,False,True,
1779494548.8925936,stat_pub,stat,-1,C4_lidar_medium,C4_lidar_medium,210,off,off,False,True,
1779494549.3928533,stat_pub,stat,-1,C4_lidar_medium,C4_lidar_medium,210,off,off,False,True,
1779494549.8932042,stat_pub,stat,-1,C4_lidar_medium,C4_lidar_medium,210,off,off,False,True,
1779494550.393631,stat_pub,stat,-1,C4_lidar_medium,C4_lidar_medium,209,off,off,False,True,
1779494550.8937907,stat_pub,stat,-1,C4_lidar_medium,C4_lidar_medium,210,off,off,False,True,
1779494551.3940074,stat_pub,stat,-1,C4_lidar_medium,C4_lidar_medium,210,off,off,False,True,
1779494551.8946972,stat_pub,stat,-1,C4_lidar_medium,C4_lidar_medium,210,off,off,False,True,
1779494552.3949156,stat_pub,stat,-1,C4_lidar_medium,C4_lidar_medium,210,off,off,False,True,
1779494552.895303,stat_pub,stat,-1,C4_lidar_medium,C4_lidar_medium,209,off,off,False,True,
1779494553.3956716,stat_pub,stat,-1,C4_lidar_medium,C4_lidar_medium,210,off,off,False,True,
1779494553.896193,stat_pub,stat,-1,C4_lidar_medium,C4_lidar_medium,209,off,off,False,True,
1779494554.3965347,stat_pub,stat,-1,C4_lidar_medium,C4_lidar_medium,210,off,off,False,True,
1779494554.8966873,stat_pub,stat,-1,C4_lidar_medium,C4_lidar_medium,210,off,off,False,True,
1779494555.3973372,stat_pub,stat,-1,C4_lidar_medium,C4_lidar_medium,210,off,off,False,True,
1779494555.897724,stat_pub,stat,-1,C4_lidar_medium,C4_lidar_medium,209,off,off,False,True,
1779494556.398181,stat_pub,stat,-1,C4_lidar_medium,C4_lidar_medium,209,off,off,False,True,
1779494556.8983955,stat_pub,stat,-1,C4_lidar_medium,C4_lidar_medium,210,off,off,False,True,
1779494557.3988147,stat_pub,stat,-1,C4_lidar_medium,C4_lidar_medium,210,off,off,False,True,
1779494557.8996377,stat_pub,stat,-1,C4_lidar_medium,C4_lidar_medium,210,off,off,False,True,
1779494558.4000645,stat_pub,stat,-1,C4_lidar_medium,C4_lidar_medium,210,off,off,False,True,
1779494558.901345,stat_pub,stat,-1,C4_lidar_medium,C4_lidar_medium,209,off,off,False,True,
1779494559.4017606,stat_pub,stat,-1,C4_lidar_medium,C4_lidar_medium,210,off,off,False,True,
1779494559.902078,stat_pub,stat,-1,C4_lidar_medium,C4_lidar_medium,209,off,off,False,True,
1779494560.402448,stat_pub,stat,-1,C4_lidar_medium,C4_lidar_medium,209,off,off,False,True,
1779494560.9026654,stat_pub,stat,-1,C4_lidar_medium,C4_lidar_medium,210,off,off,False,True,
1779494561.4032192,stat_pub,stat,-1,C4_lidar_medium,C4_lidar_medium,210,off,off,False,True,
1779494561.9033506,stat_pub,stat,-1,C4_lidar_medium,C4_lidar_medium,210,off,off,False,True,
1779494562.4040034,stat_pub,stat,-1,C4_lidar_medium,C4_lidar_medium,210,off,off,False,True,
1779494562.9045675,stat_pub,stat,-1,C4_lidar_medium,C4_lidar_medium,210,off,off,False,True,
1779494563.4050562,stat_pub,stat,-1,C4_lidar_medium,C4_lidar_medium,210,off,off,False,True,
1779494563.9052153,stat_pub,stat,-1,C4_lidar_medium,C4_lidar_medium,210,off,off,False,True,
1779494564.4055815,stat_pub,stat,-1,C4_lidar_medium,C4_lidar_medium,210,off,off,False,True,
1779494564.906056,stat_pub,stat,-1,C4_lidar_medium,C4_lidar_medium,209,off,off,False,True,
1779494565.4062257,stat_pub,stat,-1,C4_lidar_medium,C4_lidar_medium,210,off,off,False,True,
1779494565.9068375,stat_pub,stat,-1,C4_lidar_medium,C4_lidar_medium,210,off,off,False,True,
1779494566.406994,stat_pub,stat,-1,C4_lidar_medium,C4_lidar_medium,209,off,off,False,True,
1779494566.9073377,stat_pub,stat,-1,C4_lidar_medium,C4_lidar_medium,210,off,off,False,True,
1779494567.4074864,stat_pub,stat,-1,C4_lidar_medium,C4_lidar_medium,210,off,off,False,True,
1779494567.9076045,stat_pub,stat,-1,C4_lidar_medium,C4_lidar_medium,210,off,off,False,True,
1779494568.4077964,stat_pub,stat,-1,C4_lidar_medium,C4_lidar_medium,210,off,off,False,True,
1779494568.9079545,stat_pub,stat,-1,C4_lidar_medium,C4_lidar_medium,210,off,off,False,True,
1779494569.4083135,stat_pub,stat,-1,C4_lidar_medium,C4_lidar_medium,210,off,off,False,True,
1779494569.9084368,stat_pub,stat,-1,C4_lidar_medium,C4_lidar_medium,210,off,off,False,True,
1779494570.408746,stat_pub,stat,-1,C4_lidar_medium,C4_lidar_medium,209,off,off,False,True,
1779494570.9092338,stat_pub,stat,-1,C4_lidar_medium,C4_lidar_medium,210,off,off,False,True,
1779494571.409471,stat_pub,stat,-1,C4_lidar_medium,C4_lidar_medium,209,off,off,False,True,
1779494571.9096227,stat_pub,stat,-1,C4_lidar_medium,C4_lidar_medium,210,off,off,False,True,
1779494572.4100401,stat_pub,stat,-1,C4_lidar_medium,C4_lidar_medium,210,off,off,False,True,
1779494572.9105997,stat_pub,stat,-1,C4_lidar_medium,C4_lidar_medium,209,off,off,False,True,
1779494573.4109466,stat_pub,stat,-1,C4_lidar_medium,C4_lidar_medium,209,off,off,False,True,
1779494573.9113078,stat_pub,stat,-1,C4_lidar_medium,C4_lidar_medium,210,off,off,False,True,
1779494574.4119077,stat_pub,stat,-1,C4_lidar_medium,C4_lidar_medium,210,off,off,False,True,
1779494574.9120717,stat_pub,stat,-1,C4_lidar_medium,C4_lidar_medium,210,off,off,False,True,
1779494575.4124897,stat_pub,stat,-1,C4_lidar_medium,C4_lidar_medium,210,off,off,False,True,
1779494575.9127784,stat_pub,stat,-1,C4_lidar_medium,C4_lidar_medium,210,off,off,False,True,
1779494576.4130034,stat_pub,stat,-1,C4_lidar_medium,C4_lidar_medium,210,off,off,False,True,
1779494576.9131157,stat_pub,stat,-1,C4_lidar_medium,C4_lidar_medium,210,off,off,False,True,
1779494577.4136035,stat_pub,stat,-1,C4_lidar_medium,C4_lidar_medium,210,off,off,False,True,
1779494577.9142997,stat_pub,stat,-1,C4_lidar_medium,C4_lidar_medium,210,off,off,False,True,
1779494578.4147823,stat_pub,stat,-1,C4_lidar_medium,C4_lidar_medium,210,off,off,False,True,
1779494578.9153264,stat_pub,stat,-1,C4_lidar_medium,C4_lidar_medium,210,off,off,False,True,
1779494579.4154744,stat_pub,stat,-1,C4_lidar_medium,C4_lidar_medium,210,off,off,False,True,
1779494579.9160337,stat_pub,stat,-1,C4_lidar_medium,C4_lidar_medium,210,off,off,False,True,
1779494580.4161925,stat_pub,stat,-1,C4_lidar_medium,C4_lidar_medium,210,off,off,False,True,
1779494580.9165335,stat_pub,stat,-1,C4_lidar_medium,C4_lidar_medium,210,off,off,False,True,
1779494581.417129,stat_pub,stat,-1,C4_lidar_medium,C4_lidar_medium,209,off,off,False,True,
1779494581.9173176,stat_pub,stat,-1,C4_lidar_medium,C4_lidar_medium,210,off,off,False,True,
1779494582.4179292,stat_pub,stat,-1,C4_lidar_medium,C4_lidar_medium,210,off,off,False,True,
1779494582.9180472,stat_pub,stat,-1,C4_lidar_medium,C4_lidar_medium,210,off,off,False,True,
1779494583.4189851,stat_pub,stat,-1,C4_lidar_medium,C4_lidar_medium,210,off,off,False,True,
1779494583.919627,stat_pub,stat,-1,C4_lidar_medium,C4_lidar_medium,209,off,off,False,True,
1779494584.4200213,stat_pub,stat,-1,C4_lidar_medium,C4_lidar_medium,210,off,off,False,True,
1779494584.920564,stat_pub,stat,-1,C4_lidar_medium,C4_lidar_medium,208,off,off,False,True,
1779494585.420699,stat_pub,stat,-1,C4_lidar_medium,C4_lidar_medium,208,off,off,False,True,
1779494585.9212358,stat_pub,stat,-1,C4_lidar_medium,C4_lidar_medium,209,off,off,False,True,
1779494586.4214737,stat_pub,stat,-1,C4_lidar_medium,C4_lidar_medium,210,off,off,False,True,
1779494586.9220433,stat_pub,stat,-1,C4_lidar_medium,C4_lidar_medium,210,off,off,False,True,
1779494587.4221513,stat_pub,stat,-1,C4_lidar_medium,C4_lidar_medium,210,off,off,False,True,
1779494587.9226823,stat_pub,stat,-1,C4_lidar_medium,C4_lidar_medium,210,off,off,False,True,
1779494588.4228394,stat_pub,stat,-1,C4_lidar_medium,C4_lidar_medium,210,off,off,False,True,
1779494588.9232569,stat_pub,stat,-1,C4_lidar_medium,C4_lidar_medium,210,off,off,False,True,
1779494589.4236228,stat_pub,stat,-1,C4_lidar_medium,C4_lidar_medium,210,off,off,False,True,
1779494589.9241123,stat_pub,stat,-1,C4_lidar_medium,C4_lidar_medium,210,off,off,False,True,
1779494590.4244015,stat_pub,stat,-1,C4_lidar_medium,C4_lidar_medium,210,off,off,False,True,
1779494590.9250605,stat_pub,stat,-1,C4_lidar_medium,C4_lidar_medium,210,off,off,False,True,
1779494591.4253483,stat_pub,stat,-1,C4_lidar_medium,C4_lidar_medium,210,off,off,False,True,
1779494591.9259672,stat_pub,stat,-1,C4_lidar_medium,C4_lidar_medium,210,off,off,False,True,
1779494592.4262524,stat_pub,stat,-1,C4_lidar_medium,C4_lidar_medium,210,off,off,False,True,
1779494592.926479,stat_pub,stat,-1,C4_lidar_medium,C4_lidar_medium,209,off,off,False,True,
1779494593.4267914,stat_pub,stat,-1,C4_lidar_medium,C4_lidar_medium,210,off,off,False,True,
1779494593.9276476,stat_pub,stat,-1,C4_lidar_medium,C4_lidar_medium,210,off,off,False,True,
1779494594.4281118,stat_pub,stat,-1,C4_lidar_medium,C4_lidar_medium,210,off,off,False,True,
1779494594.928689,stat_pub,stat,-1,C4_lidar_medium,C4_lidar_medium,209,off,off,False,True,
1779494595.4290352,stat_pub,stat,-1,C4_lidar_medium,C4_lidar_medium,210,off,off,False,True,
1779494595.9297955,stat_pub,stat,-1,C4_lidar_medium,C4_lidar_medium,210,off,off,False,True,
1779494596.430137,stat_pub,stat,-1,C4_lidar_medium,C4_lidar_medium,209,off,off,False,True,
1779494596.930371,stat_pub,stat,-1,C4_lidar_medium,C4_lidar_medium,208,off,off,False,True,
1779494597.4306073,stat_pub,stat,-1,C4_lidar_medium,C4_lidar_medium,209,off,off,False,True,
1779494597.9308915,stat_pub,stat,-1,C4_lidar_medium,C4_lidar_medium,209,off,off,False,True,
1779494598.4311101,stat_pub,stat,-1,C4_lidar_medium,C4_lidar_medium,209,off,off,False,True,
1779494598.9313715,stat_pub,stat,-1,C4_lidar_medium,C4_lidar_medium,210,off,off,False,True,
1779494599.4323983,stat_pub,stat,-1,C4_lidar_medium,C4_lidar_medium,210,off,off,False,True,
1779494599.9327333,stat_pub,stat,-1,C4_lidar_medium,C4_lidar_medium,210,off,off,False,True,
1779494600.4329884,stat_pub,stat,-1,C4_lidar_medium,C4_lidar_medium,210,off,off,False,True,
1779494600.9332707,stat_pub,stat,-1,C4_lidar_medium,C4_lidar_medium,210,off,off,False,True,
1779494601.4335043,stat_pub,stat,-1,C4_lidar_medium,C4_lidar_medium,210,off,off,False,True,
1779494601.933826,stat_pub,stat,-1,C4_lidar_medium,C4_lidar_medium,209,off,off,False,True,
1779494602.4342144,stat_pub,stat,-1,C4_lidar_medium,C4_lidar_medium,210,off,off,False,True,
1779494602.9348555,stat_pub,stat,-1,C4_lidar_medium,C4_lidar_medium,210,off,off,False,True,
1779494603.4353256,stat_pub,stat,-1,C4_lidar_medium,C4_lidar_medium,210,off,off,False,True,
1779494603.9357238,stat_pub,stat,-1,C4_lidar_medium,C4_lidar_medium,210,off,off,False,True,
1779494604.4358199,stat_pub,stat,-1,C4_lidar_medium,C4_lidar_medium,210,off,off,False,True,
1779494604.9361796,stat_pub,stat,-1,C4_lidar_medium,C4_lidar_medium,210,off,off,False,True,
1779494605.4368732,stat_pub,stat,-1,C4_lidar_medium,C4_lidar_medium,210,off,off,False,True,
1779494605.9374166,stat_pub,stat,-1,C4_lidar_medium,C4_lidar_medium,210,off,off,False,True,
1779494606.437537,stat_pub,stat,-1,C4_lidar_medium,C4_lidar_medium,209,off,off,False,True,
1779494606.9383173,stat_pub,stat,-1,C4_lidar_medium,C4_lidar_medium,210,off,off,False,True,
1779494607.4384885,stat_pub,stat,-1,C4_lidar_medium,C4_lidar_medium,210,off,off,False,True,
1779494607.9386024,stat_pub,stat,-1,C4_lidar_medium,C4_lidar_medium,210,off,off,False,True,
1779494608.4391582,stat_pub,stat,-1,C4_lidar_medium,C4_lidar_medium,210,off,off,False,True,
1779494608.9397154,stat_pub,stat,-1,C4_lidar_medium,C4_lidar_medium,210,off,off,False,True,
1779494609.4401653,stat_pub,stat,-1,C4_lidar_medium,C4_lidar_medium,210,off,off,False,True,
1779494609.9403453,stat_pub,stat,-1,C4_lidar_medium,C4_lidar_medium,209,off,off,False,True,
1779494610.4408395,stat_pub,stat,-1,C4_lidar_medium,C4_lidar_medium,209,off,off,False,True,
1779494610.9413595,stat_pub,stat,-1,C4_lidar_medium,C4_lidar_medium,210,off,off,False,True,
1779494611.441594,stat_pub,stat,-1,C4_lidar_medium,C4_lidar_medium,209,off,off,False,True,
1779494611.9416876,stat_pub,stat,-1,C4_lidar_medium,C4_lidar_medium,210,off,off,False,True,
1779494612.4418828,stat_pub,stat,-1,C4_lidar_medium,C4_lidar_medium,210,off,off,False,True,
1779494612.942179,stat_pub,stat,-1,C4_lidar_medium,C4_lidar_medium,209,off,off,False,True,
1779494613.4423625,stat_pub,stat,-1,C4_lidar_medium,C4_lidar_medium,210,off,off,False,True,
1779494613.9429142,stat_pub,stat,-1,C4_lidar_medium,C4_lidar_medium,210,off,off,False,True,
1779494614.443571,stat_pub,stat,-1,C4_lidar_medium,C4_lidar_medium,209,off,off,False,True,
1779494614.943743,stat_pub,stat,-1,C4_lidar_medium,C4_lidar_medium,209,off,off,False,True,
1779494615.4440796,stat_pub,stat,-1,C4_lidar_medium,C4_lidar_medium,210,off,off,False,True,
1779494615.944386,stat_pub,stat,-1,C4_lidar_medium,C4_lidar_medium,209,off,off,False,True,
1779494616.4447825,stat_pub,stat,-1,C4_lidar_medium,C4_lidar_medium,210,off,off,False,True,
1779494616.9453588,stat_pub,stat,-1,C4_lidar_medium,C4_lidar_medium,210,off,off,False,True,
1779494617.4458668,stat_pub,stat,-1,C4_lidar_medium,C4_lidar_medium,210,off,off,False,True,
1779494617.9461162,stat_pub,stat,-1,C4_lidar_medium,C4_lidar_medium,210,off,off,False,True,
1779494618.4464695,stat_pub,stat,-1,C4_lidar_medium,C4_lidar_medium,210,off,off,False,True,
1779494618.9467928,stat_pub,stat,-1,C4_lidar_medium,C4_lidar_medium,210,off,off,False,True,
1779494619.4469912,stat_pub,stat,-1,C4_lidar_medium,C4_lidar_medium,210,off,off,False,True,
1779494619.9474363,stat_pub,stat,-1,C4_lidar_medium,C4_lidar_medium,210,off,off,False,True,
1779494620.4476037,stat_pub,stat,-1,C4_lidar_medium,C4_lidar_medium,210,off,off,False,True,
1779494620.948172,stat_pub,stat,-1,C4_lidar_medium,C4_lidar_medium,209,off,off,False,True,
1779494621.4487758,stat_pub,stat,-1,C4_lidar_medium,C4_lidar_medium,210,off,off,False,True,
1779494621.9492395,stat_pub,stat,-1,C4_lidar_medium,C4_lidar_medium,210,off,off,False,True,
1779494622.4494019,stat_pub,stat,-1,C4_lidar_medium,C4_lidar_medium,210,off,off,False,True,
1779494622.949701,stat_pub,stat,-1,C4_lidar_medium,C4_lidar_medium,209,off,off,False,True,
1779494623.4498227,stat_pub,stat,-1,C4_lidar_medium,C4_lidar_medium,210,off,off,False,True,
1779494623.9499748,stat_pub,stat,-1,C4_lidar_medium,C4_lidar_medium,210,off,off,False,True,
1779494624.4501655,stat_pub,stat,-1,C4_lidar_medium,C4_lidar_medium,210,off,off,False,True,
1779494624.9503596,stat_pub,stat,-1,C4_lidar_medium,C4_lidar_medium,209,off,off,False,True,
1779494625.4506989,stat_pub,stat,-1,C4_lidar_medium,C4_lidar_medium,209,off,off,False,True,
1779494625.9508908,stat_pub,stat,-1,C4_lidar_medium,C4_lidar_medium,209,off,off,False,True,
1779494626.4513013,stat_pub,stat,-1,C4_lidar_medium,C4_lidar_medium,210,off,off,False,True,
1779494626.9514766,stat_pub,stat,-1,C4_lidar_medium,C4_lidar_medium,210,off,off,False,True,
1779494627.4519885,stat_pub,stat,-1,C4_lidar_medium,C4_lidar_medium,210,off,off,False,True,
1779494627.95265,stat_pub,stat,-1,C4_lidar_medium,C4_lidar_medium,208,off,off,False,True,
1779494628.4531572,stat_pub,stat,-1,C4_lidar_medium,C4_lidar_medium,210,off,off,False,True,
1779494628.9537802,stat_pub,stat,-1,C4_lidar_medium,C4_lidar_medium,210,off,off,False,True,
1779494629.4539447,stat_pub,stat,-1,C4_lidar_medium,C4_lidar_medium,210,off,off,False,True,
1779494629.954139,stat_pub,stat,-1,C4_lidar_medium,C4_lidar_medium,209,off,off,False,True,
1779494630.454633,stat_pub,stat,-1,C4_lidar_medium,C4_lidar_medium,209,off,off,False,True,
1779494630.955301,stat_pub,stat,-1,C4_lidar_medium,C4_lidar_medium,209,off,off,False,True,
1779494631.455435,stat_pub,stat,-1,C4_lidar_medium,C4_lidar_medium,209,off,off,False,True,
1779494631.9556534,stat_pub,stat,-1,C4_lidar_medium,C4_lidar_medium,210,off,off,False,True,
1779494632.455777,stat_pub,stat,-1,C4_lidar_medium,C4_lidar_medium,209,off,off,False,True,
1779494632.9561234,stat_pub,stat,-1,C4_lidar_medium,C4_lidar_medium,210,off,off,False,True,
1779494633.456468,stat_pub,stat,-1,C4_lidar_medium,C4_lidar_medium,209,off,off,False,True,
1779494633.9569511,stat_pub,stat,-1,C4_lidar_medium,C4_lidar_medium,210,off,off,False,True,
1779494634.4574974,stat_pub,stat,-1,C4_lidar_medium,C4_lidar_medium,210,off,off,False,True,
1779494634.95773,stat_pub,stat,-1,C4_lidar_medium,C4_lidar_medium,208,off,off,False,True,
1779494635.4580896,stat_pub,stat,-1,C4_lidar_medium,C4_lidar_medium,210,off,off,False,True,
1779494635.9585693,stat_pub,stat,-1,C4_lidar_medium,C4_lidar_medium,210,off,off,False,True,
1779494636.458912,stat_pub,stat,-1,C4_lidar_medium,C4_lidar_medium,209,off,off,False,True,
1779494636.9592156,stat_pub,stat,-1,C4_lidar_medium,C4_lidar_medium,210,off,off,False,True,
1779494637.4596646,stat_pub,stat,-1,C4_lidar_medium,C4_lidar_medium,210,off,off,False,True,
1779494637.9600837,stat_pub,stat,-1,C4_lidar_medium,C4_lidar_medium,210,off,off,False,True,
1779494638.4606273,stat_pub,stat,-1,C4_lidar_medium,C4_lidar_medium,209,off,off,False,True,
1779494638.9612274,stat_pub,stat,-1,C4_lidar_medium,C4_lidar_medium,209,off,off,False,True,
1779494639.4614975,stat_pub,stat,-1,C4_lidar_medium,C4_lidar_medium,210,off,off,False,True,
1779494639.9617107,stat_pub,stat,-1,C4_lidar_medium,C4_lidar_medium,210,off,off,False,True,
1779494640.4622202,stat_pub,stat,-1,C4_lidar_medium,C4_lidar_medium,210,off,off,False,True,
1779494640.9627397,stat_pub,stat,-1,C4_lidar_medium,C4_lidar_medium,210,off,off,False,True,
1779494641.4632266,stat_pub,stat,-1,C4_lidar_medium,C4_lidar_medium,210,off,off,False,True,
1779494641.9635074,stat_pub,stat,-1,C4_lidar_medium,C4_lidar_medium,210,off,off,False,True,
1779494642.4638474,stat_pub,stat,-1,C4_lidar_medium,C4_lidar_medium,210,off,off,False,True,
1779494642.9640574,stat_pub,stat,-1,C4_lidar_medium,C4_lidar_medium,210,off,off,False,True,
1779494643.464414,stat_pub,stat,-1,C4_lidar_medium,C4_lidar_medium,209,off,off,False,True,
1779494643.964918,stat_pub,stat,-1,C4_lidar_medium,C4_lidar_medium,209,off,off,False,True,
1779494644.4651155,stat_pub,stat,-1,C4_lidar_medium,C4_lidar_medium,210,off,off,False,True,
1779494644.9654276,stat_pub,stat,-1,C4_lidar_medium,C4_lidar_medium,210,off,off,False,True,
1779494645.4660285,stat_pub,stat,-1,C4_lidar_medium,C4_lidar_medium,210,off,off,False,True,
1779494645.9664366,stat_pub,stat,-1,C4_lidar_medium,C4_lidar_medium,210,off,off,False,True,
1779494646.4668398,stat_pub,stat,-1,C4_lidar_medium,C4_lidar_medium,210,off,off,False,True,
1779494646.9672773,stat_pub,stat,-1,C4_lidar_medium,C4_lidar_medium,210,off,off,False,True,
1779494647.467583,stat_pub,stat,-1,C4_lidar_medium,C4_lidar_medium,209,off,off,False,True,
1779494647.968358,stat_pub,stat,-1,C4_lidar_medium,C4_lidar_medium,209,off,off,False,True,
1779494648.4687974,stat_pub,stat,-1,C4_lidar_medium,C4_lidar_medium,210,off,off,False,True,
1779494648.9690897,stat_pub,stat,-1,C4_lidar_medium,C4_lidar_medium,210,off,off,False,True,
1779494649.4695222,stat_pub,stat,-1,C4_lidar_medium,C4_lidar_medium,210,off,off,False,True,
1779494649.9705093,stat_pub,stat,-1,C4_lidar_medium,C4_lidar_medium,209,off,off,False,True,
1779494650.4708307,stat_pub,stat,-1,C4_lidar_medium,C4_lidar_medium,209,off,off,False,True,
1779494650.9711764,stat_pub,stat,-1,C4_lidar_medium,C4_lidar_medium,209,off,off,False,True,
1779494651.4713218,stat_pub,stat,-1,C4_lidar_medium,C4_lidar_medium,210,off,off,False,True,
1779494651.9717124,stat_pub,stat,-1,C4_lidar_medium,C4_lidar_medium,210,off,off,False,True,
1779494652.4718812,stat_pub,stat,-1,C4_lidar_medium,C4_lidar_medium,210,off,off,False,True,
1779494652.9725025,stat_pub,stat,-1,C4_lidar_medium,C4_lidar_medium,210,off,off,False,True,
1779494653.472959,stat_pub,stat,-1,C4_lidar_medium,C4_lidar_medium,209,off,off,False,True,
1779494653.9733243,stat_pub,stat,-1,C4_lidar_medium,C4_lidar_medium,210,off,off,False,True,
1779494654.4738078,stat_pub,stat,-1,C4_lidar_medium,C4_lidar_medium,210,off,off,False,True,
1779494654.973963,stat_pub,stat,-1,C4_lidar_medium,C4_lidar_medium,209,off,off,False,True,
1779494655.4740741,stat_pub,stat,-1,C4_lidar_medium,C4_lidar_medium,210,off,off,False,True,
1779494655.9745085,stat_pub,stat,-1,C4_lidar_medium,C4_lidar_medium,210,off,off,False,True,
1779494656.4750495,stat_pub,stat,-1,C4_lidar_medium,C4_lidar_medium,210,off,off,False,True,
1779494656.975301,stat_pub,stat,-1,C4_lidar_medium,C4_lidar_medium,209,off,off,False,True,
1779494657.4756143,stat_pub,stat,-1,C4_lidar_medium,C4_lidar_medium,210,off,off,False,True,
1779494657.975874,stat_pub,stat,-1,C4_lidar_medium,C4_lidar_medium,209,off,off,False,True,
1779494658.4760008,stat_pub,stat,-1,C4_lidar_medium,C4_lidar_medium,210,off,off,False,True,
1779494658.9761415,stat_pub,stat,-1,C4_lidar_medium,C4_lidar_medium,210,off,off,False,True,
1779494659.4764237,stat_pub,stat,-1,C4_lidar_medium,C4_lidar_medium,210,off,off,False,True,
1779494659.9766443,stat_pub,stat,-1,C4_lidar_medium,C4_lidar_medium,210,off,off,False,True,
1779494660.4770293,stat_pub,stat,-1,C4_lidar_medium,C4_lidar_medium,210,off,off,False,True,
1779494660.9777203,stat_pub,stat,-1,C4_lidar_medium,C4_lidar_medium,210,off,off,False,True,
1779494661.4780273,stat_pub,stat,-1,C4_lidar_medium,C4_lidar_medium,210,off,off,False,True,
1779494661.9782991,stat_pub,stat,-1,C4_lidar_medium,C4_lidar_medium,210,off,off,False,True,
1779494662.47855,stat_pub,stat,-1,C4_lidar_medium,C4_lidar_medium,208,off,off,False,True,
1779494662.978915,stat_pub,stat,-1,C4_lidar_medium,C4_lidar_medium,209,off,off,False,True,
1779494663.4792087,stat_pub,stat,-1,C4_lidar_medium,C4_lidar_medium,210,off,off,False,True,
1779494663.9795864,stat_pub,stat,-1,C4_lidar_medium,C4_lidar_medium,210,off,off,False,True,
1779494664.4797819,stat_pub,stat,-1,C4_lidar_medium,C4_lidar_medium,210,off,off,False,True,
1779494664.9802163,stat_pub,stat,-1,C4_lidar_medium,C4_lidar_medium,210,off,off,False,True,
1779494665.4803963,stat_pub,stat,-1,C4_lidar_medium,C4_lidar_medium,209,off,off,False,True,
1779494665.9807913,stat_pub,stat,-1,C4_lidar_medium,C4_lidar_medium,209,off,off,False,True,
1779494666.4814053,stat_pub,stat,-1,C4_lidar_medium,C4_lidar_medium,210,off,off,False,True,
1779494666.981553,stat_pub,stat,-1,C4_lidar_medium,C4_lidar_medium,209,off,off,False,True,
1779494667.4819138,stat_pub,stat,-1,C4_lidar_medium,C4_lidar_medium,210,off,off,False,True,
1779494667.9822285,stat_pub,stat,-1,C4_lidar_medium,C4_lidar_medium,210,off,off,False,True,
1779494668.482609,stat_pub,stat,-1,C4_lidar_medium,C4_lidar_medium,209,off,off,False,True,
1779494668.983272,stat_pub,stat,-1,C4_lidar_medium,C4_lidar_medium,209,off,off,False,True,
1779494669.4837732,stat_pub,stat,-1,C4_lidar_medium,C4_lidar_medium,210,off,off,False,True,
1779494669.9841812,stat_pub,stat,-1,C4_lidar_medium,C4_lidar_medium,210,off,off,False,True,
1779494670.4844818,stat_pub,stat,-1,C4_lidar_medium,C4_lidar_medium,210,off,off,False,True,
1779494670.9852626,stat_pub,stat,-1,C4_lidar_medium,C4_lidar_medium,210,off,off,False,True,
1779494671.4855917,stat_pub,stat,-1,C4_lidar_medium,C4_lidar_medium,210,off,off,False,True,
1779494671.9859066,stat_pub,stat,-1,C4_lidar_medium,C4_lidar_medium,210,off,off,False,True,
1779494672.4864132,stat_pub,stat,-1,C4_lidar_medium,C4_lidar_medium,210,off,off,False,True,
1779494672.9865382,stat_pub,stat,-1,C4_lidar_medium,C4_lidar_medium,210,off,off,False,True,
1779494673.4870024,stat_pub,stat,-1,C4_lidar_medium,C4_lidar_medium,210,off,off,False,True,
1779494673.9874291,stat_pub,stat,-1,C4_lidar_medium,C4_lidar_medium,210,off,off,False,True,
1779494674.4878771,stat_pub,stat,-1,C4_lidar_medium,C4_lidar_medium,210,off,off,False,True,
1779494674.9883955,stat_pub,stat,-1,C4_lidar_medium,C4_lidar_medium,210,off,off,False,True,
1779494675.4889562,stat_pub,stat,-1,C4_lidar_medium,C4_lidar_medium,210,off,off,False,True,
1779494675.9897063,stat_pub,stat,-1,C4_lidar_medium,C4_lidar_medium,210,off,off,False,True,
1779494676.4898636,stat_pub,stat,-1,C4_lidar_medium,C4_lidar_medium,210,off,off,False,True,
1779494676.9902973,stat_pub,stat,-1,C4_lidar_medium,C4_lidar_medium,208,off,off,False,True,
1779494677.4905314,stat_pub,stat,-1,C4_lidar_medium,C4_lidar_medium,208,off,off,False,True,
1779494677.990936,stat_pub,stat,-1,C4_lidar_medium,C4_lidar_medium,207,off,off,False,True,
1779494678.4912894,stat_pub,stat,-1,C4_lidar_medium,C4_lidar_medium,210,off,off,False,True,
1779494678.9916396,stat_pub,stat,-1,C4_lidar_medium,C4_lidar_medium,210,off,off,False,True,
1779494679.492005,stat_pub,stat,-1,C4_lidar_medium,C4_lidar_medium,209,off,off,False,True,
1779494679.9922612,stat_pub,stat,-1,C4_lidar_medium,C4_lidar_medium,210,off,off,False,True,
1779494680.4925728,stat_pub,stat,-1,C4_lidar_medium,C4_lidar_medium,210,off,off,False,True,
1779494680.9930851,stat_pub,stat,-1,C4_lidar_medium,C4_lidar_medium,210,off,off,False,True,
1779494681.4932137,stat_pub,stat,-1,C4_lidar_medium,C4_lidar_medium,210,off,off,False,True,
1779494681.9937508,stat_pub,stat,-1,C4_lidar_medium,C4_lidar_medium,210,off,off,False,True,
1779494682.4940236,stat_pub,stat,-1,C4_lidar_medium,C4_lidar_medium,210,off,off,False,True,
1779494682.9943082,stat_pub,stat,-1,C4_lidar_medium,C4_lidar_medium,210,off,off,False,True,
1779494683.4945078,stat_pub,stat,-1,C4_lidar_medium,C4_lidar_medium,210,off,off,False,True,
1779494683.9948761,stat_pub,stat,-1,C4_lidar_medium,C4_lidar_medium,210,off,off,False,True,
1779494684.4951193,stat_pub,stat,-1,C4_lidar_medium,C4_lidar_medium,210,off,off,False,True,
1779494684.9955482,stat_pub,stat,-1,C4_lidar_medium,C4_lidar_medium,210,off,off,False,True,
1779494685.4960485,stat_pub,stat,-1,C4_lidar_medium,C4_lidar_medium,210,off,off,False,True,
1779494685.9967053,stat_pub,stat,-1,C4_lidar_medium,C4_lidar_medium,210,off,off,False,True,
1779494686.4971075,stat_pub,stat,-1,C4_lidar_medium,C4_lidar_medium,210,off,off,False,True,
1779494686.9972274,stat_pub,stat,-1,C4_lidar_medium,C4_lidar_medium,210,off,off,False,True,
1779494687.4977715,stat_pub,stat,-1,C4_lidar_medium,C4_lidar_medium,210,off,off,False,True,
1779494687.9979594,stat_pub,stat,-1,C4_lidar_medium,C4_lidar_medium,210,off,off,False,True,
1779494688.4981916,stat_pub,stat,-1,C4_lidar_medium,C4_lidar_medium,210,off,off,False,True,
1779494688.9983883,stat_pub,stat,-1,C4_lidar_medium,C4_lidar_medium,210,off,off,False,True,
1779494689.4986835,stat_pub,stat,-1,C4_lidar_medium,C4_lidar_medium,210,off,off,False,True,
1779494689.9992974,stat_pub,stat,-1,C4_lidar_medium,C4_lidar_medium,210,off,off,False,True,
1779494690.4997666,stat_pub,stat,-1,C4_lidar_medium,C4_lidar_medium,210,off,off,False,True,
1779494691.0002792,stat_pub,stat,-1,C4_lidar_medium,C4_lidar_medium,209,off,off,False,True,
1779494691.5006478,stat_pub,stat,-1,C4_lidar_medium,C4_lidar_medium,209,off,off,False,True,
1779494692.0008068,stat_pub,stat,-1,C4_lidar_medium,C4_lidar_medium,209,off,off,False,True,
1779494692.5009885,stat_pub,stat,-1,C4_lidar_medium,C4_lidar_medium,209,off,off,False,True,
1779494693.002113,stat_pub,stat,-1,C4_lidar_medium,C4_lidar_medium,209,off,off,False,True,
1779494693.50244,stat_pub,stat,-1,C4_lidar_medium,C4_lidar_medium,208,off,off,False,True,
1779494694.0028808,stat_pub,stat,-1,C4_lidar_medium,C4_lidar_medium,210,off,off,False,True,
1779494694.5033956,stat_pub,stat,-1,C4_lidar_medium,C4_lidar_medium,210,off,off,False,True,
1779494695.0036566,stat_pub,stat,-1,C4_lidar_medium,C4_lidar_medium,210,off,off,False,True,
1779494695.50377,stat_pub,stat,-1,C4_lidar_medium,C4_lidar_medium,208,off,off,False,True,
1779494696.0042865,stat_pub,stat,-1,C4_lidar_medium,C4_lidar_medium,210,off,off,False,True,
1779494696.5044858,stat_pub,stat,-1,C4_lidar_medium,C4_lidar_medium,210,off,off,False,True,
1779494697.0047529,stat_pub,stat,-1,C4_lidar_medium,C4_lidar_medium,210,off,off,False,True,
1779494697.5048833,stat_pub,stat,-1,C4_lidar_medium,C4_lidar_medium,210,off,off,False,True,
1779494698.0050523,stat_pub,stat,-1,C4_lidar_medium,C4_lidar_medium,210,off,off,False,True,
1779494698.5052314,stat_pub,stat,-1,C4_lidar_medium,C4_lidar_medium,210,off,off,False,True,
1779494699.0054185,stat_pub,stat,-1,C4_lidar_medium,C4_lidar_medium,210,off,off,False,True,
1779494699.506108,stat_pub,stat,-1,C4_lidar_medium,C4_lidar_medium,209,off,off,False,True,
1779494700.0065253,stat_pub,stat,-1,C4_lidar_medium,C4_lidar_medium,210,off,off,False,True,
1779494700.5067635,stat_pub,stat,-1,C4_lidar_medium,C4_lidar_medium,210,off,off,False,True,
1779494701.0070415,stat_pub,stat,-1,C4_lidar_medium,C4_lidar_medium,210,off,off,False,True,
1779494701.507516,stat_pub,stat,-1,C4_lidar_medium,C4_lidar_medium,209,off,off,False,True,
1779494702.007634,stat_pub,stat,-1,C4_lidar_medium,C4_lidar_medium,209,off,off,False,True,
1779494702.5081184,stat_pub,stat,-1,C4_lidar_medium,C4_lidar_medium,210,off,off,False,True,
1779494703.0085657,stat_pub,stat,-1,C4_lidar_medium,C4_lidar_medium,210,off,off,False,True,
1779494703.5088668,stat_pub,stat,-1,C4_lidar_medium,C4_lidar_medium,210,off,off,False,True,
1779494704.0091908,stat_pub,stat,-1,C4_lidar_medium,C4_lidar_medium,210,off,off,False,True,
1779494704.509437,stat_pub,stat,-1,C4_lidar_medium,C4_lidar_medium,209,off,off,False,True,
1779494705.0096738,stat_pub,stat,-1,C4_lidar_medium,C4_lidar_medium,210,off,off,False,True,
1779494705.50985,stat_pub,stat,-1,C4_lidar_medium,C4_lidar_medium,208,off,off,False,True,
1779494706.0103536,stat_pub,stat,-1,C4_lidar_medium,C4_lidar_medium,209,off,off,False,True,
1779494706.5112133,stat_pub,stat,-1,C4_lidar_medium,C4_lidar_medium,209,off,off,False,True,
1779494707.011427,stat_pub,stat,-1,C4_lidar_medium,C4_lidar_medium,209,off,off,False,True,
1779494707.5118806,stat_pub,stat,-1,C4_lidar_medium,C4_lidar_medium,210,off,off,False,True,
1779494708.012499,stat_pub,stat,-1,C4_lidar_medium,C4_lidar_medium,209,off,off,False,True,
1779494708.51264,stat_pub,stat,-1,C4_lidar_medium,C4_lidar_medium,208,off,off,False,True,
1779494709.0130882,stat_pub,stat,-1,C4_lidar_medium,C4_lidar_medium,210,off,off,False,True,
1779494709.513508,stat_pub,stat,-1,C4_lidar_medium,C4_lidar_medium,209,off,off,False,True,
1779494710.0136127,stat_pub,stat,-1,C4_lidar_medium,C4_lidar_medium,210,off,off,False,True,
1779494710.5141044,stat_pub,stat,-1,C4_lidar_medium,C4_lidar_medium,210,off,off,False,True,
1779494711.014574,stat_pub,stat,-1,C4_lidar_medium,C4_lidar_medium,209,off,off,False,True,
1779494711.5149784,stat_pub,stat,-1,C4_lidar_medium,C4_lidar_medium,210,off,off,False,True,
1779494712.015269,stat_pub,stat,-1,C4_lidar_medium,C4_lidar_medium,209,off,off,False,True,
1779494712.5157669,stat_pub,stat,-1,C4_lidar_medium,C4_lidar_medium,210,off,off,False,True,
1779494713.016039,stat_pub,stat,-1,C4_lidar_medium,C4_lidar_medium,209,off,off,False,True,
1779494713.5163968,stat_pub,stat,-1,C4_lidar_medium,C4_lidar_medium,210,off,off,False,True,
1779494714.016993,stat_pub,stat,-1,C4_lidar_medium,C4_lidar_medium,209,off,off,False,True,
1779494714.5173638,stat_pub,stat,-1,C4_lidar_medium,C4_lidar_medium,210,off,off,False,True,
1779494715.0177493,stat_pub,stat,-1,C4_lidar_medium,C4_lidar_medium,210,off,off,False,True,
1779494715.518017,stat_pub,stat,-1,C4_lidar_medium,C4_lidar_medium,209,off,off,False,True,
1779494716.018391,stat_pub,stat,-1,C4_lidar_medium,C4_lidar_medium,209,off,off,False,True,
1779494716.5188587,stat_pub,stat,-1,C4_lidar_medium,C4_lidar_medium,210,off,off,False,True,
1779494717.0191202,stat_pub,stat,-1,C4_lidar_medium,C4_lidar_medium,210,off,off,False,True,
1779494717.519521,stat_pub,stat,-1,C4_lidar_medium,C4_lidar_medium,209,off,off,False,True,
1779494718.0198162,stat_pub,stat,-1,C4_lidar_medium,C4_lidar_medium,210,off,off,False,True,
1779494718.520352,stat_pub,stat,-1,C4_lidar_medium,C4_lidar_medium,208,off,off,False,True,
1779494719.0204995,stat_pub,stat,-1,C4_lidar_medium,C4_lidar_medium,209,off,off,False,True,
1779494719.5209641,stat_pub,stat,-1,C4_lidar_medium,C4_lidar_medium,209,off,off,False,True,
1779494720.0212915,stat_pub,stat,-1,C4_lidar_medium,C4_lidar_medium,210,off,off,False,True,
1779494720.5218267,stat_pub,stat,-1,C4_lidar_medium,C4_lidar_medium,210,off,off,False,True,
1779494721.022251,stat_pub,stat,-1,C4_lidar_medium,C4_lidar_medium,209,off,off,False,True,
1779494721.5224876,stat_pub,stat,-1,C4_lidar_medium,C4_lidar_medium,210,off,off,False,True,
1779494722.022748,stat_pub,stat,-1,C4_lidar_medium,C4_lidar_medium,209,off,off,False,True,
1779494722.5232675,stat_pub,stat,-1,C4_lidar_medium,C4_lidar_medium,210,off,off,False,True,
1779494723.0238302,stat_pub,stat,-1,C4_lidar_medium,C4_lidar_medium,210,off,off,False,True,
1779494723.5243564,stat_pub,stat,-1,C4_lidar_medium,C4_lidar_medium,210,off,off,False,True,
1779494724.0246496,stat_pub,stat,-1,C4_lidar_medium,C4_lidar_medium,210,off,off,False,True,
1779494724.5248225,stat_pub,stat,-1,C4_lidar_medium,C4_lidar_medium,210,off,off,False,True,
1779494725.0250504,stat_pub,stat,-1,C4_lidar_medium,C4_lidar_medium,210,off,off,False,True,
1779494725.5253592,stat_pub,stat,-1,C4_lidar_medium,C4_lidar_medium,210,off,off,False,True,
1779494726.025935,stat_pub,stat,-1,C4_lidar_medium,C4_lidar_medium,209,off,off,False,True,
1779494726.526313,stat_pub,stat,-1,C4_lidar_medium,C4_lidar_medium,209,off,off,False,True,
1779494727.0265357,stat_pub,stat,-1,C4_lidar_medium,C4_lidar_medium,210,off,off,False,True,
1779494727.526713,stat_pub,stat,-1,C4_lidar_medium,C4_lidar_medium,209,off,off,False,True,
1779494728.027063,stat_pub,stat,-1,C4_lidar_medium,C4_lidar_medium,209,off,off,False,True,
1779494728.5276833,stat_pub,stat,-1,C4_lidar_medium,C4_lidar_medium,210,off,off,False,True,
1779494729.0281913,stat_pub,stat,-1,C4_lidar_medium,C4_lidar_medium,210,off,off,False,True,
1779494729.5284169,stat_pub,stat,-1,C4_lidar_medium,C4_lidar_medium,210,off,off,False,True,
1779494730.0286267,stat_pub,stat,-1,C4_lidar_medium,C4_lidar_medium,210,off,off,False,True,
1779494730.529164,stat_pub,stat,-1,C4_lidar_medium,C4_lidar_medium,209,off,off,False,True,
1779494731.02946,stat_pub,stat,-1,C4_lidar_medium,C4_lidar_medium,208,off,off,False,True,
1779494731.530087,stat_pub,stat,-1,C4_lidar_medium,C4_lidar_medium,209,off,off,False,True,
1779494732.0303576,stat_pub,stat,-1,C4_lidar_medium,C4_lidar_medium,209,off,off,False,True,
1779494732.5308247,stat_pub,stat,-1,C4_lidar_medium,C4_lidar_medium,209,off,off,False,True,
1779494733.0312607,stat_pub,stat,-1,C4_lidar_medium,C4_lidar_medium,209,off,off,False,True,
1779494733.531516,stat_pub,stat,-1,C4_lidar_medium,C4_lidar_medium,209,off,off,False,True,
1779494734.0317538,stat_pub,stat,-1,C4_lidar_medium,C4_lidar_medium,210,off,off,False,True,
1779494734.5318584,stat_pub,stat,-1,C4_lidar_medium,C4_lidar_medium,210,off,off,False,True,
1779494735.0320435,stat_pub,stat,-1,C4_lidar_medium,C4_lidar_medium,210,off,off,False,True,
1779494735.5321481,stat_pub,stat,-1,C4_lidar_medium,C4_lidar_medium,210,off,off,False,True,
1779494736.032471,stat_pub,stat,-1,C4_lidar_medium,C4_lidar_medium,209,off,off,False,True,
1779494736.5330453,stat_pub,stat,-1,C4_lidar_medium,C4_lidar_medium,210,off,off,False,True,
1779494737.0334377,stat_pub,stat,-1,C4_lidar_medium,C4_lidar_medium,210,off,off,False,True,
1779494737.534116,stat_pub,stat,-1,C4_lidar_medium,C4_lidar_medium,209,off,off,False,True,
1779494738.0345972,stat_pub,stat,-1,C4_lidar_medium,C4_lidar_medium,210,off,off,False,True,
1779494738.5350533,stat_pub,stat,-1,C4_lidar_medium,C4_lidar_medium,210,off,off,False,True,
1779494739.0353448,stat_pub,stat,-1,C4_lidar_medium,C4_lidar_medium,210,off,off,False,True,
1779494739.5358338,stat_pub,stat,-1,C4_lidar_medium,C4_lidar_medium,210,off,off,False,True,
1779494740.036247,stat_pub,stat,-1,C4_lidar_medium,C4_lidar_medium,209,off,off,False,True,
1779494740.536358,stat_pub,stat,-1,C4_lidar_medium,C4_lidar_medium,209,off,off,False,True,
1779494741.036639,stat_pub,stat,-1,C4_lidar_medium,C4_lidar_medium,209,off,off,False,True,
1779494741.5371184,stat_pub,stat,-1,C4_lidar_medium,C4_lidar_medium,210,off,off,False,True,
1779494742.0375054,stat_pub,stat,-1,C4_lidar_medium,C4_lidar_medium,210,off,off,False,True,
1779494742.5380025,stat_pub,stat,-1,C4_lidar_medium,C4_lidar_medium,210,off,off,False,True,
1779494743.0383384,stat_pub,stat,-1,C4_lidar_medium,C4_lidar_medium,210,off,off,False,True,
1779494743.5386236,stat_pub,stat,-1,C4_lidar_medium,C4_lidar_medium,210,off,off,False,True,
1779494744.039506,stat_pub,stat,-1,C4_lidar_medium,C4_lidar_medium,209,off,off,False,True,
1779494744.5396712,stat_pub,stat,-1,C4_lidar_medium,C4_lidar_medium,210,off,off,False,True,
1779494745.0402265,stat_pub,stat,-1,C4_lidar_medium,C4_lidar_medium,210,off,off,False,True,
1779494745.540831,stat_pub,stat,-1,C4_lidar_medium,C4_lidar_medium,208,off,off,False,True,
1779494746.0412896,stat_pub,stat,-1,C4_lidar_medium,C4_lidar_medium,210,off,off,False,True,
1779494746.541518,stat_pub,stat,-1,C4_lidar_medium,C4_lidar_medium,209,off,off,False,True,
1779494747.0418475,stat_pub,stat,-1,C4_lidar_medium,C4_lidar_medium,210,off,off,False,True,
1779494747.54194,stat_pub,stat,-1,C4_lidar_medium,C4_lidar_medium,208,off,off,False,True,
1779494748.0424228,stat_pub,stat,-1,C4_lidar_medium,C4_lidar_medium,210,off,off,False,True,
1779494748.542892,stat_pub,stat,-1,C4_lidar_medium,C4_lidar_medium,209,off,off,False,True,
1779494749.0431664,stat_pub,stat,-1,C4_lidar_medium,C4_lidar_medium,210,off,off,False,True,
1779494749.543539,stat_pub,stat,-1,C4_lidar_medium,C4_lidar_medium,209,off,off,False,True,
1779494750.0438375,stat_pub,stat,-1,C4_lidar_medium,C4_lidar_medium,210,off,off,False,True,
1779494750.5441945,stat_pub,stat,-1,C4_lidar_medium,C4_lidar_medium,210,off,off,False,True,
1779494751.0444531,stat_pub,stat,-1,C4_lidar_medium,C4_lidar_medium,210,off,off,False,True,
1779494751.544655,stat_pub,stat,-1,C4_lidar_medium,C4_lidar_medium,209,off,off,False,True,
1779494752.0448854,stat_pub,stat,-1,C4_lidar_medium,C4_lidar_medium,210,off,off,False,True,
1779494752.545392,stat_pub,stat,-1,C4_lidar_medium,C4_lidar_medium,209,off,off,False,True,
1779494753.0459158,stat_pub,stat,-1,C4_lidar_medium,C4_lidar_medium,210,off,off,False,True,
1779494753.5462945,stat_pub,stat,-1,C4_lidar_medium,C4_lidar_medium,210,off,off,False,True,
1779494754.0465264,stat_pub,stat,-1,C4_lidar_medium,C4_lidar_medium,210,off,off,False,True,
1779494754.5468817,stat_pub,stat,-1,C4_lidar_medium,C4_lidar_medium,210,off,off,False,True,
1779494755.0473084,stat_pub,stat,-1,C4_lidar_medium,C4_lidar_medium,210,off,off,False,True,
1779494755.5477483,stat_pub,stat,-1,C4_lidar_medium,C4_lidar_medium,210,off,off,False,True,
1779494756.0482576,stat_pub,stat,-1,C4_lidar_medium,C4_lidar_medium,210,off,off,False,True,
1779494756.5485935,stat_pub,stat,-1,C4_lidar_medium,C4_lidar_medium,210,off,off,False,True,
1779494757.0491438,stat_pub,stat,-1,C4_lidar_medium,C4_lidar_medium,210,off,off,False,True,
1779494757.5492725,stat_pub,stat,-1,C4_lidar_medium,C4_lidar_medium,210,off,off,False,True,
1779494758.0497177,stat_pub,stat,-1,C4_lidar_medium,C4_lidar_medium,210,off,off,False,True,
1779494758.5499566,stat_pub,stat,-1,C4_lidar_medium,C4_lidar_medium,210,off,off,False,True,
1779494759.0503092,stat_pub,stat,-1,C4_lidar_medium,C4_lidar_medium,209,off,off,False,True,
1779494759.550845,stat_pub,stat,-1,C4_lidar_medium,C4_lidar_medium,208,off,off,False,True,
1779494760.0510683,stat_pub,stat,-1,C4_lidar_medium,C4_lidar_medium,209,off,off,False,True,
1779494760.5513487,stat_pub,stat,-1,C4_lidar_medium,C4_lidar_medium,210,off,off,False,True,
1779494761.0516737,stat_pub,stat,-1,C4_lidar_medium,C4_lidar_medium,210,off,off,False,True,
1779494761.5518255,stat_pub,stat,-1,C4_lidar_medium,C4_lidar_medium,210,off,off,False,True,
1779494762.0524187,stat_pub,stat,-1,C4_lidar_medium,C4_lidar_medium,210,off,off,False,True,
1779494762.5530083,stat_pub,stat,-1,C4_lidar_medium,C4_lidar_medium,210,off,off,False,True,
1779494763.0532496,stat_pub,stat,-1,C4_lidar_medium,C4_lidar_medium,210,off,off,False,True,
1779494763.5536344,stat_pub,stat,-1,C4_lidar_medium,C4_lidar_medium,210,off,off,False,True,
1779494764.0539854,stat_pub,stat,-1,C4_lidar_medium,C4_lidar_medium,210,off,off,False,True,
1779494764.5541873,stat_pub,stat,-1,C4_lidar_medium,C4_lidar_medium,210,off,off,False,True,
1779494765.054501,stat_pub,stat,-1,C4_lidar_medium,C4_lidar_medium,209,off,off,False,True,
1779494765.5547476,stat_pub,stat,-1,C4_lidar_medium,C4_lidar_medium,210,off,off,False,True,
1779494766.055018,stat_pub,stat,-1,C4_lidar_medium,C4_lidar_medium,209,off,off,False,True,
1779494766.5554736,stat_pub,stat,-1,C4_lidar_medium,C4_lidar_medium,210,off,off,False,True,
1779494767.0560555,stat_pub,stat,-1,C4_lidar_medium,C4_lidar_medium,210,off,off,False,True,
1779494767.556463,stat_pub,stat,-1,C4_lidar_medium,C4_lidar_medium,209,off,off,False,True,
1779494768.056837,stat_pub,stat,-1,C4_lidar_medium,C4_lidar_medium,209,off,off,False,True,
1779494768.5572577,stat_pub,stat,-1,C4_lidar_medium,C4_lidar_medium,210,off,off,False,True,
1779494769.0574071,stat_pub,stat,-1,C4_lidar_medium,C4_lidar_medium,210,off,off,False,True,
1779494769.5575984,stat_pub,stat,-1,C4_lidar_medium,C4_lidar_medium,210,off,off,False,True,
1779494770.058045,stat_pub,stat,-1,C4_lidar_medium,C4_lidar_medium,209,off,off,False,True,
1779494770.5585642,stat_pub,stat,-1,C4_lidar_medium,C4_lidar_medium,210,off,off,False,True,
1779494771.0587316,stat_pub,stat,-1,C4_lidar_medium,C4_lidar_medium,210,off,off,False,True,
1779494771.5592628,stat_pub,stat,-1,C4_lidar_medium,C4_lidar_medium,210,off,off,False,True,
1779494772.0596302,stat_pub,stat,-1,C4_lidar_medium,C4_lidar_medium,210,off,off,False,True,
1779494772.5598152,stat_pub,stat,-1,C4_lidar_medium,C4_lidar_medium,210,off,off,False,True,
1779494773.0603945,stat_pub,stat,-1,C4_lidar_medium,C4_lidar_medium,209,off,off,False,True,
1779494773.560741,stat_pub,stat,-1,C4_lidar_medium,C4_lidar_medium,208,off,off,False,True,
1779494774.0611136,stat_pub,stat,-1,C4_lidar_medium,C4_lidar_medium,209,off,off,False,True,
1779494774.5612662,stat_pub,stat,-1,C4_lidar_medium,C4_lidar_medium,209,off,off,False,True,
1779494775.0617354,stat_pub,stat,-1,C4_lidar_medium,C4_lidar_medium,210,off,off,False,True,
1779494775.5622375,stat_pub,stat,-1,C4_lidar_medium,C4_lidar_medium,210,off,off,False,True,
1779494776.062383,stat_pub,stat,-1,C4_lidar_medium,C4_lidar_medium,209,off,off,False,True,
1779494776.5629408,stat_pub,stat,-1,C4_lidar_medium,C4_lidar_medium,210,off,off,False,True,
1779494777.0633998,stat_pub,stat,-1,C4_lidar_medium,C4_lidar_medium,210,off,off,False,True,
1779494777.5636747,stat_pub,stat,-1,C4_lidar_medium,C4_lidar_medium,210,off,off,False,True,
1779494778.0641298,stat_pub,stat,-1,C4_lidar_medium,C4_lidar_medium,210,off,off,False,True,
1779494778.5644355,stat_pub,stat,-1,C4_lidar_medium,C4_lidar_medium,210,off,off,False,True,
1779494779.0650303,stat_pub,stat,-1,C4_lidar_medium,C4_lidar_medium,210,off,off,False,True,
1779494779.5653791,stat_pub,stat,-1,C4_lidar_medium,C4_lidar_medium,210,off,off,False,True,
1779494780.0658967,stat_pub,stat,-1,C4_lidar_medium,C4_lidar_medium,210,off,off,False,True,
1779494780.566796,stat_pub,stat,-1,C4_lidar_medium,C4_lidar_medium,209,off,off,False,True,
1779494781.0670488,stat_pub,stat,-1,C4_lidar_medium,C4_lidar_medium,210,off,off,False,True,
1779494781.5674295,stat_pub,stat,-1,C4_lidar_medium,C4_lidar_medium,210,off,off,False,True,
1779494782.0676644,stat_pub,stat,-1,C4_lidar_medium,C4_lidar_medium,210,off,off,False,True,
1779494782.568096,stat_pub,stat,-1,C4_lidar_medium,C4_lidar_medium,209,off,off,False,True,
1779494783.0682282,stat_pub,stat,-1,C4_lidar_medium,C4_lidar_medium,210,off,off,False,True,
1779494783.5687835,stat_pub,stat,-1,C4_lidar_medium,C4_lidar_medium,210,off,off,False,True,
1779494784.069133,stat_pub,stat,-1,C4_lidar_medium,C4_lidar_medium,209,off,off,False,True,
1779494784.5696099,stat_pub,stat,-1,C4_lidar_medium,C4_lidar_medium,210,off,off,False,True,
1779494785.070079,stat_pub,stat,-1,C4_lidar_medium,C4_lidar_medium,209,off,off,False,True,
1779494785.5702934,stat_pub,stat,-1,C4_lidar_medium,C4_lidar_medium,209,off,off,False,True,
1779494786.0705748,stat_pub,stat,-1,C4_lidar_medium,C4_lidar_medium,209,off,off,False,True,
1779494786.5710928,stat_pub,stat,-1,C4_lidar_medium,C4_lidar_medium,209,off,off,False,True,
1779494787.071577,stat_pub,stat,-1,C4_lidar_medium,C4_lidar_medium,209,off,off,False,True,
1779494787.571991,stat_pub,stat,-1,C4_lidar_medium,C4_lidar_medium,209,off,off,False,True,
1779494788.0723956,stat_pub,stat,-1,C4_lidar_medium,C4_lidar_medium,210,off,off,False,True,
1779494788.5728858,stat_pub,stat,-1,C4_lidar_medium,C4_lidar_medium,210,off,off,False,True,
1779494789.0732577,stat_pub,stat,-1,C4_lidar_medium,C4_lidar_medium,210,off,off,False,True,
1779494789.5734851,stat_pub,stat,-1,C4_lidar_medium,C4_lidar_medium,210,off,off,False,True,
1779494790.0737772,stat_pub,stat,-1,C4_lidar_medium,C4_lidar_medium,210,off,off,False,True,
1779494790.5740247,stat_pub,stat,-1,C4_lidar_medium,C4_lidar_medium,210,off,off,False,True,
1779494791.0741637,stat_pub,stat,-1,C4_lidar_medium,C4_lidar_medium,210,off,off,False,True,
1779494791.5747325,stat_pub,stat,-1,C4_lidar_medium,C4_lidar_medium,210,off,off,False,True,
1779494792.0750473,stat_pub,stat,-1,C4_lidar_medium,C4_lidar_medium,210,off,off,False,True,
1779494792.575744,stat_pub,stat,-1,C4_lidar_medium,C4_lidar_medium,209,off,off,False,True,
1779494793.0760977,stat_pub,stat,-1,C4_lidar_medium,C4_lidar_medium,210,off,off,False,True,
1779494793.5766258,stat_pub,stat,-1,C4_lidar_medium,C4_lidar_medium,210,off,off,False,True,
1779494794.0768723,stat_pub,stat,-1,C4_lidar_medium,C4_lidar_medium,210,off,off,False,True,
1779494794.577168,stat_pub,stat,-1,C4_lidar_medium,C4_lidar_medium,209,off,off,False,True,
1779494795.077804,stat_pub,stat,-1,C4_lidar_medium,C4_lidar_medium,209,off,off,False,True,
1779494795.5783894,stat_pub,stat,-1,C4_lidar_medium,C4_lidar_medium,210,off,off,False,True,
1779494796.0786986,stat_pub,stat,-1,C4_lidar_medium,C4_lidar_medium,210,off,off,False,True,
1779494796.5789518,stat_pub,stat,-1,C4_lidar_medium,C4_lidar_medium,210,off,off,False,True,
1779494797.079398,stat_pub,stat,-1,C4_lidar_medium,C4_lidar_medium,209,off,off,False,True,
1779494797.579646,stat_pub,stat,-1,C4_lidar_medium,C4_lidar_medium,209,off,off,False,True,
1779494798.0798662,stat_pub,stat,-1,C4_lidar_medium,C4_lidar_medium,210,off,off,False,True,
1779494798.5805879,stat_pub,stat,-1,C4_lidar_medium,C4_lidar_medium,209,off,off,False,True,
1779494799.0816193,stat_pub,stat,-1,C4_lidar_medium,C4_lidar_medium,210,off,off,False,True,
1779494799.5821712,stat_pub,stat,-1,C4_lidar_medium,C4_lidar_medium,210,off,off,False,True,
1779494800.0825107,stat_pub,stat,-1,C4_lidar_medium,C4_lidar_medium,210,off,off,False,True,
1779494800.5827272,stat_pub,stat,-1,C4_lidar_medium,C4_lidar_medium,210,off,off,False,True,
1779494801.083034,stat_pub,stat,-1,C4_lidar_medium,C4_lidar_medium,209,off,off,False,True,
1779494801.5834491,stat_pub,stat,-1,C4_lidar_medium,C4_lidar_medium,210,off,off,False,True,
1779494802.0838451,stat_pub,stat,-1,C4_lidar_medium,C4_lidar_medium,210,off,off,False,True,
1779494802.5842586,stat_pub,stat,-1,C4_lidar_medium,C4_lidar_medium,210,off,off,False,True,
1779494803.084873,stat_pub,stat,-1,C4_lidar_medium,C4_lidar_medium,209,off,off,False,True,
1779494803.5852594,stat_pub,stat,-1,C4_lidar_medium,C4_lidar_medium,210,off,off,False,True,
1779494804.0855277,stat_pub,stat,-1,C4_lidar_medium,C4_lidar_medium,210,off,off,False,True,
1779494804.5857856,stat_pub,stat,-1,C4_lidar_medium,C4_lidar_medium,210,off,off,False,True,
1779494805.086337,stat_pub,stat,-1,C4_lidar_medium,C4_lidar_medium,209,off,off,False,True,
1779494805.5866735,stat_pub,stat,-1,C4_lidar_medium,C4_lidar_medium,210,off,off,False,True,
1779494806.0871935,stat_pub,stat,-1,C4_lidar_medium,C4_lidar_medium,210,off,off,False,True,
1779494806.587407,stat_pub,stat,-1,C4_lidar_medium,C4_lidar_medium,209,off,off,False,True,
1779494807.0877528,stat_pub,stat,-1,C4_lidar_medium,C4_lidar_medium,210,off,off,False,True,
1779494807.5881462,stat_pub,stat,-1,C4_lidar_medium,C4_lidar_medium,210,off,off,False,True,
1779494808.0882998,stat_pub,stat,-1,C4_lidar_medium,C4_lidar_medium,210,off,off,False,True,
1779494808.5887513,stat_pub,stat,-1,C4_lidar_medium,C4_lidar_medium,210,off,off,False,True,
1779494809.0891275,stat_pub,stat,-1,C4_lidar_medium,C4_lidar_medium,210,off,off,False,True,
1779494809.5892353,stat_pub,stat,-1,C4_lidar_medium,C4_lidar_medium,210,off,off,False,True,
1779494810.0896716,stat_pub,stat,-1,C4_lidar_medium,C4_lidar_medium,210,off,off,False,True,
1779494810.5901513,stat_pub,stat,-1,C4_lidar_medium,C4_lidar_medium,210,off,off,False,True,
1779494811.0903032,stat_pub,stat,-1,C4_lidar_medium,C4_lidar_medium,208,off,off,False,True,
1779494811.5912573,stat_pub,stat,-1,C4_lidar_medium,C4_lidar_medium,208,off,off,False,True,
1779494812.0916736,stat_pub,stat,-1,C4_lidar_medium,C4_lidar_medium,210,off,off,False,True,
1779494812.5921304,stat_pub,stat,-1,C4_lidar_medium,C4_lidar_medium,210,off,off,False,True,
1779494813.0926092,stat_pub,stat,-1,C4_lidar_medium,C4_lidar_medium,210,off,off,False,True,
1779494813.5929534,stat_pub,stat,-1,C4_lidar_medium,C4_lidar_medium,210,off,off,False,True,
1779494814.0933645,stat_pub,stat,-1,C4_lidar_medium,C4_lidar_medium,210,off,off,False,True,
1779494814.5937002,stat_pub,stat,-1,C4_lidar_medium,C4_lidar_medium,210,off,off,False,True,
1779494815.0944986,stat_pub,stat,-1,C4_lidar_medium,C4_lidar_medium,210,off,off,False,True,
1779494815.5950396,stat_pub,stat,-1,C4_lidar_medium,C4_lidar_medium,210,off,off,False,True,
1779494816.0952785,stat_pub,stat,-1,C4_lidar_medium,C4_lidar_medium,210,off,off,False,True,
1779494816.5958524,stat_pub,stat,-1,C4_lidar_medium,C4_lidar_medium,210,off,off,False,True,
1779494817.0962772,stat_pub,stat,-1,C4_lidar_medium,C4_lidar_medium,210,off,off,False,True,
1779494817.5964427,stat_pub,stat,-1,C4_lidar_medium,C4_lidar_medium,210,off,off,False,True,
1779494818.0968328,stat_pub,stat,-1,C4_lidar_medium,C4_lidar_medium,210,off,off,False,True,
1779494818.597377,stat_pub,stat,-1,C4_lidar_medium,C4_lidar_medium,209,off,off,False,True,
1779494819.0975337,stat_pub,stat,-1,C4_lidar_medium,C4_lidar_medium,210,off,off,False,True,
1779494819.5978286,stat_pub,stat,-1,C4_lidar_medium,C4_lidar_medium,210,off,off,False,True,
1779494820.0981474,stat_pub,stat,-1,C4_lidar_medium,C4_lidar_medium,210,off,off,False,True,
1779494820.5983925,stat_pub,stat,-1,C4_lidar_medium,C4_lidar_medium,210,off,off,False,True,
1779494821.0989094,stat_pub,stat,-1,C4_lidar_medium,C4_lidar_medium,210,off,off,False,True,
1779494821.599177,stat_pub,stat,-1,C4_lidar_medium,C4_lidar_medium,209,off,off,False,True,
1779494822.0992906,stat_pub,stat,-1,C4_lidar_medium,C4_lidar_medium,210,off,off,False,True,
1779494822.5996943,stat_pub,stat,-1,C4_lidar_medium,C4_lidar_medium,210,off,off,False,True,
1779494823.1005375,stat_pub,stat,-1,C4_lidar_medium,C4_lidar_medium,209,off,off,False,True,
1779494823.6009057,stat_pub,stat,-1,C4_lidar_medium,C4_lidar_medium,209,off,off,False,True,
1779494824.101539,stat_pub,stat,-1,C4_lidar_medium,C4_lidar_medium,209,off,off,False,True,
1779494824.6018562,stat_pub,stat,-1,C4_lidar_medium,C4_lidar_medium,210,off,off,False,True,
1779494825.1021821,stat_pub,stat,-1,C4_lidar_medium,C4_lidar_medium,210,off,off,False,True,
1779494825.6025455,stat_pub,stat,-1,C4_lidar_medium,C4_lidar_medium,210,off,off,False,True,
1779494826.1028337,stat_pub,stat,-1,C4_lidar_medium,C4_lidar_medium,210,off,off,False,True,
1779494826.6033425,stat_pub,stat,-1,C4_lidar_medium,C4_lidar_medium,210,off,off,False,True,
1779494827.1036189,stat_pub,stat,-1,C4_lidar_medium,C4_lidar_medium,210,off,off,False,True,
1779494827.6038709,stat_pub,stat,-1,C4_lidar_medium,C4_lidar_medium,210,off,off,False,True,
1779494828.1041832,stat_pub,stat,-1,C4_lidar_medium,C4_lidar_medium,210,off,off,False,True,
1779494828.6044464,stat_pub,stat,-1,C4_lidar_medium,C4_lidar_medium,210,off,off,False,True,
1779494829.1049874,stat_pub,stat,-1,C4_lidar_medium,C4_lidar_medium,210,off,off,False,True,
1779494829.605364,stat_pub,stat,-1,C4_lidar_medium,C4_lidar_medium,209,off,off,False,True,
1779494830.1056116,stat_pub,stat,-1,C4_lidar_medium,C4_lidar_medium,210,off,off,False,True,
1779494830.6062336,stat_pub,stat,-1,C4_lidar_medium,C4_lidar_medium,210,off,off,False,True,
1779494831.1071126,stat_pub,stat,-1,C4_lidar_medium,C4_lidar_medium,210,off,off,False,True,
1779494831.6075242,stat_pub,stat,-1,C4_lidar_medium,C4_lidar_medium,210,off,off,False,True,
1779494832.1077168,stat_pub,stat,-1,C4_lidar_medium,C4_lidar_medium,210,off,off,False,True,
1779494832.6083972,stat_pub,stat,-1,C4_lidar_medium,C4_lidar_medium,210,off,off,False,True,
1779494833.1089878,stat_pub,stat,-1,C4_lidar_medium,C4_lidar_medium,210,off,off,False,True,
1779494833.6096435,stat_pub,stat,-1,C4_lidar_medium,C4_lidar_medium,210,off,off,False,True,
1779494834.1101284,stat_pub,stat,-1,C4_lidar_medium,C4_lidar_medium,210,off,off,False,True,
1779494834.610912,stat_pub,stat,-1,C4_lidar_medium,C4_lidar_medium,208,off,off,False,True,
1779494835.1111593,stat_pub,stat,-1,C4_lidar_medium,C4_lidar_medium,209,off,off,False,True,
1779494835.6113694,stat_pub,stat,-1,C4_lidar_medium,C4_lidar_medium,210,off,off,False,True,
1779494836.111692,stat_pub,stat,-1,C4_lidar_medium,C4_lidar_medium,209,off,off,False,True,
1779494836.6120577,stat_pub,stat,-1,C4_lidar_medium,C4_lidar_medium,210,off,off,False,True,
1779494837.112456,stat_pub,stat,-1,C4_lidar_medium,C4_lidar_medium,209,off,off,False,True,
1779494837.6128423,stat_pub,stat,-1,C4_lidar_medium,C4_lidar_medium,210,off,off,False,True,
1779494838.112959,stat_pub,stat,-1,C4_lidar_medium,C4_lidar_medium,209,off,off,False,True,
1779494838.613298,stat_pub,stat,-1,C4_lidar_medium,C4_lidar_medium,209,off,off,False,True,
1779494839.1136837,stat_pub,stat,-1,C4_lidar_medium,C4_lidar_medium,210,off,off,False,True,
1779494839.6140306,stat_pub,stat,-1,C4_lidar_medium,C4_lidar_medium,210,off,off,False,True,
1779494840.1141915,stat_pub,stat,-1,C4_lidar_medium,C4_lidar_medium,210,off,off,False,True,
1779494840.6147068,stat_pub,stat,-1,C4_lidar_medium,C4_lidar_medium,210,off,off,False,True,
1779494841.1148465,stat_pub,stat,-1,C4_lidar_medium,C4_lidar_medium,210,off,off,False,True,
1779494841.6152763,stat_pub,stat,-1,C4_lidar_medium,C4_lidar_medium,210,off,off,False,True,
1779494842.115359,stat_pub,stat,-1,C4_lidar_medium,C4_lidar_medium,209,off,off,False,True,
1779494842.6156192,stat_pub,stat,-1,C4_lidar_medium,C4_lidar_medium,210,off,off,False,True,
1779494843.1160815,stat_pub,stat,-1,C4_lidar_medium,C4_lidar_medium,210,off,off,False,True,
1779494843.61641,stat_pub,stat,-1,C4_lidar_medium,C4_lidar_medium,208,off,off,False,True,
1779494844.1167397,stat_pub,stat,-1,C4_lidar_medium,C4_lidar_medium,210,off,off,False,True,
1779494844.617287,stat_pub,stat,-1,C4_lidar_medium,C4_lidar_medium,209,off,off,False,True,
1779494845.117422,stat_pub,stat,-1,C4_lidar_medium,C4_lidar_medium,209,off,off,False,True,
1779494845.617587,stat_pub,stat,-1,C4_lidar_medium,C4_lidar_medium,209,off,off,False,True,
1779494846.117965,stat_pub,stat,-1,C4_lidar_medium,C4_lidar_medium,209,off,off,False,True,
1779494846.6184285,stat_pub,stat,-1,C4_lidar_medium,C4_lidar_medium,210,off,off,False,True,
1779494847.1190944,stat_pub,stat,-1,C4_lidar_medium,C4_lidar_medium,210,off,off,False,True,
1779494847.6196382,stat_pub,stat,-1,C4_lidar_medium,C4_lidar_medium,210,off,off,False,True,
1779494848.119997,stat_pub,stat,-1,C4_lidar_medium,C4_lidar_medium,209,off,off,False,True,
1779494848.6202838,stat_pub,stat,-1,C4_lidar_medium,C4_lidar_medium,209,off,off,False,True,
1779494849.120485,stat_pub,stat,-1,C4_lidar_medium,C4_lidar_medium,208,off,off,False,True,
1779494849.6206534,stat_pub,stat,-1,C4_lidar_medium,C4_lidar_medium,209,off,off,False,True,
1779494850.120943,stat_pub,stat,-1,C4_lidar_medium,C4_lidar_medium,208,off,off,False,True,
1779494850.6215093,stat_pub,stat,-1,C4_lidar_medium,C4_lidar_medium,210,off,off,False,True,
1779494851.1219144,stat_pub,stat,-1,C4_lidar_medium,C4_lidar_medium,210,off,off,False,True,
1779494851.6222017,stat_pub,stat,-1,C4_lidar_medium,C4_lidar_medium,210,off,off,False,True,
1779494852.1222968,stat_pub,stat,-1,C4_lidar_medium,C4_lidar_medium,210,off,off,False,True,
1779494852.6224775,stat_pub,stat,-1,C4_lidar_medium,C4_lidar_medium,210,off,off,False,True,
1779494853.1227417,stat_pub,stat,-1,C4_lidar_medium,C4_lidar_medium,210,off,off,False,True,
1779494853.6232278,stat_pub,stat,-1,C4_lidar_medium,C4_lidar_medium,210,off,off,False,True,
1779494854.1237583,stat_pub,stat,-1,C4_lidar_medium,C4_lidar_medium,210,off,off,False,True,
1779494854.623969,stat_pub,stat,-1,C4_lidar_medium,C4_lidar_medium,209,off,off,False,True,
1779494855.1244218,stat_pub,stat,-1,C4_lidar_medium,C4_lidar_medium,210,off,off,False,True,
1779494855.624732,stat_pub,stat,-1,C4_lidar_medium,C4_lidar_medium,209,off,off,False,True,
1779494856.1250596,stat_pub,stat,-1,C4_lidar_medium,C4_lidar_medium,210,off,off,False,True,
1779494856.6255238,stat_pub,stat,-1,C4_lidar_medium,C4_lidar_medium,210,off,off,False,True,
1779494857.1257513,stat_pub,stat,-1,C4_lidar_medium,C4_lidar_medium,210,off,off,False,True,
1779494857.6262712,stat_pub,stat,-1,C4_lidar_medium,C4_lidar_medium,210,off,off,False,True,
1779494858.1271265,stat_pub,stat,-1,C4_lidar_medium,C4_lidar_medium,210,off,off,False,True,
1779494858.6274583,stat_pub,stat,-1,C4_lidar_medium,C4_lidar_medium,210,off,off,False,True,
1779494859.1278322,stat_pub,stat,-1,C4_lidar_medium,C4_lidar_medium,210,off,off,False,True,
1779494859.6279438,stat_pub,stat,-1,C4_lidar_medium,C4_lidar_medium,210,off,off,False,True,
1779494860.128324,stat_pub,stat,-1,C4_lidar_medium,C4_lidar_medium,209,off,off,False,True,
1779494860.6287715,stat_pub,stat,-1,C4_lidar_medium,C4_lidar_medium,210,off,off,False,True,
1779494861.1293566,stat_pub,stat,-1,C4_lidar_medium,C4_lidar_medium,210,off,off,False,True,
1779494861.6295755,stat_pub,stat,-1,C4_lidar_medium,C4_lidar_medium,210,off,off,False,True,
1779494862.1300776,stat_pub,stat,-1,C4_lidar_medium,C4_lidar_medium,210,off,off,False,True,
1779494862.630625,stat_pub,stat,-1,C4_lidar_medium,C4_lidar_medium,208,off,off,False,True,
1779494863.1310058,stat_pub,stat,-1,C4_lidar_medium,C4_lidar_medium,209,off,off,False,True,
1779494863.6315134,stat_pub,stat,-1,C4_lidar_medium,C4_lidar_medium,210,off,off,False,True,
1779494864.1321073,stat_pub,stat,-1,C4_lidar_medium,C4_lidar_medium,210,off,off,False,True,
1779494864.6325765,stat_pub,stat,-1,C4_lidar_medium,C4_lidar_medium,210,off,off,False,True,
1779494865.1327488,stat_pub,stat,-1,C4_lidar_medium,C4_lidar_medium,210,off,off,False,True,
1779494865.633174,stat_pub,stat,-1,C4_lidar_medium,C4_lidar_medium,209,off,off,False,True,
1779494866.1336215,stat_pub,stat,-1,C4_lidar_medium,C4_lidar_medium,210,off,off,False,True,
1779494866.634122,stat_pub,stat,-1,C4_lidar_medium,C4_lidar_medium,209,off,off,False,True,
1779494867.1343231,stat_pub,stat,-1,C4_lidar_medium,C4_lidar_medium,210,off,off,False,True,
1779494867.6344597,stat_pub,stat,-1,C4_lidar_medium,C4_lidar_medium,210,off,off,False,True,
1779494868.1348078,stat_pub,stat,-1,C4_lidar_medium,C4_lidar_medium,210,off,off,False,True,
1779494868.6354408,stat_pub,stat,-1,C4_lidar_medium,C4_lidar_medium,210,off,off,False,True,
1779494869.1362507,stat_pub,stat,-1,C4_lidar_medium,C4_lidar_medium,210,off,off,False,True,
1779494869.6367807,stat_pub,stat,-1,C4_lidar_medium,C4_lidar_medium,210,off,off,False,True,
1779494870.1369252,stat_pub,stat,-1,C4_lidar_medium,C4_lidar_medium,210,off,off,False,True,
1779494870.6371284,stat_pub,stat,-1,C4_lidar_medium,C4_lidar_medium,210,off,off,False,True,
1779494871.1376588,stat_pub,stat,-1,C4_lidar_medium,C4_lidar_medium,210,off,off,False,True,
1779494871.6378198,stat_pub,stat,-1,C4_lidar_medium,C4_lidar_medium,210,off,off,False,True,
1779494872.1380503,stat_pub,stat,-1,C4_lidar_medium,C4_lidar_medium,210,off,off,False,True,
1779494872.638522,stat_pub,stat,-1,C4_lidar_medium,C4_lidar_medium,209,off,off,False,True,
1779494873.1388845,stat_pub,stat,-1,C4_lidar_medium,C4_lidar_medium,210,off,off,False,True,
1779494873.639469,stat_pub,stat,-1,C4_lidar_medium,C4_lidar_medium,209,off,off,False,True,
1779494874.140065,stat_pub,stat,-1,C4_lidar_medium,C4_lidar_medium,209,off,off,False,True,
1779494874.6404948,stat_pub,stat,-1,C4_lidar_medium,C4_lidar_medium,209,off,off,False,True,
1779494875.1409676,stat_pub,stat,-1,C4_lidar_medium,C4_lidar_medium,209,off,off,False,True,
1779494875.6414804,stat_pub,stat,-1,C4_lidar_medium,C4_lidar_medium,210,off,off,False,True,
1779494876.141834,stat_pub,stat,-1,C4_lidar_medium,C4_lidar_medium,209,off,off,False,True,
1779494876.642249,stat_pub,stat,-1,C4_lidar_medium,C4_lidar_medium,209,off,off,False,True,
1779494877.1424556,stat_pub,stat,-1,C4_lidar_medium,C4_lidar_medium,210,off,off,False,True,
1779494877.6429632,stat_pub,stat,-1,C4_lidar_medium,C4_lidar_medium,210,off,off,False,True,
1779494878.143328,stat_pub,stat,-1,C4_lidar_medium,C4_lidar_medium,209,off,off,False,True,
1779494878.6436794,stat_pub,stat,-1,C4_lidar_medium,C4_lidar_medium,210,off,off,False,True,
1779494879.144253,stat_pub,stat,-1,C4_lidar_medium,C4_lidar_medium,209,off,off,False,True,
1779494879.6446717,stat_pub,stat,-1,C4_lidar_medium,C4_lidar_medium,210,off,off,False,True,
1779494880.1452527,stat_pub,stat,-1,C4_lidar_medium,C4_lidar_medium,210,off,off,False,True,
1779494880.6462543,stat_pub,stat,-1,C4_lidar_medium,C4_lidar_medium,210,off,off,False,True,
1779494881.1463907,stat_pub,stat,-1,C4_lidar_medium,C4_lidar_medium,210,off,off,False,True,
1779494881.646625,stat_pub,stat,-1,C4_lidar_medium,C4_lidar_medium,209,off,off,False,True,
1779494882.147174,stat_pub,stat,-1,C4_lidar_medium,C4_lidar_medium,209,off,off,False,True,
1779494882.647581,stat_pub,stat,-1,C4_lidar_medium,C4_lidar_medium,209,off,off,False,True,
1779494883.1476972,stat_pub,stat,-1,C4_lidar_medium,C4_lidar_medium,210,off,off,False,True,
1779494883.647953,stat_pub,stat,-1,C4_lidar_medium,C4_lidar_medium,209,off,off,False,True,
1779494884.1485088,stat_pub,stat,-1,C4_lidar_medium,C4_lidar_medium,210,off,off,False,True,
1779494884.6487844,stat_pub,stat,-1,C4_lidar_medium,C4_lidar_medium,210,off,off,False,True,
1779494885.1492894,stat_pub,stat,-1,C4_lidar_medium,C4_lidar_medium,210,off,off,False,True,
1779494885.6494482,stat_pub,stat,-1,C4_lidar_medium,C4_lidar_medium,210,off,off,False,True,
1779494886.1496613,stat_pub,stat,-1,C4_lidar_medium,C4_lidar_medium,210,off,off,False,True,
1779494886.6503131,stat_pub,stat,-1,C4_lidar_medium,C4_lidar_medium,209,off,off,False,True,
1779494887.1505373,stat_pub,stat,-1,C4_lidar_medium,C4_lidar_medium,209,off,off,False,True,
1779494887.6508358,stat_pub,stat,-1,C4_lidar_medium,C4_lidar_medium,209,off,off,False,True,
1779494888.151223,stat_pub,stat,-1,C4_lidar_medium,C4_lidar_medium,208,off,off,False,True,
1779494888.651673,stat_pub,stat,-1,C4_lidar_medium,C4_lidar_medium,209,off,off,False,True,
1779494889.1518786,stat_pub,stat,-1,C4_lidar_medium,C4_lidar_medium,210,off,off,False,True,
1779494889.6524873,stat_pub,stat,-1,C4_lidar_medium,C4_lidar_medium,210,off,off,False,True,
1779494890.1528802,stat_pub,stat,-1,C4_lidar_medium,C4_lidar_medium,210,off,off,False,True,
1779494890.6537035,stat_pub,stat,-1,C4_lidar_medium,C4_lidar_medium,210,off,off,False,True,
1779494891.153878,stat_pub,stat,-1,C4_lidar_medium,C4_lidar_medium,209,off,off,False,True,
1779494891.6541922,stat_pub,stat,-1,C4_lidar_medium,C4_lidar_medium,210,off,off,False,True,
1779494892.154981,stat_pub,stat,-1,C4_lidar_medium,C4_lidar_medium,209,off,off,False,True,
1779494892.6554403,stat_pub,stat,-1,C4_lidar_medium,C4_lidar_medium,210,off,off,False,True,
1779494893.1557865,stat_pub,stat,-1,C4_lidar_medium,C4_lidar_medium,210,off,off,False,True,
1779494893.6563895,stat_pub,stat,-1,C4_lidar_medium,C4_lidar_medium,210,off,off,False,True,
1779494894.1566238,stat_pub,stat,-1,C4_lidar_medium,C4_lidar_medium,210,off,off,False,True,
1779494894.6568432,stat_pub,stat,-1,C4_lidar_medium,C4_lidar_medium,210,off,off,False,True,
1779494895.1572633,stat_pub,stat,-1,C4_lidar_medium,C4_lidar_medium,210,off,off,False,True,
1779494895.657501,stat_pub,stat,-1,C4_lidar_medium,C4_lidar_medium,209,off,off,False,True,
1779494896.1578627,stat_pub,stat,-1,C4_lidar_medium,C4_lidar_medium,210,off,off,False,True,
1779494896.6584082,stat_pub,stat,-1,C4_lidar_medium,C4_lidar_medium,210,off,off,False,True,
1779494897.1589026,stat_pub,stat,-1,C4_lidar_medium,C4_lidar_medium,210,off,off,False,True,
1779494897.6591406,stat_pub,stat,-1,C4_lidar_medium,C4_lidar_medium,210,off,off,False,True,
1779494898.159417,stat_pub,stat,-1,C4_lidar_medium,C4_lidar_medium,209,off,off,False,True,
1779494898.6595376,stat_pub,stat,-1,C4_lidar_medium,C4_lidar_medium,210,off,off,False,True,
1779494899.159741,stat_pub,stat,-1,C4_lidar_medium,C4_lidar_medium,209,off,off,False,True,
1779494899.659961,stat_pub,stat,-1,C4_lidar_medium,C4_lidar_medium,209,off,off,False,True,
1779494900.160396,stat_pub,stat,-1,C4_lidar_medium,C4_lidar_medium,208,off,off,False,True,
1779494900.6607416,stat_pub,stat,-1,C4_lidar_medium,C4_lidar_medium,209,off,off,False,True,
1779494901.1618717,stat_pub,stat,-1,C4_lidar_medium,C4_lidar_medium,210,off,off,False,True,
1779494901.6621811,stat_pub,stat,-1,C4_lidar_medium,C4_lidar_medium,210,off,off,False,True,
1779494902.1623619,stat_pub,stat,-1,C4_lidar_medium,C4_lidar_medium,210,off,off,False,True,
1779494902.6629312,stat_pub,stat,-1,C4_lidar_medium,C4_lidar_medium,210,off,off,False,True,
1779494903.1635041,stat_pub,stat,-1,C4_lidar_medium,C4_lidar_medium,210,off,off,False,True,
1779494903.663737,stat_pub,stat,-1,C4_lidar_medium,C4_lidar_medium,209,off,off,False,True,
1779494904.164299,stat_pub,stat,-1,C4_lidar_medium,C4_lidar_medium,209,off,off,False,True,
1779494904.6644943,stat_pub,stat,-1,C4_lidar_medium,C4_lidar_medium,210,off,off,False,True,
1779494905.1646197,stat_pub,stat,-1,C4_lidar_medium,C4_lidar_medium,210,off,off,False,True,
1779494905.6650832,stat_pub,stat,-1,C4_lidar_medium,C4_lidar_medium,210,off,off,False,True,
1779494906.1653466,stat_pub,stat,-1,C4_lidar_medium,C4_lidar_medium,210,off,off,False,True,
1779494906.6656148,stat_pub,stat,-1,C4_lidar_medium,C4_lidar_medium,210,off,off,False,True,
1779494907.1658344,stat_pub,stat,-1,C4_lidar_medium,C4_lidar_medium,210,off,off,False,True,
1779494907.6661344,stat_pub,stat,-1,C4_lidar_medium,C4_lidar_medium,210,off,off,False,True,
1779494908.1664453,stat_pub,stat,-1,C4_lidar_medium,C4_lidar_medium,210,off,off,False,True,
1779494908.6668534,stat_pub,stat,-1,C4_lidar_medium,C4_lidar_medium,210,off,off,False,True,
1779494909.1674497,stat_pub,stat,-1,C4_lidar_medium,C4_lidar_medium,210,off,off,False,True,
1779494909.6682103,stat_pub,stat,-1,C4_lidar_medium,C4_lidar_medium,210,off,off,False,True,
1779494910.1688008,stat_pub,stat,-1,C4_lidar_medium,C4_lidar_medium,210,off,off,False,True,
1779494910.6692207,stat_pub,stat,-1,C4_lidar_medium,C4_lidar_medium,210,off,off,False,True,
1779494911.1695218,stat_pub,stat,-1,C4_lidar_medium,C4_lidar_medium,210,off,off,False,True,
1779494911.669778,stat_pub,stat,-1,C4_lidar_medium,C4_lidar_medium,209,off,off,False,True,
1779494912.1703556,stat_pub,stat,-1,C4_lidar_medium,C4_lidar_medium,209,off,off,False,True,
1779494912.6708012,stat_pub,stat,-1,C4_lidar_medium,C4_lidar_medium,209,off,off,False,True,
1779494913.1710765,stat_pub,stat,-1,C4_lidar_medium,C4_lidar_medium,209,off,off,False,True,
1779494913.6715963,stat_pub,stat,-1,C4_lidar_medium,C4_lidar_medium,210,off,off,False,True,
1779494914.1717525,stat_pub,stat,-1,C4_lidar_medium,C4_lidar_medium,210,off,off,False,True,
1779494914.6719344,stat_pub,stat,-1,C4_lidar_medium,C4_lidar_medium,210,off,off,False,True,
1779494915.1722374,stat_pub,stat,-1,C4_lidar_medium,C4_lidar_medium,210,off,off,False,True,
1779494915.6725323,stat_pub,stat,-1,C4_lidar_medium,C4_lidar_medium,210,off,off,False,True,
1779494916.1729949,stat_pub,stat,-1,C4_lidar_medium,C4_lidar_medium,210,off,off,False,True,
1779494916.6733253,stat_pub,stat,-1,C4_lidar_medium,C4_lidar_medium,210,off,off,False,True,
1779494917.173712,stat_pub,stat,-1,C4_lidar_medium,C4_lidar_medium,209,off,off,False,True,
1779494917.6738489,stat_pub,stat,-1,C4_lidar_medium,C4_lidar_medium,210,off,off,False,True,
1779494918.174103,stat_pub,stat,-1,C4_lidar_medium,C4_lidar_medium,209,off,off,False,True,
1779494918.6746385,stat_pub,stat,-1,C4_lidar_medium,C4_lidar_medium,210,off,off,False,True,
1779494919.1751714,stat_pub,stat,-1,C4_lidar_medium,C4_lidar_medium,210,off,off,False,True,
1779494919.675585,stat_pub,stat,-1,C4_lidar_medium,C4_lidar_medium,209,off,off,False,True,
1779494920.1760306,stat_pub,stat,-1,C4_lidar_medium,C4_lidar_medium,210,off,off,False,True,
1779494920.6761932,stat_pub,stat,-1,C4_lidar_medium,C4_lidar_medium,210,off,off,False,True,
1779494921.176669,stat_pub,stat,-1,C4_lidar_medium,C4_lidar_medium,209,off,off,False,True,
1779494921.677107,stat_pub,stat,-1,C4_lidar_medium,C4_lidar_medium,209,off,off,False,True,
1779494922.1776798,stat_pub,stat,-1,C4_lidar_medium,C4_lidar_medium,210,off,off,False,True,
1779494922.6782196,stat_pub,stat,-1,C4_lidar_medium,C4_lidar_medium,210,off,off,False,True,
1779494923.178747,stat_pub,stat,-1,C4_lidar_medium,C4_lidar_medium,209,off,off,False,True,
1779494923.6790686,stat_pub,stat,-1,C4_lidar_medium,C4_lidar_medium,210,off,off,False,True,
1779494924.1794803,stat_pub,stat,-1,C4_lidar_medium,C4_lidar_medium,210,off,off,False,True,
1779494924.6799412,stat_pub,stat,-1,C4_lidar_medium,C4_lidar_medium,210,off,off,False,True,
1779494925.180267,stat_pub,stat,-1,C4_lidar_medium,C4_lidar_medium,209,off,off,False,True,
1779494925.6803963,stat_pub,stat,-1,C4_lidar_medium,C4_lidar_medium,209,off,off,False,True,
1779494926.1810138,stat_pub,stat,-1,C4_lidar_medium,C4_lidar_medium,209,off,off,False,True,
1779494926.6816292,stat_pub,stat,-1,C4_lidar_medium,C4_lidar_medium,210,off,off,False,True,
1779494927.1819985,stat_pub,stat,-1,C4_lidar_medium,C4_lidar_medium,210,off,off,False,True,
1779494927.682366,stat_pub,stat,-1,C4_lidar_medium,C4_lidar_medium,209,off,off,False,True,
1779494928.1830378,stat_pub,stat,-1,C4_lidar_medium,C4_lidar_medium,210,off,off,False,True,
1779494928.6835322,stat_pub,stat,-1,C4_lidar_medium,C4_lidar_medium,210,off,off,False,True,
1779494929.184232,stat_pub,stat,-1,C4_lidar_medium,C4_lidar_medium,209,off,off,False,True,
1779494929.6847322,stat_pub,stat,-1,C4_lidar_medium,C4_lidar_medium,210,off,off,False,True,
1779494930.1851604,stat_pub,stat,-1,C4_lidar_medium,C4_lidar_medium,210,off,off,False,True,
1779494930.685339,stat_pub,stat,-1,C4_lidar_medium,C4_lidar_medium,209,off,off,False,True,
1779494931.185761,stat_pub,stat,-1,C4_lidar_medium,C4_lidar_medium,209,off,off,False,True,
1779494931.686061,stat_pub,stat,-1,C4_lidar_medium,C4_lidar_medium,209,off,off,False,True,
1779494932.1863077,stat_pub,stat,-1,C4_lidar_medium,C4_lidar_medium,210,off,off,False,True,
1779494932.6871355,stat_pub,stat,-1,C4_lidar_medium,C4_lidar_medium,210,off,off,False,True,
1779494933.1874514,stat_pub,stat,-1,C4_lidar_medium,C4_lidar_medium,210,off,off,False,True,
1779494933.6879122,stat_pub,stat,-1,C4_lidar_medium,C4_lidar_medium,210,off,off,False,True,
1779494934.1880925,stat_pub,stat,-1,C4_lidar_medium,C4_lidar_medium,210,off,off,False,True,
1779494934.6883078,stat_pub,stat,-1,C4_lidar_medium,C4_lidar_medium,210,off,off,False,True,
1779494935.1886752,stat_pub,stat,-1,C4_lidar_medium,C4_lidar_medium,210,off,off,False,True,
1779494935.689334,stat_pub,stat,-1,C4_lidar_medium,C4_lidar_medium,209,off,off,False,True,
1779494936.1896358,stat_pub,stat,-1,C4_lidar_medium,C4_lidar_medium,210,off,off,False,True,
1779494936.6897383,stat_pub,stat,-1,C4_lidar_medium,C4_lidar_medium,210,off,off,False,True,
1779494937.1899624,stat_pub,stat,-1,C4_lidar_medium,C4_lidar_medium,210,off,off,False,True,
1779494937.6903002,stat_pub,stat,-1,C4_lidar_medium,C4_lidar_medium,208,off,off,False,True,
1779494938.1905892,stat_pub,stat,-1,C4_lidar_medium,C4_lidar_medium,208,off,off,False,True,
1779494938.6910546,stat_pub,stat,-1,C4_lidar_medium,C4_lidar_medium,208,off,off,False,True,
1779494939.1914427,stat_pub,stat,-1,C4_lidar_medium,C4_lidar_medium,210,off,off,False,True,
1779494939.691596,stat_pub,stat,-1,C4_lidar_medium,C4_lidar_medium,209,off,off,False,True,
1779494940.1919832,stat_pub,stat,-1,C4_lidar_medium,C4_lidar_medium,210,off,off,False,True,
1779494940.6922755,stat_pub,stat,-1,C4_lidar_medium,C4_lidar_medium,210,off,off,False,True,
1779494941.1924624,stat_pub,stat,-1,C4_lidar_medium,C4_lidar_medium,210,off,off,False,True,
1779494941.69279,stat_pub,stat,-1,C4_lidar_medium,C4_lidar_medium,208,off,off,False,True,
1779494942.193336,stat_pub,stat,-1,C4_lidar_medium,C4_lidar_medium,209,off,off,False,True,
1779494942.6934638,stat_pub,stat,-1,C4_lidar_medium,C4_lidar_medium,210,off,off,False,True,
1779494943.19366,stat_pub,stat,-1,C4_lidar_medium,C4_lidar_medium,208,off,off,False,True,
1779494943.694001,stat_pub,stat,-1,C4_lidar_medium,C4_lidar_medium,209,off,off,False,True,
1779494944.1941411,stat_pub,stat,-1,C4_lidar_medium,C4_lidar_medium,210,off,off,False,True,
1779494944.6943877,stat_pub,stat,-1,C4_lidar_medium,C4_lidar_medium,210,off,off,False,True,
1779494945.1947217,stat_pub,stat,-1,C4_lidar_medium,C4_lidar_medium,210,off,off,False,True,
1779494945.695363,stat_pub,stat,-1,C4_lidar_medium,C4_lidar_medium,209,off,off,False,True,
1779494946.1959193,stat_pub,stat,-1,C4_lidar_medium,C4_lidar_medium,210,off,off,False,True,
1779494946.696185,stat_pub,stat,-1,C4_lidar_medium,C4_lidar_medium,209,off,off,False,True,
1779494947.1964748,stat_pub,stat,-1,C4_lidar_medium,C4_lidar_medium,210,off,off,False,True,
1779494947.696864,stat_pub,stat,-1,C4_lidar_medium,C4_lidar_medium,209,off,off,False,True,
1779494948.1973858,stat_pub,stat,-1,C4_lidar_medium,C4_lidar_medium,210,off,off,False,True,
1779494948.6978147,stat_pub,stat,-1,C4_lidar_medium,C4_lidar_medium,210,off,off,False,True,
1779494949.1982281,stat_pub,stat,-1,C4_lidar_medium,C4_lidar_medium,210,off,off,False,True,
1779494949.6986158,stat_pub,stat,-1,C4_lidar_medium,C4_lidar_medium,210,off,off,False,True,
1779494950.199,stat_pub,stat,-1,C4_lidar_medium,C4_lidar_medium,206,off,off,False,True,
1779494950.69957,stat_pub,stat,-1,C4_lidar_medium,C4_lidar_medium,208,off,off,False,True,
1779494951.2001498,stat_pub,stat,-1,C4_lidar_medium,C4_lidar_medium,210,off,off,False,True,
1779494951.7004654,stat_pub,stat,-1,C4_lidar_medium,C4_lidar_medium,209,off,off,False,True,
1779494952.2009144,stat_pub,stat,-1,C4_lidar_medium,C4_lidar_medium,209,off,off,False,True,
1779494952.7010252,stat_pub,stat,-1,C4_lidar_medium,C4_lidar_medium,209,off,off,False,True,
1779494953.201451,stat_pub,stat,-1,C4_lidar_medium,C4_lidar_medium,209,off,off,False,True,
1779494953.7017405,stat_pub,stat,-1,C4_lidar_medium,C4_lidar_medium,210,off,off,False,True,
1779494954.2021482,stat_pub,stat,-1,C4_lidar_medium,C4_lidar_medium,210,off,off,False,True,
1779494954.7024512,stat_pub,stat,-1,C4_lidar_medium,C4_lidar_medium,210,off,off,False,True,
1779494955.2027147,stat_pub,stat,-1,C4_lidar_medium,C4_lidar_medium,210,off,off,False,True,
1779494955.702994,stat_pub,stat,-1,C4_lidar_medium,C4_lidar_medium,209,off,off,False,True,
1779494956.2032459,stat_pub,stat,-1,C4_lidar_medium,C4_lidar_medium,210,off,off,False,True,
1779494956.70363,stat_pub,stat,-1,C4_lidar_medium,C4_lidar_medium,208,off,off,False,True,
1779494957.2038121,stat_pub,stat,-1,C4_lidar_medium,C4_lidar_medium,210,off,off,False,True,
1779494957.7043042,stat_pub,stat,-1,C4_lidar_medium,C4_lidar_medium,210,off,off,False,True,
1779494958.204772,stat_pub,stat,-1,C4_lidar_medium,C4_lidar_medium,209,off,off,False,True,
1779494958.7050836,stat_pub,stat,-1,C4_lidar_medium,C4_lidar_medium,210,off,off,False,True,
1779494959.20528,stat_pub,stat,-1,C4_lidar_medium,C4_lidar_medium,208,off,off,False,True,
1779494959.7057178,stat_pub,stat,-1,C4_lidar_medium,C4_lidar_medium,210,off,off,False,True,
1779494960.2060091,stat_pub,stat,-1,C4_lidar_medium,C4_lidar_medium,210,off,off,False,True,
1779494960.7063305,stat_pub,stat,-1,C4_lidar_medium,C4_lidar_medium,210,off,off,False,True,
1779494961.2064989,stat_pub,stat,-1,C4_lidar_medium,C4_lidar_medium,210,off,off,False,True,
1779494961.7070677,stat_pub,stat,-1,C4_lidar_medium,C4_lidar_medium,210,off,off,False,True,
1779494962.2072563,stat_pub,stat,-1,C4_lidar_medium,C4_lidar_medium,210,off,off,False,True,
1779494962.7078154,stat_pub,stat,-1,C4_lidar_medium,C4_lidar_medium,210,off,off,False,True,
1779494963.2079098,stat_pub,stat,-1,C4_lidar_medium,C4_lidar_medium,210,off,off,False,True,
1779494963.7083054,stat_pub,stat,-1,C4_lidar_medium,C4_lidar_medium,210,off,off,False,True,
1779494964.2086954,stat_pub,stat,-1,C4_lidar_medium,C4_lidar_medium,210,off,off,False,True,
1779494964.7092638,stat_pub,stat,-1,C4_lidar_medium,C4_lidar_medium,210,off,off,False,True,
1779494965.2094088,stat_pub,stat,-1,C4_lidar_medium,C4_lidar_medium,210,off,off,False,True,
1779494965.7096865,stat_pub,stat,-1,C4_lidar_medium,C4_lidar_medium,210,off,off,False,True,
1779494966.2101855,stat_pub,stat,-1,C4_lidar_medium,C4_lidar_medium,210,off,off,False,True,
1779494966.7106237,stat_pub,stat,-1,C4_lidar_medium,C4_lidar_medium,209,off,off,False,True,
1779494967.210868,stat_pub,stat,-1,C4_lidar_medium,C4_lidar_medium,208,off,off,False,True,
1779494967.7115655,stat_pub,stat,-1,C4_lidar_medium,C4_lidar_medium,210,off,off,False,True,
1779494968.2120087,stat_pub,stat,-1,C4_lidar_medium,C4_lidar_medium,210,off,off,False,True,
1779494968.7125447,stat_pub,stat,-1,C4_lidar_medium,C4_lidar_medium,210,off,off,False,True,
1779494969.2129076,stat_pub,stat,-1,C4_lidar_medium,C4_lidar_medium,210,off,off,False,True,
1779494969.713376,stat_pub,stat,-1,C4_lidar_medium,C4_lidar_medium,209,off,off,False,True,
1779494970.213883,stat_pub,stat,-1,C4_lidar_medium,C4_lidar_medium,209,off,off,False,True,
1779494970.7144022,stat_pub,stat,-1,C4_lidar_medium,C4_lidar_medium,210,off,off,False,True,
1779494971.2146287,stat_pub,stat,-1,C4_lidar_medium,C4_lidar_medium,210,off,off,False,True,
1779494971.7151968,stat_pub,stat,-1,C4_lidar_medium,C4_lidar_medium,210,off,off,False,True,
1779494972.215734,stat_pub,stat,-1,C4_lidar_medium,C4_lidar_medium,209,off,off,False,True,
1779494972.7164037,stat_pub,stat,-1,C4_lidar_medium,C4_lidar_medium,210,off,off,False,True,
1779494973.2166212,stat_pub,stat,-1,C4_lidar_medium,C4_lidar_medium,210,off,off,False,True,
1779494973.7170358,stat_pub,stat,-1,C4_lidar_medium,C4_lidar_medium,210,off,off,False,True,
1779494974.2176266,stat_pub,stat,-1,C4_lidar_medium,C4_lidar_medium,210,off,off,False,True,
1779494974.717725,stat_pub,stat,-1,C4_lidar_medium,C4_lidar_medium,209,off,off,False,True,
1779494975.2181802,stat_pub,stat,-1,C4_lidar_medium,C4_lidar_medium,210,off,off,False,True,
1779494975.718769,stat_pub,stat,-1,C4_lidar_medium,C4_lidar_medium,209,off,off,False,True,
1779494976.219254,stat_pub,stat,-1,C4_lidar_medium,C4_lidar_medium,209,off,off,False,True,
1779494976.7197623,stat_pub,stat,-1,C4_lidar_medium,C4_lidar_medium,210,off,off,False,True,
1779494977.2200112,stat_pub,stat,-1,C4_lidar_medium,C4_lidar_medium,210,off,off,False,True,
1779494977.7202365,stat_pub,stat,-1,C4_lidar_medium,C4_lidar_medium,210,off,off,False,True,
1779494978.2204862,stat_pub,stat,-1,C4_lidar_medium,C4_lidar_medium,209,off,off,False,True,
1779494978.7207806,stat_pub,stat,-1,C4_lidar_medium,C4_lidar_medium,209,off,off,False,True,
1779494979.2210407,stat_pub,stat,-1,C4_lidar_medium,C4_lidar_medium,209,off,off,False,True,
1779494979.7215943,stat_pub,stat,-1,C4_lidar_medium,C4_lidar_medium,210,off,off,False,True,
1779494980.2221687,stat_pub,stat,-1,C4_lidar_medium,C4_lidar_medium,210,off,off,False,True,
1779494980.7226465,stat_pub,stat,-1,C4_lidar_medium,C4_lidar_medium,210,off,off,False,True,
1779494981.2228363,stat_pub,stat,-1,C4_lidar_medium,C4_lidar_medium,210,off,off,False,True,
1779494981.7231355,stat_pub,stat,-1,C4_lidar_medium,C4_lidar_medium,210,off,off,False,True,
1779494982.2235608,stat_pub,stat,-1,C4_lidar_medium,C4_lidar_medium,210,off,off,False,True,
1779494982.723845,stat_pub,stat,-1,C4_lidar_medium,C4_lidar_medium,209,off,off,False,True,
1779494983.2240124,stat_pub,stat,-1,C4_lidar_medium,C4_lidar_medium,210,off,off,False,True,
1779494983.7243774,stat_pub,stat,-1,C4_lidar_medium,C4_lidar_medium,210,off,off,False,True,
1779494984.2245848,stat_pub,stat,-1,C4_lidar_medium,C4_lidar_medium,210,off,off,False,True,
1779494984.725171,stat_pub,stat,-1,C4_lidar_medium,C4_lidar_medium,209,off,off,False,True,
1779494985.2253063,stat_pub,stat,-1,C4_lidar_medium,C4_lidar_medium,210,off,off,False,True,
1779494985.7256095,stat_pub,stat,-1,C4_lidar_medium,C4_lidar_medium,210,off,off,False,True,
1779494986.2259822,stat_pub,stat,-1,C4_lidar_medium,C4_lidar_medium,210,off,off,False,True,
1779494986.726298,stat_pub,stat,-1,C4_lidar_medium,C4_lidar_medium,209,off,off,False,True,
1779494987.2267182,stat_pub,stat,-1,C4_lidar_medium,C4_lidar_medium,210,off,off,False,True,
1779494987.7270975,stat_pub,stat,-1,C4_lidar_medium,C4_lidar_medium,210,off,off,False,True,
1779494988.2277365,stat_pub,stat,-1,C4_lidar_medium,C4_lidar_medium,210,off,off,False,True,
1779494988.72861,stat_pub,stat,-1,C4_lidar_medium,C4_lidar_medium,208,off,off,False,True,
1779494989.2291665,stat_pub,stat,-1,C4_lidar_medium,C4_lidar_medium,210,off,off,False,True,
1779494989.7296727,stat_pub,stat,-1,C4_lidar_medium,C4_lidar_medium,210,off,off,False,True,
1779494990.2298734,stat_pub,stat,-1,C4_lidar_medium,C4_lidar_medium,210,off,off,False,True,
1779494990.7303324,stat_pub,stat,-1,C4_lidar_medium,C4_lidar_medium,209,off,off,False,True,
1779494991.2308166,stat_pub,stat,-1,C4_lidar_medium,C4_lidar_medium,209,off,off,False,True,
1779494991.731265,stat_pub,stat,-1,C4_lidar_medium,C4_lidar_medium,208,off,off,False,True,
1779494992.2315652,stat_pub,stat,-1,C4_lidar_medium,C4_lidar_medium,210,off,off,False,True,
1779494992.7318716,stat_pub,stat,-1,C4_lidar_medium,C4_lidar_medium,210,off,off,False,True,
1779494993.2323105,stat_pub,stat,-1,C4_lidar_medium,C4_lidar_medium,210,off,off,False,True,
1779494993.732879,stat_pub,stat,-1,C4_lidar_medium,C4_lidar_medium,209,off,off,False,True,
1779494994.2334468,stat_pub,stat,-1,C4_lidar_medium,C4_lidar_medium,210,off,off,False,True,
1779494994.7335806,stat_pub,stat,-1,C4_lidar_medium,C4_lidar_medium,210,off,off,False,True,
1779494995.2341983,stat_pub,stat,-1,C4_lidar_medium,C4_lidar_medium,210,off,off,False,True,
1779494995.7347934,stat_pub,stat,-1,C4_lidar_medium,C4_lidar_medium,210,off,off,False,True,
1779494996.2354918,stat_pub,stat,-1,C4_lidar_medium,C4_lidar_medium,210,off,off,False,True,
1779494996.736032,stat_pub,stat,-1,C4_lidar_medium,C4_lidar_medium,209,off,off,False,True,
1779494997.2364566,stat_pub,stat,-1,C4_lidar_medium,C4_lidar_medium,210,off,off,False,True,
1779494997.7367127,stat_pub,stat,-1,C4_lidar_medium,C4_lidar_medium,210,off,off,False,True,
1779494998.2370439,stat_pub,stat,-1,C4_lidar_medium,C4_lidar_medium,210,off,off,False,True,
1779494998.7372515,stat_pub,stat,-1,C4_lidar_medium,C4_lidar_medium,210,off,off,False,True,
1779494999.2378411,stat_pub,stat,-1,C4_lidar_medium,C4_lidar_medium,210,off,off,False,True,
1779494999.7381806,stat_pub,stat,-1,C4_lidar_medium,C4_lidar_medium,210,off,off,False,True,
1779495000.2384613,stat_pub,stat,-1,C4_lidar_medium,C4_lidar_medium,210,off,off,False,True,
1779495000.738577,stat_pub,stat,-1,C4_lidar_medium,C4_lidar_medium,209,off,off,False,True,
1779495001.2389865,stat_pub,stat,-1,C4_lidar_medium,C4_lidar_medium,210,off,off,False,True,
1779495001.7395766,stat_pub,stat,-1,C4_lidar_medium,C4_lidar_medium,210,off,off,False,True,
1779495002.2399998,stat_pub,stat,-1,C4_lidar_medium,C4_lidar_medium,210,off,off,False,True,
1779495002.7401505,stat_pub,stat,-1,C4_lidar_medium,C4_lidar_medium,210,off,off,False,True,
1779495003.2407923,stat_pub,stat,-1,C4_lidar_medium,C4_lidar_medium,209,off,off,False,True,
1779495003.7412636,stat_pub,stat,-1,C4_lidar_medium,C4_lidar_medium,209,off,off,False,True,
1779495004.2416465,stat_pub,stat,-1,C4_lidar_medium,C4_lidar_medium,210,off,off,False,True,
1779495004.7418623,stat_pub,stat,-1,C4_lidar_medium,C4_lidar_medium,210,off,off,False,True,
1779495005.2421153,stat_pub,stat,-1,C4_lidar_medium,C4_lidar_medium,210,off,off,False,True,
1779495005.7423437,stat_pub,stat,-1,C4_lidar_medium,C4_lidar_medium,210,off,off,False,True,
1779495006.2427206,stat_pub,stat,-1,C4_lidar_medium,C4_lidar_medium,210,off,off,False,True,
1779495006.7429788,stat_pub,stat,-1,C4_lidar_medium,C4_lidar_medium,210,off,off,False,True,
1779495007.2432244,stat_pub,stat,-1,C4_lidar_medium,C4_lidar_medium,210,off,off,False,True,
1779495007.7435524,stat_pub,stat,-1,C4_lidar_medium,C4_lidar_medium,210,off,off,False,True,
1779495008.2442656,stat_pub,stat,-1,C4_lidar_medium,C4_lidar_medium,210,off,off,False,True,
1779495008.7444053,stat_pub,stat,-1,C4_lidar_medium,C4_lidar_medium,210,off,off,False,True,
1779495009.2445168,stat_pub,stat,-1,C4_lidar_medium,C4_lidar_medium,210,off,off,False,True,
1779495009.7452476,stat_pub,stat,-1,C4_lidar_medium,C4_lidar_medium,210,off,off,False,True,
1779495010.2457623,stat_pub,stat,-1,C4_lidar_medium,C4_lidar_medium,210,off,off,False,True,
1779495010.7461138,stat_pub,stat,-1,C4_lidar_medium,C4_lidar_medium,210,off,off,False,True,
1779495011.2464204,stat_pub,stat,-1,C4_lidar_medium,C4_lidar_medium,210,off,off,False,True,
1779495011.7468798,stat_pub,stat,-1,C4_lidar_medium,C4_lidar_medium,210,off,off,False,True,
1779495012.247367,stat_pub,stat,-1,C4_lidar_medium,C4_lidar_medium,209,off,off,False,True,
1779495012.747843,stat_pub,stat,-1,C4_lidar_medium,C4_lidar_medium,209,off,off,False,True,
1779495013.248665,stat_pub,stat,-1,C4_lidar_medium,C4_lidar_medium,209,off,off,False,True,
1779495013.7489846,stat_pub,stat,-1,C4_lidar_medium,C4_lidar_medium,210,off,off,False,True,
1779495014.2492495,stat_pub,stat,-1,C4_lidar_medium,C4_lidar_medium,210,off,off,False,True,
1779495014.7493966,stat_pub,stat,-1,C4_lidar_medium,C4_lidar_medium,210,off,off,False,True,
1779495015.2499,stat_pub,stat,-1,C4_lidar_medium,C4_lidar_medium,207,off,off,False,True,
1779495015.7502625,stat_pub,stat,-1,C4_lidar_medium,C4_lidar_medium,210,off,off,False,True,
1779495016.2507288,stat_pub,stat,-1,C4_lidar_medium,C4_lidar_medium,209,off,off,False,True,
1779495016.75089,stat_pub,stat,-1,C4_lidar_medium,C4_lidar_medium,207,off,off,False,True,
1779495017.2514787,stat_pub,stat,-1,C4_lidar_medium,C4_lidar_medium,210,off,off,False,True,
1779495017.7516649,stat_pub,stat,-1,C4_lidar_medium,C4_lidar_medium,210,off,off,False,True,
1779495018.2522893,stat_pub,stat,-1,C4_lidar_medium,C4_lidar_medium,210,off,off,False,True,
1779495018.7525997,stat_pub,stat,-1,C4_lidar_medium,C4_lidar_medium,210,off,off,False,True,
1779495019.2528646,stat_pub,stat,-1,C4_lidar_medium,C4_lidar_medium,210,off,off,False,True,
1779495019.7533026,stat_pub,stat,-1,C4_lidar_medium,C4_lidar_medium,210,off,off,False,True,
1779495020.2537093,stat_pub,stat,-1,C4_lidar_medium,C4_lidar_medium,210,off,off,False,True,
1779495020.7538261,stat_pub,stat,-1,C4_lidar_medium,C4_lidar_medium,210,off,off,False,True,
1779495021.254335,stat_pub,stat,-1,C4_lidar_medium,C4_lidar_medium,209,off,off,False,True,
1779495021.7548168,stat_pub,stat,-1,C4_lidar_medium,C4_lidar_medium,210,off,off,False,True,
1779495022.2552848,stat_pub,stat,-1,C4_lidar_medium,C4_lidar_medium,210,off,off,False,True,
1779495022.755526,stat_pub,stat,-1,C4_lidar_medium,C4_lidar_medium,209,off,off,False,True,
1779495023.2556696,stat_pub,stat,-1,C4_lidar_medium,C4_lidar_medium,210,off,off,False,True,
1779495023.7561975,stat_pub,stat,-1,C4_lidar_medium,C4_lidar_medium,210,off,off,False,True,
1779495024.2566998,stat_pub,stat,-1,C4_lidar_medium,C4_lidar_medium,210,off,off,False,True,
1779495024.7568822,stat_pub,stat,-1,C4_lidar_medium,C4_lidar_medium,210,off,off,False,True,
1779495025.2569818,stat_pub,stat,-1,C4_lidar_medium,C4_lidar_medium,210,off,off,False,True,
1779495025.75753,stat_pub,stat,-1,C4_lidar_medium,C4_lidar_medium,208,off,off,False,True,
1779495026.2576604,stat_pub,stat,-1,C4_lidar_medium,C4_lidar_medium,210,off,off,False,True,
1779495026.7580523,stat_pub,stat,-1,C4_lidar_medium,C4_lidar_medium,210,off,off,False,True,
1779495027.258352,stat_pub,stat,-1,C4_lidar_medium,C4_lidar_medium,209,off,off,False,True,
1779495027.758925,stat_pub,stat,-1,C4_lidar_medium,C4_lidar_medium,209,off,off,False,True,
1779495028.2590508,stat_pub,stat,-1,C4_lidar_medium,C4_lidar_medium,210,off,off,False,True,
1779495028.7595983,stat_pub,stat,-1,C4_lidar_medium,C4_lidar_medium,210,off,off,False,True,
1779495029.260065,stat_pub,stat,-1,C4_lidar_medium,C4_lidar_medium,209,off,off,False,True,
1779495029.7601895,stat_pub,stat,-1,C4_lidar_medium,C4_lidar_medium,210,off,off,False,True,
1779495030.2604835,stat_pub,stat,-1,C4_lidar_medium,C4_lidar_medium,209,off,off,False,True,
1779495030.7607508,stat_pub,stat,-1,C4_lidar_medium,C4_lidar_medium,209,off,off,False,True,
1779495031.2609072,stat_pub,stat,-1,C4_lidar_medium,C4_lidar_medium,209,off,off,False,True,
1779495031.7613778,stat_pub,stat,-1,C4_lidar_medium,C4_lidar_medium,210,off,off,False,True,
1779495032.261894,stat_pub,stat,-1,C4_lidar_medium,C4_lidar_medium,209,off,off,False,True,
1779495032.7620869,stat_pub,stat,-1,C4_lidar_medium,C4_lidar_medium,210,off,off,False,True,
1779495033.262701,stat_pub,stat,-1,C4_lidar_medium,C4_lidar_medium,209,off,off,False,True,
1779495033.763191,stat_pub,stat,-1,C4_lidar_medium,C4_lidar_medium,209,off,off,False,True,
1779495034.263594,stat_pub,stat,-1,C4_lidar_medium,C4_lidar_medium,209,off,off,False,True,
1779495034.7643762,stat_pub,stat,-1,C4_lidar_medium,C4_lidar_medium,210,off,off,False,True,
1779495035.2645297,stat_pub,stat,-1,C4_lidar_medium,C4_lidar_medium,210,off,off,False,True,
1779495035.7650635,stat_pub,stat,-1,C4_lidar_medium,C4_lidar_medium,210,off,off,False,True,
1779495036.2653837,stat_pub,stat,-1,C4_lidar_medium,C4_lidar_medium,210,off,off,False,True,
1779495036.7659976,stat_pub,stat,-1,C4_lidar_medium,C4_lidar_medium,210,off,off,False,True,
1779495037.2661679,stat_pub,stat,-1,C4_lidar_medium,C4_lidar_medium,210,off,off,False,True,
1779495037.7665718,stat_pub,stat,-1,C4_lidar_medium,C4_lidar_medium,210,off,off,False,True,
1779495038.2667556,stat_pub,stat,-1,C4_lidar_medium,C4_lidar_medium,210,off,off,False,True,
1779495038.7668884,stat_pub,stat,-1,C4_lidar_medium,C4_lidar_medium,210,off,off,False,True,
1779495039.2671897,stat_pub,stat,-1,C4_lidar_medium,C4_lidar_medium,210,off,off,False,True,
1779495039.7674172,stat_pub,stat,-1,C4_lidar_medium,C4_lidar_medium,210,off,off,False,True,
1779495040.2675414,stat_pub,stat,-1,C4_lidar_medium,C4_lidar_medium,210,off,off,False,True,
1779495040.767655,stat_pub,stat,-1,C4_lidar_medium,C4_lidar_medium,209,off,off,False,True,
1779495041.2682366,stat_pub,stat,-1,C4_lidar_medium,C4_lidar_medium,210,off,off,False,True,
1779495041.768722,stat_pub,stat,-1,C4_lidar_medium,C4_lidar_medium,209,off,off,False,True,
1779495042.2692342,stat_pub,stat,-1,C4_lidar_medium,C4_lidar_medium,210,off,off,False,True,
1779495042.7697144,stat_pub,stat,-1,C4_lidar_medium,C4_lidar_medium,210,off,off,False,True,
1779495043.2698774,stat_pub,stat,-1,C4_lidar_medium,C4_lidar_medium,210,off,off,False,True,
1779495043.7704012,stat_pub,stat,-1,C4_lidar_medium,C4_lidar_medium,209,off,off,False,True,
1779495044.270702,stat_pub,stat,-1,C4_lidar_medium,C4_lidar_medium,208,off,off,False,True,
1779495044.7711852,stat_pub,stat,-1,C4_lidar_medium,C4_lidar_medium,209,off,off,False,True,
1779495045.2717514,stat_pub,stat,-1,C4_lidar_medium,C4_lidar_medium,210,off,off,False,True,
1779495045.7722187,stat_pub,stat,-1,C4_lidar_medium,C4_lidar_medium,210,off,off,False,True,
1779495046.272707,stat_pub,stat,-1,C4_lidar_medium,C4_lidar_medium,209,off,off,False,True,
1779495046.77316,stat_pub,stat,-1,C4_lidar_medium,C4_lidar_medium,208,off,off,False,True,
1779495047.273434,stat_pub,stat,-1,C4_lidar_medium,C4_lidar_medium,209,off,off,False,True,
1779495047.773975,stat_pub,stat,-1,C4_lidar_medium,C4_lidar_medium,209,off,off,False,True,
1779495048.2744808,stat_pub,stat,-1,C4_lidar_medium,C4_lidar_medium,210,off,off,False,True,
1779495048.775073,stat_pub,stat,-1,C4_lidar_medium,C4_lidar_medium,209,off,off,False,True,
1779495049.275311,stat_pub,stat,-1,C4_lidar_medium,C4_lidar_medium,209,off,off,False,True,
1779495049.7755072,stat_pub,stat,-1,C4_lidar_medium,C4_lidar_medium,210,off,off,False,True,
1779495050.2756803,stat_pub,stat,-1,C4_lidar_medium,C4_lidar_medium,210,off,off,False,True,
1779495050.7759507,stat_pub,stat,-1,C4_lidar_medium,C4_lidar_medium,210,off,off,False,True,
1779495051.2763357,stat_pub,stat,-1,C4_lidar_medium,C4_lidar_medium,210,off,off,False,True,
1779495051.7766042,stat_pub,stat,-1,C4_lidar_medium,C4_lidar_medium,210,off,off,False,True,
1779495052.277028,stat_pub,stat,-1,C4_lidar_medium,C4_lidar_medium,209,off,off,False,True,
1779495052.7772233,stat_pub,stat,-1,C4_lidar_medium,C4_lidar_medium,210,off,off,False,True,
1779495053.2773292,stat_pub,stat,-1,C4_lidar_medium,C4_lidar_medium,210,off,off,False,True,
1779495053.7778566,stat_pub,stat,-1,C4_lidar_medium,C4_lidar_medium,210,off,off,False,True,
1779495054.2782872,stat_pub,stat,-1,C4_lidar_medium,C4_lidar_medium,210,off,off,False,True,
1779495054.778777,stat_pub,stat,-1,C4_lidar_medium,C4_lidar_medium,209,off,off,False,True,
1779495055.278926,stat_pub,stat,-1,C4_lidar_medium,C4_lidar_medium,209,off,off,False,True,
1779495055.779131,stat_pub,stat,-1,C4_lidar_medium,C4_lidar_medium,209,off,off,False,True,
1779495056.2794046,stat_pub,stat,-1,C4_lidar_medium,C4_lidar_medium,210,off,off,False,True,
1779495056.779789,stat_pub,stat,-1,C4_lidar_medium,C4_lidar_medium,209,off,off,False,True,
1779495057.2803934,stat_pub,stat,-1,C4_lidar_medium,C4_lidar_medium,209,off,off,False,True,
1779495057.780812,stat_pub,stat,-1,C4_lidar_medium,C4_lidar_medium,208,off,off,False,True,
1779495058.2809813,stat_pub,stat,-1,C4_lidar_medium,C4_lidar_medium,209,off,off,False,True,
1779495058.7813194,stat_pub,stat,-1,C4_lidar_medium,C4_lidar_medium,210,off,off,False,True,
1779495059.2817104,stat_pub,stat,-1,C4_lidar_medium,C4_lidar_medium,210,off,off,False,True,
1779495059.782336,stat_pub,stat,-1,C4_lidar_medium,C4_lidar_medium,209,off,off,False,True,
1779495060.2826507,stat_pub,stat,-1,C4_lidar_medium,C4_lidar_medium,210,off,off,False,True,
1779495060.7827585,stat_pub,stat,-1,C4_lidar_medium,C4_lidar_medium,210,off,off,False,True,
1779495061.2831542,stat_pub,stat,-1,C4_lidar_medium,C4_lidar_medium,210,off,off,False,True,
1779495061.7833874,stat_pub,stat,-1,C4_lidar_medium,C4_lidar_medium,210,off,off,False,True,
1779495062.2840686,stat_pub,stat,-1,C4_lidar_medium,C4_lidar_medium,210,off,off,False,True,
1779495062.7844055,stat_pub,stat,-1,C4_lidar_medium,C4_lidar_medium,210,off,off,False,True,
1779495063.2847145,stat_pub,stat,-1,C4_lidar_medium,C4_lidar_medium,210,off,off,False,True,
1779495063.7850955,stat_pub,stat,-1,C4_lidar_medium,C4_lidar_medium,210,off,off,False,True,
1779495064.2856817,stat_pub,stat,-1,C4_lidar_medium,C4_lidar_medium,210,off,off,False,True,
1779495064.7861667,stat_pub,stat,-1,C4_lidar_medium,C4_lidar_medium,210,off,off,False,True,
1779495065.286708,stat_pub,stat,-1,C4_lidar_medium,C4_lidar_medium,209,off,off,False,True,
1779495065.7868242,stat_pub,stat,-1,C4_lidar_medium,C4_lidar_medium,210,off,off,False,True,
1779495066.2873678,stat_pub,stat,-1,C4_lidar_medium,C4_lidar_medium,210,off,off,False,True,
1779495066.7875698,stat_pub,stat,-1,C4_lidar_medium,C4_lidar_medium,210,off,off,False,True,
1779495067.2881274,stat_pub,stat,-1,C4_lidar_medium,C4_lidar_medium,210,off,off,False,True,
1779495067.7884727,stat_pub,stat,-1,C4_lidar_medium,C4_lidar_medium,210,off,off,False,True,
1779495068.288874,stat_pub,stat,-1,C4_lidar_medium,C4_lidar_medium,209,off,off,False,True,
1779495068.7894688,stat_pub,stat,-1,C4_lidar_medium,C4_lidar_medium,210,off,off,False,True,
1779495069.2898376,stat_pub,stat,-1,C4_lidar_medium,C4_lidar_medium,210,off,off,False,True,
1779495069.7901537,stat_pub,stat,-1,C4_lidar_medium,C4_lidar_medium,210,off,off,False,True,
1779495070.290766,stat_pub,stat,-1,C4_lidar_medium,C4_lidar_medium,207,off,off,False,True,
1779495070.7909596,stat_pub,stat,-1,C4_lidar_medium,C4_lidar_medium,208,off,off,False,True,
1779495071.2916412,stat_pub,stat,-1,C4_lidar_medium,C4_lidar_medium,210,off,off,False,True,
1779495071.7918954,stat_pub,stat,-1,C4_lidar_medium,C4_lidar_medium,210,off,off,False,True,
1779495072.2924926,stat_pub,stat,-1,C4_lidar_medium,C4_lidar_medium,210,off,off,False,True,
1779495072.7929683,stat_pub,stat,-1,C4_lidar_medium,C4_lidar_medium,210,off,off,False,True,
1779495073.2934835,stat_pub,stat,-1,C4_lidar_medium,C4_lidar_medium,210,off,off,False,True,
1779495073.7939496,stat_pub,stat,-1,C4_lidar_medium,C4_lidar_medium,210,off,off,False,True,
1779495074.2944694,stat_pub,stat,-1,C4_lidar_medium,C4_lidar_medium,210,off,off,False,True,
1779495074.7947438,stat_pub,stat,-1,C4_lidar_medium,C4_lidar_medium,210,off,off,False,True,
1779495075.2950237,stat_pub,stat,-1,C4_lidar_medium,C4_lidar_medium,210,off,off,False,True,
1779495075.795522,stat_pub,stat,-1,C4_lidar_medium,C4_lidar_medium,209,off,off,False,True,
1779495076.2959828,stat_pub,stat,-1,C4_lidar_medium,C4_lidar_medium,210,off,off,False,True,
1779495076.7962074,stat_pub,stat,-1,C4_lidar_medium,C4_lidar_medium,210,off,off,False,True,
1779495077.2963846,stat_pub,stat,-1,C4_lidar_medium,C4_lidar_medium,210,off,off,False,True,
1779495077.796609,stat_pub,stat,-1,C4_lidar_medium,C4_lidar_medium,209,off,off,False,True,
1779495078.297084,stat_pub,stat,-1,C4_lidar_medium,C4_lidar_medium,209,off,off,False,True,
1779495078.797305,stat_pub,stat,-1,C4_lidar_medium,C4_lidar_medium,209,off,off,False,True,
1779495079.2975543,stat_pub,stat,-1,C4_lidar_medium,C4_lidar_medium,210,off,off,False,True,
1779495079.7979746,stat_pub,stat,-1,C4_lidar_medium,C4_lidar_medium,210,off,off,False,True,
1779495080.2984955,stat_pub,stat,-1,C4_lidar_medium,C4_lidar_medium,210,off,off,False,True,
1779495080.7991238,stat_pub,stat,-1,C4_lidar_medium,C4_lidar_medium,210,off,off,False,True,
1779495081.2993321,stat_pub,stat,-1,C4_lidar_medium,C4_lidar_medium,210,off,off,False,True,
1779495081.7997136,stat_pub,stat,-1,C4_lidar_medium,C4_lidar_medium,210,off,off,False,True,
1779495082.2999523,stat_pub,stat,-1,C4_lidar_medium,C4_lidar_medium,210,off,off,False,True,
1779495082.8003597,stat_pub,stat,-1,C4_lidar_medium,C4_lidar_medium,209,off,off,False,True,
1779495083.300947,stat_pub,stat,-1,C4_lidar_medium,C4_lidar_medium,208,off,off,False,True,
1779495083.8013947,stat_pub,stat,-1,C4_lidar_medium,C4_lidar_medium,210,off,off,False,True,
1779495084.3019226,stat_pub,stat,-1,C4_lidar_medium,C4_lidar_medium,210,off,off,False,True,
1779495084.8024015,stat_pub,stat,-1,C4_lidar_medium,C4_lidar_medium,210,off,off,False,True,
1779495085.3025117,stat_pub,stat,-1,C4_lidar_medium,C4_lidar_medium,210,off,off,False,True,
1779495085.8030107,stat_pub,stat,-1,C4_lidar_medium,C4_lidar_medium,210,off,off,False,True,
1779495086.3034346,stat_pub,stat,-1,C4_lidar_medium,C4_lidar_medium,210,off,off,False,True,
1779495086.8038821,stat_pub,stat,-1,C4_lidar_medium,C4_lidar_medium,210,off,off,False,True,
1779495087.3040624,stat_pub,stat,-1,C4_lidar_medium,C4_lidar_medium,210,off,off,False,True,
1779495087.8042152,stat_pub,stat,-1,C4_lidar_medium,C4_lidar_medium,210,off,off,False,True,
1779495088.3045294,stat_pub,stat,-1,C4_lidar_medium,C4_lidar_medium,210,off,off,False,True,
1779495088.8050957,stat_pub,stat,-1,C4_lidar_medium,C4_lidar_medium,210,off,off,False,True,
1779495089.3054671,stat_pub,stat,-1,C4_lidar_medium,C4_lidar_medium,210,off,off,False,True,
1779495089.8057234,stat_pub,stat,-1,C4_lidar_medium,C4_lidar_medium,210,off,off,False,True,
1779495090.3062217,stat_pub,stat,-1,C4_lidar_medium,C4_lidar_medium,210,off,off,False,True,
1779495090.8063889,stat_pub,stat,-1,C4_lidar_medium,C4_lidar_medium,210,off,off,False,True,
1779495091.3066418,stat_pub,stat,-1,C4_lidar_medium,C4_lidar_medium,210,off,off,False,True,
1779495091.8068526,stat_pub,stat,-1,C4_lidar_medium,C4_lidar_medium,210,off,off,False,True,
1779495092.3073065,stat_pub,stat,-1,C4_lidar_medium,C4_lidar_medium,210,off,off,False,True,
1779495092.807601,stat_pub,stat,-1,C4_lidar_medium,C4_lidar_medium,209,off,off,False,True,
1779495093.3081195,stat_pub,stat,-1,C4_lidar_medium,C4_lidar_medium,210,off,off,False,True,
1779495093.808436,stat_pub,stat,-1,C4_lidar_medium,C4_lidar_medium,209,off,off,False,True,
1779495094.3088558,stat_pub,stat,-1,C4_lidar_medium,C4_lidar_medium,210,off,off,False,True,
1779495094.8090727,stat_pub,stat,-1,C4_lidar_medium,C4_lidar_medium,210,off,off,False,True,
1779495095.309426,stat_pub,stat,-1,C4_lidar_medium,C4_lidar_medium,209,off,off,False,True,
1779495095.8100348,stat_pub,stat,-1,C4_lidar_medium,C4_lidar_medium,210,off,off,False,True,
1779495096.3107035,stat_pub,stat,-1,C4_lidar_medium,C4_lidar_medium,209,off,off,False,True,
1779495096.8111393,stat_pub,stat,-1,C4_lidar_medium,C4_lidar_medium,209,off,off,False,True,
1779495097.311901,stat_pub,stat,-1,C4_lidar_medium,C4_lidar_medium,209,off,off,False,True,
1779495097.812165,stat_pub,stat,-1,C4_lidar_medium,C4_lidar_medium,209,off,off,False,True,
1779495098.3127458,stat_pub,stat,-1,C4_lidar_medium,C4_lidar_medium,210,off,off,False,True,
1779495098.8130267,stat_pub,stat,-1,C4_lidar_medium,C4_lidar_medium,210,off,off,False,True,
1779495099.3136182,stat_pub,stat,-1,C4_lidar_medium,C4_lidar_medium,210,off,off,False,True,
1779495099.8145232,stat_pub,stat,-1,C4_lidar_medium,C4_lidar_medium,210,off,off,False,True,
1779495100.3148115,stat_pub,stat,-1,C4_lidar_medium,C4_lidar_medium,210,off,off,False,True,
1779495100.8153126,stat_pub,stat,-1,C4_lidar_medium,C4_lidar_medium,210,off,off,False,True,
1779495101.3158157,stat_pub,stat,-1,C4_lidar_medium,C4_lidar_medium,210,off,off,False,True,
1779495101.815991,stat_pub,stat,-1,C4_lidar_medium,C4_lidar_medium,209,off,off,False,True,
1779495102.3161273,stat_pub,stat,-1,C4_lidar_medium,C4_lidar_medium,210,off,off,False,True,
1779495102.816388,stat_pub,stat,-1,C4_lidar_medium,C4_lidar_medium,209,off,off,False,True,
1779495103.3167684,stat_pub,stat,-1,C4_lidar_medium,C4_lidar_medium,210,off,off,False,True,
1779495103.8171556,stat_pub,stat,-1,C4_lidar_medium,C4_lidar_medium,210,off,off,False,True,
1779495104.3175952,stat_pub,stat,-1,C4_lidar_medium,C4_lidar_medium,210,off,off,False,True,
1779495104.8184474,stat_pub,stat,-1,C4_lidar_medium,C4_lidar_medium,210,off,off,False,True,
1779495105.3189292,stat_pub,stat,-1,C4_lidar_medium,C4_lidar_medium,210,off,off,False,True,
1779495105.8198056,stat_pub,stat,-1,C4_lidar_medium,C4_lidar_medium,210,off,off,False,True,
1779495106.3204541,stat_pub,stat,-1,C4_lidar_medium,C4_lidar_medium,209,off,off,False,True,
1779495106.8209293,stat_pub,stat,-1,C4_lidar_medium,C4_lidar_medium,209,off,off,False,True,
1779495107.3211422,stat_pub,stat,-1,C4_lidar_medium,C4_lidar_medium,209,off,off,False,True,
1779495107.8214982,stat_pub,stat,-1,C4_lidar_medium,C4_lidar_medium,210,off,off,False,True,
1779495108.3217182,stat_pub,stat,-1,C4_lidar_medium,C4_lidar_medium,210,off,off,False,True,
1779495108.8221614,stat_pub,stat,-1,C4_lidar_medium,C4_lidar_medium,210,off,off,False,True,
1779495109.3225553,stat_pub,stat,-1,C4_lidar_medium,C4_lidar_medium,210,off,off,False,True,
1779495109.823121,stat_pub,stat,-1,C4_lidar_medium,C4_lidar_medium,209,off,off,False,True,
1779495110.3237138,stat_pub,stat,-1,C4_lidar_medium,C4_lidar_medium,210,off,off,False,True,
1779495110.8241098,stat_pub,stat,-1,C4_lidar_medium,C4_lidar_medium,210,off,off,False,True,
1779495111.3246365,stat_pub,stat,-1,C4_lidar_medium,C4_lidar_medium,210,off,off,False,True,
1779495111.8248715,stat_pub,stat,-1,C4_lidar_medium,C4_lidar_medium,210,off,off,False,True,
1779495112.3252535,stat_pub,stat,-1,C4_lidar_medium,C4_lidar_medium,210,off,off,False,True,
1779495112.8257444,stat_pub,stat,-1,C4_lidar_medium,C4_lidar_medium,210,off,off,False,True,
1779495113.3260996,stat_pub,stat,-1,C4_lidar_medium,C4_lidar_medium,210,off,off,False,True,
1779495113.8262155,stat_pub,stat,-1,C4_lidar_medium,C4_lidar_medium,210,off,off,False,True,
1779495114.3265977,stat_pub,stat,-1,C4_lidar_medium,C4_lidar_medium,210,off,off,False,True,
1779495114.827105,stat_pub,stat,-1,C4_lidar_medium,C4_lidar_medium,209,off,off,False,True,
1779495115.3274364,stat_pub,stat,-1,C4_lidar_medium,C4_lidar_medium,210,off,off,False,True,
1779495115.827983,stat_pub,stat,-1,C4_lidar_medium,C4_lidar_medium,209,off,off,False,True,
1779495116.3282657,stat_pub,stat,-1,C4_lidar_medium,C4_lidar_medium,210,off,off,False,True,
1779495116.8284914,stat_pub,stat,-1,C4_lidar_medium,C4_lidar_medium,210,off,off,False,True,
1779495117.3288329,stat_pub,stat,-1,C4_lidar_medium,C4_lidar_medium,210,off,off,False,True,
1779495117.8289802,stat_pub,stat,-1,C4_lidar_medium,C4_lidar_medium,210,off,off,False,True,
1779495118.3294756,stat_pub,stat,-1,C4_lidar_medium,C4_lidar_medium,210,off,off,False,True,
1779495118.8297582,stat_pub,stat,-1,C4_lidar_medium,C4_lidar_medium,210,off,off,False,True,
1779495119.3302372,stat_pub,stat,-1,C4_lidar_medium,C4_lidar_medium,210,off,off,False,True,
1779495119.8304172,stat_pub,stat,-1,C4_lidar_medium,C4_lidar_medium,209,off,off,False,True,
1779495120.3307536,stat_pub,stat,-1,C4_lidar_medium,C4_lidar_medium,209,off,off,False,True,
1779495120.830899,stat_pub,stat,-1,C4_lidar_medium,C4_lidar_medium,208,off,off,False,True,
1779495121.3315198,stat_pub,stat,-1,C4_lidar_medium,C4_lidar_medium,210,off,off,False,True,
1779495121.8318172,stat_pub,stat,-1,C4_lidar_medium,C4_lidar_medium,210,off,off,False,True,
1779495122.3324049,stat_pub,stat,-1,C4_lidar_medium,C4_lidar_medium,210,off,off,False,True,
1779495122.8328075,stat_pub,stat,-1,C4_lidar_medium,C4_lidar_medium,210,off,off,False,True,
1779495123.3332694,stat_pub,stat,-1,C4_lidar_medium,C4_lidar_medium,210,off,off,False,True,
1779495123.8335786,stat_pub,stat,-1,C4_lidar_medium,C4_lidar_medium,210,off,off,False,True,
1779495124.3340437,stat_pub,stat,-1,C4_lidar_medium,C4_lidar_medium,210,off,off,False,True,
1779495124.834329,stat_pub,stat,-1,C4_lidar_medium,C4_lidar_medium,209,off,off,False,True,
1779495125.3344555,stat_pub,stat,-1,C4_lidar_medium,C4_lidar_medium,210,off,off,False,True,
1779495125.835043,stat_pub,stat,-1,C4_lidar_medium,C4_lidar_medium,209,off,off,False,True,
1779495126.3356192,stat_pub,stat,-1,C4_lidar_medium,C4_lidar_medium,210,off,off,False,True,
1779495126.8359032,stat_pub,stat,-1,C4_lidar_medium,C4_lidar_medium,210,off,off,False,True,
1779495127.336257,stat_pub,stat,-1,C4_lidar_medium,C4_lidar_medium,209,off,off,False,True,
1779495127.8370757,stat_pub,stat,-1,C4_lidar_medium,C4_lidar_medium,210,off,off,False,True,
1779495128.3372931,stat_pub,stat,-1,C4_lidar_medium,C4_lidar_medium,210,off,off,False,True,
1779495128.837578,stat_pub,stat,-1,C4_lidar_medium,C4_lidar_medium,209,off,off,False,True,
1779495129.3376708,stat_pub,stat,-1,C4_lidar_medium,C4_lidar_medium,210,off,off,False,True,
1779495129.8382306,stat_pub,stat,-1,C4_lidar_medium,C4_lidar_medium,210,off,off,False,True,
1779495130.33854,stat_pub,stat,-1,C4_lidar_medium,C4_lidar_medium,208,off,off,False,True,
1779495130.838794,stat_pub,stat,-1,C4_lidar_medium,C4_lidar_medium,209,off,off,False,True,
1779495131.3393013,stat_pub,stat,-1,C4_lidar_medium,C4_lidar_medium,210,off,off,False,True,
1779495131.8395934,stat_pub,stat,-1,C4_lidar_medium,C4_lidar_medium,210,off,off,False,True,
1779495132.3400397,stat_pub,stat,-1,C4_lidar_medium,C4_lidar_medium,210,off,off,False,True,
1779495132.8405032,stat_pub,stat,-1,C4_lidar_medium,C4_lidar_medium,209,off,off,False,True,
1779495133.3411536,stat_pub,stat,-1,C4_lidar_medium,C4_lidar_medium,209,off,off,False,True,
1779495133.8415637,stat_pub,stat,-1,C4_lidar_medium,C4_lidar_medium,210,off,off,False,True,
1779495134.3420231,stat_pub,stat,-1,C4_lidar_medium,C4_lidar_medium,210,off,off,False,True,
1779495134.8421445,stat_pub,stat,-1,C4_lidar_medium,C4_lidar_medium,210,off,off,False,True,
1779495135.3422897,stat_pub,stat,-1,C4_lidar_medium,C4_lidar_medium,210,off,off,False,True,
1779495135.8425186,stat_pub,stat,-1,C4_lidar_medium,C4_lidar_medium,210,off,off,False,True,
1779495136.3428128,stat_pub,stat,-1,C4_lidar_medium,C4_lidar_medium,210,off,off,False,True,
1779495136.8432841,stat_pub,stat,-1,C4_lidar_medium,C4_lidar_medium,210,off,off,False,True,
1779495137.3437226,stat_pub,stat,-1,C4_lidar_medium,C4_lidar_medium,210,off,off,False,True,
1779495137.843989,stat_pub,stat,-1,C4_lidar_medium,C4_lidar_medium,209,off,off,False,True,
1779495138.3441963,stat_pub,stat,-1,C4_lidar_medium,C4_lidar_medium,210,off,off,False,True,
1779495138.844523,stat_pub,stat,-1,C4_lidar_medium,C4_lidar_medium,209,off,off,False,True,
1779495139.3448863,stat_pub,stat,-1,C4_lidar_medium,C4_lidar_medium,210,off,off,False,True,
1779495139.8453205,stat_pub,stat,-1,C4_lidar_medium,C4_lidar_medium,210,off,off,False,True,
1779495140.3456838,stat_pub,stat,-1,C4_lidar_medium,C4_lidar_medium,210,off,off,False,True,
1779495140.8459969,stat_pub,stat,-1,C4_lidar_medium,C4_lidar_medium,210,off,off,False,True,
1779495141.3465605,stat_pub,stat,-1,C4_lidar_medium,C4_lidar_medium,210,off,off,False,True,
1779495141.847035,stat_pub,stat,-1,C4_lidar_medium,C4_lidar_medium,209,off,off,False,True,
1779495142.3474398,stat_pub,stat,-1,C4_lidar_medium,C4_lidar_medium,210,off,off,False,True,
1779495142.8481047,stat_pub,stat,-1,C4_lidar_medium,C4_lidar_medium,210,off,off,False,True,
1779495143.348491,stat_pub,stat,-1,C4_lidar_medium,C4_lidar_medium,209,off,off,False,True,
1779495143.849041,stat_pub,stat,-1,C4_lidar_medium,C4_lidar_medium,209,off,off,False,True,
1779495144.3494513,stat_pub,stat,-1,C4_lidar_medium,C4_lidar_medium,210,off,off,False,True,
1779495144.8498724,stat_pub,stat,-1,C4_lidar_medium,C4_lidar_medium,210,off,off,False,True,
1779495145.350187,stat_pub,stat,-1,C4_lidar_medium,C4_lidar_medium,209,off,off,False,True,
1779495145.850728,stat_pub,stat,-1,C4_lidar_medium,C4_lidar_medium,208,off,off,False,True,
1779495146.3512027,stat_pub,stat,-1,C4_lidar_medium,C4_lidar_medium,209,off,off,False,True,
1779495146.8515627,stat_pub,stat,-1,C4_lidar_medium,C4_lidar_medium,210,off,off,False,True,
1779495147.35205,stat_pub,stat,-1,C4_lidar_medium,C4_lidar_medium,208,off,off,False,True,
1779495147.8523252,stat_pub,stat,-1,C4_lidar_medium,C4_lidar_medium,210,off,off,False,True,
1779495148.352508,stat_pub,stat,-1,C4_lidar_medium,C4_lidar_medium,209,off,off,False,True,
1779495148.853024,stat_pub,stat,-1,C4_lidar_medium,C4_lidar_medium,209,off,off,False,True,
1779495149.3531997,stat_pub,stat,-1,C4_lidar_medium,C4_lidar_medium,210,off,off,False,True,
1779495149.8533494,stat_pub,stat,-1,C4_lidar_medium,C4_lidar_medium,210,off,off,False,True,
1779495150.353447,stat_pub,stat,-1,C4_lidar_medium,C4_lidar_medium,209,off,off,False,True,
1779495150.8545086,stat_pub,stat,-1,C4_lidar_medium,C4_lidar_medium,210,off,off,False,True,
1779495151.354918,stat_pub,stat,-1,C4_lidar_medium,C4_lidar_medium,209,off,off,False,True,
1779495151.855744,stat_pub,stat,-1,C4_lidar_medium,C4_lidar_medium,209,off,off,False,True,
1779495152.3560846,stat_pub,stat,-1,C4_lidar_medium,C4_lidar_medium,210,off,off,False,True,
1779495152.8565218,stat_pub,stat,-1,C4_lidar_medium,C4_lidar_medium,210,off,off,False,True,
1779495153.3569875,stat_pub,stat,-1,C4_lidar_medium,C4_lidar_medium,210,off,off,False,True,
1779495153.8574812,stat_pub,stat,-1,C4_lidar_medium,C4_lidar_medium,210,off,off,False,True,
1779495154.3577445,stat_pub,stat,-1,C4_lidar_medium,C4_lidar_medium,210,off,off,False,True,
1779495154.8580031,stat_pub,stat,-1,C4_lidar_medium,C4_lidar_medium,210,off,off,False,True,
1779495155.358293,stat_pub,stat,-1,C4_lidar_medium,C4_lidar_medium,209,off,off,False,True,
1779495155.858582,stat_pub,stat,-1,C4_lidar_medium,C4_lidar_medium,209,off,off,False,True,
1779495156.3590894,stat_pub,stat,-1,C4_lidar_medium,C4_lidar_medium,210,off,off,False,True,
1779495156.8595457,stat_pub,stat,-1,C4_lidar_medium,C4_lidar_medium,210,off,off,False,True,
1779495157.359905,stat_pub,stat,-1,C4_lidar_medium,C4_lidar_medium,209,off,off,False,True,
1779495157.86005,stat_pub,stat,-1,C4_lidar_medium,C4_lidar_medium,208,off,off,False,True,
1779495158.3605852,stat_pub,stat,-1,C4_lidar_medium,C4_lidar_medium,209,off,off,False,True,
1779495158.8610528,stat_pub,stat,-1,C4_lidar_medium,C4_lidar_medium,209,off,off,False,True,
1779495159.3614762,stat_pub,stat,-1,C4_lidar_medium,C4_lidar_medium,210,off,off,False,True,
1779495159.8619776,stat_pub,stat,-1,C4_lidar_medium,C4_lidar_medium,210,off,off,False,True,
1779495160.362527,stat_pub,stat,-1,C4_lidar_medium,C4_lidar_medium,209,off,off,False,True,
1779495160.8626704,stat_pub,stat,-1,C4_lidar_medium,C4_lidar_medium,210,off,off,False,True,
1779495161.3632338,stat_pub,stat,-1,C4_lidar_medium,C4_lidar_medium,210,off,off,False,True,
1779495161.863446,stat_pub,stat,-1,C4_lidar_medium,C4_lidar_medium,209,off,off,False,True,
1779495162.3637497,stat_pub,stat,-1,C4_lidar_medium,C4_lidar_medium,210,off,off,False,True,
1779495162.86408,stat_pub,stat,-1,C4_lidar_medium,C4_lidar_medium,208,off,off,False,True,
1779495163.3646874,stat_pub,stat,-1,C4_lidar_medium,C4_lidar_medium,210,off,off,False,True,
1779495163.8651345,stat_pub,stat,-1,C4_lidar_medium,C4_lidar_medium,210,off,off,False,True,
1779495164.3657255,stat_pub,stat,-1,C4_lidar_medium,C4_lidar_medium,210,off,off,False,True,
1779495164.8660846,stat_pub,stat,-1,C4_lidar_medium,C4_lidar_medium,210,off,off,False,True,
1779495165.3663135,stat_pub,stat,-1,C4_lidar_medium,C4_lidar_medium,210,off,off,False,True,
1779495165.8666158,stat_pub,stat,-1,C4_lidar_medium,C4_lidar_medium,210,off,off,False,True,
1779495166.3669841,stat_pub,stat,-1,C4_lidar_medium,C4_lidar_medium,210,off,off,False,True,
1779495166.867477,stat_pub,stat,-1,C4_lidar_medium,C4_lidar_medium,209,off,off,False,True,
1779495167.3679678,stat_pub,stat,-1,C4_lidar_medium,C4_lidar_medium,210,off,off,False,True,
1779495167.8687465,stat_pub,stat,-1,C4_lidar_medium,C4_lidar_medium,210,off,off,False,True,
1779495168.368867,stat_pub,stat,-1,C4_lidar_medium,C4_lidar_medium,209,off,off,False,True,
1779495168.8692775,stat_pub,stat,-1,C4_lidar_medium,C4_lidar_medium,210,off,off,False,True,
1779495169.369761,stat_pub,stat,-1,C4_lidar_medium,C4_lidar_medium,209,off,off,False,True,
1779495169.870204,stat_pub,stat,-1,C4_lidar_medium,C4_lidar_medium,209,off,off,False,True,
1779495170.3704972,stat_pub,stat,-1,C4_lidar_medium,C4_lidar_medium,209,off,off,False,True,
1779495170.8708394,stat_pub,stat,-1,C4_lidar_medium,C4_lidar_medium,209,off,off,False,True,
1779495171.3710084,stat_pub,stat,-1,C4_lidar_medium,C4_lidar_medium,209,off,off,False,True,
1779495171.8712187,stat_pub,stat,-1,C4_lidar_medium,C4_lidar_medium,209,off,off,False,True,
1779495172.3715754,stat_pub,stat,-1,C4_lidar_medium,C4_lidar_medium,210,off,off,False,True,
1779495172.8721707,stat_pub,stat,-1,C4_lidar_medium,C4_lidar_medium,210,off,off,False,True,
1779495173.3725379,stat_pub,stat,-1,C4_lidar_medium,C4_lidar_medium,210,off,off,False,True,
1779495173.8730474,stat_pub,stat,-1,C4_lidar_medium,C4_lidar_medium,210,off,off,False,True,
1779495174.373218,stat_pub,stat,-1,C4_lidar_medium,C4_lidar_medium,209,off,off,False,True,
1779495174.8737516,stat_pub,stat,-1,C4_lidar_medium,C4_lidar_medium,210,off,off,False,True,
1779495175.3738782,stat_pub,stat,-1,C4_lidar_medium,C4_lidar_medium,210,off,off,False,True,
1779495175.8743224,stat_pub,stat,-1,C4_lidar_medium,C4_lidar_medium,210,off,off,False,True,
1779495176.3748367,stat_pub,stat,-1,C4_lidar_medium,C4_lidar_medium,210,off,off,False,True,
1779495176.8753994,stat_pub,stat,-1,C4_lidar_medium,C4_lidar_medium,210,off,off,False,True,
1779495177.3759546,stat_pub,stat,-1,C4_lidar_medium,C4_lidar_medium,210,off,off,False,True,
1779495177.8765304,stat_pub,stat,-1,C4_lidar_medium,C4_lidar_medium,210,off,off,False,True,
1779495178.3768532,stat_pub,stat,-1,C4_lidar_medium,C4_lidar_medium,210,off,off,False,True,
1779495178.8770297,stat_pub,stat,-1,C4_lidar_medium,C4_lidar_medium,210,off,off,False,True,
1779495179.3772519,stat_pub,stat,-1,C4_lidar_medium,C4_lidar_medium,210,off,off,False,True,
1779495179.8776557,stat_pub,stat,-1,C4_lidar_medium,C4_lidar_medium,210,off,off,False,True,
1779495180.3780193,stat_pub,stat,-1,C4_lidar_medium,C4_lidar_medium,210,off,off,False,True,
1779495180.878373,stat_pub,stat,-1,C4_lidar_medium,C4_lidar_medium,209,off,off,False,True,
1779495181.3784819,stat_pub,stat,-1,C4_lidar_medium,C4_lidar_medium,210,off,off,False,True,
1779495181.8788106,stat_pub,stat,-1,C4_lidar_medium,C4_lidar_medium,210,off,off,False,True,
1779495182.379065,stat_pub,stat,-1,C4_lidar_medium,C4_lidar_medium,209,off,off,False,True,
1779495182.8796134,stat_pub,stat,-1,C4_lidar_medium,C4_lidar_medium,210,off,off,False,True,
1779495183.3801672,stat_pub,stat,-1,C4_lidar_medium,C4_lidar_medium,210,off,off,False,True,
1779495183.8807747,stat_pub,stat,-1,C4_lidar_medium,C4_lidar_medium,209,off,off,False,True,
1779495184.381427,stat_pub,stat,-1,C4_lidar_medium,C4_lidar_medium,209,off,off,False,True,
1779495184.8818393,stat_pub,stat,-1,C4_lidar_medium,C4_lidar_medium,210,off,off,False,True,
1779495185.3823626,stat_pub,stat,-1,C4_lidar_medium,C4_lidar_medium,210,off,off,False,True,
1779495185.882743,stat_pub,stat,-1,C4_lidar_medium,C4_lidar_medium,209,off,off,False,True,
1779495186.3831928,stat_pub,stat,-1,C4_lidar_medium,C4_lidar_medium,210,off,off,False,True,
1779495186.8835711,stat_pub,stat,-1,C4_lidar_medium,C4_lidar_medium,210,off,off,False,True,
1779495187.3840098,stat_pub,stat,-1,C4_lidar_medium,C4_lidar_medium,210,off,off,False,True,
1779495187.8845062,stat_pub,stat,-1,C4_lidar_medium,C4_lidar_medium,210,off,off,False,True,
1779495188.3851917,stat_pub,stat,-1,C4_lidar_medium,C4_lidar_medium,210,off,off,False,True,
1779495188.8856,stat_pub,stat,-1,C4_lidar_medium,C4_lidar_medium,207,off,off,False,True,
1779495189.3860867,stat_pub,stat,-1,C4_lidar_medium,C4_lidar_medium,210,off,off,False,True,
1779495189.8862312,stat_pub,stat,-1,C4_lidar_medium,C4_lidar_medium,210,off,off,False,True,
1779495190.386662,stat_pub,stat,-1,C4_lidar_medium,C4_lidar_medium,209,off,off,False,True,
1779495190.8871117,stat_pub,stat,-1,C4_lidar_medium,C4_lidar_medium,210,off,off,False,True,
1779495191.3875897,stat_pub,stat,-1,C4_lidar_medium,C4_lidar_medium,210,off,off,False,True,
1779495191.8878403,stat_pub,stat,-1,C4_lidar_medium,C4_lidar_medium,210,off,off,False,True,
1779495192.3885236,stat_pub,stat,-1,C4_lidar_medium,C4_lidar_medium,210,off,off,False,True,
1779495192.8888457,stat_pub,stat,-1,C4_lidar_medium,C4_lidar_medium,210,off,off,False,True,
1779495193.3892848,stat_pub,stat,-1,C4_lidar_medium,C4_lidar_medium,210,off,off,False,True,
1779495193.8898485,stat_pub,stat,-1,C4_lidar_medium,C4_lidar_medium,210,off,off,False,True,
1779495194.3904312,stat_pub,stat,-1,C4_lidar_medium,C4_lidar_medium,208,off,off,False,True,
1779495194.8908067,stat_pub,stat,-1,C4_lidar_medium,C4_lidar_medium,208,off,off,False,True,
1779495195.391204,stat_pub,stat,-1,C4_lidar_medium,C4_lidar_medium,207,off,off,False,True,
1779495195.8917022,stat_pub,stat,-1,C4_lidar_medium,C4_lidar_medium,210,off,off,False,True,
1779495196.3919299,stat_pub,stat,-1,C4_lidar_medium,C4_lidar_medium,210,off,off,False,True,
1779495196.892321,stat_pub,stat,-1,C4_lidar_medium,C4_lidar_medium,209,off,off,False,True,
1779495197.3924687,stat_pub,stat,-1,C4_lidar_medium,C4_lidar_medium,210,off,off,False,True,
1779495197.8926647,stat_pub,stat,-1,C4_lidar_medium,C4_lidar_medium,210,off,off,False,True,
1779495198.3931773,stat_pub,stat,-1,C4_lidar_medium,C4_lidar_medium,210,off,off,False,True,
1779495198.8935988,stat_pub,stat,-1,C4_lidar_medium,C4_lidar_medium,210,off,off,False,True,
1779495199.3939342,stat_pub,stat,-1,C4_lidar_medium,C4_lidar_medium,210,off,off,False,True,
1779495199.8941898,stat_pub,stat,-1,C4_lidar_medium,C4_lidar_medium,210,off,off,False,True,
1779495200.3943927,stat_pub,stat,-1,C4_lidar_medium,C4_lidar_medium,210,off,off,False,True,
1779495200.8947845,stat_pub,stat,-1,C4_lidar_medium,C4_lidar_medium,210,off,off,False,True,
1779495201.3949788,stat_pub,stat,-1,C4_lidar_medium,C4_lidar_medium,210,off,off,False,True,
1779495201.8953288,stat_pub,stat,-1,C4_lidar_medium,C4_lidar_medium,210,off,off,False,True,
1779495202.3957484,stat_pub,stat,-1,C4_lidar_medium,C4_lidar_medium,210,off,off,False,True,
1779495202.8962598,stat_pub,stat,-1,C4_lidar_medium,C4_lidar_medium,210,off,off,False,True,
1779495203.3968132,stat_pub,stat,-1,C4_lidar_medium,C4_lidar_medium,210,off,off,False,True,
1779495203.8970988,stat_pub,stat,-1,C4_lidar_medium,C4_lidar_medium,210,off,off,False,True,
1779495204.3976278,stat_pub,stat,-1,C4_lidar_medium,C4_lidar_medium,210,off,off,False,True,
1779495204.8981287,stat_pub,stat,-1,C4_lidar_medium,C4_lidar_medium,210,off,off,False,True,
1779495205.3984053,stat_pub,stat,-1,C4_lidar_medium,C4_lidar_medium,210,off,off,False,True,
1779495205.8988118,stat_pub,stat,-1,C4_lidar_medium,C4_lidar_medium,210,off,off,False,True,
1779495206.3991382,stat_pub,stat,-1,C4_lidar_medium,C4_lidar_medium,210,off,off,False,True,
1779495206.8997025,stat_pub,stat,-1,C4_lidar_medium,C4_lidar_medium,210,off,off,False,True,
1779495207.3998194,stat_pub,stat,-1,C4_lidar_medium,C4_lidar_medium,210,off,off,False,True,
1779495207.9006007,stat_pub,stat,-1,C4_lidar_medium,C4_lidar_medium,209,off,off,False,True,
1779495208.4015875,stat_pub,stat,-1,C4_lidar_medium,C4_lidar_medium,210,off,off,False,True,
1779495208.9021535,stat_pub,stat,-1,C4_lidar_medium,C4_lidar_medium,210,off,off,False,True,
1779495209.402258,stat_pub,stat,-1,C4_lidar_medium,C4_lidar_medium,209,off,off,False,True,
1779495209.90265,stat_pub,stat,-1,C4_lidar_medium,C4_lidar_medium,208,off,off,False,True,
1779495210.402887,stat_pub,stat,-1,C4_lidar_medium,C4_lidar_medium,209,off,off,False,True,
1779495210.9033084,stat_pub,stat,-1,C4_lidar_medium,C4_lidar_medium,210,off,off,False,True,
1779495211.4037259,stat_pub,stat,-1,C4_lidar_medium,C4_lidar_medium,210,off,off,False,True,
1779495211.9038813,stat_pub,stat,-1,C4_lidar_medium,C4_lidar_medium,210,off,off,False,True,
1779495212.404253,stat_pub,stat,-1,C4_lidar_medium,C4_lidar_medium,209,off,off,False,True,
1779495212.9047794,stat_pub,stat,-1,C4_lidar_medium,C4_lidar_medium,210,off,off,False,True,
1779495213.4053595,stat_pub,stat,-1,C4_lidar_medium,C4_lidar_medium,210,off,off,False,True,
1779495213.9056804,stat_pub,stat,-1,C4_lidar_medium,C4_lidar_medium,210,off,off,False,True,
1779495214.4059958,stat_pub,stat,-1,C4_lidar_medium,C4_lidar_medium,210,off,off,False,True,
1779495214.9062881,stat_pub,stat,-1,C4_lidar_medium,C4_lidar_medium,210,off,off,False,True,
1779495215.4066677,stat_pub,stat,-1,C4_lidar_medium,C4_lidar_medium,210,off,off,False,True,
1779495215.9069202,stat_pub,stat,-1,C4_lidar_medium,C4_lidar_medium,210,off,off,False,True,
1779495216.4072278,stat_pub,stat,-1,C4_lidar_medium,C4_lidar_medium,210,off,off,False,True,
1779495216.9075212,stat_pub,stat,-1,C4_lidar_medium,C4_lidar_medium,210,off,off,False,True,
1779495217.4078925,stat_pub,stat,-1,C4_lidar_medium,C4_lidar_medium,210,off,off,False,True,
1779495217.9081414,stat_pub,stat,-1,C4_lidar_medium,C4_lidar_medium,210,off,off,False,True,
1779495218.4084756,stat_pub,stat,-1,C4_lidar_medium,C4_lidar_medium,210,off,off,False,True,
1779495218.9089873,stat_pub,stat,-1,C4_lidar_medium,C4_lidar_medium,210,off,off,False,True,
1779495219.4093804,stat_pub,stat,-1,C4_lidar_medium,C4_lidar_medium,210,off,off,False,True,
1779495219.9097219,stat_pub,stat,-1,C4_lidar_medium,C4_lidar_medium,210,off,off,False,True,
1779495220.4101408,stat_pub,stat,-1,C4_lidar_medium,C4_lidar_medium,210,off,off,False,True,
1779495220.9104426,stat_pub,stat,-1,C4_lidar_medium,C4_lidar_medium,209,off,off,False,True,
1779495221.4110255,stat_pub,stat,-1,C4_lidar_medium,C4_lidar_medium,209,off,off,False,True,
1779495221.91121,stat_pub,stat,-1,C4_lidar_medium,C4_lidar_medium,207,off,off,False,True,
1779495222.4115481,stat_pub,stat,-1,C4_lidar_medium,C4_lidar_medium,210,off,off,False,True,
1779495222.9119759,stat_pub,stat,-1,C4_lidar_medium,C4_lidar_medium,210,off,off,False,True,
1779495223.4122877,stat_pub,stat,-1,C4_lidar_medium,C4_lidar_medium,210,off,off,False,True,
1779495223.9127247,stat_pub,stat,-1,C4_lidar_medium,C4_lidar_medium,210,off,off,False,True,
1779495224.413306,stat_pub,stat,-1,C4_lidar_medium,C4_lidar_medium,209,off,off,False,True,
1779495224.9139185,stat_pub,stat,-1,C4_lidar_medium,C4_lidar_medium,210,off,off,False,True,
1779495225.4140518,stat_pub,stat,-1,C4_lidar_medium,C4_lidar_medium,210,off,off,False,True,
1779495225.9144652,stat_pub,stat,-1,C4_lidar_medium,C4_lidar_medium,210,off,off,False,True,
1779495226.4146543,stat_pub,stat,-1,C4_lidar_medium,C4_lidar_medium,210,off,off,False,True,
1779495226.9149508,stat_pub,stat,-1,C4_lidar_medium,C4_lidar_medium,210,off,off,False,True,
1779495227.4155924,stat_pub,stat,-1,C4_lidar_medium,C4_lidar_medium,210,off,off,False,True,
1779495227.9159186,stat_pub,stat,-1,C4_lidar_medium,C4_lidar_medium,210,off,off,False,True,
1779495228.4161153,stat_pub,stat,-1,C4_lidar_medium,C4_lidar_medium,210,off,off,False,True,
1779495228.916546,stat_pub,stat,-1,C4_lidar_medium,C4_lidar_medium,209,off,off,False,True,
1779495229.4169414,stat_pub,stat,-1,C4_lidar_medium,C4_lidar_medium,210,off,off,False,True,
1779495229.917342,stat_pub,stat,-1,C4_lidar_medium,C4_lidar_medium,209,off,off,False,True,
1779495230.4175045,stat_pub,stat,-1,C4_lidar_medium,C4_lidar_medium,210,off,off,False,True,
1779495230.9180098,stat_pub,stat,-1,C4_lidar_medium,C4_lidar_medium,210,off,off,False,True,
1779495231.4184937,stat_pub,stat,-1,C4_lidar_medium,C4_lidar_medium,210,off,off,False,True,
1779495231.9188695,stat_pub,stat,-1,C4_lidar_medium,C4_lidar_medium,210,off,off,False,True,
1779495232.4194114,stat_pub,stat,-1,C4_lidar_medium,C4_lidar_medium,210,off,off,False,True,
1779495232.9200425,stat_pub,stat,-1,C4_lidar_medium,C4_lidar_medium,210,off,off,False,True,
1779495233.4204676,stat_pub,stat,-1,C4_lidar_medium,C4_lidar_medium,209,off,off,False,True,
1779495233.92096,stat_pub,stat,-1,C4_lidar_medium,C4_lidar_medium,207,off,off,False,True,
1779495234.4211638,stat_pub,stat,-1,C4_lidar_medium,C4_lidar_medium,209,off,off,False,True,
1779495234.9214742,stat_pub,stat,-1,C4_lidar_medium,C4_lidar_medium,210,off,off,False,True,
1779495235.4217045,stat_pub,stat,-1,C4_lidar_medium,C4_lidar_medium,210,off,off,False,True,
1779495235.92202,stat_pub,stat,-1,C4_lidar_medium,C4_lidar_medium,208,off,off,False,True,
1779495236.4226387,stat_pub,stat,-1,C4_lidar_medium,C4_lidar_medium,210,off,off,False,True,
1779495236.9228618,stat_pub,stat,-1,C4_lidar_medium,C4_lidar_medium,210,off,off,False,True,
1779495237.423249,stat_pub,stat,-1,C4_lidar_medium,C4_lidar_medium,209,off,off,False,True,
1779495237.9237075,stat_pub,stat,-1,C4_lidar_medium,C4_lidar_medium,210,off,off,False,True,
1779495238.4241219,stat_pub,stat,-1,C4_lidar_medium,C4_lidar_medium,210,off,off,False,True,
1779495238.9242544,stat_pub,stat,-1,C4_lidar_medium,C4_lidar_medium,210,off,off,False,True,
1779495239.4244108,stat_pub,stat,-1,C4_lidar_medium,C4_lidar_medium,210,off,off,False,True,
1779495239.9248512,stat_pub,stat,-1,C4_lidar_medium,C4_lidar_medium,210,off,off,False,True,
1779495240.4250548,stat_pub,stat,-1,C4_lidar_medium,C4_lidar_medium,210,off,off,False,True,
1779495240.92542,stat_pub,stat,-1,C4_lidar_medium,C4_lidar_medium,208,off,off,False,True,
1779495241.425636,stat_pub,stat,-1,C4_lidar_medium,C4_lidar_medium,209,off,off,False,True,
1779495241.9257746,stat_pub,stat,-1,C4_lidar_medium,C4_lidar_medium,210,off,off,False,True,
1779495242.4262488,stat_pub,stat,-1,C4_lidar_medium,C4_lidar_medium,210,off,off,False,True,
1779495242.9265857,stat_pub,stat,-1,C4_lidar_medium,C4_lidar_medium,210,off,off,False,True,
1779495243.4270527,stat_pub,stat,-1,C4_lidar_medium,C4_lidar_medium,210,off,off,False,True,
1779495243.9273667,stat_pub,stat,-1,C4_lidar_medium,C4_lidar_medium,210,off,off,False,True,
1779495244.4279716,stat_pub,stat,-1,C4_lidar_medium,C4_lidar_medium,210,off,off,False,True,
1779495244.9281135,stat_pub,stat,-1,C4_lidar_medium,C4_lidar_medium,210,off,off,False,True,
1779495245.4285696,stat_pub,stat,-1,C4_lidar_medium,C4_lidar_medium,210,off,off,False,True,
1779495245.9288194,stat_pub,stat,-1,C4_lidar_medium,C4_lidar_medium,210,off,off,False,True,
1779495246.4294267,stat_pub,stat,-1,C4_lidar_medium,C4_lidar_medium,210,off,off,False,True,
1779495246.9299326,stat_pub,stat,-1,C4_lidar_medium,C4_lidar_medium,210,off,off,False,True,
1779495247.430333,stat_pub,stat,-1,C4_lidar_medium,C4_lidar_medium,208,off,off,False,True,
1779495247.9306643,stat_pub,stat,-1,C4_lidar_medium,C4_lidar_medium,209,off,off,False,True,
1779495248.4309065,stat_pub,stat,-1,C4_lidar_medium,C4_lidar_medium,209,off,off,False,True,
1779495248.931509,stat_pub,stat,-1,C4_lidar_medium,C4_lidar_medium,209,off,off,False,True,
1779495249.4321134,stat_pub,stat,-1,C4_lidar_medium,C4_lidar_medium,210,off,off,False,True,
1779495249.9326828,stat_pub,stat,-1,C4_lidar_medium,C4_lidar_medium,210,off,off,False,True,
1779495250.433286,stat_pub,stat,-1,C4_lidar_medium,C4_lidar_medium,209,off,off,False,True,
1779495250.9337,stat_pub,stat,-1,C4_lidar_medium,C4_lidar_medium,207,off,off,False,True,
1779495251.4340901,stat_pub,stat,-1,C4_lidar_medium,C4_lidar_medium,210,off,off,False,True,
1779495251.9341924,stat_pub,stat,-1,C4_lidar_medium,C4_lidar_medium,210,off,off,False,True,
1779495252.4343536,stat_pub,stat,-1,C4_lidar_medium,C4_lidar_medium,210,off,off,False,True,
1779495252.93471,stat_pub,stat,-1,C4_lidar_medium,C4_lidar_medium,208,off,off,False,True,
1779495253.4349995,stat_pub,stat,-1,C4_lidar_medium,C4_lidar_medium,210,off,off,False,True,
1779495253.9352174,stat_pub,stat,-1,C4_lidar_medium,C4_lidar_medium,210,off,off,False,True,
1779495254.4355595,stat_pub,stat,-1,C4_lidar_medium,C4_lidar_medium,210,off,off,False,True,
1779495254.935778,stat_pub,stat,-1,C4_lidar_medium,C4_lidar_medium,209,off,off,False,True,
1779495255.4361618,stat_pub,stat,-1,C4_lidar_medium,C4_lidar_medium,210,off,off,False,True,
1779495255.936671,stat_pub,stat,-1,C4_lidar_medium,C4_lidar_medium,209,off,off,False,True,
1779495256.4370544,stat_pub,stat,-1,C4_lidar_medium,C4_lidar_medium,210,off,off,False,True,
1779495256.937609,stat_pub,stat,-1,C4_lidar_medium,C4_lidar_medium,209,off,off,False,True,
1779495257.437971,stat_pub,stat,-1,C4_lidar_medium,C4_lidar_medium,209,off,off,False,True,
1779495257.9380817,stat_pub,stat,-1,C4_lidar_medium,C4_lidar_medium,210,off,off,False,True,
1779495258.4384131,stat_pub,stat,-1,C4_lidar_medium,C4_lidar_medium,210,off,off,False,True,
1779495258.9389312,stat_pub,stat,-1,C4_lidar_medium,C4_lidar_medium,210,off,off,False,True,
1779495259.4394035,stat_pub,stat,-1,C4_lidar_medium,C4_lidar_medium,210,off,off,False,True,
1779495259.9399636,stat_pub,stat,-1,C4_lidar_medium,C4_lidar_medium,210,off,off,False,True,
1779495260.4405334,stat_pub,stat,-1,C4_lidar_medium,C4_lidar_medium,209,off,off,False,True,
1779495260.940703,stat_pub,stat,-1,C4_lidar_medium,C4_lidar_medium,208,off,off,False,True,
1779495261.441504,stat_pub,stat,-1,C4_lidar_medium,C4_lidar_medium,209,off,off,False,True,
1779495261.9420636,stat_pub,stat,-1,C4_lidar_medium,C4_lidar_medium,210,off,off,False,True,
1779495262.442302,stat_pub,stat,-1,C4_lidar_medium,C4_lidar_medium,209,off,off,False,True,
1779495262.9427934,stat_pub,stat,-1,C4_lidar_medium,C4_lidar_medium,210,off,off,False,True,
1779495263.4429271,stat_pub,stat,-1,C4_lidar_medium,C4_lidar_medium,210,off,off,False,True,
1779495263.9434202,stat_pub,stat,-1,C4_lidar_medium,C4_lidar_medium,210,off,off,False,True,
1779495264.443777,stat_pub,stat,-1,C4_lidar_medium,C4_lidar_medium,209,off,off,False,True,
1779495264.9442906,stat_pub,stat,-1,C4_lidar_medium,C4_lidar_medium,210,off,off,False,True,
1779495265.4446967,stat_pub,stat,-1,C4_lidar_medium,C4_lidar_medium,210,off,off,False,True,
1779495265.9452312,stat_pub,stat,-1,C4_lidar_medium,C4_lidar_medium,210,off,off,False,True,
1779495266.445732,stat_pub,stat,-1,C4_lidar_medium,C4_lidar_medium,209,off,off,False,True,
1779495266.945865,stat_pub,stat,-1,C4_lidar_medium,C4_lidar_medium,209,off,off,False,True,
1779495267.4463122,stat_pub,stat,-1,C4_lidar_medium,C4_lidar_medium,210,off,off,False,True,
1779495267.9467773,stat_pub,stat,-1,C4_lidar_medium,C4_lidar_medium,210,off,off,False,True,
1779495268.4471996,stat_pub,stat,-1,C4_lidar_medium,C4_lidar_medium,210,off,off,False,True,
1779495268.9479027,stat_pub,stat,-1,C4_lidar_medium,C4_lidar_medium,210,off,off,False,True,
1779495269.4482553,stat_pub,stat,-1,C4_lidar_medium,C4_lidar_medium,210,off,off,False,True,
1779495269.9485955,stat_pub,stat,-1,C4_lidar_medium,C4_lidar_medium,210,off,off,False,True,
1779495270.44881,stat_pub,stat,-1,C4_lidar_medium,C4_lidar_medium,208,off,off,False,True,
1779495270.9491165,stat_pub,stat,-1,C4_lidar_medium,C4_lidar_medium,210,off,off,False,True,
1779495271.4497244,stat_pub,stat,-1,C4_lidar_medium,C4_lidar_medium,210,off,off,False,True,
1779495271.9501,stat_pub,stat,-1,C4_lidar_medium,C4_lidar_medium,207,off,off,False,True,
1779495272.4505825,stat_pub,stat,-1,C4_lidar_medium,C4_lidar_medium,209,off,off,False,True,
1779495272.951388,stat_pub,stat,-1,C4_lidar_medium,C4_lidar_medium,209,off,off,False,True,
1779495273.4517252,stat_pub,stat,-1,C4_lidar_medium,C4_lidar_medium,210,off,off,False,True,
1779495273.9519057,stat_pub,stat,-1,C4_lidar_medium,C4_lidar_medium,210,off,off,False,True,
1779495274.4520543,stat_pub,stat,-1,C4_lidar_medium,C4_lidar_medium,210,off,off,False,True,
1779495274.952396,stat_pub,stat,-1,C4_lidar_medium,C4_lidar_medium,209,off,off,False,True,
1779495275.453043,stat_pub,stat,-1,C4_lidar_medium,C4_lidar_medium,209,off,off,False,True,
1779495275.953633,stat_pub,stat,-1,C4_lidar_medium,C4_lidar_medium,209,off,off,False,True,
1779495276.4542296,stat_pub,stat,-1,C4_lidar_medium,C4_lidar_medium,210,off,off,False,True,
1779495276.9545195,stat_pub,stat,-1,C4_lidar_medium,C4_lidar_medium,210,off,off,False,True,
1779495277.4550662,stat_pub,stat,-1,C4_lidar_medium,C4_lidar_medium,210,off,off,False,True,
1779495277.9556324,stat_pub,stat,-1,C4_lidar_medium,C4_lidar_medium,210,off,off,False,True,
1779495278.4559038,stat_pub,stat,-1,C4_lidar_medium,C4_lidar_medium,210,off,off,False,True,
1779495278.956301,stat_pub,stat,-1,C4_lidar_medium,C4_lidar_medium,209,off,off,False,True,
1779495279.456861,stat_pub,stat,-1,C4_lidar_medium,C4_lidar_medium,209,off,off,False,True,
1779495279.9571013,stat_pub,stat,-1,C4_lidar_medium,C4_lidar_medium,210,off,off,False,True,
1779495280.4572787,stat_pub,stat,-1,C4_lidar_medium,C4_lidar_medium,210,off,off,False,True,
1779495280.9576855,stat_pub,stat,-1,C4_lidar_medium,C4_lidar_medium,210,off,off,False,True,
1779495281.457853,stat_pub,stat,-1,C4_lidar_medium,C4_lidar_medium,209,off,off,False,True,
1779495281.9580846,stat_pub,stat,-1,C4_lidar_medium,C4_lidar_medium,210,off,off,False,True,
1779495282.458449,stat_pub,stat,-1,C4_lidar_medium,C4_lidar_medium,209,off,off,False,True,
1779495282.9589562,stat_pub,stat,-1,C4_lidar_medium,C4_lidar_medium,210,off,off,False,True,
1779495283.4592888,stat_pub,stat,-1,C4_lidar_medium,C4_lidar_medium,210,off,off,False,True,
1779495283.9597805,stat_pub,stat,-1,C4_lidar_medium,C4_lidar_medium,210,off,off,False,True,
1779495284.459957,stat_pub,stat,-1,C4_lidar_medium,C4_lidar_medium,209,off,off,False,True,
1779495284.9602988,stat_pub,stat,-1,C4_lidar_medium,C4_lidar_medium,209,off,off,False,True,
1779495285.46066,stat_pub,stat,-1,C4_lidar_medium,C4_lidar_medium,207,off,off,False,True,
1779495285.9607666,stat_pub,stat,-1,C4_lidar_medium,C4_lidar_medium,209,off,off,False,True,
1779495286.4612548,stat_pub,stat,-1,C4_lidar_medium,C4_lidar_medium,209,off,off,False,True,
1779495286.9617667,stat_pub,stat,-1,C4_lidar_medium,C4_lidar_medium,210,off,off,False,True,
1779495287.4622993,stat_pub,stat,-1,C4_lidar_medium,C4_lidar_medium,210,off,off,False,True,
1779495287.9629586,stat_pub,stat,-1,C4_lidar_medium,C4_lidar_medium,210,off,off,False,True,
1779495288.4635575,stat_pub,stat,-1,C4_lidar_medium,C4_lidar_medium,210,off,off,False,True,
1779495288.9639678,stat_pub,stat,-1,C4_lidar_medium,C4_lidar_medium,210,off,off,False,True,
1779495289.464429,stat_pub,stat,-1,C4_lidar_medium,C4_lidar_medium,209,off,off,False,True,
1779495289.9648333,stat_pub,stat,-1,C4_lidar_medium,C4_lidar_medium,210,off,off,False,True,
1779495290.4650705,stat_pub,stat,-1,C4_lidar_medium,C4_lidar_medium,210,off,off,False,True,
1779495290.965326,stat_pub,stat,-1,C4_lidar_medium,C4_lidar_medium,209,off,off,False,True,
1779495291.4654925,stat_pub,stat,-1,C4_lidar_medium,C4_lidar_medium,210,off,off,False,True,
1779495291.9656794,stat_pub,stat,-1,C4_lidar_medium,C4_lidar_medium,210,off,off,False,True,
1779495292.4660194,stat_pub,stat,-1,C4_lidar_medium,C4_lidar_medium,210,off,off,False,True,
1779495292.9661794,stat_pub,stat,-1,C4_lidar_medium,C4_lidar_medium,210,off,off,False,True,
1779495293.4666693,stat_pub,stat,-1,C4_lidar_medium,C4_lidar_medium,210,off,off,False,True,
1779495293.966929,stat_pub,stat,-1,C4_lidar_medium,C4_lidar_medium,209,off,off,False,True,
1779495294.4675004,stat_pub,stat,-1,C4_lidar_medium,C4_lidar_medium,210,off,off,False,True,
1779495294.9677708,stat_pub,stat,-1,C4_lidar_medium,C4_lidar_medium,210,off,off,False,True,
1779495295.468346,stat_pub,stat,-1,C4_lidar_medium,C4_lidar_medium,209,off,off,False,True,
1779495295.9687898,stat_pub,stat,-1,C4_lidar_medium,C4_lidar_medium,210,off,off,False,True,
1779495296.4691923,stat_pub,stat,-1,C4_lidar_medium,C4_lidar_medium,210,off,off,False,True,
1779495296.9697092,stat_pub,stat,-1,C4_lidar_medium,C4_lidar_medium,210,off,off,False,True,
1779495297.4702027,stat_pub,stat,-1,C4_lidar_medium,C4_lidar_medium,210,off,off,False,True,
1779495297.9707406,stat_pub,stat,-1,C4_lidar_medium,C4_lidar_medium,209,off,off,False,True,
1779495298.4708755,stat_pub,stat,-1,C4_lidar_medium,C4_lidar_medium,209,off,off,False,True,
1779495298.971038,stat_pub,stat,-1,C4_lidar_medium,C4_lidar_medium,208,off,off,False,True,
1779495299.4714139,stat_pub,stat,-1,C4_lidar_medium,C4_lidar_medium,210,off,off,False,True,
1779495299.9721174,stat_pub,stat,-1,C4_lidar_medium,C4_lidar_medium,210,off,off,False,True,
1779495300.4725604,stat_pub,stat,-1,C4_lidar_medium,C4_lidar_medium,210,off,off,False,True,
1779495300.9730008,stat_pub,stat,-1,C4_lidar_medium,C4_lidar_medium,210,off,off,False,True,
1779495301.4731102,stat_pub,stat,-1,C4_lidar_medium,C4_lidar_medium,210,off,off,False,True,
1779495301.9735782,stat_pub,stat,-1,C4_lidar_medium,C4_lidar_medium,210,off,off,False,True,
1779495302.4740882,stat_pub,stat,-1,C4_lidar_medium,C4_lidar_medium,210,off,off,False,True,
1779495302.9746456,stat_pub,stat,-1,C4_lidar_medium,C4_lidar_medium,210,off,off,False,True,
1779495303.4750957,stat_pub,stat,-1,C4_lidar_medium,C4_lidar_medium,210,off,off,False,True,
1779495303.975225,stat_pub,stat,-1,C4_lidar_medium,C4_lidar_medium,209,off,off,False,True,
1779495304.475429,stat_pub,stat,-1,C4_lidar_medium,C4_lidar_medium,209,off,off,False,True,
1779495304.9758606,stat_pub,stat,-1,C4_lidar_medium,C4_lidar_medium,210,off,off,False,True,
1779495305.4763322,stat_pub,stat,-1,C4_lidar_medium,C4_lidar_medium,210,off,off,False,True,
1779495305.9768033,stat_pub,stat,-1,C4_lidar_medium,C4_lidar_medium,210,off,off,False,True,
1779495306.4771116,stat_pub,stat,-1,C4_lidar_medium,C4_lidar_medium,210,off,off,False,True,
1779495306.977665,stat_pub,stat,-1,C4_lidar_medium,C4_lidar_medium,209,off,off,False,True,
1779495307.478179,stat_pub,stat,-1,C4_lidar_medium,C4_lidar_medium,209,off,off,False,True,
1779495307.9786339,stat_pub,stat,-1,C4_lidar_medium,C4_lidar_medium,210,off,off,False,True,
1779495308.4791112,stat_pub,stat,-1,C4_lidar_medium,C4_lidar_medium,210,off,off,False,True,
1779495308.9796114,stat_pub,stat,-1,C4_lidar_medium,C4_lidar_medium,210,off,off,False,True,
1779495309.4801683,stat_pub,stat,-1,C4_lidar_medium,C4_lidar_medium,210,off,off,False,True,
1779495309.9804213,stat_pub,stat,-1,C4_lidar_medium,C4_lidar_medium,209,off,off,False,True,
1779495310.4809544,stat_pub,stat,-1,C4_lidar_medium,C4_lidar_medium,209,off,off,False,True,
1779495310.9813368,stat_pub,stat,-1,C4_lidar_medium,C4_lidar_medium,210,off,off,False,True,
1779495311.4820886,stat_pub,stat,-1,C4_lidar_medium,C4_lidar_medium,210,off,off,False,True,
1779495311.9826064,stat_pub,stat,-1,C4_lidar_medium,C4_lidar_medium,210,off,off,False,True,
1779495312.482993,stat_pub,stat,-1,C4_lidar_medium,C4_lidar_medium,209,off,off,False,True,
1779495312.9834363,stat_pub,stat,-1,C4_lidar_medium,C4_lidar_medium,210,off,off,False,True,
1779495313.4838903,stat_pub,stat,-1,C4_lidar_medium,C4_lidar_medium,210,off,off,False,True,
1779495313.9843538,stat_pub,stat,-1,C4_lidar_medium,C4_lidar_medium,210,off,off,False,True,
1779495314.4847462,stat_pub,stat,-1,C4_lidar_medium,C4_lidar_medium,210,off,off,False,True,
1779495314.985183,stat_pub,stat,-1,C4_lidar_medium,C4_lidar_medium,209,off,off,False,True,
1779495315.4856324,stat_pub,stat,-1,C4_lidar_medium,C4_lidar_medium,210,off,off,False,True,
1779495315.9858465,stat_pub,stat,-1,C4_lidar_medium,C4_lidar_medium,210,off,off,False,True,
1779495316.4862623,stat_pub,stat,-1,C4_lidar_medium,C4_lidar_medium,210,off,off,False,True,
1779495316.9865532,stat_pub,stat,-1,C4_lidar_medium,C4_lidar_medium,210,off,off,False,True,
1779495317.4871442,stat_pub,stat,-1,C4_lidar_medium,C4_lidar_medium,210,off,off,False,True,
1779495317.9876866,stat_pub,stat,-1,C4_lidar_medium,C4_lidar_medium,210,off,off,False,True,
1779495318.4882576,stat_pub,stat,-1,C4_lidar_medium,C4_lidar_medium,210,off,off,False,True,
1779495318.9884293,stat_pub,stat,-1,C4_lidar_medium,C4_lidar_medium,210,off,off,False,True,
1779495319.488808,stat_pub,stat,-1,C4_lidar_medium,C4_lidar_medium,209,off,off,False,True,
1779495319.9893587,stat_pub,stat,-1,C4_lidar_medium,C4_lidar_medium,210,off,off,False,True,
1779495320.4896176,stat_pub,stat,-1,C4_lidar_medium,C4_lidar_medium,210,off,off,False,True,
1779495320.9901226,stat_pub,stat,-1,C4_lidar_medium,C4_lidar_medium,210,off,off,False,True,
1779495321.4903367,stat_pub,stat,-1,C4_lidar_medium,C4_lidar_medium,208,off,off,False,True,
1779495321.990746,stat_pub,stat,-1,C4_lidar_medium,C4_lidar_medium,207,off,off,False,True,
1779495322.4909256,stat_pub,stat,-1,C4_lidar_medium,C4_lidar_medium,208,off,off,False,True,
1779495322.9912813,stat_pub,stat,-1,C4_lidar_medium,C4_lidar_medium,210,off,off,False,True,
1779495323.4915984,stat_pub,stat,-1,C4_lidar_medium,C4_lidar_medium,210,off,off,False,True,
1779495323.991936,stat_pub,stat,-1,C4_lidar_medium,C4_lidar_medium,209,off,off,False,True,
1779495324.4923372,stat_pub,stat,-1,C4_lidar_medium,C4_lidar_medium,210,off,off,False,True,
1779495324.992466,stat_pub,stat,-1,C4_lidar_medium,C4_lidar_medium,209,off,off,False,True,
1779495325.4926424,stat_pub,stat,-1,C4_lidar_medium,C4_lidar_medium,210,off,off,False,True,
1779495325.9928198,stat_pub,stat,-1,C4_lidar_medium,C4_lidar_medium,210,off,off,False,True,
1779495326.4929576,stat_pub,stat,-1,C4_lidar_medium,C4_lidar_medium,210,off,off,False,True,
1779495326.9933438,stat_pub,stat,-1,C4_lidar_medium,C4_lidar_medium,210,off,off,False,True,
1779495327.4934988,stat_pub,stat,-1,C4_lidar_medium,C4_lidar_medium,210,off,off,False,True,
1779495327.9941847,stat_pub,stat,-1,C4_lidar_medium,C4_lidar_medium,210,off,off,False,True,
1779495328.4947984,stat_pub,stat,-1,C4_lidar_medium,C4_lidar_medium,210,off,off,False,True,
1779495328.9952054,stat_pub,stat,-1,C4_lidar_medium,C4_lidar_medium,210,off,off,False,True,
1779495329.4953322,stat_pub,stat,-1,C4_lidar_medium,C4_lidar_medium,210,off,off,False,True,
1779495329.9955065,stat_pub,stat,-1,C4_lidar_medium,C4_lidar_medium,210,off,off,False,True,
1779495330.4957924,stat_pub,stat,-1,C4_lidar_medium,C4_lidar_medium,210,off,off,False,True,
1779495330.996317,stat_pub,stat,-1,C4_lidar_medium,C4_lidar_medium,209,off,off,False,True,
1779495331.4965136,stat_pub,stat,-1,C4_lidar_medium,C4_lidar_medium,210,off,off,False,True,
1779495331.9967182,stat_pub,stat,-1,C4_lidar_medium,C4_lidar_medium,210,off,off,False,True,
1779495332.4973013,stat_pub,stat,-1,C4_lidar_medium,C4_lidar_medium,210,off,off,False,True,
1779495332.9975617,stat_pub,stat,-1,C4_lidar_medium,C4_lidar_medium,210,off,off,False,True,
1779495333.4979866,stat_pub,stat,-1,C4_lidar_medium,C4_lidar_medium,210,off,off,False,True,
1779495333.998576,stat_pub,stat,-1,C4_lidar_medium,C4_lidar_medium,209,off,off,False,True,
1779495334.4990628,stat_pub,stat,-1,C4_lidar_medium,C4_lidar_medium,210,off,off,False,True,
1779495334.9995148,stat_pub,stat,-1,C4_lidar_medium,C4_lidar_medium,210,off,off,False,True,
1779495335.4998412,stat_pub,stat,-1,C4_lidar_medium,C4_lidar_medium,210,off,off,False,True,
1779495336.000274,stat_pub,stat,-1,C4_lidar_medium,C4_lidar_medium,209,off,off,False,True,
1779495336.5004375,stat_pub,stat,-1,C4_lidar_medium,C4_lidar_medium,209,off,off,False,True,
1779495337.0005586,stat_pub,stat,-1,C4_lidar_medium,C4_lidar_medium,209,off,off,False,True,
1779495337.5011466,stat_pub,stat,-1,C4_lidar_medium,C4_lidar_medium,209,off,off,False,True,
1779495338.001474,stat_pub,stat,-1,C4_lidar_medium,C4_lidar_medium,209,off,off,False,True,
1779495338.5019383,stat_pub,stat,-1,C4_lidar_medium,C4_lidar_medium,210,off,off,False,True,
1779495339.002476,stat_pub,stat,-1,C4_lidar_medium,C4_lidar_medium,209,off,off,False,True,
1779495339.5029738,stat_pub,stat,-1,C4_lidar_medium,C4_lidar_medium,210,off,off,False,True,
1779495340.0036385,stat_pub,stat,-1,C4_lidar_medium,C4_lidar_medium,210,off,off,False,True,
1779495340.5038471,stat_pub,stat,-1,C4_lidar_medium,C4_lidar_medium,210,off,off,False,True,
1779495341.004023,stat_pub,stat,-1,C4_lidar_medium,C4_lidar_medium,209,off,off,False,True,
1779495341.5044818,stat_pub,stat,-1,C4_lidar_medium,C4_lidar_medium,210,off,off,False,True,
1779495342.0046766,stat_pub,stat,-1,C4_lidar_medium,C4_lidar_medium,210,off,off,False,True,
1779495342.5052962,stat_pub,stat,-1,C4_lidar_medium,C4_lidar_medium,210,off,off,False,True,
1779495343.0057712,stat_pub,stat,-1,C4_lidar_medium,C4_lidar_medium,210,off,off,False,True,
1779495343.5062432,stat_pub,stat,-1,C4_lidar_medium,C4_lidar_medium,210,off,off,False,True,
1779495344.0067549,stat_pub,stat,-1,C4_lidar_medium,C4_lidar_medium,210,off,off,False,True,
1779495344.5068886,stat_pub,stat,-1,C4_lidar_medium,C4_lidar_medium,210,off,off,False,True,
1779495345.0070207,stat_pub,stat,-1,C4_lidar_medium,C4_lidar_medium,210,off,off,False,True,
1779495345.5071964,stat_pub,stat,-1,C4_lidar_medium,C4_lidar_medium,210,off,off,False,True,
1779495346.0077093,stat_pub,stat,-1,C4_lidar_medium,C4_lidar_medium,210,off,off,False,True,
1779495346.5082564,stat_pub,stat,-1,C4_lidar_medium,C4_lidar_medium,210,off,off,False,True,
1779495347.0088198,stat_pub,stat,-1,C4_lidar_medium,C4_lidar_medium,210,off,off,False,True,
1779495347.5093877,stat_pub,stat,-1,C4_lidar_medium,C4_lidar_medium,210,off,off,False,True,
1779495348.0099611,stat_pub,stat,-1,C4_lidar_medium,C4_lidar_medium,210,off,off,False,True,
1779495348.510151,stat_pub,stat,-1,C4_lidar_medium,C4_lidar_medium,209,off,off,False,True,
1779495349.0104287,stat_pub,stat,-1,C4_lidar_medium,C4_lidar_medium,209,off,off,False,True,
1779495349.5108433,stat_pub,stat,-1,C4_lidar_medium,C4_lidar_medium,209,off,off,False,True,
1779495350.0112855,stat_pub,stat,-1,C4_lidar_medium,C4_lidar_medium,210,off,off,False,True,
1779495350.511818,stat_pub,stat,-1,C4_lidar_medium,C4_lidar_medium,209,off,off,False,True,
1779495351.012026,stat_pub,stat,-1,C4_lidar_medium,C4_lidar_medium,209,off,off,False,True,
1779495351.5124915,stat_pub,stat,-1,C4_lidar_medium,C4_lidar_medium,210,off,off,False,True,
1779495352.0130417,stat_pub,stat,-1,C4_lidar_medium,C4_lidar_medium,210,off,off,False,True,
1779495352.5135155,stat_pub,stat,-1,C4_lidar_medium,C4_lidar_medium,210,off,off,False,True,
1779495353.0139425,stat_pub,stat,-1,C4_lidar_medium,C4_lidar_medium,210,off,off,False,True,
1779495353.514283,stat_pub,stat,-1,C4_lidar_medium,C4_lidar_medium,209,off,off,False,True,
1779495354.0146422,stat_pub,stat,-1,C4_lidar_medium,C4_lidar_medium,210,off,off,False,True,
1779495354.5151203,stat_pub,stat,-1,C4_lidar_medium,C4_lidar_medium,210,off,off,False,True,
1779495355.0156958,stat_pub,stat,-1,C4_lidar_medium,C4_lidar_medium,210,off,off,False,True,
1779495355.515992,stat_pub,stat,-1,C4_lidar_medium,C4_lidar_medium,209,off,off,False,True,
1779495356.0164719,stat_pub,stat,-1,C4_lidar_medium,C4_lidar_medium,210,off,off,False,True,
1779495356.5167284,stat_pub,stat,-1,C4_lidar_medium,C4_lidar_medium,210,off,off,False,True,
1779495357.0168447,stat_pub,stat,-1,C4_lidar_medium,C4_lidar_medium,210,off,off,False,True,
1779495357.517028,stat_pub,stat,-1,C4_lidar_medium,C4_lidar_medium,209,off,off,False,True,
1779495358.017556,stat_pub,stat,-1,C4_lidar_medium,C4_lidar_medium,209,off,off,False,True,
1779495358.5177376,stat_pub,stat,-1,C4_lidar_medium,C4_lidar_medium,210,off,off,False,True,
1779495359.0179596,stat_pub,stat,-1,C4_lidar_medium,C4_lidar_medium,210,off,off,False,True,
1779495359.518372,stat_pub,stat,-1,C4_lidar_medium,C4_lidar_medium,209,off,off,False,True,
1779495360.018492,stat_pub,stat,-1,C4_lidar_medium,C4_lidar_medium,209,off,off,False,True,
1779495360.518678,stat_pub,stat,-1,C4_lidar_medium,C4_lidar_medium,209,off,off,False,True,
1779495361.0189874,stat_pub,stat,-1,C4_lidar_medium,C4_lidar_medium,210,off,off,False,True,
1779495361.5195205,stat_pub,stat,-1,C4_lidar_medium,C4_lidar_medium,210,off,off,False,True,
1779495362.0201313,stat_pub,stat,-1,C4_lidar_medium,C4_lidar_medium,210,off,off,False,True,
1779495362.520512,stat_pub,stat,-1,C4_lidar_medium,C4_lidar_medium,208,off,off,False,True,
1779495363.0208004,stat_pub,stat,-1,C4_lidar_medium,C4_lidar_medium,209,off,off,False,True,
1779495363.5211031,stat_pub,stat,-1,C4_lidar_medium,C4_lidar_medium,209,off,off,False,True,
1779495364.021537,stat_pub,stat,-1,C4_lidar_medium,C4_lidar_medium,209,off,off,False,True,
1779495364.522034,stat_pub,stat,-1,C4_lidar_medium,C4_lidar_medium,209,off,off,False,True,
1779495365.0226073,stat_pub,stat,-1,C4_lidar_medium,C4_lidar_medium,210,off,off,False,True,
1779495365.5232189,stat_pub,stat,-1,C4_lidar_medium,C4_lidar_medium,210,off,off,False,True,
1779495366.0237212,stat_pub,stat,-1,C4_lidar_medium,C4_lidar_medium,210,off,off,False,True,
1779495366.524412,stat_pub,stat,-1,C4_lidar_medium,C4_lidar_medium,209,off,off,False,True,
1779495367.0247118,stat_pub,stat,-1,C4_lidar_medium,C4_lidar_medium,210,off,off,False,True,
1779495367.5252557,stat_pub,stat,-1,C4_lidar_medium,C4_lidar_medium,210,off,off,False,True,
1779495368.0258512,stat_pub,stat,-1,C4_lidar_medium,C4_lidar_medium,210,off,off,False,True,
1779495368.52598,stat_pub,stat,-1,C4_lidar_medium,C4_lidar_medium,208,off,off,False,True,
1779495369.0262713,stat_pub,stat,-1,C4_lidar_medium,C4_lidar_medium,210,off,off,False,True,
1779495369.5266662,stat_pub,stat,-1,C4_lidar_medium,C4_lidar_medium,210,off,off,False,True,
1779495370.0272017,stat_pub,stat,-1,C4_lidar_medium,C4_lidar_medium,210,off,off,False,True,
1779495370.527665,stat_pub,stat,-1,C4_lidar_medium,C4_lidar_medium,209,off,off,False,True,
1779495371.0279515,stat_pub,stat,-1,C4_lidar_medium,C4_lidar_medium,210,off,off,False,True,
1779495371.5281472,stat_pub,stat,-1,C4_lidar_medium,C4_lidar_medium,210,off,off,False,True,
1779495372.028396,stat_pub,stat,-1,C4_lidar_medium,C4_lidar_medium,209,off,off,False,True,
1779495372.5287924,stat_pub,stat,-1,C4_lidar_medium,C4_lidar_medium,210,off,off,False,True,
1779495373.0293517,stat_pub,stat,-1,C4_lidar_medium,C4_lidar_medium,210,off,off,False,True,
1779495373.529683,stat_pub,stat,-1,C4_lidar_medium,C4_lidar_medium,209,off,off,False,True,
1779495374.030408,stat_pub,stat,-1,C4_lidar_medium,C4_lidar_medium,208,off,off,False,True,
1779495374.5305665,stat_pub,stat,-1,C4_lidar_medium,C4_lidar_medium,209,off,off,False,True,
1779495375.030878,stat_pub,stat,-1,C4_lidar_medium,C4_lidar_medium,208,off,off,False,True,
1779495375.5311093,stat_pub,stat,-1,C4_lidar_medium,C4_lidar_medium,209,off,off,False,True,
1779495376.0315917,stat_pub,stat,-1,C4_lidar_medium,C4_lidar_medium,210,off,off,False,True,
1779495376.531876,stat_pub,stat,-1,C4_lidar_medium,C4_lidar_medium,209,off,off,False,True,
1779495377.0319772,stat_pub,stat,-1,C4_lidar_medium,C4_lidar_medium,210,off,off,False,True,
1779495377.5321343,stat_pub,stat,-1,C4_lidar_medium,C4_lidar_medium,210,off,off,False,True,
1779495378.0325847,stat_pub,stat,-1,C4_lidar_medium,C4_lidar_medium,210,off,off,False,True,
1779495378.532896,stat_pub,stat,-1,C4_lidar_medium,C4_lidar_medium,209,off,off,False,True,
1779495379.0334947,stat_pub,stat,-1,C4_lidar_medium,C4_lidar_medium,210,off,off,False,True,
1779495379.533615,stat_pub,stat,-1,C4_lidar_medium,C4_lidar_medium,209,off,off,False,True,
1779495380.0337358,stat_pub,stat,-1,C4_lidar_medium,C4_lidar_medium,210,off,off,False,True,
1779495380.5339575,stat_pub,stat,-1,C4_lidar_medium,C4_lidar_medium,210,off,off,False,True,
1779495381.0342946,stat_pub,stat,-1,C4_lidar_medium,C4_lidar_medium,210,off,off,False,True,
1779495381.53469,stat_pub,stat,-1,C4_lidar_medium,C4_lidar_medium,208,off,off,False,True,
1779495382.035052,stat_pub,stat,-1,C4_lidar_medium,C4_lidar_medium,209,off,off,False,True,
1779495382.5354595,stat_pub,stat,-1,C4_lidar_medium,C4_lidar_medium,210,off,off,False,True,
1779495383.0356538,stat_pub,stat,-1,C4_lidar_medium,C4_lidar_medium,210,off,off,False,True,
1779495383.5359895,stat_pub,stat,-1,C4_lidar_medium,C4_lidar_medium,210,off,off,False,True,
1779495384.0365362,stat_pub,stat,-1,C4_lidar_medium,C4_lidar_medium,210,off,off,False,True,
1779495384.5368974,stat_pub,stat,-1,C4_lidar_medium,C4_lidar_medium,210,off,off,False,True,
1779495385.0372589,stat_pub,stat,-1,C4_lidar_medium,C4_lidar_medium,210,off,off,False,True,
1779495385.5377114,stat_pub,stat,-1,C4_lidar_medium,C4_lidar_medium,210,off,off,False,True,
1779495386.0381088,stat_pub,stat,-1,C4_lidar_medium,C4_lidar_medium,210,off,off,False,True,
1779495386.5385296,stat_pub,stat,-1,C4_lidar_medium,C4_lidar_medium,210,off,off,False,True,
1779495387.0390296,stat_pub,stat,-1,C4_lidar_medium,C4_lidar_medium,210,off,off,False,True,
1779495387.5392463,stat_pub,stat,-1,C4_lidar_medium,C4_lidar_medium,210,off,off,False,True,
1779495388.0397933,stat_pub,stat,-1,C4_lidar_medium,C4_lidar_medium,210,off,off,False,True,
1779495388.540356,stat_pub,stat,-1,C4_lidar_medium,C4_lidar_medium,208,off,off,False,True,
1779495389.0408556,stat_pub,stat,-1,C4_lidar_medium,C4_lidar_medium,209,off,off,False,True,
1779495389.5410533,stat_pub,stat,-1,C4_lidar_medium,C4_lidar_medium,209,off,off,False,True,
1779495390.0413244,stat_pub,stat,-1,C4_lidar_medium,C4_lidar_medium,210,off,off,False,True,
1779495390.5418708,stat_pub,stat,-1,C4_lidar_medium,C4_lidar_medium,210,off,off,False,True,
1779495391.042214,stat_pub,stat,-1,C4_lidar_medium,C4_lidar_medium,209,off,off,False,True,
1779495391.5424907,stat_pub,stat,-1,C4_lidar_medium,C4_lidar_medium,210,off,off,False,True,
1779495392.042965,stat_pub,stat,-1,C4_lidar_medium,C4_lidar_medium,209,off,off,False,True,
1779495392.5431147,stat_pub,stat,-1,C4_lidar_medium,C4_lidar_medium,210,off,off,False,True,
1779495393.0436556,stat_pub,stat,-1,C4_lidar_medium,C4_lidar_medium,210,off,off,False,True,
1779495393.544001,stat_pub,stat,-1,C4_lidar_medium,C4_lidar_medium,209,off,off,False,True,
1779495394.044347,stat_pub,stat,-1,C4_lidar_medium,C4_lidar_medium,209,off,off,False,True,
1779495394.544615,stat_pub,stat,-1,C4_lidar_medium,C4_lidar_medium,209,off,off,False,True,
1779495395.0447245,stat_pub,stat,-1,C4_lidar_medium,C4_lidar_medium,210,off,off,False,True,
1779495395.5450408,stat_pub,stat,-1,C4_lidar_medium,C4_lidar_medium,210,off,off,False,True,
1779495396.045525,stat_pub,stat,-1,C4_lidar_medium,C4_lidar_medium,209,off,off,False,True,
1779495396.5456982,stat_pub,stat,-1,C4_lidar_medium,C4_lidar_medium,210,off,off,False,True,
1779495397.045916,stat_pub,stat,-1,C4_lidar_medium,C4_lidar_medium,209,off,off,False,True,
1779495397.5463014,stat_pub,stat,-1,C4_lidar_medium,C4_lidar_medium,210,off,off,False,True,
1779495398.0465913,stat_pub,stat,-1,C4_lidar_medium,C4_lidar_medium,210,off,off,False,True,
1779495398.546758,stat_pub,stat,-1,C4_lidar_medium,C4_lidar_medium,209,off,off,False,True,
1779495399.0470848,stat_pub,stat,-1,C4_lidar_medium,C4_lidar_medium,210,off,off,False,True,
1779495399.547396,stat_pub,stat,-1,C4_lidar_medium,C4_lidar_medium,209,off,off,False,True,
1779495400.047766,stat_pub,stat,-1,C4_lidar_medium,C4_lidar_medium,209,off,off,False,True,
1779495400.5483317,stat_pub,stat,-1,C4_lidar_medium,C4_lidar_medium,210,off,off,False,True,
1779495401.0488172,stat_pub,stat,-1,C4_lidar_medium,C4_lidar_medium,210,off,off,False,True,
1779495401.5490367,stat_pub,stat,-1,C4_lidar_medium,C4_lidar_medium,210,off,off,False,True,
1779495402.0496097,stat_pub,stat,-1,C4_lidar_medium,C4_lidar_medium,210,off,off,False,True,
1779495402.549838,stat_pub,stat,-1,C4_lidar_medium,C4_lidar_medium,209,off,off,False,True,
1779495403.0503583,stat_pub,stat,-1,C4_lidar_medium,C4_lidar_medium,209,off,off,False,True,
1779495403.5510726,stat_pub,stat,-1,C4_lidar_medium,C4_lidar_medium,209,off,off,False,True,
1779495404.0512748,stat_pub,stat,-1,C4_lidar_medium,C4_lidar_medium,210,off,off,False,True,
1779495404.5517254,stat_pub,stat,-1,C4_lidar_medium,C4_lidar_medium,210,off,off,False,True,
1779495405.051861,stat_pub,stat,-1,C4_lidar_medium,C4_lidar_medium,209,off,off,False,True,
1779495405.5523338,stat_pub,stat,-1,C4_lidar_medium,C4_lidar_medium,210,off,off,False,True,
1779495406.0529604,stat_pub,stat,-1,C4_lidar_medium,C4_lidar_medium,210,off,off,False,True,
1779495406.5535069,stat_pub,stat,-1,C4_lidar_medium,C4_lidar_medium,210,off,off,False,True,
1779495407.0540168,stat_pub,stat,-1,C4_lidar_medium,C4_lidar_medium,210,off,off,False,True,
1779495407.554469,stat_pub,stat,-1,C4_lidar_medium,C4_lidar_medium,209,off,off,False,True,
1779495408.0549252,stat_pub,stat,-1,C4_lidar_medium,C4_lidar_medium,210,off,off,False,True,
1779495408.5553155,stat_pub,stat,-1,C4_lidar_medium,C4_lidar_medium,210,off,off,False,True,
1779495409.0558605,stat_pub,stat,-1,C4_lidar_medium,C4_lidar_medium,210,off,off,False,True,
1779495409.5562184,stat_pub,stat,-1,C4_lidar_medium,C4_lidar_medium,210,off,off,False,True,
1779495410.0563931,stat_pub,stat,-1,C4_lidar_medium,C4_lidar_medium,210,off,off,False,True,
1779495410.556708,stat_pub,stat,-1,C4_lidar_medium,C4_lidar_medium,209,off,off,False,True,
1779495411.057083,stat_pub,stat,-1,C4_lidar_medium,C4_lidar_medium,209,off,off,False,True,
1779495411.557429,stat_pub,stat,-1,C4_lidar_medium,C4_lidar_medium,209,off,off,False,True,
1779495412.0577793,stat_pub,stat,-1,C4_lidar_medium,C4_lidar_medium,210,off,off,False,True,
1779495412.5580504,stat_pub,stat,-1,C4_lidar_medium,C4_lidar_medium,210,off,off,False,True,
1779495413.0586534,stat_pub,stat,-1,C4_lidar_medium,C4_lidar_medium,210,off,off,False,True,
1779495413.558774,stat_pub,stat,-1,C4_lidar_medium,C4_lidar_medium,209,off,off,False,True,
1779495414.0590127,stat_pub,stat,-1,C4_lidar_medium,C4_lidar_medium,210,off,off,False,True,
1779495414.5593863,stat_pub,stat,-1,C4_lidar_medium,C4_lidar_medium,210,off,off,False,True,
1779495415.0596933,stat_pub,stat,-1,C4_lidar_medium,C4_lidar_medium,210,off,off,False,True,
1779495415.5602458,stat_pub,stat,-1,C4_lidar_medium,C4_lidar_medium,210,off,off,False,True,
1779495416.060533,stat_pub,stat,-1,C4_lidar_medium,C4_lidar_medium,208,off,off,False,True,
1779495416.5607822,stat_pub,stat,-1,C4_lidar_medium,C4_lidar_medium,209,off,off,False,True,
1779495417.0612707,stat_pub,stat,-1,C4_lidar_medium,C4_lidar_medium,209,off,off,False,True,
1779495417.5613856,stat_pub,stat,-1,C4_lidar_medium,C4_lidar_medium,210,off,off,False,True,
1779495418.0620751,stat_pub,stat,-1,C4_lidar_medium,C4_lidar_medium,210,off,off,False,True,
1779495418.562368,stat_pub,stat,-1,C4_lidar_medium,C4_lidar_medium,209,off,off,False,True,
1779495419.062546,stat_pub,stat,-1,C4_lidar_medium,C4_lidar_medium,209,off,off,False,True,
1779495419.5630555,stat_pub,stat,-1,C4_lidar_medium,C4_lidar_medium,210,off,off,False,True,
1779495420.0635712,stat_pub,stat,-1,C4_lidar_medium,C4_lidar_medium,210,off,off,False,True,
1779495420.5638459,stat_pub,stat,-1,C4_lidar_medium,C4_lidar_medium,210,off,off,False,True,
1779495421.0643177,stat_pub,stat,-1,C4_lidar_medium,C4_lidar_medium,210,off,off,False,True,
1779495421.5644786,stat_pub,stat,-1,C4_lidar_medium,C4_lidar_medium,210,off,off,False,True,
1779495422.064766,stat_pub,stat,-1,C4_lidar_medium,C4_lidar_medium,209,off,off,False,True,
1779495422.5650945,stat_pub,stat,-1,C4_lidar_medium,C4_lidar_medium,210,off,off,False,True,
1779495423.065289,stat_pub,stat,-1,C4_lidar_medium,C4_lidar_medium,209,off,off,False,True,
1779495423.565737,stat_pub,stat,-1,C4_lidar_medium,C4_lidar_medium,209,off,off,False,True,
1779495424.0661771,stat_pub,stat,-1,C4_lidar_medium,C4_lidar_medium,210,off,off,False,True,
1779495424.5666583,stat_pub,stat,-1,C4_lidar_medium,C4_lidar_medium,210,off,off,False,True,
1779495425.067117,stat_pub,stat,-1,C4_lidar_medium,C4_lidar_medium,209,off,off,False,True,
1779495425.567361,stat_pub,stat,-1,C4_lidar_medium,C4_lidar_medium,209,off,off,False,True,
1779495426.0676146,stat_pub,stat,-1,C4_lidar_medium,C4_lidar_medium,210,off,off,False,True,
1779495426.5681262,stat_pub,stat,-1,C4_lidar_medium,C4_lidar_medium,210,off,off,False,True,
1779495427.0685647,stat_pub,stat,-1,C4_lidar_medium,C4_lidar_medium,210,off,off,False,True,
1779495427.5686896,stat_pub,stat,-1,C4_lidar_medium,C4_lidar_medium,210,off,off,False,True,
1779495428.0688994,stat_pub,stat,-1,C4_lidar_medium,C4_lidar_medium,210,off,off,False,True,
1779495428.5693717,stat_pub,stat,-1,C4_lidar_medium,C4_lidar_medium,210,off,off,False,True,
1779495429.0699594,stat_pub,stat,-1,C4_lidar_medium,C4_lidar_medium,210,off,off,False,True,
1779495429.5704508,stat_pub,stat,-1,C4_lidar_medium,C4_lidar_medium,209,off,off,False,True,
1779495430.0707903,stat_pub,stat,-1,C4_lidar_medium,C4_lidar_medium,209,off,off,False,True,
1779495430.5709865,stat_pub,stat,-1,C4_lidar_medium,C4_lidar_medium,209,off,off,False,True,
1779495431.0713747,stat_pub,stat,-1,C4_lidar_medium,C4_lidar_medium,210,off,off,False,True,
1779495431.571889,stat_pub,stat,-1,C4_lidar_medium,C4_lidar_medium,209,off,off,False,True,
1779495432.0722663,stat_pub,stat,-1,C4_lidar_medium,C4_lidar_medium,210,off,off,False,True,
1779495432.5728555,stat_pub,stat,-1,C4_lidar_medium,C4_lidar_medium,210,off,off,False,True,
1779495433.07343,stat_pub,stat,-1,C4_lidar_medium,C4_lidar_medium,208,off,off,False,True,
1779495433.5738726,stat_pub,stat,-1,C4_lidar_medium,C4_lidar_medium,210,off,off,False,True,
1779495434.0740533,stat_pub,stat,-1,C4_lidar_medium,C4_lidar_medium,210,off,off,False,True,
1779495434.5743096,stat_pub,stat,-1,C4_lidar_medium,C4_lidar_medium,210,off,off,False,True,
1779495435.0747187,stat_pub,stat,-1,C4_lidar_medium,C4_lidar_medium,210,off,off,False,True,
1779495435.575156,stat_pub,stat,-1,C4_lidar_medium,C4_lidar_medium,209,off,off,False,True,
1779495436.075643,stat_pub,stat,-1,C4_lidar_medium,C4_lidar_medium,209,off,off,False,True,
1779495436.5762048,stat_pub,stat,-1,C4_lidar_medium,C4_lidar_medium,210,off,off,False,True,
1779495437.0767403,stat_pub,stat,-1,C4_lidar_medium,C4_lidar_medium,210,off,off,False,True,
1779495437.5772612,stat_pub,stat,-1,C4_lidar_medium,C4_lidar_medium,210,off,off,False,True,
1779495438.0775325,stat_pub,stat,-1,C4_lidar_medium,C4_lidar_medium,210,off,off,False,True,
1779495438.577896,stat_pub,stat,-1,C4_lidar_medium,C4_lidar_medium,209,off,off,False,True,
1779495439.0783734,stat_pub,stat,-1,C4_lidar_medium,C4_lidar_medium,210,off,off,False,True,
1779495439.5786655,stat_pub,stat,-1,C4_lidar_medium,C4_lidar_medium,210,off,off,False,True,
1779495440.0789611,stat_pub,stat,-1,C4_lidar_medium,C4_lidar_medium,210,off,off,False,True,
1779495440.5792599,stat_pub,stat,-1,C4_lidar_medium,C4_lidar_medium,210,off,off,False,True,
1779495441.0794778,stat_pub,stat,-1,C4_lidar_medium,C4_lidar_medium,210,off,off,False,True,
1779495441.5799813,stat_pub,stat,-1,C4_lidar_medium,C4_lidar_medium,210,off,off,False,True,
1779495442.0805435,stat_pub,stat,-1,C4_lidar_medium,C4_lidar_medium,209,off,off,False,True,
1779495442.5807343,stat_pub,stat,-1,C4_lidar_medium,C4_lidar_medium,209,off,off,False,True,
1779495443.0814614,stat_pub,stat,-1,C4_lidar_medium,C4_lidar_medium,210,off,off,False,True,
1779495443.5819569,stat_pub,stat,-1,C4_lidar_medium,C4_lidar_medium,210,off,off,False,True,
1779495444.0820525,stat_pub,stat,-1,C4_lidar_medium,C4_lidar_medium,210,off,off,False,True,
1779495444.5821698,stat_pub,stat,-1,C4_lidar_medium,C4_lidar_medium,210,off,off,False,True,
1779495445.0826523,stat_pub,stat,-1,C4_lidar_medium,C4_lidar_medium,210,off,off,False,True,
1779495445.5832121,stat_pub,stat,-1,C4_lidar_medium,C4_lidar_medium,210,off,off,False,True,
1779495446.083456,stat_pub,stat,-1,C4_lidar_medium,C4_lidar_medium,209,off,off,False,True,
1779495446.583784,stat_pub,stat,-1,C4_lidar_medium,C4_lidar_medium,209,off,off,False,True,
1779495447.0841775,stat_pub,stat,-1,C4_lidar_medium,C4_lidar_medium,210,off,off,False,True,
1779495447.5842805,stat_pub,stat,-1,C4_lidar_medium,C4_lidar_medium,210,off,off,False,True,
1779495448.0847266,stat_pub,stat,-1,C4_lidar_medium,C4_lidar_medium,210,off,off,False,True,
1779495448.585231,stat_pub,stat,-1,C4_lidar_medium,C4_lidar_medium,209,off,off,False,True,
1779495449.0855417,stat_pub,stat,-1,C4_lidar_medium,C4_lidar_medium,210,off,off,False,True,
1779495449.585889,stat_pub,stat,-1,C4_lidar_medium,C4_lidar_medium,209,off,off,False,True,
1779495450.0861955,stat_pub,stat,-1,C4_lidar_medium,C4_lidar_medium,210,off,off,False,True,
1779495450.5870118,stat_pub,stat,-1,C4_lidar_medium,C4_lidar_medium,210,off,off,False,True,
1779495451.0873601,stat_pub,stat,-1,C4_lidar_medium,C4_lidar_medium,210,off,off,False,True,
1779495451.5879707,stat_pub,stat,-1,C4_lidar_medium,C4_lidar_medium,210,off,off,False,True,
1779495452.08847,stat_pub,stat,-1,C4_lidar_medium,C4_lidar_medium,208,off,off,False,True,
1779495452.5891216,stat_pub,stat,-1,C4_lidar_medium,C4_lidar_medium,210,off,off,False,True,
1779495453.0892572,stat_pub,stat,-1,C4_lidar_medium,C4_lidar_medium,210,off,off,False,True,
1779495453.5894318,stat_pub,stat,-1,C4_lidar_medium,C4_lidar_medium,210,off,off,False,True,
1779495454.0899386,stat_pub,stat,-1,C4_lidar_medium,C4_lidar_medium,210,off,off,False,True,
1779495454.590168,stat_pub,stat,-1,C4_lidar_medium,C4_lidar_medium,209,off,off,False,True,
1779495455.0906882,stat_pub,stat,-1,C4_lidar_medium,C4_lidar_medium,208,off,off,False,True,
1779495455.5912151,stat_pub,stat,-1,C4_lidar_medium,C4_lidar_medium,208,off,off,False,True,
1779495456.0913286,stat_pub,stat,-1,C4_lidar_medium,C4_lidar_medium,210,off,off,False,True,
1779495456.591666,stat_pub,stat,-1,C4_lidar_medium,C4_lidar_medium,209,off,off,False,True,
1779495457.0918577,stat_pub,stat,-1,C4_lidar_medium,C4_lidar_medium,210,off,off,False,True,
1779495457.5920691,stat_pub,stat,-1,C4_lidar_medium,C4_lidar_medium,210,off,off,False,True,
1779495458.0925486,stat_pub,stat,-1,C4_lidar_medium,C4_lidar_medium,210,off,off,False,True,
1779495458.5931594,stat_pub,stat,-1,C4_lidar_medium,C4_lidar_medium,210,off,off,False,True,
1779495459.093444,stat_pub,stat,-1,C4_lidar_medium,C4_lidar_medium,209,off,off,False,True,
1779495459.59395,stat_pub,stat,-1,C4_lidar_medium,C4_lidar_medium,208,off,off,False,True,
1779495460.0941453,stat_pub,stat,-1,C4_lidar_medium,C4_lidar_medium,210,off,off,False,True,
1779495460.5944884,stat_pub,stat,-1,C4_lidar_medium,C4_lidar_medium,210,off,off,False,True,
1779495461.0950794,stat_pub,stat,-1,C4_lidar_medium,C4_lidar_medium,210,off,off,False,True,
1779495461.595599,stat_pub,stat,-1,C4_lidar_medium,C4_lidar_medium,209,off,off,False,True,
1779495462.0957208,stat_pub,stat,-1,C4_lidar_medium,C4_lidar_medium,210,off,off,False,True,
1779495462.5958703,stat_pub,stat,-1,C4_lidar_medium,C4_lidar_medium,210,off,off,False,True,
1779495463.096342,stat_pub,stat,-1,C4_lidar_medium,C4_lidar_medium,209,off,off,False,True,
1779495463.5969667,stat_pub,stat,-1,C4_lidar_medium,C4_lidar_medium,210,off,off,False,True,
1779495464.097144,stat_pub,stat,-1,C4_lidar_medium,C4_lidar_medium,209,off,off,False,True,
1779495464.5977678,stat_pub,stat,-1,C4_lidar_medium,C4_lidar_medium,210,off,off,False,True,
1779495465.0979986,stat_pub,stat,-1,C4_lidar_medium,C4_lidar_medium,210,off,off,False,True,
1779495465.5984657,stat_pub,stat,-1,C4_lidar_medium,C4_lidar_medium,210,off,off,False,True,
1779495466.0989425,stat_pub,stat,-1,C4_lidar_medium,C4_lidar_medium,210,off,off,False,True,
1779495466.5997794,stat_pub,stat,-1,C4_lidar_medium,C4_lidar_medium,210,off,off,False,True,
1779495467.1001139,stat_pub,stat,-1,C4_lidar_medium,C4_lidar_medium,210,off,off,False,True,
1779495467.6003673,stat_pub,stat,-1,C4_lidar_medium,C4_lidar_medium,209,off,off,False,True,
1779495468.1009462,stat_pub,stat,-1,C4_lidar_medium,C4_lidar_medium,209,off,off,False,True,
1779495468.6012528,stat_pub,stat,-1,C4_lidar_medium,C4_lidar_medium,209,off,off,False,True,
1779495469.1017532,stat_pub,stat,-1,C4_lidar_medium,C4_lidar_medium,210,off,off,False,True,
1779495469.6020627,stat_pub,stat,-1,C4_lidar_medium,C4_lidar_medium,210,off,off,False,True,
1779495470.1021988,stat_pub,stat,-1,C4_lidar_medium,C4_lidar_medium,210,off,off,False,True,
1779495470.6027834,stat_pub,stat,-1,C4_lidar_medium,C4_lidar_medium,210,off,off,False,True,
1779495471.1031103,stat_pub,stat,-1,C4_lidar_medium,C4_lidar_medium,210,off,off,False,True,
1779495471.6036913,stat_pub,stat,-1,C4_lidar_medium,C4_lidar_medium,210,off,off,False,True,
1779495472.1038344,stat_pub,stat,-1,C4_lidar_medium,C4_lidar_medium,210,off,off,False,True,
1779495472.604177,stat_pub,stat,-1,C4_lidar_medium,C4_lidar_medium,209,off,off,False,True,
1779495473.1045883,stat_pub,stat,-1,C4_lidar_medium,C4_lidar_medium,210,off,off,False,True,
1779495473.6050057,stat_pub,stat,-1,C4_lidar_medium,C4_lidar_medium,210,off,off,False,True,
1779495474.1052964,stat_pub,stat,-1,C4_lidar_medium,C4_lidar_medium,210,off,off,False,True,
1779495474.6058676,stat_pub,stat,-1,C4_lidar_medium,C4_lidar_medium,210,off,off,False,True,
1779495475.1060238,stat_pub,stat,-1,C4_lidar_medium,C4_lidar_medium,210,off,off,False,True,
1779495475.6065843,stat_pub,stat,-1,C4_lidar_medium,C4_lidar_medium,210,off,off,False,True,
1779495476.107145,stat_pub,stat,-1,C4_lidar_medium,C4_lidar_medium,209,off,off,False,True,
1779495476.607743,stat_pub,stat,-1,C4_lidar_medium,C4_lidar_medium,209,off,off,False,True,
1779495477.1081867,stat_pub,stat,-1,C4_lidar_medium,C4_lidar_medium,210,off,off,False,True,
1779495477.6087437,stat_pub,stat,-1,C4_lidar_medium,C4_lidar_medium,210,off,off,False,True,
1779495478.1088576,stat_pub,stat,-1,C4_lidar_medium,C4_lidar_medium,210,off,off,False,True,
1779495478.609042,stat_pub,stat,-1,C4_lidar_medium,C4_lidar_medium,209,off,off,False,True,
1779495479.1092145,stat_pub,stat,-1,C4_lidar_medium,C4_lidar_medium,210,off,off,False,True,
1779495479.609535,stat_pub,stat,-1,C4_lidar_medium,C4_lidar_medium,209,off,off,False,True,
1779495480.110159,stat_pub,stat,-1,C4_lidar_medium,C4_lidar_medium,209,off,off,False,True,
1779495480.6103954,stat_pub,stat,-1,C4_lidar_medium,C4_lidar_medium,209,off,off,False,True,
1779495481.110518,stat_pub,stat,-1,C4_lidar_medium,C4_lidar_medium,208,off,off,False,True,
1779495481.610838,stat_pub,stat,-1,C4_lidar_medium,C4_lidar_medium,208,off,off,False,True,
1779495482.1114197,stat_pub,stat,-1,C4_lidar_medium,C4_lidar_medium,210,off,off,False,True,
1779495482.6119466,stat_pub,stat,-1,C4_lidar_medium,C4_lidar_medium,210,off,off,False,True,
1779495483.1125314,stat_pub,stat,-1,C4_lidar_medium,C4_lidar_medium,210,off,off,False,True,
1779495483.6130123,stat_pub,stat,-1,C4_lidar_medium,C4_lidar_medium,210,off,off,False,True,
1779495484.1137035,stat_pub,stat,-1,C4_lidar_medium,C4_lidar_medium,210,off,off,False,True,
1779495484.614201,stat_pub,stat,-1,C4_lidar_medium,C4_lidar_medium,209,off,off,False,True,
1779495485.1147258,stat_pub,stat,-1,C4_lidar_medium,C4_lidar_medium,210,off,off,False,True,
1779495485.615315,stat_pub,stat,-1,C4_lidar_medium,C4_lidar_medium,209,off,off,False,True,
1779495486.115706,stat_pub,stat,-1,C4_lidar_medium,C4_lidar_medium,209,off,off,False,True,
1779495486.615838,stat_pub,stat,-1,C4_lidar_medium,C4_lidar_medium,209,off,off,False,True,
1779495487.1159513,stat_pub,stat,-1,C4_lidar_medium,C4_lidar_medium,210,off,off,False,True,
1779495487.6160896,stat_pub,stat,-1,C4_lidar_medium,C4_lidar_medium,210,off,off,False,True,
1779495488.116656,stat_pub,stat,-1,C4_lidar_medium,C4_lidar_medium,209,off,off,False,True,
1779495488.6168478,stat_pub,stat,-1,C4_lidar_medium,C4_lidar_medium,210,off,off,False,True,
1779495489.117414,stat_pub,stat,-1,C4_lidar_medium,C4_lidar_medium,209,off,off,False,True,
1779495489.6176322,stat_pub,stat,-1,C4_lidar_medium,C4_lidar_medium,210,off,off,False,True,
1779495490.1179426,stat_pub,stat,-1,C4_lidar_medium,C4_lidar_medium,210,off,off,False,True,
1779495490.6181433,stat_pub,stat,-1,C4_lidar_medium,C4_lidar_medium,210,off,off,False,True,
1779495491.1186163,stat_pub,stat,-1,C4_lidar_medium,C4_lidar_medium,210,off,off,False,True,
1779495491.618875,stat_pub,stat,-1,C4_lidar_medium,C4_lidar_medium,209,off,off,False,True,
1779495492.119039,stat_pub,stat,-1,C4_lidar_medium,C4_lidar_medium,209,off,off,False,True,
1779495492.619908,stat_pub,stat,-1,C4_lidar_medium,C4_lidar_medium,209,off,off,False,True,
1779495493.1201034,stat_pub,stat,-1,C4_lidar_medium,C4_lidar_medium,210,off,off,False,True,
1779495493.6205158,stat_pub,stat,-1,C4_lidar_medium,C4_lidar_medium,209,off,off,False,True,
1779495494.1208396,stat_pub,stat,-1,C4_lidar_medium,C4_lidar_medium,209,off,off,False,True,
1779495494.6213858,stat_pub,stat,-1,C4_lidar_medium,C4_lidar_medium,210,off,off,False,True,
1779495495.1217387,stat_pub,stat,-1,C4_lidar_medium,C4_lidar_medium,210,off,off,False,True,
1779495495.6219294,stat_pub,stat,-1,C4_lidar_medium,C4_lidar_medium,210,off,off,False,True,
1779495496.1225224,stat_pub,stat,-1,C4_lidar_medium,C4_lidar_medium,210,off,off,False,True,
1779495496.6232088,stat_pub,stat,-1,C4_lidar_medium,C4_lidar_medium,210,off,off,False,True,
1779495497.1237411,stat_pub,stat,-1,C4_lidar_medium,C4_lidar_medium,210,off,off,False,True,
1779495497.6241846,stat_pub,stat,-1,C4_lidar_medium,C4_lidar_medium,210,off,off,False,True,
1779495498.1246674,stat_pub,stat,-1,C4_lidar_medium,C4_lidar_medium,210,off,off,False,True,
1779495498.6250768,stat_pub,stat,-1,C4_lidar_medium,C4_lidar_medium,210,off,off,False,True,
1779495499.1255696,stat_pub,stat,-1,C4_lidar_medium,C4_lidar_medium,210,off,off,False,True,
1779495499.625807,stat_pub,stat,-1,C4_lidar_medium,C4_lidar_medium,209,off,off,False,True,
1779495500.126614,stat_pub,stat,-1,C4_lidar_medium,C4_lidar_medium,209,off,off,False,True,
1779495500.6267872,stat_pub,stat,-1,C4_lidar_medium,C4_lidar_medium,210,off,off,False,True,
1779495501.12705,stat_pub,stat,-1,C4_lidar_medium,C4_lidar_medium,208,off,off,False,True,
1779495501.62755,stat_pub,stat,-1,C4_lidar_medium,C4_lidar_medium,208,off,off,False,True,
1779495502.1280844,stat_pub,stat,-1,C4_lidar_medium,C4_lidar_medium,210,off,off,False,True,
1779495502.6282446,stat_pub,stat,-1,C4_lidar_medium,C4_lidar_medium,210,off,off,False,True,
1779495503.128762,stat_pub,stat,-1,C4_lidar_medium,C4_lidar_medium,209,off,off,False,True,
1779495503.6290038,stat_pub,stat,-1,C4_lidar_medium,C4_lidar_medium,210,off,off,False,True,
1779495504.1293342,stat_pub,stat,-1,C4_lidar_medium,C4_lidar_medium,210,off,off,False,True,
1779495504.6296668,stat_pub,stat,-1,C4_lidar_medium,C4_lidar_medium,210,off,off,False,True,
1779495505.1299593,stat_pub,stat,-1,C4_lidar_medium,C4_lidar_medium,210,off,off,False,True,
1779495505.630234,stat_pub,stat,-1,C4_lidar_medium,C4_lidar_medium,209,off,off,False,True,
1779495506.1306424,stat_pub,stat,-1,C4_lidar_medium,C4_lidar_medium,209,off,off,False,True,
1779495506.6309886,stat_pub,stat,-1,C4_lidar_medium,C4_lidar_medium,209,off,off,False,True,
1779495507.1312082,stat_pub,stat,-1,C4_lidar_medium,C4_lidar_medium,209,off,off,False,True,
1779495507.6315734,stat_pub,stat,-1,C4_lidar_medium,C4_lidar_medium,210,off,off,False,True,
1779495508.1316648,stat_pub,stat,-1,C4_lidar_medium,C4_lidar_medium,210,off,off,False,True,
1779495508.6321347,stat_pub,stat,-1,C4_lidar_medium,C4_lidar_medium,210,off,off,False,True,
1779495509.1322372,stat_pub,stat,-1,C4_lidar_medium,C4_lidar_medium,210,off,off,False,True,
1779495509.6325085,stat_pub,stat,-1,C4_lidar_medium,C4_lidar_medium,210,off,off,False,True,
1779495510.132711,stat_pub,stat,-1,C4_lidar_medium,C4_lidar_medium,209,off,off,False,True,
1779495510.6327987,stat_pub,stat,-1,C4_lidar_medium,C4_lidar_medium,210,off,off,False,True,
1779495511.1329036,stat_pub,stat,-1,C4_lidar_medium,C4_lidar_medium,210,off,off,False,True,
1779495511.6331022,stat_pub,stat,-1,C4_lidar_medium,C4_lidar_medium,210,off,off,False,True,
1779495512.1333108,stat_pub,stat,-1,C4_lidar_medium,C4_lidar_medium,210,off,off,False,True,
1779495512.6338787,stat_pub,stat,-1,C4_lidar_medium,C4_lidar_medium,210,off,off,False,True,
1779495513.1341708,stat_pub,stat,-1,C4_lidar_medium,C4_lidar_medium,210,off,off,False,True,
1779495513.6343172,stat_pub,stat,-1,C4_lidar_medium,C4_lidar_medium,210,off,off,False,True,
1779495514.1347823,stat_pub,stat,-1,C4_lidar_medium,C4_lidar_medium,210,off,off,False,True,
1779495514.63535,stat_pub,stat,-1,C4_lidar_medium,C4_lidar_medium,208,off,off,False,True,
1779495515.1355455,stat_pub,stat,-1,C4_lidar_medium,C4_lidar_medium,210,off,off,False,True,
1779495515.6361156,stat_pub,stat,-1,C4_lidar_medium,C4_lidar_medium,210,off,off,False,True,
1779495516.136644,stat_pub,stat,-1,C4_lidar_medium,C4_lidar_medium,209,off,off,False,True,
1779495516.6373034,stat_pub,stat,-1,C4_lidar_medium,C4_lidar_medium,210,off,off,False,True,
1779495517.137782,stat_pub,stat,-1,C4_lidar_medium,C4_lidar_medium,209,off,off,False,True,
1779495517.6383371,stat_pub,stat,-1,C4_lidar_medium,C4_lidar_medium,210,off,off,False,True,
1779495518.1389322,stat_pub,stat,-1,C4_lidar_medium,C4_lidar_medium,210,off,off,False,True,
1779495518.6390433,stat_pub,stat,-1,C4_lidar_medium,C4_lidar_medium,210,off,off,False,True,
1779495519.1394868,stat_pub,stat,-1,C4_lidar_medium,C4_lidar_medium,210,off,off,False,True,
1779495519.6398475,stat_pub,stat,-1,C4_lidar_medium,C4_lidar_medium,210,off,off,False,True,
1779495520.1400006,stat_pub,stat,-1,C4_lidar_medium,C4_lidar_medium,210,off,off,False,True,
1779495520.640285,stat_pub,stat,-1,C4_lidar_medium,C4_lidar_medium,208,off,off,False,True,
1779495521.1405573,stat_pub,stat,-1,C4_lidar_medium,C4_lidar_medium,209,off,off,False,True,
1779495521.6410909,stat_pub,stat,-1,C4_lidar_medium,C4_lidar_medium,209,off,off,False,True,
1779495522.1416082,stat_pub,stat,-1,C4_lidar_medium,C4_lidar_medium,210,off,off,False,True,
1779495522.6423247,stat_pub,stat,-1,C4_lidar_medium,C4_lidar_medium,210,off,off,False,True,
1779495523.1425738,stat_pub,stat,-1,C4_lidar_medium,C4_lidar_medium,210,off,off,False,True,
1779495523.642679,stat_pub,stat,-1,C4_lidar_medium,C4_lidar_medium,209,off,off,False,True,
1779495524.1430342,stat_pub,stat,-1,C4_lidar_medium,C4_lidar_medium,210,off,off,False,True,
1779495524.643175,stat_pub,stat,-1,C4_lidar_medium,C4_lidar_medium,209,off,off,False,True,
1779495525.143552,stat_pub,stat,-1,C4_lidar_medium,C4_lidar_medium,209,off,off,False,True,
1779495525.6441617,stat_pub,stat,-1,C4_lidar_medium,C4_lidar_medium,210,off,off,False,True,
1779495526.144335,stat_pub,stat,-1,C4_lidar_medium,C4_lidar_medium,209,off,off,False,True,
1779495526.644561,stat_pub,stat,-1,C4_lidar_medium,C4_lidar_medium,209,off,off,False,True,
1779495527.145121,stat_pub,stat,-1,C4_lidar_medium,C4_lidar_medium,209,off,off,False,True,
1779495527.6457949,stat_pub,stat,-1,C4_lidar_medium,C4_lidar_medium,210,off,off,False,True,
1779495528.1462338,stat_pub,stat,-1,C4_lidar_medium,C4_lidar_medium,210,off,off,False,True,
1779495528.6467001,stat_pub,stat,-1,C4_lidar_medium,C4_lidar_medium,210,off,off,False,True,
1779495529.1471233,stat_pub,stat,-1,C4_lidar_medium,C4_lidar_medium,210,off,off,False,True,
1779495529.647571,stat_pub,stat,-1,C4_lidar_medium,C4_lidar_medium,209,off,off,False,True,
1779495530.1481054,stat_pub,stat,-1,C4_lidar_medium,C4_lidar_medium,210,off,off,False,True,
1779495530.6482098,stat_pub,stat,-1,C4_lidar_medium,C4_lidar_medium,210,off,off,False,True,
1779495531.1485956,stat_pub,stat,-1,C4_lidar_medium,C4_lidar_medium,210,off,off,False,True,
1779495531.6488059,stat_pub,stat,-1,C4_lidar_medium,C4_lidar_medium,210,off,off,False,True,
1779495532.14908,stat_pub,stat,-1,C4_lidar_medium,C4_lidar_medium,208,off,off,False,True,
1779495532.649561,stat_pub,stat,-1,C4_lidar_medium,C4_lidar_medium,209,off,off,False,True,
1779495533.1500409,stat_pub,stat,-1,C4_lidar_medium,C4_lidar_medium,210,off,off,False,True,
1779495533.6506164,stat_pub,stat,-1,C4_lidar_medium,C4_lidar_medium,209,off,off,False,True,
1779495534.1510644,stat_pub,stat,-1,C4_lidar_medium,C4_lidar_medium,209,off,off,False,True,
1779495534.6512587,stat_pub,stat,-1,C4_lidar_medium,C4_lidar_medium,209,off,off,False,True,
1779495535.1516278,stat_pub,stat,-1,C4_lidar_medium,C4_lidar_medium,210,off,off,False,True,
1779495535.6525576,stat_pub,stat,-1,C4_lidar_medium,C4_lidar_medium,210,off,off,False,True,
1779495536.1528952,stat_pub,stat,-1,C4_lidar_medium,C4_lidar_medium,210,off,off,False,True,
1779495536.6536021,stat_pub,stat,-1,C4_lidar_medium,C4_lidar_medium,210,off,off,False,True,
1779495537.1543405,stat_pub,stat,-1,C4_lidar_medium,C4_lidar_medium,210,off,off,False,True,
1779495537.65475,stat_pub,stat,-1,C4_lidar_medium,C4_lidar_medium,208,off,off,False,True,
1779495538.1549218,stat_pub,stat,-1,C4_lidar_medium,C4_lidar_medium,210,off,off,False,True,
1779495538.6554294,stat_pub,stat,-1,C4_lidar_medium,C4_lidar_medium,210,off,off,False,True,
1779495539.1559336,stat_pub,stat,-1,C4_lidar_medium,C4_lidar_medium,210,off,off,False,True,
1779495539.656451,stat_pub,stat,-1,C4_lidar_medium,C4_lidar_medium,209,off,off,False,True,
1779495540.1566782,stat_pub,stat,-1,C4_lidar_medium,C4_lidar_medium,210,off,off,False,True,
1779495540.6571972,stat_pub,stat,-1,C4_lidar_medium,C4_lidar_medium,210,off,off,False,True,
1779495541.157672,stat_pub,stat,-1,C4_lidar_medium,C4_lidar_medium,209,off,off,False,True,
1779495541.6582358,stat_pub,stat,-1,C4_lidar_medium,C4_lidar_medium,210,off,off,False,True,
1779495542.158573,stat_pub,stat,-1,C4_lidar_medium,C4_lidar_medium,209,off,off,False,True,
1779495542.6588976,stat_pub,stat,-1,C4_lidar_medium,C4_lidar_medium,210,off,off,False,True,
1779495543.1591377,stat_pub,stat,-1,C4_lidar_medium,C4_lidar_medium,210,off,off,False,True,
1779495543.6600206,stat_pub,stat,-1,C4_lidar_medium,C4_lidar_medium,210,off,off,False,True,
1779495544.1604507,stat_pub,stat,-1,C4_lidar_medium,C4_lidar_medium,209,off,off,False,True,
1779495544.6605556,stat_pub,stat,-1,C4_lidar_medium,C4_lidar_medium,209,off,off,False,True,
1779495545.1609166,stat_pub,stat,-1,C4_lidar_medium,C4_lidar_medium,209,off,off,False,True,
1779495545.6610694,stat_pub,stat,-1,C4_lidar_medium,C4_lidar_medium,209,off,off,False,True,
1779495546.1616285,stat_pub,stat,-1,C4_lidar_medium,C4_lidar_medium,210,off,off,False,True,
1779495546.6621792,stat_pub,stat,-1,C4_lidar_medium,C4_lidar_medium,210,off,off,False,True,
1779495547.1628113,stat_pub,stat,-1,C4_lidar_medium,C4_lidar_medium,210,off,off,False,True,
1779495547.6633606,stat_pub,stat,-1,C4_lidar_medium,C4_lidar_medium,210,off,off,False,True,
1779495548.1637964,stat_pub,stat,-1,C4_lidar_medium,C4_lidar_medium,210,off,off,False,True,
1779495548.6641598,stat_pub,stat,-1,C4_lidar_medium,C4_lidar_medium,210,off,off,False,True,
1779495549.164322,stat_pub,stat,-1,C4_lidar_medium,C4_lidar_medium,209,off,off,False,True,
1779495549.6644173,stat_pub,stat,-1,C4_lidar_medium,C4_lidar_medium,210,off,off,False,True,
1779495550.1648064,stat_pub,stat,-1,C4_lidar_medium,C4_lidar_medium,210,off,off,False,True,
1779495550.6649592,stat_pub,stat,-1,C4_lidar_medium,C4_lidar_medium,210,off,off,False,True,
1779495551.1656754,stat_pub,stat,-1,C4_lidar_medium,C4_lidar_medium,210,off,off,False,True,
1779495551.6658766,stat_pub,stat,-1,C4_lidar_medium,C4_lidar_medium,210,off,off,False,True,
1779495552.1661325,stat_pub,stat,-1,C4_lidar_medium,C4_lidar_medium,210,off,off,False,True,
1779495552.6664467,stat_pub,stat,-1,C4_lidar_medium,C4_lidar_medium,210,off,off,False,True,
1779495553.1667395,stat_pub,stat,-1,C4_lidar_medium,C4_lidar_medium,210,off,off,False,True,
1779495553.6670613,stat_pub,stat,-1,C4_lidar_medium,C4_lidar_medium,210,off,off,False,True,
1779495554.167653,stat_pub,stat,-1,C4_lidar_medium,C4_lidar_medium,209,off,off,False,True,
1779495554.668228,stat_pub,stat,-1,C4_lidar_medium,C4_lidar_medium,209,off,off,False,True,
1779495555.1690457,stat_pub,stat,-1,C4_lidar_medium,C4_lidar_medium,210,off,off,False,True,
1779495555.66933,stat_pub,stat,-1,C4_lidar_medium,C4_lidar_medium,208,off,off,False,True,
1779495556.1696868,stat_pub,stat,-1,C4_lidar_medium,C4_lidar_medium,210,off,off,False,True,
1779495556.670215,stat_pub,stat,-1,C4_lidar_medium,C4_lidar_medium,209,off,off,False,True,
1779495557.1703937,stat_pub,stat,-1,C4_lidar_medium,C4_lidar_medium,209,off,off,False,True,
1779495557.670641,stat_pub,stat,-1,C4_lidar_medium,C4_lidar_medium,208,off,off,False,True,
1779495558.170912,stat_pub,stat,-1,C4_lidar_medium,C4_lidar_medium,208,off,off,False,True,
1779495558.6710682,stat_pub,stat,-1,C4_lidar_medium,C4_lidar_medium,209,off,off,False,True,
1779495559.1716342,stat_pub,stat,-1,C4_lidar_medium,C4_lidar_medium,210,off,off,False,True,
1779495559.6722226,stat_pub,stat,-1,C4_lidar_medium,C4_lidar_medium,210,off,off,False,True,
1779495560.172349,stat_pub,stat,-1,C4_lidar_medium,C4_lidar_medium,209,off,off,False,True,
1779495560.6728098,stat_pub,stat,-1,C4_lidar_medium,C4_lidar_medium,210,off,off,False,True,
1779495561.173391,stat_pub,stat,-1,C4_lidar_medium,C4_lidar_medium,209,off,off,False,True,
1779495561.673734,stat_pub,stat,-1,C4_lidar_medium,C4_lidar_medium,209,off,off,False,True,
1779495562.1740708,stat_pub,stat,-1,C4_lidar_medium,C4_lidar_medium,210,off,off,False,True,
1779495562.674289,stat_pub,stat,-1,C4_lidar_medium,C4_lidar_medium,209,off,off,False,True,
1779495563.1748686,stat_pub,stat,-1,C4_lidar_medium,C4_lidar_medium,210,off,off,False,True,
1779495563.6750941,stat_pub,stat,-1,C4_lidar_medium,C4_lidar_medium,210,off,off,False,True,
1779495564.175659,stat_pub,stat,-1,C4_lidar_medium,C4_lidar_medium,209,off,off,False,True,
1779495564.6762547,stat_pub,stat,-1,C4_lidar_medium,C4_lidar_medium,210,off,off,False,True,
1779495565.176745,stat_pub,stat,-1,C4_lidar_medium,C4_lidar_medium,209,off,off,False,True,
1779495565.6769924,stat_pub,stat,-1,C4_lidar_medium,C4_lidar_medium,210,off,off,False,True,
1779495566.177121,stat_pub,stat,-1,C4_lidar_medium,C4_lidar_medium,209,off,off,False,True,
1779495566.6775293,stat_pub,stat,-1,C4_lidar_medium,C4_lidar_medium,210,off,off,False,True,
1779495567.1776607,stat_pub,stat,-1,C4_lidar_medium,C4_lidar_medium,210,off,off,False,True,
1779495567.678191,stat_pub,stat,-1,C4_lidar_medium,C4_lidar_medium,209,off,off,False,True,
1779495568.1787238,stat_pub,stat,-1,C4_lidar_medium,C4_lidar_medium,210,off,off,False,True,
1779495568.6788962,stat_pub,stat,-1,C4_lidar_medium,C4_lidar_medium,210,off,off,False,True,
1779495569.1791706,stat_pub,stat,-1,C4_lidar_medium,C4_lidar_medium,210,off,off,False,True,
1779495569.6799433,stat_pub,stat,-1,C4_lidar_medium,C4_lidar_medium,210,off,off,False,True,
1779495570.180162,stat_pub,stat,-1,C4_lidar_medium,C4_lidar_medium,209,off,off,False,True,
1779495570.680709,stat_pub,stat,-1,C4_lidar_medium,C4_lidar_medium,208,off,off,False,True,
1779495571.1811044,stat_pub,stat,-1,C4_lidar_medium,C4_lidar_medium,209,off,off,False,True,
1779495571.6815422,stat_pub,stat,-1,C4_lidar_medium,C4_lidar_medium,210,off,off,False,True,
1779495572.1818204,stat_pub,stat,-1,C4_lidar_medium,C4_lidar_medium,210,off,off,False,True,
1779495572.6822364,stat_pub,stat,-1,C4_lidar_medium,C4_lidar_medium,210,off,off,False,True,
1779495573.1825988,stat_pub,stat,-1,C4_lidar_medium,C4_lidar_medium,210,off,off,False,True,
1779495573.682701,stat_pub,stat,-1,C4_lidar_medium,C4_lidar_medium,209,off,off,False,True,
1779495574.183124,stat_pub,stat,-1,C4_lidar_medium,C4_lidar_medium,209,off,off,False,True,
1779495574.6834507,stat_pub,stat,-1,C4_lidar_medium,C4_lidar_medium,210,off,off,False,True,
1779495575.1838162,stat_pub,stat,-1,C4_lidar_medium,C4_lidar_medium,210,off,off,False,True,
1779495575.684112,stat_pub,stat,-1,C4_lidar_medium,C4_lidar_medium,209,off,off,False,True,
1779495576.1846354,stat_pub,stat,-1,C4_lidar_medium,C4_lidar_medium,210,off,off,False,True,
1779495576.6847568,stat_pub,stat,-1,C4_lidar_medium,C4_lidar_medium,210,off,off,False,True,
1779495577.1855445,stat_pub,stat,-1,C4_lidar_medium,C4_lidar_medium,210,off,off,False,True,
1779495577.6860776,stat_pub,stat,-1,C4_lidar_medium,C4_lidar_medium,210,off,off,False,True,
1779495578.1863086,stat_pub,stat,-1,C4_lidar_medium,C4_lidar_medium,210,off,off,False,True,
1779495578.6867988,stat_pub,stat,-1,C4_lidar_medium,C4_lidar_medium,210,off,off,False,True,
1779495579.1871002,stat_pub,stat,-1,C4_lidar_medium,C4_lidar_medium,210,off,off,False,True,
1779495579.687596,stat_pub,stat,-1,C4_lidar_medium,C4_lidar_medium,209,off,off,False,True,
1779495580.1878076,stat_pub,stat,-1,C4_lidar_medium,C4_lidar_medium,210,off,off,False,True,
1779495580.68807,stat_pub,stat,-1,C4_lidar_medium,C4_lidar_medium,208,off,off,False,True,
1779495581.188655,stat_pub,stat,-1,C4_lidar_medium,C4_lidar_medium,209,off,off,False,True,
1779495581.689056,stat_pub,stat,-1,C4_lidar_medium,C4_lidar_medium,209,off,off,False,True,
1779495582.1896122,stat_pub,stat,-1,C4_lidar_medium,C4_lidar_medium,210,off,off,False,True,
1779495582.6900902,stat_pub,stat,-1,C4_lidar_medium,C4_lidar_medium,210,off,off,False,True,
1779495583.1905391,stat_pub,stat,-1,C4_lidar_medium,C4_lidar_medium,208,off,off,False,True,
1779495583.6912482,stat_pub,stat,-1,C4_lidar_medium,C4_lidar_medium,208,off,off,False,True,
1779495584.1914775,stat_pub,stat,-1,C4_lidar_medium,C4_lidar_medium,210,off,off,False,True,
1779495584.6917155,stat_pub,stat,-1,C4_lidar_medium,C4_lidar_medium,210,off,off,False,True,
1779495585.19202,stat_pub,stat,-1,C4_lidar_medium,C4_lidar_medium,208,off,off,False,True,
1779495585.6922958,stat_pub,stat,-1,C4_lidar_medium,C4_lidar_medium,210,off,off,False,True,
1779495586.1925957,stat_pub,stat,-1,C4_lidar_medium,C4_lidar_medium,210,off,off,False,True,
1779495586.6933184,stat_pub,stat,-1,C4_lidar_medium,C4_lidar_medium,210,off,off,False,True,
1779495587.1938715,stat_pub,stat,-1,C4_lidar_medium,C4_lidar_medium,210,off,off,False,True,
1779495587.6940892,stat_pub,stat,-1,C4_lidar_medium,C4_lidar_medium,210,off,off,False,True,
1779495588.1943843,stat_pub,stat,-1,C4_lidar_medium,C4_lidar_medium,210,off,off,False,True,
1779495588.694835,stat_pub,stat,-1,C4_lidar_medium,C4_lidar_medium,209,off,off,False,True,
1779495589.1949606,stat_pub,stat,-1,C4_lidar_medium,C4_lidar_medium,210,off,off,False,True,
1779495589.695464,stat_pub,stat,-1,C4_lidar_medium,C4_lidar_medium,209,off,off,False,True,
1779495590.1959085,stat_pub,stat,-1,C4_lidar_medium,C4_lidar_medium,210,off,off,False,True,
1779495590.696443,stat_pub,stat,-1,C4_lidar_medium,C4_lidar_medium,209,off,off,False,True,
1779495591.1969054,stat_pub,stat,-1,C4_lidar_medium,C4_lidar_medium,210,off,off,False,True,
1779495591.6971962,stat_pub,stat,-1,C4_lidar_medium,C4_lidar_medium,210,off,off,False,True,
1779495592.1973436,stat_pub,stat,-1,C4_lidar_medium,C4_lidar_medium,210,off,off,False,True,
1779495592.6974604,stat_pub,stat,-1,C4_lidar_medium,C4_lidar_medium,210,off,off,False,True,
1779495593.1979845,stat_pub,stat,-1,C4_lidar_medium,C4_lidar_medium,210,off,off,False,True,
1779495593.6983132,stat_pub,stat,-1,C4_lidar_medium,C4_lidar_medium,210,off,off,False,True,
1779495594.1985414,stat_pub,stat,-1,C4_lidar_medium,C4_lidar_medium,210,off,off,False,True,
1779495594.6990743,stat_pub,stat,-1,C4_lidar_medium,C4_lidar_medium,210,off,off,False,True,
1779495595.1994007,stat_pub,stat,-1,C4_lidar_medium,C4_lidar_medium,210,off,off,False,True,
1779495595.699588,stat_pub,stat,-1,C4_lidar_medium,C4_lidar_medium,209,off,off,False,True,
1779495596.2001438,stat_pub,stat,-1,C4_lidar_medium,C4_lidar_medium,210,off,off,False,True,
1779495596.7006254,stat_pub,stat,-1,C4_lidar_medium,C4_lidar_medium,209,off,off,False,True,
1779495597.2007692,stat_pub,stat,-1,C4_lidar_medium,C4_lidar_medium,209,off,off,False,True,
1779495597.701091,stat_pub,stat,-1,C4_lidar_medium,C4_lidar_medium,208,off,off,False,True,
1779495598.2013006,stat_pub,stat,-1,C4_lidar_medium,C4_lidar_medium,210,off,off,False,True,
1779495598.7018926,stat_pub,stat,-1,C4_lidar_medium,C4_lidar_medium,210,off,off,False,True,
1779495599.2021043,stat_pub,stat,-1,C4_lidar_medium,C4_lidar_medium,210,off,off,False,True,
1779495599.7026117,stat_pub,stat,-1,C4_lidar_medium,C4_lidar_medium,210,off,off,False,True,
1779495600.2031827,stat_pub,stat,-1,C4_lidar_medium,C4_lidar_medium,210,off,off,False,True,
1779495600.7036326,stat_pub,stat,-1,C4_lidar_medium,C4_lidar_medium,210,off,off,False,True,
1779495601.204074,stat_pub,stat,-1,C4_lidar_medium,C4_lidar_medium,209,off,off,False,True,
1779495601.7043064,stat_pub,stat,-1,C4_lidar_medium,C4_lidar_medium,210,off,off,False,True,
1779495602.2046187,stat_pub,stat,-1,C4_lidar_medium,C4_lidar_medium,210,off,off,False,True,
1779495602.7050931,stat_pub,stat,-1,C4_lidar_medium,C4_lidar_medium,210,off,off,False,True,
1779495603.2057922,stat_pub,stat,-1,C4_lidar_medium,C4_lidar_medium,210,off,off,False,True,
1779495603.706175,stat_pub,stat,-1,C4_lidar_medium,C4_lidar_medium,209,off,off,False,True,
1779495604.2065248,stat_pub,stat,-1,C4_lidar_medium,C4_lidar_medium,210,off,off,False,True,
1779495604.706847,stat_pub,stat,-1,C4_lidar_medium,C4_lidar_medium,209,off,off,False,True,
1779495605.2073119,stat_pub,stat,-1,C4_lidar_medium,C4_lidar_medium,210,off,off,False,True,
1779495605.7080157,stat_pub,stat,-1,C4_lidar_medium,C4_lidar_medium,210,off,off,False,True,
1779495606.2085109,stat_pub,stat,-1,C4_lidar_medium,C4_lidar_medium,210,off,off,False,True,
1779495606.7090034,stat_pub,stat,-1,C4_lidar_medium,C4_lidar_medium,210,off,off,False,True,
1779495607.209455,stat_pub,stat,-1,C4_lidar_medium,C4_lidar_medium,209,off,off,False,True,
1779495607.7099233,stat_pub,stat,-1,C4_lidar_medium,C4_lidar_medium,210,off,off,False,True,
1779495608.2101066,stat_pub,stat,-1,C4_lidar_medium,C4_lidar_medium,210,off,off,False,True,
1779495608.7105408,stat_pub,stat,-1,C4_lidar_medium,C4_lidar_medium,209,off,off,False,True,
1779495609.210905,stat_pub,stat,-1,C4_lidar_medium,C4_lidar_medium,208,off,off,False,True,
1779495609.7112868,stat_pub,stat,-1,C4_lidar_medium,C4_lidar_medium,210,off,off,False,True,
1779495610.211798,stat_pub,stat,-1,C4_lidar_medium,C4_lidar_medium,209,off,off,False,True,
1779495610.7123013,stat_pub,stat,-1,C4_lidar_medium,C4_lidar_medium,210,off,off,False,True,
1779495611.2127159,stat_pub,stat,-1,C4_lidar_medium,C4_lidar_medium,210,off,off,False,True,
1779495611.7132473,stat_pub,stat,-1,C4_lidar_medium,C4_lidar_medium,210,off,off,False,True,
1779495612.2134318,stat_pub,stat,-1,C4_lidar_medium,C4_lidar_medium,210,off,off,False,True,
1779495612.7141306,stat_pub,stat,-1,C4_lidar_medium,C4_lidar_medium,210,off,off,False,True,
1779495613.2146294,stat_pub,stat,-1,C4_lidar_medium,C4_lidar_medium,210,off,off,False,True,
1779495613.7149444,stat_pub,stat,-1,C4_lidar_medium,C4_lidar_medium,210,off,off,False,True,
1779495614.215373,stat_pub,stat,-1,C4_lidar_medium,C4_lidar_medium,209,off,off,False,True,
1779495614.7157032,stat_pub,stat,-1,C4_lidar_medium,C4_lidar_medium,210,off,off,False,True,
1779495615.2159197,stat_pub,stat,-1,C4_lidar_medium,C4_lidar_medium,210,off,off,False,True,
1779495615.7162638,stat_pub,stat,-1,C4_lidar_medium,C4_lidar_medium,210,off,off,False,True,
1779495616.216485,stat_pub,stat,-1,C4_lidar_medium,C4_lidar_medium,209,off,off,False,True,
1779495616.7168694,stat_pub,stat,-1,C4_lidar_medium,C4_lidar_medium,210,off,off,False,True,
1779495617.217115,stat_pub,stat,-1,C4_lidar_medium,C4_lidar_medium,209,off,off,False,True,
1779495617.7175682,stat_pub,stat,-1,C4_lidar_medium,C4_lidar_medium,210,off,off,False,True,
1779495618.2177079,stat_pub,stat,-1,C4_lidar_medium,C4_lidar_medium,210,off,off,False,True,
1779495618.7178571,stat_pub,stat,-1,C4_lidar_medium,C4_lidar_medium,210,off,off,False,True,
1779495619.2180061,stat_pub,stat,-1,C4_lidar_medium,C4_lidar_medium,210,off,off,False,True,
1779495619.7184136,stat_pub,stat,-1,C4_lidar_medium,C4_lidar_medium,210,off,off,False,True,
1779495620.2185442,stat_pub,stat,-1,C4_lidar_medium,C4_lidar_medium,210,off,off,False,True,
1779495620.7189605,stat_pub,stat,-1,C4_lidar_medium,C4_lidar_medium,210,off,off,False,True,
1779495621.219387,stat_pub,stat,-1,C4_lidar_medium,C4_lidar_medium,209,off,off,False,True,
1779495621.7197745,stat_pub,stat,-1,C4_lidar_medium,C4_lidar_medium,210,off,off,False,True,
1779495622.2201338,stat_pub,stat,-1,C4_lidar_medium,C4_lidar_medium,210,off,off,False,True,
1779495622.7203903,stat_pub,stat,-1,C4_lidar_medium,C4_lidar_medium,209,off,off,False,True,
1779495623.221324,stat_pub,stat,-1,C4_lidar_medium,C4_lidar_medium,209,off,off,False,True,
1779495623.721659,stat_pub,stat,-1,C4_lidar_medium,C4_lidar_medium,209,off,off,False,True,
1779495624.2222073,stat_pub,stat,-1,C4_lidar_medium,C4_lidar_medium,210,off,off,False,True,
1779495624.722819,stat_pub,stat,-1,C4_lidar_medium,C4_lidar_medium,209,off,off,False,True,
1779495625.2229323,stat_pub,stat,-1,C4_lidar_medium,C4_lidar_medium,210,off,off,False,True,
1779495625.7233531,stat_pub,stat,-1,C4_lidar_medium,C4_lidar_medium,210,off,off,False,True,
1779495626.2239509,stat_pub,stat,-1,C4_lidar_medium,C4_lidar_medium,210,off,off,False,True,
1779495626.7242875,stat_pub,stat,-1,C4_lidar_medium,C4_lidar_medium,210,off,off,False,True,
1779495627.2247758,stat_pub,stat,-1,C4_lidar_medium,C4_lidar_medium,210,off,off,False,True,
1779495627.7251117,stat_pub,stat,-1,C4_lidar_medium,C4_lidar_medium,210,off,off,False,True,
1779495628.225226,stat_pub,stat,-1,C4_lidar_medium,C4_lidar_medium,209,off,off,False,True,
1779495628.7257805,stat_pub,stat,-1,C4_lidar_medium,C4_lidar_medium,210,off,off,False,True,
1779495629.2260926,stat_pub,stat,-1,C4_lidar_medium,C4_lidar_medium,210,off,off,False,True,
1779495629.7263103,stat_pub,stat,-1,C4_lidar_medium,C4_lidar_medium,210,off,off,False,True,
1779495630.2269478,stat_pub,stat,-1,C4_lidar_medium,C4_lidar_medium,210,off,off,False,True,
1779495630.7274237,stat_pub,stat,-1,C4_lidar_medium,C4_lidar_medium,210,off,off,False,True,
1779495631.2275858,stat_pub,stat,-1,C4_lidar_medium,C4_lidar_medium,210,off,off,False,True,
1779495631.7279234,stat_pub,stat,-1,C4_lidar_medium,C4_lidar_medium,210,off,off,False,True,
1779495632.2282474,stat_pub,stat,-1,C4_lidar_medium,C4_lidar_medium,210,off,off,False,True,
1779495632.7284534,stat_pub,stat,-1,C4_lidar_medium,C4_lidar_medium,210,off,off,False,True,
1779495633.2287495,stat_pub,stat,-1,C4_lidar_medium,C4_lidar_medium,210,off,off,False,True,
1779495633.7290928,stat_pub,stat,-1,C4_lidar_medium,C4_lidar_medium,210,off,off,False,True,
1779495634.229426,stat_pub,stat,-1,C4_lidar_medium,C4_lidar_medium,209,off,off,False,True,
1779495634.730175,stat_pub,stat,-1,C4_lidar_medium,C4_lidar_medium,209,off,off,False,True,
1779495635.2306597,stat_pub,stat,-1,C4_lidar_medium,C4_lidar_medium,209,off,off,False,True,
1779495635.7312856,stat_pub,stat,-1,C4_lidar_medium,C4_lidar_medium,210,off,off,False,True,
1779495636.2315018,stat_pub,stat,-1,C4_lidar_medium,C4_lidar_medium,210,off,off,False,True,
1779495636.7319643,stat_pub,stat,-1,C4_lidar_medium,C4_lidar_medium,210,off,off,False,True,
1779495637.232318,stat_pub,stat,-1,C4_lidar_medium,C4_lidar_medium,209,off,off,False,True,
1779495637.7329018,stat_pub,stat,-1,C4_lidar_medium,C4_lidar_medium,210,off,off,False,True,
1779495638.2331893,stat_pub,stat,-1,C4_lidar_medium,C4_lidar_medium,210,off,off,False,True,
1779495638.733276,stat_pub,stat,-1,C4_lidar_medium,C4_lidar_medium,209,off,off,False,True,
1779495639.2338994,stat_pub,stat,-1,C4_lidar_medium,C4_lidar_medium,210,off,off,False,True,
1779495639.7346573,stat_pub,stat,-1,C4_lidar_medium,C4_lidar_medium,210,off,off,False,True,
1779495640.2353935,stat_pub,stat,-1,C4_lidar_medium,C4_lidar_medium,210,off,off,False,True,
1779495640.735703,stat_pub,stat,-1,C4_lidar_medium,C4_lidar_medium,209,off,off,False,True,
1779495641.236061,stat_pub,stat,-1,C4_lidar_medium,C4_lidar_medium,209,off,off,False,True,
1779495641.7362902,stat_pub,stat,-1,C4_lidar_medium,C4_lidar_medium,210,off,off,False,True,
1779495642.236678,stat_pub,stat,-1,C4_lidar_medium,C4_lidar_medium,209,off,off,False,True,
1779495642.7368464,stat_pub,stat,-1,C4_lidar_medium,C4_lidar_medium,210,off,off,False,True,
1779495643.2370448,stat_pub,stat,-1,C4_lidar_medium,C4_lidar_medium,210,off,off,False,True,
1779495643.7372794,stat_pub,stat,-1,C4_lidar_medium,C4_lidar_medium,210,off,off,False,True,
1779495644.2375932,stat_pub,stat,-1,C4_lidar_medium,C4_lidar_medium,210,off,off,False,True,
1779495644.7381523,stat_pub,stat,-1,C4_lidar_medium,C4_lidar_medium,210,off,off,False,True,
1779495645.238363,stat_pub,stat,-1,C4_lidar_medium,C4_lidar_medium,209,off,off,False,True,
1779495645.738505,stat_pub,stat,-1,C4_lidar_medium,C4_lidar_medium,209,off,off,False,True,
1779495646.2388237,stat_pub,stat,-1,C4_lidar_medium,C4_lidar_medium,210,off,off,False,True,
1779495646.73926,stat_pub,stat,-1,C4_lidar_medium,C4_lidar_medium,208,off,off,False,True,
1779495647.2398505,stat_pub,stat,-1,C4_lidar_medium,C4_lidar_medium,210,off,off,False,True,
1779495647.740219,stat_pub,stat,-1,C4_lidar_medium,C4_lidar_medium,209,off,off,False,True,
1779495648.2403967,stat_pub,stat,-1,C4_lidar_medium,C4_lidar_medium,209,off,off,False,True,
1779495648.7407,stat_pub,stat,-1,C4_lidar_medium,C4_lidar_medium,206,off,off,False,True,
1779495649.2409751,stat_pub,stat,-1,C4_lidar_medium,C4_lidar_medium,209,off,off,False,True,
1779495649.7413986,stat_pub,stat,-1,C4_lidar_medium,C4_lidar_medium,210,off,off,False,True,
1779495650.2416973,stat_pub,stat,-1,C4_lidar_medium,C4_lidar_medium,210,off,off,False,True,
1779495650.7420137,stat_pub,stat,-1,C4_lidar_medium,C4_lidar_medium,210,off,off,False,True,
1779495651.2426033,stat_pub,stat,-1,C4_lidar_medium,C4_lidar_medium,210,off,off,False,True,
1779495651.7427068,stat_pub,stat,-1,C4_lidar_medium,C4_lidar_medium,210,off,off,False,True,
1779495652.243034,stat_pub,stat,-1,C4_lidar_medium,C4_lidar_medium,209,off,off,False,True,
1779495652.7433078,stat_pub,stat,-1,C4_lidar_medium,C4_lidar_medium,210,off,off,False,True,
1779495653.2435322,stat_pub,stat,-1,C4_lidar_medium,C4_lidar_medium,210,off,off,False,True,
1779495653.7439413,stat_pub,stat,-1,C4_lidar_medium,C4_lidar_medium,210,off,off,False,True,
1779495654.244599,stat_pub,stat,-1,C4_lidar_medium,C4_lidar_medium,209,off,off,False,True,
1779495654.745022,stat_pub,stat,-1,C4_lidar_medium,C4_lidar_medium,209,off,off,False,True,
1779495655.2453651,stat_pub,stat,-1,C4_lidar_medium,C4_lidar_medium,210,off,off,False,True,
1779495655.7459328,stat_pub,stat,-1,C4_lidar_medium,C4_lidar_medium,210,off,off,False,True,
1779495656.246048,stat_pub,stat,-1,C4_lidar_medium,C4_lidar_medium,209,off,off,False,True,
1779495656.7465372,stat_pub,stat,-1,C4_lidar_medium,C4_lidar_medium,210,off,off,False,True,
1779495657.2468243,stat_pub,stat,-1,C4_lidar_medium,C4_lidar_medium,210,off,off,False,True,
1779495657.7469778,stat_pub,stat,-1,C4_lidar_medium,C4_lidar_medium,210,off,off,False,True,
1779495658.2472174,stat_pub,stat,-1,C4_lidar_medium,C4_lidar_medium,210,off,off,False,True,
1779495658.747971,stat_pub,stat,-1,C4_lidar_medium,C4_lidar_medium,209,off,off,False,True,
1779495659.24823,stat_pub,stat,-1,C4_lidar_medium,C4_lidar_medium,208,off,off,False,True,
1779495659.748644,stat_pub,stat,-1,C4_lidar_medium,C4_lidar_medium,209,off,off,False,True,
1779495660.2490616,stat_pub,stat,-1,C4_lidar_medium,C4_lidar_medium,210,off,off,False,True,
1779495660.7493558,stat_pub,stat,-1,C4_lidar_medium,C4_lidar_medium,210,off,off,False,True,
1779495661.249723,stat_pub,stat,-1,C4_lidar_medium,C4_lidar_medium,209,off,off,False,True,
1779495661.749974,stat_pub,stat,-1,C4_lidar_medium,C4_lidar_medium,209,off,off,False,True,
1779495662.2502725,stat_pub,stat,-1,C4_lidar_medium,C4_lidar_medium,210,off,off,False,True,
1779495662.7504842,stat_pub,stat,-1,C4_lidar_medium,C4_lidar_medium,209,off,off,False,True,
1779495663.2508495,stat_pub,stat,-1,C4_lidar_medium,C4_lidar_medium,209,off,off,False,True,
1779495663.7510126,stat_pub,stat,-1,C4_lidar_medium,C4_lidar_medium,209,off,off,False,True,
1779495664.251252,stat_pub,stat,-1,C4_lidar_medium,C4_lidar_medium,208,off,off,False,True,
1779495664.7514274,stat_pub,stat,-1,C4_lidar_medium,C4_lidar_medium,210,off,off,False,True,
1779495665.2517192,stat_pub,stat,-1,C4_lidar_medium,C4_lidar_medium,210,off,off,False,True,
1779495665.7523315,stat_pub,stat,-1,C4_lidar_medium,C4_lidar_medium,210,off,off,False,True,
1779495666.2525704,stat_pub,stat,-1,C4_lidar_medium,C4_lidar_medium,210,off,off,False,True,
1779495666.7526784,stat_pub,stat,-1,C4_lidar_medium,C4_lidar_medium,210,off,off,False,True,
1779495667.2530081,stat_pub,stat,-1,C4_lidar_medium,C4_lidar_medium,210,off,off,False,True,
1779495667.7533653,stat_pub,stat,-1,C4_lidar_medium,C4_lidar_medium,210,off,off,False,True,
1779495668.253979,stat_pub,stat,-1,C4_lidar_medium,C4_lidar_medium,209,off,off,False,True,
1779495668.7543843,stat_pub,stat,-1,C4_lidar_medium,C4_lidar_medium,210,off,off,False,True,
1779495669.2549143,stat_pub,stat,-1,C4_lidar_medium,C4_lidar_medium,210,off,off,False,True,
1779495669.7552192,stat_pub,stat,-1,C4_lidar_medium,C4_lidar_medium,210,off,off,False,True,
1779495670.2556212,stat_pub,stat,-1,C4_lidar_medium,C4_lidar_medium,210,off,off,False,True,
1779495670.7560616,stat_pub,stat,-1,C4_lidar_medium,C4_lidar_medium,210,off,off,False,True,
1779495671.2564747,stat_pub,stat,-1,C4_lidar_medium,C4_lidar_medium,210,off,off,False,True,
1779495671.7566369,stat_pub,stat,-1,C4_lidar_medium,C4_lidar_medium,210,off,off,False,True,
1779495672.2571387,stat_pub,stat,-1,C4_lidar_medium,C4_lidar_medium,210,off,off,False,True,
1779495672.7575145,stat_pub,stat,-1,C4_lidar_medium,C4_lidar_medium,210,off,off,False,True,
1779495673.2577553,stat_pub,stat,-1,C4_lidar_medium,C4_lidar_medium,210,off,off,False,True,
1779495673.7579858,stat_pub,stat,-1,C4_lidar_medium,C4_lidar_medium,210,off,off,False,True,
1779495674.258357,stat_pub,stat,-1,C4_lidar_medium,C4_lidar_medium,209,off,off,False,True,
1779495674.7584543,stat_pub,stat,-1,C4_lidar_medium,C4_lidar_medium,210,off,off,False,True,
1779495675.2597601,stat_pub,stat,-1,C4_lidar_medium,C4_lidar_medium,210,off,off,False,True,
1779495675.7599971,stat_pub,stat,-1,C4_lidar_medium,C4_lidar_medium,210,off,off,False,True,
1779495676.2600963,stat_pub,stat,-1,C4_lidar_medium,C4_lidar_medium,210,off,off,False,True,
1779495676.7605424,stat_pub,stat,-1,C4_lidar_medium,C4_lidar_medium,209,off,off,False,True,
1779495677.2609677,stat_pub,stat,-1,C4_lidar_medium,C4_lidar_medium,209,off,off,False,True,
1779495677.7619245,stat_pub,stat,-1,C4_lidar_medium,C4_lidar_medium,210,off,off,False,True,
1779495678.2623203,stat_pub,stat,-1,C4_lidar_medium,C4_lidar_medium,210,off,off,False,True,
1779495678.7629104,stat_pub,stat,-1,C4_lidar_medium,C4_lidar_medium,210,off,off,False,True,
1779495679.263263,stat_pub,stat,-1,C4_lidar_medium,C4_lidar_medium,209,off,off,False,True,
1779495679.7634737,stat_pub,stat,-1,C4_lidar_medium,C4_lidar_medium,210,off,off,False,True,
1779495680.2639933,stat_pub,stat,-1,C4_lidar_medium,C4_lidar_medium,210,off,off,False,True,
1779495680.76422,stat_pub,stat,-1,C4_lidar_medium,C4_lidar_medium,208,off,off,False,True,
1779495681.2647586,stat_pub,stat,-1,C4_lidar_medium,C4_lidar_medium,210,off,off,False,True,
1779495681.7650745,stat_pub,stat,-1,C4_lidar_medium,C4_lidar_medium,210,off,off,False,True,
1779495682.2655115,stat_pub,stat,-1,C4_lidar_medium,C4_lidar_medium,210,off,off,False,True,
1779495682.765943,stat_pub,stat,-1,C4_lidar_medium,C4_lidar_medium,209,off,off,False,True,
1779495683.2663019,stat_pub,stat,-1,C4_lidar_medium,C4_lidar_medium,210,off,off,False,True,
1779495683.766776,stat_pub,stat,-1,C4_lidar_medium,C4_lidar_medium,209,off,off,False,True,
1779495684.2671459,stat_pub,stat,-1,C4_lidar_medium,C4_lidar_medium,210,off,off,False,True,
1779495684.7678869,stat_pub,stat,-1,C4_lidar_medium,C4_lidar_medium,210,off,off,False,True,
1779495685.2681377,stat_pub,stat,-1,C4_lidar_medium,C4_lidar_medium,210,off,off,False,True,
1779495685.768609,stat_pub,stat,-1,C4_lidar_medium,C4_lidar_medium,209,off,off,False,True,
1779495686.2686982,stat_pub,stat,-1,C4_lidar_medium,C4_lidar_medium,210,off,off,False,True,
1779495686.769244,stat_pub,stat,-1,C4_lidar_medium,C4_lidar_medium,209,off,off,False,True,
1779495687.2697809,stat_pub,stat,-1,C4_lidar_medium,C4_lidar_medium,210,off,off,False,True,
1779495687.7699535,stat_pub,stat,-1,C4_lidar_medium,C4_lidar_medium,210,off,off,False,True,
1779495688.2704396,stat_pub,stat,-1,C4_lidar_medium,C4_lidar_medium,209,off,off,False,True,
1779495688.770854,stat_pub,stat,-1,C4_lidar_medium,C4_lidar_medium,208,off,off,False,True,
1779495689.2713287,stat_pub,stat,-1,C4_lidar_medium,C4_lidar_medium,210,off,off,False,True,
1779495689.771887,stat_pub,stat,-1,C4_lidar_medium,C4_lidar_medium,209,off,off,False,True,
1779495690.2724066,stat_pub,stat,-1,C4_lidar_medium,C4_lidar_medium,210,off,off,False,True,
1779495690.7727807,stat_pub,stat,-1,C4_lidar_medium,C4_lidar_medium,210,off,off,False,True,
1779495691.2731528,stat_pub,stat,-1,C4_lidar_medium,C4_lidar_medium,210,off,off,False,True,
1779495691.7735147,stat_pub,stat,-1,C4_lidar_medium,C4_lidar_medium,210,off,off,False,True,
1779495692.273762,stat_pub,stat,-1,C4_lidar_medium,C4_lidar_medium,209,off,off,False,True,
1779495692.7743337,stat_pub,stat,-1,C4_lidar_medium,C4_lidar_medium,210,off,off,False,True,
1779495693.2746084,stat_pub,stat,-1,C4_lidar_medium,C4_lidar_medium,210,off,off,False,True,
1779495693.7751684,stat_pub,stat,-1,C4_lidar_medium,C4_lidar_medium,210,off,off,False,True,
1779495694.2754462,stat_pub,stat,-1,C4_lidar_medium,C4_lidar_medium,210,off,off,False,True,
1779495694.7759762,stat_pub,stat,-1,C4_lidar_medium,C4_lidar_medium,210,off,off,False,True,
1779495695.2760828,stat_pub,stat,-1,C4_lidar_medium,C4_lidar_medium,210,off,off,False,True,
1779495695.7762883,stat_pub,stat,-1,C4_lidar_medium,C4_lidar_medium,210,off,off,False,True,
1779495696.2768476,stat_pub,stat,-1,C4_lidar_medium,C4_lidar_medium,210,off,off,False,True,
1779495696.7777162,stat_pub,stat,-1,C4_lidar_medium,C4_lidar_medium,210,off,off,False,True,
1779495697.2778826,stat_pub,stat,-1,C4_lidar_medium,C4_lidar_medium,210,off,off,False,True,
1779495697.7781987,stat_pub,stat,-1,C4_lidar_medium,C4_lidar_medium,210,off,off,False,True,
1779495698.2784514,stat_pub,stat,-1,C4_lidar_medium,C4_lidar_medium,210,off,off,False,True,
1779495698.778764,stat_pub,stat,-1,C4_lidar_medium,C4_lidar_medium,209,off,off,False,True,
1779495699.2790387,stat_pub,stat,-1,C4_lidar_medium,C4_lidar_medium,210,off,off,False,True,
1779495699.7794418,stat_pub,stat,-1,C4_lidar_medium,C4_lidar_medium,210,off,off,False,True,
1779495700.2796276,stat_pub,stat,-1,C4_lidar_medium,C4_lidar_medium,210,off,off,False,True,
1779495700.7797675,stat_pub,stat,-1,C4_lidar_medium,C4_lidar_medium,210,off,off,False,True,
1779495701.2802184,stat_pub,stat,-1,C4_lidar_medium,C4_lidar_medium,210,off,off,False,True,
1779495701.7803535,stat_pub,stat,-1,C4_lidar_medium,C4_lidar_medium,209,off,off,False,True,
1779495702.280668,stat_pub,stat,-1,C4_lidar_medium,C4_lidar_medium,208,off,off,False,True,
1779495702.7811673,stat_pub,stat,-1,C4_lidar_medium,C4_lidar_medium,209,off,off,False,True,
1779495703.2815075,stat_pub,stat,-1,C4_lidar_medium,C4_lidar_medium,210,off,off,False,True,
1779495703.78205,stat_pub,stat,-1,C4_lidar_medium,C4_lidar_medium,208,off,off,False,True,
1779495704.2826705,stat_pub,stat,-1,C4_lidar_medium,C4_lidar_medium,210,off,off,False,True,
1779495704.7832623,stat_pub,stat,-1,C4_lidar_medium,C4_lidar_medium,210,off,off,False,True,
1779495705.2835484,stat_pub,stat,-1,C4_lidar_medium,C4_lidar_medium,210,off,off,False,True,
1779495705.7843523,stat_pub,stat,-1,C4_lidar_medium,C4_lidar_medium,210,off,off,False,True,
1779495706.2847202,stat_pub,stat,-1,C4_lidar_medium,C4_lidar_medium,210,off,off,False,True,
1779495706.7848773,stat_pub,stat,-1,C4_lidar_medium,C4_lidar_medium,210,off,off,False,True,
1779495707.2850752,stat_pub,stat,-1,C4_lidar_medium,C4_lidar_medium,210,off,off,False,True,
1779495707.7855952,stat_pub,stat,-1,C4_lidar_medium,C4_lidar_medium,210,off,off,False,True,
1779495708.2861962,stat_pub,stat,-1,C4_lidar_medium,C4_lidar_medium,210,off,off,False,True,
1779495708.7865198,stat_pub,stat,-1,C4_lidar_medium,C4_lidar_medium,210,off,off,False,True,
1779495709.2868974,stat_pub,stat,-1,C4_lidar_medium,C4_lidar_medium,210,off,off,False,True,
1779495709.7870762,stat_pub,stat,-1,C4_lidar_medium,C4_lidar_medium,210,off,off,False,True,
1779495710.2877114,stat_pub,stat,-1,C4_lidar_medium,C4_lidar_medium,210,off,off,False,True,
1779495710.7879877,stat_pub,stat,-1,C4_lidar_medium,C4_lidar_medium,210,off,off,False,True,
1779495711.288441,stat_pub,stat,-1,C4_lidar_medium,C4_lidar_medium,209,off,off,False,True,
1779495711.7887437,stat_pub,stat,-1,C4_lidar_medium,C4_lidar_medium,210,off,off,False,True,
1779495712.2889965,stat_pub,stat,-1,C4_lidar_medium,C4_lidar_medium,210,off,off,False,True,
1779495712.789559,stat_pub,stat,-1,C4_lidar_medium,C4_lidar_medium,209,off,off,False,True,
1779495713.2896903,stat_pub,stat,-1,C4_lidar_medium,C4_lidar_medium,210,off,off,False,True,
1779495713.7897968,stat_pub,stat,-1,C4_lidar_medium,C4_lidar_medium,210,off,off,False,True,
1779495714.2901747,stat_pub,stat,-1,C4_lidar_medium,C4_lidar_medium,210,off,off,False,True,
1779495714.7904637,stat_pub,stat,-1,C4_lidar_medium,C4_lidar_medium,208,off,off,False,True,
1779495715.290722,stat_pub,stat,-1,C4_lidar_medium,C4_lidar_medium,207,off,off,False,True,
1779495715.7910664,stat_pub,stat,-1,C4_lidar_medium,C4_lidar_medium,208,off,off,False,True,
1779495716.291523,stat_pub,stat,-1,C4_lidar_medium,C4_lidar_medium,209,off,off,False,True,
1779495716.7919514,stat_pub,stat,-1,C4_lidar_medium,C4_lidar_medium,210,off,off,False,True,
1779495717.292166,stat_pub,stat,-1,C4_lidar_medium,C4_lidar_medium,209,off,off,False,True,
1779495717.792277,stat_pub,stat,-1,C4_lidar_medium,C4_lidar_medium,209,off,off,False,True,
1779495718.292457,stat_pub,stat,-1,C4_lidar_medium,C4_lidar_medium,209,off,off,False,True,
1779495718.7927306,stat_pub,stat,-1,C4_lidar_medium,C4_lidar_medium,210,off,off,False,True,
1779495719.2931042,stat_pub,stat,-1,C4_lidar_medium,C4_lidar_medium,210,off,off,False,True,
1779495719.7936215,stat_pub,stat,-1,C4_lidar_medium,C4_lidar_medium,210,off,off,False,True,
1779495720.293849,stat_pub,stat,-1,C4_lidar_medium,C4_lidar_medium,209,off,off,False,True,
1779495720.7940931,stat_pub,stat,-1,C4_lidar_medium,C4_lidar_medium,210,off,off,False,True,
1779495721.2946913,stat_pub,stat,-1,C4_lidar_medium,C4_lidar_medium,210,off,off,False,True,
1779495721.7950041,stat_pub,stat,-1,C4_lidar_medium,C4_lidar_medium,210,off,off,False,True,
1779495722.2952147,stat_pub,stat,-1,C4_lidar_medium,C4_lidar_medium,210,off,off,False,True,
1779495722.7957556,stat_pub,stat,-1,C4_lidar_medium,C4_lidar_medium,210,off,off,False,True,
1779495723.2961242,stat_pub,stat,-1,C4_lidar_medium,C4_lidar_medium,210,off,off,False,True,
1779495723.7963014,stat_pub,stat,-1,C4_lidar_medium,C4_lidar_medium,210,off,off,False,True,
1779495724.2966235,stat_pub,stat,-1,C4_lidar_medium,C4_lidar_medium,210,off,off,False,True,
1779495724.7967708,stat_pub,stat,-1,C4_lidar_medium,C4_lidar_medium,210,off,off,False,True,
1779495725.2969363,stat_pub,stat,-1,C4_lidar_medium,C4_lidar_medium,210,off,off,False,True,
1779495725.7971296,stat_pub,stat,-1,C4_lidar_medium,C4_lidar_medium,210,off,off,False,True,
1779495726.297414,stat_pub,stat,-1,C4_lidar_medium,C4_lidar_medium,209,off,off,False,True,
1779495726.7979963,stat_pub,stat,-1,C4_lidar_medium,C4_lidar_medium,210,off,off,False,True,
1779495727.298125,stat_pub,stat,-1,C4_lidar_medium,C4_lidar_medium,209,off,off,False,True,
1779495727.7982383,stat_pub,stat,-1,C4_lidar_medium,C4_lidar_medium,210,off,off,False,True,
1779495728.2984815,stat_pub,stat,-1,C4_lidar_medium,C4_lidar_medium,210,off,off,False,True,
1779495728.798657,stat_pub,stat,-1,C4_lidar_medium,C4_lidar_medium,209,off,off,False,True,
1779495729.299057,stat_pub,stat,-1,C4_lidar_medium,C4_lidar_medium,209,off,off,False,True,
1779495729.7991915,stat_pub,stat,-1,C4_lidar_medium,C4_lidar_medium,210,off,off,False,True,
1779495730.2994869,stat_pub,stat,-1,C4_lidar_medium,C4_lidar_medium,210,off,off,False,True,
1779495730.7999756,stat_pub,stat,-1,C4_lidar_medium,C4_lidar_medium,210,off,off,False,True,
1779495731.3005066,stat_pub,stat,-1,C4_lidar_medium,C4_lidar_medium,209,off,off,False,True,
1779495731.800863,stat_pub,stat,-1,C4_lidar_medium,C4_lidar_medium,208,off,off,False,True,
1779495732.3014078,stat_pub,stat,-1,C4_lidar_medium,C4_lidar_medium,210,off,off,False,True,
1779495732.801747,stat_pub,stat,-1,C4_lidar_medium,C4_lidar_medium,209,off,off,False,True,
1779495733.3020177,stat_pub,stat,-1,C4_lidar_medium,C4_lidar_medium,210,off,off,False,True,
1779495733.8026025,stat_pub,stat,-1,C4_lidar_medium,C4_lidar_medium,210,off,off,False,True,
1779495734.3030207,stat_pub,stat,-1,C4_lidar_medium,C4_lidar_medium,210,off,off,False,True,
1779495734.803337,stat_pub,stat,-1,C4_lidar_medium,C4_lidar_medium,209,off,off,False,True,
1779495735.3037171,stat_pub,stat,-1,C4_lidar_medium,C4_lidar_medium,210,off,off,False,True,
1779495735.8041346,stat_pub,stat,-1,C4_lidar_medium,C4_lidar_medium,210,off,off,False,True,
1779495736.3043282,stat_pub,stat,-1,C4_lidar_medium,C4_lidar_medium,210,off,off,False,True,
1779495736.8048275,stat_pub,stat,-1,C4_lidar_medium,C4_lidar_medium,210,off,off,False,True,
1779495737.3049512,stat_pub,stat,-1,C4_lidar_medium,C4_lidar_medium,210,off,off,False,True,
1779495737.805355,stat_pub,stat,-1,C4_lidar_medium,C4_lidar_medium,209,off,off,False,True,
1779495738.3058538,stat_pub,stat,-1,C4_lidar_medium,C4_lidar_medium,210,off,off,False,True,
1779495738.8063383,stat_pub,stat,-1,C4_lidar_medium,C4_lidar_medium,210,off,off,False,True,
1779495739.3065627,stat_pub,stat,-1,C4_lidar_medium,C4_lidar_medium,210,off,off,False,True,
1779495739.8070967,stat_pub,stat,-1,C4_lidar_medium,C4_lidar_medium,210,off,off,False,True,
1779495740.3073344,stat_pub,stat,-1,C4_lidar_medium,C4_lidar_medium,210,off,off,False,True,
1779495740.8075922,stat_pub,stat,-1,C4_lidar_medium,C4_lidar_medium,210,off,off,False,True,
1779495741.3079069,stat_pub,stat,-1,C4_lidar_medium,C4_lidar_medium,210,off,off,False,True,
1779495741.80848,stat_pub,stat,-1,C4_lidar_medium,C4_lidar_medium,208,off,off,False,True,
1779495742.308625,stat_pub,stat,-1,C4_lidar_medium,C4_lidar_medium,209,off,off,False,True,
1779495742.808897,stat_pub,stat,-1,C4_lidar_medium,C4_lidar_medium,209,off,off,False,True,
1779495743.3092573,stat_pub,stat,-1,C4_lidar_medium,C4_lidar_medium,210,off,off,False,True,
1779495743.8095498,stat_pub,stat,-1,C4_lidar_medium,C4_lidar_medium,210,off,off,False,True,
1779495744.3098927,stat_pub,stat,-1,C4_lidar_medium,C4_lidar_medium,210,off,off,False,True,
1779495744.8103933,stat_pub,stat,-1,C4_lidar_medium,C4_lidar_medium,209,off,off,False,True,
1779495745.3104932,stat_pub,stat,-1,C4_lidar_medium,C4_lidar_medium,209,off,off,False,True,
1779495745.8106124,stat_pub,stat,-1,C4_lidar_medium,C4_lidar_medium,209,off,off,False,True,
1779495746.3110373,stat_pub,stat,-1,C4_lidar_medium,C4_lidar_medium,209,off,off,False,True,
1779495746.81162,stat_pub,stat,-1,C4_lidar_medium,C4_lidar_medium,208,off,off,False,True,
1779495747.3121765,stat_pub,stat,-1,C4_lidar_medium,C4_lidar_medium,210,off,off,False,True,
1779495747.812386,stat_pub,stat,-1,C4_lidar_medium,C4_lidar_medium,209,off,off,False,True,
1779495748.312651,stat_pub,stat,-1,C4_lidar_medium,C4_lidar_medium,209,off,off,False,True,
1779495748.813106,stat_pub,stat,-1,C4_lidar_medium,C4_lidar_medium,209,off,off,False,True,
1779495749.3134234,stat_pub,stat,-1,C4_lidar_medium,C4_lidar_medium,210,off,off,False,True,
1779495749.8138707,stat_pub,stat,-1,C4_lidar_medium,C4_lidar_medium,210,off,off,False,True,
1779495750.3140135,stat_pub,stat,-1,C4_lidar_medium,C4_lidar_medium,210,off,off,False,True,
1779495750.814211,stat_pub,stat,-1,C4_lidar_medium,C4_lidar_medium,209,off,off,False,True,
1779495751.3147042,stat_pub,stat,-1,C4_lidar_medium,C4_lidar_medium,210,off,off,False,True,
1779495751.815263,stat_pub,stat,-1,C4_lidar_medium,C4_lidar_medium,209,off,off,False,True,
1779495752.3158247,stat_pub,stat,-1,C4_lidar_medium,C4_lidar_medium,210,off,off,False,True,
1779495752.8162067,stat_pub,stat,-1,C4_lidar_medium,C4_lidar_medium,210,off,off,False,True,
1779495753.3165472,stat_pub,stat,-1,C4_lidar_medium,C4_lidar_medium,210,off,off,False,True,
1779495753.8171287,stat_pub,stat,-1,C4_lidar_medium,C4_lidar_medium,210,off,off,False,True,
1779495754.3173604,stat_pub,stat,-1,C4_lidar_medium,C4_lidar_medium,210,off,off,False,True,
1779495754.8178217,stat_pub,stat,-1,C4_lidar_medium,C4_lidar_medium,210,off,off,False,True,
1779495755.3179402,stat_pub,stat,-1,C4_lidar_medium,C4_lidar_medium,210,off,off,False,True,
1779495755.8182895,stat_pub,stat,-1,C4_lidar_medium,C4_lidar_medium,210,off,off,False,True,
1779495756.318616,stat_pub,stat,-1,C4_lidar_medium,C4_lidar_medium,209,off,off,False,True,
1779495756.8190746,stat_pub,stat,-1,C4_lidar_medium,C4_lidar_medium,210,off,off,False,True,
1779495757.3196602,stat_pub,stat,-1,C4_lidar_medium,C4_lidar_medium,210,off,off,False,True,
1779495757.8199964,stat_pub,stat,-1,C4_lidar_medium,C4_lidar_medium,210,off,off,False,True,
1779495758.3204777,stat_pub,stat,-1,C4_lidar_medium,C4_lidar_medium,209,off,off,False,True,
1779495758.8210258,stat_pub,stat,-1,C4_lidar_medium,C4_lidar_medium,209,off,off,False,True,
1779495759.3213506,stat_pub,stat,-1,C4_lidar_medium,C4_lidar_medium,210,off,off,False,True,
1779495759.8216891,stat_pub,stat,-1,C4_lidar_medium,C4_lidar_medium,210,off,off,False,True,
1779495760.3222406,stat_pub,stat,-1,C4_lidar_medium,C4_lidar_medium,210,off,off,False,True,
1779495760.82279,stat_pub,stat,-1,C4_lidar_medium,C4_lidar_medium,208,off,off,False,True,
1779495761.3231783,stat_pub,stat,-1,C4_lidar_medium,C4_lidar_medium,210,off,off,False,True,
1779495761.8235304,stat_pub,stat,-1,C4_lidar_medium,C4_lidar_medium,210,off,off,False,True,
1779495762.3241162,stat_pub,stat,-1,C4_lidar_medium,C4_lidar_medium,210,off,off,False,True,
1779495762.8242643,stat_pub,stat,-1,C4_lidar_medium,C4_lidar_medium,210,off,off,False,True,
1779495763.3247588,stat_pub,stat,-1,C4_lidar_medium,C4_lidar_medium,210,off,off,False,True,
1779495763.825446,stat_pub,stat,-1,C4_lidar_medium,C4_lidar_medium,209,off,off,False,True,
1779495764.3258536,stat_pub,stat,-1,C4_lidar_medium,C4_lidar_medium,210,off,off,False,True,
1779495764.8260572,stat_pub,stat,-1,C4_lidar_medium,C4_lidar_medium,210,off,off,False,True,
1779495765.3264966,stat_pub,stat,-1,C4_lidar_medium,C4_lidar_medium,210,off,off,False,True,
1779495765.8267434,stat_pub,stat,-1,C4_lidar_medium,C4_lidar_medium,210,off,off,False,True,
1779495766.3270113,stat_pub,stat,-1,C4_lidar_medium,C4_lidar_medium,210,off,off,False,True,
1779495766.8274028,stat_pub,stat,-1,C4_lidar_medium,C4_lidar_medium,210,off,off,False,True,
1779495767.3276594,stat_pub,stat,-1,C4_lidar_medium,C4_lidar_medium,210,off,off,False,True,
1779495767.8281925,stat_pub,stat,-1,C4_lidar_medium,C4_lidar_medium,210,off,off,False,True,
1779495768.3286545,stat_pub,stat,-1,C4_lidar_medium,C4_lidar_medium,210,off,off,False,True,
1779495768.8289843,stat_pub,stat,-1,C4_lidar_medium,C4_lidar_medium,210,off,off,False,True,
1779495769.3292263,stat_pub,stat,-1,C4_lidar_medium,C4_lidar_medium,210,off,off,False,True,
1779495769.8294256,stat_pub,stat,-1,C4_lidar_medium,C4_lidar_medium,210,off,off,False,True,
1779495770.3299131,stat_pub,stat,-1,C4_lidar_medium,C4_lidar_medium,210,off,off,False,True,
1779495770.8303452,stat_pub,stat,-1,C4_lidar_medium,C4_lidar_medium,209,off,off,False,True,
1779495771.3306963,stat_pub,stat,-1,C4_lidar_medium,C4_lidar_medium,209,off,off,False,True,
1779495771.8310423,stat_pub,stat,-1,C4_lidar_medium,C4_lidar_medium,209,off,off,False,True,
1779495772.3315947,stat_pub,stat,-1,C4_lidar_medium,C4_lidar_medium,210,off,off,False,True,
1779495772.8317814,stat_pub,stat,-1,C4_lidar_medium,C4_lidar_medium,210,off,off,False,True,
1779495773.3322754,stat_pub,stat,-1,C4_lidar_medium,C4_lidar_medium,210,off,off,False,True,
1779495773.8327003,stat_pub,stat,-1,C4_lidar_medium,C4_lidar_medium,210,off,off,False,True,
1779495774.3328493,stat_pub,stat,-1,C4_lidar_medium,C4_lidar_medium,210,off,off,False,True,
1779495774.8333943,stat_pub,stat,-1,C4_lidar_medium,C4_lidar_medium,210,off,off,False,True,
1779495775.333929,stat_pub,stat,-1,C4_lidar_medium,C4_lidar_medium,209,off,off,False,True,
1779495775.8340597,stat_pub,stat,-1,C4_lidar_medium,C4_lidar_medium,210,off,off,False,True,
1779495776.334551,stat_pub,stat,-1,C4_lidar_medium,C4_lidar_medium,209,off,off,False,True,
1779495776.8347952,stat_pub,stat,-1,C4_lidar_medium,C4_lidar_medium,210,off,off,False,True,
1779495777.3352683,stat_pub,stat,-1,C4_lidar_medium,C4_lidar_medium,210,off,off,False,True,
1779495777.8354926,stat_pub,stat,-1,C4_lidar_medium,C4_lidar_medium,210,off,off,False,True,
1779495778.335659,stat_pub,stat,-1,C4_lidar_medium,C4_lidar_medium,209,off,off,False,True,
1779495778.8359332,stat_pub,stat,-1,C4_lidar_medium,C4_lidar_medium,210,off,off,False,True,
1779495779.336085,stat_pub,stat,-1,C4_lidar_medium,C4_lidar_medium,209,off,off,False,True,
1779495779.8365903,stat_pub,stat,-1,C4_lidar_medium,C4_lidar_medium,210,off,off,False,True,
1779495780.3370633,stat_pub,stat,-1,C4_lidar_medium,C4_lidar_medium,210,off,off,False,True,
1779495780.8376076,stat_pub,stat,-1,C4_lidar_medium,C4_lidar_medium,210,off,off,False,True,
1779495781.3383777,stat_pub,stat,-1,C4_lidar_medium,C4_lidar_medium,210,off,off,False,True,
1779495781.8387105,stat_pub,stat,-1,C4_lidar_medium,C4_lidar_medium,210,off,off,False,True,
1779495782.338842,stat_pub,stat,-1,C4_lidar_medium,C4_lidar_medium,209,off,off,False,True,
1779495782.8392577,stat_pub,stat,-1,C4_lidar_medium,C4_lidar_medium,210,off,off,False,True,
1779495783.3398356,stat_pub,stat,-1,C4_lidar_medium,C4_lidar_medium,210,off,off,False,True,
1779495783.8400433,stat_pub,stat,-1,C4_lidar_medium,C4_lidar_medium,210,off,off,False,True,
1779495784.34036,stat_pub,stat,-1,C4_lidar_medium,C4_lidar_medium,207,off,off,False,True,
1779495784.8407176,stat_pub,stat,-1,C4_lidar_medium,C4_lidar_medium,209,off,off,False,True,
1779495785.3410926,stat_pub,stat,-1,C4_lidar_medium,C4_lidar_medium,209,off,off,False,True,
1779495785.8415413,stat_pub,stat,-1,C4_lidar_medium,C4_lidar_medium,210,off,off,False,True,
1779495786.34182,stat_pub,stat,-1,C4_lidar_medium,C4_lidar_medium,208,off,off,False,True,
1779495786.8424218,stat_pub,stat,-1,C4_lidar_medium,C4_lidar_medium,210,off,off,False,True,
1779495787.3425968,stat_pub,stat,-1,C4_lidar_medium,C4_lidar_medium,210,off,off,False,True,
1779495787.8429134,stat_pub,stat,-1,C4_lidar_medium,C4_lidar_medium,210,off,off,False,True,
1779495788.3435254,stat_pub,stat,-1,C4_lidar_medium,C4_lidar_medium,210,off,off,False,True,
1779495788.8438647,stat_pub,stat,-1,C4_lidar_medium,C4_lidar_medium,210,off,off,False,True,
1779495789.3444517,stat_pub,stat,-1,C4_lidar_medium,C4_lidar_medium,210,off,off,False,True,
1779495789.8447752,stat_pub,stat,-1,C4_lidar_medium,C4_lidar_medium,210,off,off,False,True,
1779495790.3453763,stat_pub,stat,-1,C4_lidar_medium,C4_lidar_medium,210,off,off,False,True,
1779495790.8456824,stat_pub,stat,-1,C4_lidar_medium,C4_lidar_medium,210,off,off,False,True,
1779495791.3462331,stat_pub,stat,-1,C4_lidar_medium,C4_lidar_medium,210,off,off,False,True,
1779495791.8467345,stat_pub,stat,-1,C4_lidar_medium,C4_lidar_medium,210,off,off,False,True,
1779495792.3473413,stat_pub,stat,-1,C4_lidar_medium,C4_lidar_medium,210,off,off,False,True,
1779495792.8474925,stat_pub,stat,-1,C4_lidar_medium,C4_lidar_medium,210,off,off,False,True,
1779495793.3478987,stat_pub,stat,-1,C4_lidar_medium,C4_lidar_medium,210,off,off,False,True,
1779495793.8482752,stat_pub,stat,-1,C4_lidar_medium,C4_lidar_medium,210,off,off,False,True,
1779495794.3484287,stat_pub,stat,-1,C4_lidar_medium,C4_lidar_medium,210,off,off,False,True,
1779495794.8487675,stat_pub,stat,-1,C4_lidar_medium,C4_lidar_medium,210,off,off,False,True,
1779495795.3490844,stat_pub,stat,-1,C4_lidar_medium,C4_lidar_medium,210,off,off,False,True,
1779495795.8492584,stat_pub,stat,-1,C4_lidar_medium,C4_lidar_medium,210,off,off,False,True,
1779495796.3496227,stat_pub,stat,-1,C4_lidar_medium,C4_lidar_medium,210,off,off,False,True,
1779495796.849914,stat_pub,stat,-1,C4_lidar_medium,C4_lidar_medium,209,off,off,False,True,
1779495797.3505046,stat_pub,stat,-1,C4_lidar_medium,C4_lidar_medium,209,off,off,False,True,
1779495797.851214,stat_pub,stat,-1,C4_lidar_medium,C4_lidar_medium,208,off,off,False,True,
1779495798.3518343,stat_pub,stat,-1,C4_lidar_medium,C4_lidar_medium,210,off,off,False,True,
1779495798.8523414,stat_pub,stat,-1,C4_lidar_medium,C4_lidar_medium,210,off,off,False,True,
1779495799.352583,stat_pub,stat,-1,C4_lidar_medium,C4_lidar_medium,209,off,off,False,True,
1779495799.8531134,stat_pub,stat,-1,C4_lidar_medium,C4_lidar_medium,210,off,off,False,True,
1779495800.3536906,stat_pub,stat,-1,C4_lidar_medium,C4_lidar_medium,210,off,off,False,True,
1779495800.854094,stat_pub,stat,-1,C4_lidar_medium,C4_lidar_medium,209,off,off,False,True,
1779495801.3545482,stat_pub,stat,-1,C4_lidar_medium,C4_lidar_medium,210,off,off,False,True,
1779495801.8546584,stat_pub,stat,-1,C4_lidar_medium,C4_lidar_medium,210,off,off,False,True,
1779495802.3550918,stat_pub,stat,-1,C4_lidar_medium,C4_lidar_medium,210,off,off,False,True,
1779495802.855951,stat_pub,stat,-1,C4_lidar_medium,C4_lidar_medium,209,off,off,False,True,
1779495803.3561678,stat_pub,stat,-1,C4_lidar_medium,C4_lidar_medium,210,off,off,False,True,
1779495803.8568358,stat_pub,stat,-1,C4_lidar_medium,C4_lidar_medium,210,off,off,False,True,
1779495804.357384,stat_pub,stat,-1,C4_lidar_medium,C4_lidar_medium,209,off,off,False,True,
1779495804.8581483,stat_pub,stat,-1,C4_lidar_medium,C4_lidar_medium,210,off,off,False,True,
1779495805.3586383,stat_pub,stat,-1,C4_lidar_medium,C4_lidar_medium,210,off,off,False,True,
1779495805.8591123,stat_pub,stat,-1,C4_lidar_medium,C4_lidar_medium,210,off,off,False,True,
1779495806.3592956,stat_pub,stat,-1,C4_lidar_medium,C4_lidar_medium,210,off,off,False,True,
1779495806.8600187,stat_pub,stat,-1,C4_lidar_medium,C4_lidar_medium,210,off,off,False,True,
1779495807.3603442,stat_pub,stat,-1,C4_lidar_medium,C4_lidar_medium,209,off,off,False,True,
1779495807.8607316,stat_pub,stat,-1,C4_lidar_medium,C4_lidar_medium,209,off,off,False,True,
1779495808.361228,stat_pub,stat,-1,C4_lidar_medium,C4_lidar_medium,208,off,off,False,True,
1779495808.861933,stat_pub,stat,-1,C4_lidar_medium,C4_lidar_medium,209,off,off,False,True,
1779495809.362417,stat_pub,stat,-1,C4_lidar_medium,C4_lidar_medium,209,off,off,False,True,
1779495809.8625908,stat_pub,stat,-1,C4_lidar_medium,C4_lidar_medium,210,off,off,False,True,
1779495810.362783,stat_pub,stat,-1,C4_lidar_medium,C4_lidar_medium,209,off,off,False,True,
1779495810.8632383,stat_pub,stat,-1,C4_lidar_medium,C4_lidar_medium,210,off,off,False,True,
1779495811.3638024,stat_pub,stat,-1,C4_lidar_medium,C4_lidar_medium,210,off,off,False,True,
1779495811.8643265,stat_pub,stat,-1,C4_lidar_medium,C4_lidar_medium,210,off,off,False,True,
1779495812.3650088,stat_pub,stat,-1,C4_lidar_medium,C4_lidar_medium,210,off,off,False,True,
1779495812.8656218,stat_pub,stat,-1,C4_lidar_medium,C4_lidar_medium,210,off,off,False,True,
1779495813.3664165,stat_pub,stat,-1,C4_lidar_medium,C4_lidar_medium,210,off,off,False,True,
1779495813.8668284,stat_pub,stat,-1,C4_lidar_medium,C4_lidar_medium,210,off,off,False,True,
1779495814.367115,stat_pub,stat,-1,C4_lidar_medium,C4_lidar_medium,209,off,off,False,True,
1779495814.8679342,stat_pub,stat,-1,C4_lidar_medium,C4_lidar_medium,210,off,off,False,True,
1779495815.3683333,stat_pub,stat,-1,C4_lidar_medium,C4_lidar_medium,210,off,off,False,True,
1779495815.8688653,stat_pub,stat,-1,C4_lidar_medium,C4_lidar_medium,210,off,off,False,True,
1779495816.3696518,stat_pub,stat,-1,C4_lidar_medium,C4_lidar_medium,210,off,off,False,True,
1779495816.8703058,stat_pub,stat,-1,C4_lidar_medium,C4_lidar_medium,209,off,off,False,True,
1779495817.3708792,stat_pub,stat,-1,C4_lidar_medium,C4_lidar_medium,209,off,off,False,True,
1779495817.8714538,stat_pub,stat,-1,C4_lidar_medium,C4_lidar_medium,210,off,off,False,True,
1779495818.3726792,stat_pub,stat,-1,C4_lidar_medium,C4_lidar_medium,210,off,off,False,True,
1779495818.8733602,stat_pub,stat,-1,C4_lidar_medium,C4_lidar_medium,210,off,off,False,True,
1779495819.37367,stat_pub,stat,-1,C4_lidar_medium,C4_lidar_medium,208,off,off,False,True,
1779495819.8743935,stat_pub,stat,-1,C4_lidar_medium,C4_lidar_medium,210,off,off,False,True,
1779495820.374849,stat_pub,stat,-1,C4_lidar_medium,C4_lidar_medium,209,off,off,False,True,
1779495820.8754146,stat_pub,stat,-1,C4_lidar_medium,C4_lidar_medium,210,off,off,False,True,
1779495821.3760016,stat_pub,stat,-1,C4_lidar_medium,C4_lidar_medium,210,off,off,False,True,
1779495821.8767548,stat_pub,stat,-1,C4_lidar_medium,C4_lidar_medium,210,off,off,False,True,
1779495822.377228,stat_pub,stat,-1,C4_lidar_medium,C4_lidar_medium,209,off,off,False,True,
1779495822.877589,stat_pub,stat,-1,C4_lidar_medium,C4_lidar_medium,209,off,off,False,True,
1779495823.3779085,stat_pub,stat,-1,C4_lidar_medium,C4_lidar_medium,210,off,off,False,True,
1779495823.8782759,stat_pub,stat,-1,C4_lidar_medium,C4_lidar_medium,210,off,off,False,True,
1779495824.3791783,stat_pub,stat,-1,C4_lidar_medium,C4_lidar_medium,210,off,off,False,True,
1779495824.8795125,stat_pub,stat,-1,C4_lidar_medium,C4_lidar_medium,210,off,off,False,True,
1779495825.3799977,stat_pub,stat,-1,C4_lidar_medium,C4_lidar_medium,210,off,off,False,True,
1779495825.880477,stat_pub,stat,-1,C4_lidar_medium,C4_lidar_medium,208,off,off,False,True,
1779495826.3810306,stat_pub,stat,-1,C4_lidar_medium,C4_lidar_medium,209,off,off,False,True,
1779495826.8813138,stat_pub,stat,-1,C4_lidar_medium,C4_lidar_medium,210,off,off,False,True,
1779495827.3821428,stat_pub,stat,-1,C4_lidar_medium,C4_lidar_medium,210,off,off,False,True,
1779495827.882986,stat_pub,stat,-1,C4_lidar_medium,C4_lidar_medium,209,off,off,False,True,
1779495828.3834739,stat_pub,stat,-1,C4_lidar_medium,C4_lidar_medium,210,off,off,False,True,
1779495828.8837028,stat_pub,stat,-1,C4_lidar_medium,C4_lidar_medium,210,off,off,False,True,
1779495829.3844855,stat_pub,stat,-1,C4_lidar_medium,C4_lidar_medium,210,off,off,False,True,
1779495829.8846529,stat_pub,stat,-1,C4_lidar_medium,C4_lidar_medium,210,off,off,False,True,
1779495830.3856354,stat_pub,stat,-1,C4_lidar_medium,C4_lidar_medium,210,off,off,False,True,
1779495830.8863225,stat_pub,stat,-1,C4_lidar_medium,C4_lidar_medium,210,off,off,False,True,
1779495831.386811,stat_pub,stat,-1,C4_lidar_medium,C4_lidar_medium,209,off,off,False,True,
1779495831.887254,stat_pub,stat,-1,C4_lidar_medium,C4_lidar_medium,209,off,off,False,True,
1779495832.3879578,stat_pub,stat,-1,C4_lidar_medium,C4_lidar_medium,210,off,off,False,True,
1779495832.8882253,stat_pub,stat,-1,C4_lidar_medium,C4_lidar_medium,210,off,off,False,True,
1779495833.3886445,stat_pub,stat,-1,C4_lidar_medium,C4_lidar_medium,210,off,off,False,True,
1779495833.889096,stat_pub,stat,-1,C4_lidar_medium,C4_lidar_medium,209,off,off,False,True,
1779495834.3896763,stat_pub,stat,-1,C4_lidar_medium,C4_lidar_medium,210,off,off,False,True,
1779495834.8902423,stat_pub,stat,-1,C4_lidar_medium,C4_lidar_medium,210,off,off,False,True,
1779495835.3907723,stat_pub,stat,-1,C4_lidar_medium,C4_lidar_medium,208,off,off,False,True,
1779495835.8918009,stat_pub,stat,-1,C4_lidar_medium,C4_lidar_medium,210,off,off,False,True,
1779495836.3923008,stat_pub,stat,-1,C4_lidar_medium,C4_lidar_medium,210,off,off,False,True,
1779495836.8931508,stat_pub,stat,-1,C4_lidar_medium,C4_lidar_medium,210,off,off,False,True,
1779495837.3936417,stat_pub,stat,-1,C4_lidar_medium,C4_lidar_medium,210,off,off,False,True,
1779495837.8944082,stat_pub,stat,-1,C4_lidar_medium,C4_lidar_medium,210,off,off,False,True,
1779495838.3950043,stat_pub,stat,-1,C4_lidar_medium,C4_lidar_medium,210,off,off,False,True,
1779495838.8952346,stat_pub,stat,-1,C4_lidar_medium,C4_lidar_medium,210,off,off,False,True,
1779495839.3958097,stat_pub,stat,-1,C4_lidar_medium,C4_lidar_medium,210,off,off,False,True,
1779495839.895937,stat_pub,stat,-1,C4_lidar_medium,C4_lidar_medium,209,off,off,False,True,
1779495840.3965654,stat_pub,stat,-1,C4_lidar_medium,C4_lidar_medium,210,off,off,False,True,
1779495840.8972352,stat_pub,stat,-1,C4_lidar_medium,C4_lidar_medium,210,off,off,False,True,
1779495841.3976464,stat_pub,stat,-1,C4_lidar_medium,C4_lidar_medium,210,off,off,False,True,
1779495841.8984106,stat_pub,stat,-1,C4_lidar_medium,C4_lidar_medium,210,off,off,False,True,
1779495842.3989587,stat_pub,stat,-1,C4_lidar_medium,C4_lidar_medium,210,off,off,False,True,
1779495842.8994222,stat_pub,stat,-1,C4_lidar_medium,C4_lidar_medium,210,off,off,False,True,
1779495843.4001343,stat_pub,stat,-1,C4_lidar_medium,C4_lidar_medium,210,off,off,False,True,
1779495843.9003792,stat_pub,stat,-1,C4_lidar_medium,C4_lidar_medium,209,off,off,False,True,
1779495844.4009228,stat_pub,stat,-1,C4_lidar_medium,C4_lidar_medium,209,off,off,False,True,
1779495844.9014518,stat_pub,stat,-1,C4_lidar_medium,C4_lidar_medium,210,off,off,False,True,
1779495845.402186,stat_pub,stat,-1,C4_lidar_medium,C4_lidar_medium,209,off,off,False,True,
1779495845.9024353,stat_pub,stat,-1,C4_lidar_medium,C4_lidar_medium,210,off,off,False,True,
1779495846.4030225,stat_pub,stat,-1,C4_lidar_medium,C4_lidar_medium,210,off,off,False,True,
1779495846.9035246,stat_pub,stat,-1,C4_lidar_medium,C4_lidar_medium,210,off,off,False,True,
1779495847.4040396,stat_pub,stat,-1,C4_lidar_medium,C4_lidar_medium,210,off,off,False,True,
1779495847.9041746,stat_pub,stat,-1,C4_lidar_medium,C4_lidar_medium,210,off,off,False,True,
1779495848.4045014,stat_pub,stat,-1,C4_lidar_medium,C4_lidar_medium,210,off,off,False,True,
1779495848.904908,stat_pub,stat,-1,C4_lidar_medium,C4_lidar_medium,209,off,off,False,True,
1779495849.4055896,stat_pub,stat,-1,C4_lidar_medium,C4_lidar_medium,210,off,off,False,True,
1779495849.9062595,stat_pub,stat,-1,C4_lidar_medium,C4_lidar_medium,210,off,off,False,True,
1779495850.407134,stat_pub,stat,-1,C4_lidar_medium,C4_lidar_medium,209,off,off,False,True,
1779495850.9073899,stat_pub,stat,-1,C4_lidar_medium,C4_lidar_medium,210,off,off,False,True,
1779495851.4078872,stat_pub,stat,-1,C4_lidar_medium,C4_lidar_medium,210,off,off,False,True,
1779495851.9085367,stat_pub,stat,-1,C4_lidar_medium,C4_lidar_medium,210,off,off,False,True,
1779495852.4093685,stat_pub,stat,-1,C4_lidar_medium,C4_lidar_medium,210,off,off,False,True,
1779495852.91045,stat_pub,stat,-1,C4_lidar_medium,C4_lidar_medium,207,off,off,False,True,
1779495853.4112358,stat_pub,stat,-1,C4_lidar_medium,C4_lidar_medium,209,off,off,False,True,
1779495853.9118803,stat_pub,stat,-1,C4_lidar_medium,C4_lidar_medium,210,off,off,False,True,
1779495854.412909,stat_pub,stat,-1,C4_lidar_medium,C4_lidar_medium,209,off,off,False,True,
1779495854.9134204,stat_pub,stat,-1,C4_lidar_medium,C4_lidar_medium,210,off,off,False,True,
1779495855.4139934,stat_pub,stat,-1,C4_lidar_medium,C4_lidar_medium,210,off,off,False,True,
1779495855.914418,stat_pub,stat,-1,C4_lidar_medium,C4_lidar_medium,209,off,off,False,True,
1779495856.4147484,stat_pub,stat,-1,C4_lidar_medium,C4_lidar_medium,210,off,off,False,True,
1779495856.9149704,stat_pub,stat,-1,C4_lidar_medium,C4_lidar_medium,210,off,off,False,True,
1779495857.4156606,stat_pub,stat,-1,C4_lidar_medium,C4_lidar_medium,210,off,off,False,True,
1779495857.9161682,stat_pub,stat,-1,C4_lidar_medium,C4_lidar_medium,210,off,off,False,True,
1779495858.416522,stat_pub,stat,-1,C4_lidar_medium,C4_lidar_medium,209,off,off,False,True,
1779495858.9172864,stat_pub,stat,-1,C4_lidar_medium,C4_lidar_medium,210,off,off,False,True,
1779495859.4176123,stat_pub,stat,-1,C4_lidar_medium,C4_lidar_medium,210,off,off,False,True,
1779495859.918099,stat_pub,stat,-1,C4_lidar_medium,C4_lidar_medium,209,off,off,False,True,
1779495860.4194698,stat_pub,stat,-1,C4_lidar_medium,C4_lidar_medium,210,off,off,False,True,
1779495860.9200666,stat_pub,stat,-1,C4_lidar_medium,C4_lidar_medium,210,off,off,False,True,
1779495861.4206817,stat_pub,stat,-1,C4_lidar_medium,C4_lidar_medium,209,off,off,False,True,
1779495861.9214237,stat_pub,stat,-1,C4_lidar_medium,C4_lidar_medium,210,off,off,False,True,
1779495862.4220932,stat_pub,stat,-1,C4_lidar_medium,C4_lidar_medium,210,off,off,False,True,
1779495862.9223793,stat_pub,stat,-1,C4_lidar_medium,C4_lidar_medium,210,off,off,False,True,
1779495863.423507,stat_pub,stat,-1,C4_lidar_medium,C4_lidar_medium,209,off,off,False,True,
1779495863.9240134,stat_pub,stat,-1,C4_lidar_medium,C4_lidar_medium,210,off,off,False,True,
1779495864.4242632,stat_pub,stat,-1,C4_lidar_medium,C4_lidar_medium,210,off,off,False,True,
1779495864.9250152,stat_pub,stat,-1,C4_lidar_medium,C4_lidar_medium,210,off,off,False,True,
1779495865.4258165,stat_pub,stat,-1,C4_lidar_medium,C4_lidar_medium,210,off,off,False,True,
1779495865.9262133,stat_pub,stat,-1,C4_lidar_medium,C4_lidar_medium,210,off,off,False,True,
1779495866.4267795,stat_pub,stat,-1,C4_lidar_medium,C4_lidar_medium,210,off,off,False,True,
1779495866.9273317,stat_pub,stat,-1,C4_lidar_medium,C4_lidar_medium,210,off,off,False,True,
1779495867.4275439,stat_pub,stat,-1,C4_lidar_medium,C4_lidar_medium,210,off,off,False,True,
1779495867.927692,stat_pub,stat,-1,C4_lidar_medium,C4_lidar_medium,209,off,off,False,True,
1779495868.4285226,stat_pub,stat,-1,C4_lidar_medium,C4_lidar_medium,210,off,off,False,True,
1779495868.9291072,stat_pub,stat,-1,C4_lidar_medium,C4_lidar_medium,210,off,off,False,True,
1779495869.4293475,stat_pub,stat,-1,C4_lidar_medium,C4_lidar_medium,210,off,off,False,True,
1779495869.929963,stat_pub,stat,-1,C4_lidar_medium,C4_lidar_medium,209,off,off,False,True,
1779495870.4306147,stat_pub,stat,-1,C4_lidar_medium,C4_lidar_medium,209,off,off,False,True,
1779495870.9315023,stat_pub,stat,-1,C4_lidar_medium,C4_lidar_medium,210,off,off,False,True,
1779495871.4317293,stat_pub,stat,-1,C4_lidar_medium,C4_lidar_medium,210,off,off,False,True,
1779495871.9322035,stat_pub,stat,-1,C4_lidar_medium,C4_lidar_medium,210,off,off,False,True,
1779495872.4330106,stat_pub,stat,-1,C4_lidar_medium,C4_lidar_medium,210,off,off,False,True,
1779495872.9335022,stat_pub,stat,-1,C4_lidar_medium,C4_lidar_medium,210,off,off,False,True,
1779495873.4336338,stat_pub,stat,-1,C4_lidar_medium,C4_lidar_medium,210,off,off,False,True,
1779495873.934081,stat_pub,stat,-1,C4_lidar_medium,C4_lidar_medium,209,off,off,False,True,
1779495874.4347725,stat_pub,stat,-1,C4_lidar_medium,C4_lidar_medium,210,off,off,False,True,
1779495874.9352417,stat_pub,stat,-1,C4_lidar_medium,C4_lidar_medium,210,off,off,False,True,
1779495875.4355645,stat_pub,stat,-1,C4_lidar_medium,C4_lidar_medium,210,off,off,False,True,
1779495875.9361105,stat_pub,stat,-1,C4_lidar_medium,C4_lidar_medium,210,off,off,False,True,
1779495876.4367082,stat_pub,stat,-1,C4_lidar_medium,C4_lidar_medium,210,off,off,False,True,
1779495876.9374099,stat_pub,stat,-1,C4_lidar_medium,C4_lidar_medium,210,off,off,False,True,
1779495877.4378695,stat_pub,stat,-1,C4_lidar_medium,C4_lidar_medium,210,off,off,False,True,
1779495877.9385765,stat_pub,stat,-1,C4_lidar_medium,C4_lidar_medium,210,off,off,False,True,
1779495878.439008,stat_pub,stat,-1,C4_lidar_medium,C4_lidar_medium,209,off,off,False,True,
1779495878.939319,stat_pub,stat,-1,C4_lidar_medium,C4_lidar_medium,209,off,off,False,True,
1779495879.4396217,stat_pub,stat,-1,C4_lidar_medium,C4_lidar_medium,210,off,off,False,True,
1779495879.940634,stat_pub,stat,-1,C4_lidar_medium,C4_lidar_medium,208,off,off,False,True,
1779495880.4413123,stat_pub,stat,-1,C4_lidar_medium,C4_lidar_medium,210,off,off,False,True,
1779495880.941498,stat_pub,stat,-1,C4_lidar_medium,C4_lidar_medium,209,off,off,False,True,
1779495881.4420388,stat_pub,stat,-1,C4_lidar_medium,C4_lidar_medium,210,off,off,False,True,
1779495881.9422612,stat_pub,stat,-1,C4_lidar_medium,C4_lidar_medium,210,off,off,False,True,
1779495882.4430742,stat_pub,stat,-1,C4_lidar_medium,C4_lidar_medium,210,off,off,False,True,
1779495882.9434378,stat_pub,stat,-1,C4_lidar_medium,C4_lidar_medium,210,off,off,False,True,
1779495883.4442563,stat_pub,stat,-1,C4_lidar_medium,C4_lidar_medium,210,off,off,False,True,
1779495883.9460723,stat_pub,stat,-1,C4_lidar_medium,C4_lidar_medium,210,off,off,False,True,
1779495884.4464078,stat_pub,stat,-1,C4_lidar_medium,C4_lidar_medium,210,off,off,False,True,
1779495884.9468112,stat_pub,stat,-1,C4_lidar_medium,C4_lidar_medium,210,off,off,False,True,
1779495885.4470263,stat_pub,stat,-1,C4_lidar_medium,C4_lidar_medium,210,off,off,False,True,
1779495885.9478428,stat_pub,stat,-1,C4_lidar_medium,C4_lidar_medium,210,off,off,False,True,
1779495886.4483593,stat_pub,stat,-1,C4_lidar_medium,C4_lidar_medium,210,off,off,False,True,
1779495886.9486244,stat_pub,stat,-1,C4_lidar_medium,C4_lidar_medium,210,off,off,False,True,
1779495887.4493637,stat_pub,stat,-1,C4_lidar_medium,C4_lidar_medium,210,off,off,False,True,
1779495887.9499917,stat_pub,stat,-1,C4_lidar_medium,C4_lidar_medium,210,off,off,False,True,
1779495888.4504118,stat_pub,stat,-1,C4_lidar_medium,C4_lidar_medium,209,off,off,False,True,
1779495888.9511833,stat_pub,stat,-1,C4_lidar_medium,C4_lidar_medium,209,off,off,False,True,
1779495889.452138,stat_pub,stat,-1,C4_lidar_medium,C4_lidar_medium,209,off,off,False,True,
1779495889.9525805,stat_pub,stat,-1,C4_lidar_medium,C4_lidar_medium,210,off,off,False,True,
1779495890.453169,stat_pub,stat,-1,C4_lidar_medium,C4_lidar_medium,209,off,off,False,True,
1779495890.9538312,stat_pub,stat,-1,C4_lidar_medium,C4_lidar_medium,210,off,off,False,True,
1779495891.4545462,stat_pub,stat,-1,C4_lidar_medium,C4_lidar_medium,210,off,off,False,True,
1779495891.9550543,stat_pub,stat,-1,C4_lidar_medium,C4_lidar_medium,210,off,off,False,True,
1779495892.4554741,stat_pub,stat,-1,C4_lidar_medium,C4_lidar_medium,210,off,off,False,True,
1779495892.9558284,stat_pub,stat,-1,C4_lidar_medium,C4_lidar_medium,210,off,off,False,True,
1779495893.4565616,stat_pub,stat,-1,C4_lidar_medium,C4_lidar_medium,210,off,off,False,True,
1779495893.957482,stat_pub,stat,-1,C4_lidar_medium,C4_lidar_medium,209,off,off,False,True,
1779495894.4582918,stat_pub,stat,-1,C4_lidar_medium,C4_lidar_medium,210,off,off,False,True,
1779495894.9588811,stat_pub,stat,-1,C4_lidar_medium,C4_lidar_medium,210,off,off,False,True,
1779495895.4593527,stat_pub,stat,-1,C4_lidar_medium,C4_lidar_medium,210,off,off,False,True,
1779495895.9600272,stat_pub,stat,-1,C4_lidar_medium,C4_lidar_medium,210,off,off,False,True,
1779495896.460495,stat_pub,stat,-1,C4_lidar_medium,C4_lidar_medium,208,off,off,False,True,
1779495896.9612608,stat_pub,stat,-1,C4_lidar_medium,C4_lidar_medium,209,off,off,False,True,
1779495897.4619083,stat_pub,stat,-1,C4_lidar_medium,C4_lidar_medium,210,off,off,False,True,
1779495897.962461,stat_pub,stat,-1,C4_lidar_medium,C4_lidar_medium,209,off,off,False,True,
1779495898.4634979,stat_pub,stat,-1,C4_lidar_medium,C4_lidar_medium,210,off,off,False,True,
1779495898.9641159,stat_pub,stat,-1,C4_lidar_medium,C4_lidar_medium,210,off,off,False,True,
1779495899.4647276,stat_pub,stat,-1,C4_lidar_medium,C4_lidar_medium,210,off,off,False,True,
1779495899.9650598,stat_pub,stat,-1,C4_lidar_medium,C4_lidar_medium,210,off,off,False,True,
1779495900.4652424,stat_pub,stat,-1,C4_lidar_medium,C4_lidar_medium,210,off,off,False,True,
1779495900.9655724,stat_pub,stat,-1,C4_lidar_medium,C4_lidar_medium,210,off,off,False,True,
1779495901.4659212,stat_pub,stat,-1,C4_lidar_medium,C4_lidar_medium,210,off,off,False,True,
1779495901.9670832,stat_pub,stat,-1,C4_lidar_medium,C4_lidar_medium,210,off,off,False,True,
1779495902.4674735,stat_pub,stat,-1,C4_lidar_medium,C4_lidar_medium,210,off,off,False,True,
1779495902.9683537,stat_pub,stat,-1,C4_lidar_medium,C4_lidar_medium,210,off,off,False,True,
1779495903.468849,stat_pub,stat,-1,C4_lidar_medium,C4_lidar_medium,209,off,off,False,True,
1779495903.9691083,stat_pub,stat,-1,C4_lidar_medium,C4_lidar_medium,210,off,off,False,True,
1779495904.4696982,stat_pub,stat,-1,C4_lidar_medium,C4_lidar_medium,210,off,off,False,True,
1779495904.9699695,stat_pub,stat,-1,C4_lidar_medium,C4_lidar_medium,210,off,off,False,True,
1779495905.4706752,stat_pub,stat,-1,C4_lidar_medium,C4_lidar_medium,209,off,off,False,True,
1779495905.9715652,stat_pub,stat,-1,C4_lidar_medium,C4_lidar_medium,210,off,off,False,True,
1779495906.4720914,stat_pub,stat,-1,C4_lidar_medium,C4_lidar_medium,210,off,off,False,True,
1779495906.9729698,stat_pub,stat,-1,C4_lidar_medium,C4_lidar_medium,210,off,off,False,True,
1779495907.4734404,stat_pub,stat,-1,C4_lidar_medium,C4_lidar_medium,210,off,off,False,True,
1779495907.973628,stat_pub,stat,-1,C4_lidar_medium,C4_lidar_medium,209,off,off,False,True,
1779495908.4743207,stat_pub,stat,-1,C4_lidar_medium,C4_lidar_medium,210,off,off,False,True,
1779495908.9748573,stat_pub,stat,-1,C4_lidar_medium,C4_lidar_medium,210,off,off,False,True,
1779495909.4752479,stat_pub,stat,-1,C4_lidar_medium,C4_lidar_medium,210,off,off,False,True,
1779495909.9761891,stat_pub,stat,-1,C4_lidar_medium,C4_lidar_medium,210,off,off,False,True,
1779495910.4769077,stat_pub,stat,-1,C4_lidar_medium,C4_lidar_medium,210,off,off,False,True,
1779495910.9775085,stat_pub,stat,-1,C4_lidar_medium,C4_lidar_medium,210,off,off,False,True,
1779495911.47808,stat_pub,stat,-1,C4_lidar_medium,C4_lidar_medium,208,off,off,False,True,
1779495911.9789574,stat_pub,stat,-1,C4_lidar_medium,C4_lidar_medium,210,off,off,False,True,
1779495912.4795618,stat_pub,stat,-1,C4_lidar_medium,C4_lidar_medium,210,off,off,False,True,
1779495912.9801893,stat_pub,stat,-1,C4_lidar_medium,C4_lidar_medium,210,off,off,False,True,
1779495913.4807348,stat_pub,stat,-1,C4_lidar_medium,C4_lidar_medium,209,off,off,False,True,
1779495913.9810953,stat_pub,stat,-1,C4_lidar_medium,C4_lidar_medium,209,off,off,False,True,
1779495914.4815505,stat_pub,stat,-1,C4_lidar_medium,C4_lidar_medium,210,off,off,False,True,
1779495914.9821384,stat_pub,stat,-1,C4_lidar_medium,C4_lidar_medium,210,off,off,False,True,
1779495915.4825191,stat_pub,stat,-1,C4_lidar_medium,C4_lidar_medium,210,off,off,False,True,
1779495915.982988,stat_pub,stat,-1,C4_lidar_medium,C4_lidar_medium,209,off,off,False,True,
1779495916.4832232,stat_pub,stat,-1,C4_lidar_medium,C4_lidar_medium,210,off,off,False,True,
1779495916.9839478,stat_pub,stat,-1,C4_lidar_medium,C4_lidar_medium,210,off,off,False,True,
1779495917.4840865,stat_pub,stat,-1,C4_lidar_medium,C4_lidar_medium,210,off,off,False,True,
1779495917.9843757,stat_pub,stat,-1,C4_lidar_medium,C4_lidar_medium,210,off,off,False,True,
1779495918.4849436,stat_pub,stat,-1,C4_lidar_medium,C4_lidar_medium,210,off,off,False,True,
1779495918.9854562,stat_pub,stat,-1,C4_lidar_medium,C4_lidar_medium,210,off,off,False,True,
1779495919.4857295,stat_pub,stat,-1,C4_lidar_medium,C4_lidar_medium,210,off,off,False,True,
1779495919.9862223,stat_pub,stat,-1,C4_lidar_medium,C4_lidar_medium,210,off,off,False,True,
1779495920.4867046,stat_pub,stat,-1,C4_lidar_medium,C4_lidar_medium,210,off,off,False,True,
1779495920.9870093,stat_pub,stat,-1,C4_lidar_medium,C4_lidar_medium,210,off,off,False,True,
1779495921.487555,stat_pub,stat,-1,C4_lidar_medium,C4_lidar_medium,209,off,off,False,True,
1779495921.988058,stat_pub,stat,-1,C4_lidar_medium,C4_lidar_medium,209,off,off,False,True,
1779495922.488647,stat_pub,stat,-1,C4_lidar_medium,C4_lidar_medium,209,off,off,False,True,
1779495922.988881,stat_pub,stat,-1,C4_lidar_medium,C4_lidar_medium,209,off,off,False,True,
1779495923.489409,stat_pub,stat,-1,C4_lidar_medium,C4_lidar_medium,209,off,off,False,True,
1779495923.9897158,stat_pub,stat,-1,C4_lidar_medium,C4_lidar_medium,210,off,off,False,True,
1779495924.4902458,stat_pub,stat,-1,C4_lidar_medium,C4_lidar_medium,210,off,off,False,True,
1779495924.990801,stat_pub,stat,-1,C4_lidar_medium,C4_lidar_medium,207,off,off,False,True,
1779495925.4909928,stat_pub,stat,-1,C4_lidar_medium,C4_lidar_medium,208,off,off,False,True,
1779495925.9913142,stat_pub,stat,-1,C4_lidar_medium,C4_lidar_medium,210,off,off,False,True,
1779495926.4916775,stat_pub,stat,-1,C4_lidar_medium,C4_lidar_medium,210,off,off,False,True,
1779495926.992146,stat_pub,stat,-1,C4_lidar_medium,C4_lidar_medium,209,off,off,False,True,
1779495927.4927418,stat_pub,stat,-1,C4_lidar_medium,C4_lidar_medium,210,off,off,False,True,
1779495927.9933453,stat_pub,stat,-1,C4_lidar_medium,C4_lidar_medium,210,off,off,False,True,
1779495928.4934943,stat_pub,stat,-1,C4_lidar_medium,C4_lidar_medium,210,off,off,False,True,
1779495928.9992268,stat_pub,stat,-1,C4_lidar_medium,C4_lidar_medium,210,off,off,False,True,
1779495929.49945,stat_pub,stat,-1,C4_lidar_medium,C4_lidar_medium,208,off,off,False,True,
1779495929.9998772,stat_pub,stat,-1,C4_lidar_medium,C4_lidar_medium,210,off,off,False,True,
1779495930.5000646,stat_pub,stat,-1,C4_lidar_medium,C4_lidar_medium,210,off,off,False,True,
1779495931.0007565,stat_pub,stat,-1,C4_lidar_medium,C4_lidar_medium,209,off,off,False,True,
1779495931.5029557,stat_pub,stat,-1,C4_lidar_medium,C4_lidar_medium,210,off,off,False,True,
1779495932.004049,stat_pub,stat,-1,C4_lidar_medium,C4_lidar_medium,209,off,off,False,True,
1779495932.5045674,stat_pub,stat,-1,C4_lidar_medium,C4_lidar_medium,210,off,off,False,True,
1779495933.0048845,stat_pub,stat,-1,C4_lidar_medium,C4_lidar_medium,210,off,off,False,True,
1779495933.5054045,stat_pub,stat,-1,C4_lidar_medium,C4_lidar_medium,210,off,off,False,True,
1779495934.00593,stat_pub,stat,-1,C4_lidar_medium,C4_lidar_medium,208,off,off,False,True,
1779495934.5065844,stat_pub,stat,-1,C4_lidar_medium,C4_lidar_medium,210,off,off,False,True,
1779495935.0072932,stat_pub,stat,-1,C4_lidar_medium,C4_lidar_medium,210,off,off,False,True,
1779495935.5078464,stat_pub,stat,-1,C4_lidar_medium,C4_lidar_medium,210,off,off,False,True,
1779495936.0080507,stat_pub,stat,-1,C4_lidar_medium,C4_lidar_medium,210,off,off,False,True,
1779495936.508295,stat_pub,stat,-1,C4_lidar_medium,C4_lidar_medium,209,off,off,False,True,
1779495937.0086498,stat_pub,stat,-1,C4_lidar_medium,C4_lidar_medium,210,off,off,False,True,
1779495937.5088918,stat_pub,stat,-1,C4_lidar_medium,C4_lidar_medium,210,off,off,False,True,
1779495938.009276,stat_pub,stat,-1,C4_lidar_medium,C4_lidar_medium,209,off,off,False,True,
1779495938.5099845,stat_pub,stat,-1,C4_lidar_medium,C4_lidar_medium,210,off,off,False,True,
1779495939.0102766,stat_pub,stat,-1,C4_lidar_medium,C4_lidar_medium,209,off,off,False,True,
1779495939.5107892,stat_pub,stat,-1,C4_lidar_medium,C4_lidar_medium,209,off,off,False,True,
1779495940.011349,stat_pub,stat,-1,C4_lidar_medium,C4_lidar_medium,209,off,off,False,True,
1779495940.5119534,stat_pub,stat,-1,C4_lidar_medium,C4_lidar_medium,210,off,off,False,True,
1779495941.0125268,stat_pub,stat,-1,C4_lidar_medium,C4_lidar_medium,210,off,off,False,True,
1779495941.5127845,stat_pub,stat,-1,C4_lidar_medium,C4_lidar_medium,210,off,off,False,True,
1779495942.013235,stat_pub,stat,-1,C4_lidar_medium,C4_lidar_medium,209,off,off,False,True,
1779495942.513642,stat_pub,stat,-1,C4_lidar_medium,C4_lidar_medium,209,off,off,False,True,
1779495943.0141091,stat_pub,stat,-1,C4_lidar_medium,C4_lidar_medium,210,off,off,False,True,
1779495943.5143015,stat_pub,stat,-1,C4_lidar_medium,C4_lidar_medium,210,off,off,False,True,
1779495944.0146196,stat_pub,stat,-1,C4_lidar_medium,C4_lidar_medium,210,off,off,False,True,
1779495944.5152519,stat_pub,stat,-1,C4_lidar_medium,C4_lidar_medium,210,off,off,False,True,
1779495945.0154278,stat_pub,stat,-1,C4_lidar_medium,C4_lidar_medium,210,off,off,False,True,
1779495945.5161078,stat_pub,stat,-1,C4_lidar_medium,C4_lidar_medium,210,off,off,False,True,
1779495946.0166476,stat_pub,stat,-1,C4_lidar_medium,C4_lidar_medium,210,off,off,False,True,
1779495946.5169437,stat_pub,stat,-1,C4_lidar_medium,C4_lidar_medium,210,off,off,False,True,
1779495947.0175602,stat_pub,stat,-1,C4_lidar_medium,C4_lidar_medium,210,off,off,False,True,
1779495947.5181386,stat_pub,stat,-1,C4_lidar_medium,C4_lidar_medium,210,off,off,False,True,
1779495948.0184836,stat_pub,stat,-1,C4_lidar_medium,C4_lidar_medium,210,off,off,False,True,
1779495948.5188334,stat_pub,stat,-1,C4_lidar_medium,C4_lidar_medium,210,off,off,False,True,
1779495949.0191555,stat_pub,stat,-1,C4_lidar_medium,C4_lidar_medium,210,off,off,False,True,
1779495949.5196447,stat_pub,stat,-1,C4_lidar_medium,C4_lidar_medium,210,off,off,False,True,
1779495950.019816,stat_pub,stat,-1,C4_lidar_medium,C4_lidar_medium,209,off,off,False,True,
1779495950.5204942,stat_pub,stat,-1,C4_lidar_medium,C4_lidar_medium,209,off,off,False,True,
1779495951.0210736,stat_pub,stat,-1,C4_lidar_medium,C4_lidar_medium,209,off,off,False,True,
1779495951.5213037,stat_pub,stat,-1,C4_lidar_medium,C4_lidar_medium,210,off,off,False,True,
1779495952.0218232,stat_pub,stat,-1,C4_lidar_medium,C4_lidar_medium,210,off,off,False,True,
1779495952.5223393,stat_pub,stat,-1,C4_lidar_medium,C4_lidar_medium,210,off,off,False,True,
1779495953.022927,stat_pub,stat,-1,C4_lidar_medium,C4_lidar_medium,209,off,off,False,True,
1779495953.5234635,stat_pub,stat,-1,C4_lidar_medium,C4_lidar_medium,210,off,off,False,True,
1779495954.0242875,stat_pub,stat,-1,C4_lidar_medium,C4_lidar_medium,210,off,off,False,True,
1779495954.524744,stat_pub,stat,-1,C4_lidar_medium,C4_lidar_medium,209,off,off,False,True,
1779495955.0250454,stat_pub,stat,-1,C4_lidar_medium,C4_lidar_medium,210,off,off,False,True,
1779495955.525412,stat_pub,stat,-1,C4_lidar_medium,C4_lidar_medium,209,off,off,False,True,
1779495956.025575,stat_pub,stat,-1,C4_lidar_medium,C4_lidar_medium,209,off,off,False,True,
1779495956.526103,stat_pub,stat,-1,C4_lidar_medium,C4_lidar_medium,209,off,off,False,True,
1779495957.0267415,stat_pub,stat,-1,C4_lidar_medium,C4_lidar_medium,210,off,off,False,True,
1779495957.5276115,stat_pub,stat,-1,C4_lidar_medium,C4_lidar_medium,210,off,off,False,True,
1779495958.028221,stat_pub,stat,-1,C4_lidar_medium,C4_lidar_medium,209,off,off,False,True,
1779495958.5287924,stat_pub,stat,-1,C4_lidar_medium,C4_lidar_medium,210,off,off,False,True,
1779495959.0292015,stat_pub,stat,-1,C4_lidar_medium,C4_lidar_medium,210,off,off,False,True,
1779495959.5293672,stat_pub,stat,-1,C4_lidar_medium,C4_lidar_medium,210,off,off,False,True,
1779495960.0297525,stat_pub,stat,-1,C4_lidar_medium,C4_lidar_medium,210,off,off,False,True,
1779495960.5303836,stat_pub,stat,-1,C4_lidar_medium,C4_lidar_medium,209,off,off,False,True,
1779495961.030697,stat_pub,stat,-1,C4_lidar_medium,C4_lidar_medium,208,off,off,False,True,
1779495961.5317976,stat_pub,stat,-1,C4_lidar_medium,C4_lidar_medium,210,off,off,False,True,
1779495962.0323691,stat_pub,stat,-1,C4_lidar_medium,C4_lidar_medium,210,off,off,False,True,
1779495962.532739,stat_pub,stat,-1,C4_lidar_medium,C4_lidar_medium,209,off,off,False,True,
1779495963.0334895,stat_pub,stat,-1,C4_lidar_medium,C4_lidar_medium,210,off,off,False,True,
1779495963.5339825,stat_pub,stat,-1,C4_lidar_medium,C4_lidar_medium,210,off,off,False,True,
1779495964.0341444,stat_pub,stat,-1,C4_lidar_medium,C4_lidar_medium,210,off,off,False,True,
1779495964.534696,stat_pub,stat,-1,C4_lidar_medium,C4_lidar_medium,209,off,off,False,True,
1779495965.034854,stat_pub,stat,-1,C4_lidar_medium,C4_lidar_medium,209,off,off,False,True,
1779495965.5356777,stat_pub,stat,-1,C4_lidar_medium,C4_lidar_medium,210,off,off,False,True,
1779495966.0358033,stat_pub,stat,-1,C4_lidar_medium,C4_lidar_medium,210,off,off,False,True,
1779495966.536239,stat_pub,stat,-1,C4_lidar_medium,C4_lidar_medium,209,off,off,False,True,
1779495967.0367737,stat_pub,stat,-1,C4_lidar_medium,C4_lidar_medium,210,off,off,False,True,
1779495967.5371246,stat_pub,stat,-1,C4_lidar_medium,C4_lidar_medium,210,off,off,False,True,
1779495968.0375826,stat_pub,stat,-1,C4_lidar_medium,C4_lidar_medium,210,off,off,False,True,
1779495968.5377269,stat_pub,stat,-1,C4_lidar_medium,C4_lidar_medium,210,off,off,False,True,
1779495969.0381863,stat_pub,stat,-1,C4_lidar_medium,C4_lidar_medium,210,off,off,False,True,
1779495969.5384848,stat_pub,stat,-1,C4_lidar_medium,C4_lidar_medium,210,off,off,False,True,
1779495970.03905,stat_pub,stat,-1,C4_lidar_medium,C4_lidar_medium,208,off,off,False,True,
1779495970.5392675,stat_pub,stat,-1,C4_lidar_medium,C4_lidar_medium,210,off,off,False,True,
1779495971.0398488,stat_pub,stat,-1,C4_lidar_medium,C4_lidar_medium,210,off,off,False,True,
1779495971.5404222,stat_pub,stat,-1,C4_lidar_medium,C4_lidar_medium,209,off,off,False,True,
1779495972.0406353,stat_pub,stat,-1,C4_lidar_medium,C4_lidar_medium,209,off,off,False,True,
1779495972.5411742,stat_pub,stat,-1,C4_lidar_medium,C4_lidar_medium,209,off,off,False,True,
1779495973.0413797,stat_pub,stat,-1,C4_lidar_medium,C4_lidar_medium,210,off,off,False,True,
1779495973.5415628,stat_pub,stat,-1,C4_lidar_medium,C4_lidar_medium,210,off,off,False,True,
1779495974.0417795,stat_pub,stat,-1,C4_lidar_medium,C4_lidar_medium,210,off,off,False,True,
1779495974.5420454,stat_pub,stat,-1,C4_lidar_medium,C4_lidar_medium,210,off,off,False,True,
1779495975.0424974,stat_pub,stat,-1,C4_lidar_medium,C4_lidar_medium,210,off,off,False,True,
1779495975.5431075,stat_pub,stat,-1,C4_lidar_medium,C4_lidar_medium,210,off,off,False,True,
1779495976.0435717,stat_pub,stat,-1,C4_lidar_medium,C4_lidar_medium,210,off,off,False,True,
1779495976.5440497,stat_pub,stat,-1,C4_lidar_medium,C4_lidar_medium,210,off,off,False,True,
1779495977.0443366,stat_pub,stat,-1,C4_lidar_medium,C4_lidar_medium,210,off,off,False,True,
1779495977.545199,stat_pub,stat,-1,C4_lidar_medium,C4_lidar_medium,209,off,off,False,True,
1779495978.0457737,stat_pub,stat,-1,C4_lidar_medium,C4_lidar_medium,210,off,off,False,True,
1779495978.5462928,stat_pub,stat,-1,C4_lidar_medium,C4_lidar_medium,210,off,off,False,True,
1779495979.046897,stat_pub,stat,-1,C4_lidar_medium,C4_lidar_medium,209,off,off,False,True,
1779495979.5475845,stat_pub,stat,-1,C4_lidar_medium,C4_lidar_medium,210,off,off,False,True,
1779495980.0480337,stat_pub,stat,-1,C4_lidar_medium,C4_lidar_medium,210,off,off,False,True,
1779495980.5487053,stat_pub,stat,-1,C4_lidar_medium,C4_lidar_medium,210,off,off,False,True,
1779495981.0491953,stat_pub,stat,-1,C4_lidar_medium,C4_lidar_medium,210,off,off,False,True,
1779495981.5497382,stat_pub,stat,-1,C4_lidar_medium,C4_lidar_medium,210,off,off,False,True,
1779495982.0501842,stat_pub,stat,-1,C4_lidar_medium,C4_lidar_medium,210,off,off,False,True,
1779495982.550361,stat_pub,stat,-1,C4_lidar_medium,C4_lidar_medium,208,off,off,False,True,
1779495983.0507882,stat_pub,stat,-1,C4_lidar_medium,C4_lidar_medium,209,off,off,False,True,
1779495983.5513413,stat_pub,stat,-1,C4_lidar_medium,C4_lidar_medium,210,off,off,False,True,
1779495984.051886,stat_pub,stat,-1,C4_lidar_medium,C4_lidar_medium,209,off,off,False,True,
1779495984.5522099,stat_pub,stat,-1,C4_lidar_medium,C4_lidar_medium,210,off,off,False,True,
1779495985.05257,stat_pub,stat,-1,C4_lidar_medium,C4_lidar_medium,208,off,off,False,True,
1779495985.5529528,stat_pub,stat,-1,C4_lidar_medium,C4_lidar_medium,210,off,off,False,True,
1779495986.0534158,stat_pub,stat,-1,C4_lidar_medium,C4_lidar_medium,210,off,off,False,True,
1779495986.5540226,stat_pub,stat,-1,C4_lidar_medium,C4_lidar_medium,210,off,off,False,True,
1779495987.0544121,stat_pub,stat,-1,C4_lidar_medium,C4_lidar_medium,210,off,off,False,True,
1779495987.5545235,stat_pub,stat,-1,C4_lidar_medium,C4_lidar_medium,210,off,off,False,True,
1779495988.0551744,stat_pub,stat,-1,C4_lidar_medium,C4_lidar_medium,210,off,off,False,True,
1779495988.5561054,stat_pub,stat,-1,C4_lidar_medium,C4_lidar_medium,210,off,off,False,True,
1779495989.056511,stat_pub,stat,-1,C4_lidar_medium,C4_lidar_medium,209,off,off,False,True,
1779495989.5567908,stat_pub,stat,-1,C4_lidar_medium,C4_lidar_medium,210,off,off,False,True,
1779495990.057061,stat_pub,stat,-1,C4_lidar_medium,C4_lidar_medium,209,off,off,False,True,
1779495990.5574546,stat_pub,stat,-1,C4_lidar_medium,C4_lidar_medium,210,off,off,False,True,
1779495991.0579963,stat_pub,stat,-1,C4_lidar_medium,C4_lidar_medium,210,off,off,False,True,
1779495991.5581264,stat_pub,stat,-1,C4_lidar_medium,C4_lidar_medium,210,off,off,False,True,
1779495992.0586348,stat_pub,stat,-1,C4_lidar_medium,C4_lidar_medium,210,off,off,False,True,
1779495992.5593364,stat_pub,stat,-1,C4_lidar_medium,C4_lidar_medium,210,off,off,False,True,
1779495993.0597708,stat_pub,stat,-1,C4_lidar_medium,C4_lidar_medium,210,off,off,False,True,
1779495993.5602844,stat_pub,stat,-1,C4_lidar_medium,C4_lidar_medium,209,off,off,False,True,
1779495994.0606542,stat_pub,stat,-1,C4_lidar_medium,C4_lidar_medium,209,off,off,False,True,
1779495994.5612378,stat_pub,stat,-1,C4_lidar_medium,C4_lidar_medium,209,off,off,False,True,
1779495995.0615418,stat_pub,stat,-1,C4_lidar_medium,C4_lidar_medium,210,off,off,False,True,
1779495995.5625587,stat_pub,stat,-1,C4_lidar_medium,C4_lidar_medium,210,off,off,False,True,
1779495996.0629919,stat_pub,stat,-1,C4_lidar_medium,C4_lidar_medium,210,off,off,False,True,
1779495996.5632827,stat_pub,stat,-1,C4_lidar_medium,C4_lidar_medium,210,off,off,False,True,
1779495997.0635667,stat_pub,stat,-1,C4_lidar_medium,C4_lidar_medium,210,off,off,False,True,
1779495997.564256,stat_pub,stat,-1,C4_lidar_medium,C4_lidar_medium,209,off,off,False,True,
1779495998.0648553,stat_pub,stat,-1,C4_lidar_medium,C4_lidar_medium,210,off,off,False,True,
1779495998.5650864,stat_pub,stat,-1,C4_lidar_medium,C4_lidar_medium,210,off,off,False,True,
1779495999.0655005,stat_pub,stat,-1,C4_lidar_medium,C4_lidar_medium,210,off,off,False,True,
1779495999.5661979,stat_pub,stat,-1,C4_lidar_medium,C4_lidar_medium,210,off,off,False,True,
1779496000.0665329,stat_pub,stat,-1,C4_lidar_medium,C4_lidar_medium,210,off,off,False,True,
1779496000.567132,stat_pub,stat,-1,C4_lidar_medium,C4_lidar_medium,209,off,off,False,True,
1779496001.0674593,stat_pub,stat,-1,C4_lidar_medium,C4_lidar_medium,210,off,off,False,True,
1779496001.5681806,stat_pub,stat,-1,C4_lidar_medium,C4_lidar_medium,210,off,off,False,True,
1779496002.06879,stat_pub,stat,-1,C4_lidar_medium,C4_lidar_medium,208,off,off,False,True,
1779496002.5697126,stat_pub,stat,-1,C4_lidar_medium,C4_lidar_medium,210,off,off,False,True,
1779496003.0701132,stat_pub,stat,-1,C4_lidar_medium,C4_lidar_medium,210,off,off,False,True,
1779496003.570484,stat_pub,stat,-1,C4_lidar_medium,C4_lidar_medium,208,off,off,False,True,
1779496004.0708313,stat_pub,stat,-1,C4_lidar_medium,C4_lidar_medium,209,off,off,False,True,
1779496004.5714176,stat_pub,stat,-1,C4_lidar_medium,C4_lidar_medium,210,off,off,False,True,
1779496005.0718613,stat_pub,stat,-1,C4_lidar_medium,C4_lidar_medium,210,off,off,False,True,
1779496005.572093,stat_pub,stat,-1,C4_lidar_medium,C4_lidar_medium,209,off,off,False,True,
1779496006.0726447,stat_pub,stat,-1,C4_lidar_medium,C4_lidar_medium,210,off,off,False,True,
1779496006.5732245,stat_pub,stat,-1,C4_lidar_medium,C4_lidar_medium,210,off,off,False,True,
1779496007.0737884,stat_pub,stat,-1,C4_lidar_medium,C4_lidar_medium,210,off,off,False,True,
1779496007.57422,stat_pub,stat,-1,C4_lidar_medium,C4_lidar_medium,208,off,off,False,True,
1779496008.074434,stat_pub,stat,-1,C4_lidar_medium,C4_lidar_medium,209,off,off,False,True,
1779496008.5747707,stat_pub,stat,-1,C4_lidar_medium,C4_lidar_medium,210,off,off,False,True,
1779496009.0752795,stat_pub,stat,-1,C4_lidar_medium,C4_lidar_medium,210,off,off,False,True,
1779496009.5758169,stat_pub,stat,-1,C4_lidar_medium,C4_lidar_medium,210,off,off,False,True,
1779496010.0764136,stat_pub,stat,-1,C4_lidar_medium,C4_lidar_medium,210,off,off,False,True,
1779496010.5765493,stat_pub,stat,-1,C4_lidar_medium,C4_lidar_medium,210,off,off,False,True,
1779496011.0769014,stat_pub,stat,-1,C4_lidar_medium,C4_lidar_medium,210,off,off,False,True,
1779496011.5774646,stat_pub,stat,-1,C4_lidar_medium,C4_lidar_medium,210,off,off,False,True,
1779496012.077904,stat_pub,stat,-1,C4_lidar_medium,C4_lidar_medium,209,off,off,False,True,
1779496012.5780663,stat_pub,stat,-1,C4_lidar_medium,C4_lidar_medium,210,off,off,False,True,
1779496013.0786595,stat_pub,stat,-1,C4_lidar_medium,C4_lidar_medium,210,off,off,False,True,
1779496013.5792167,stat_pub,stat,-1,C4_lidar_medium,C4_lidar_medium,210,off,off,False,True,
1779496014.0796573,stat_pub,stat,-1,C4_lidar_medium,C4_lidar_medium,210,off,off,False,True,
1779496014.5807576,stat_pub,stat,-1,C4_lidar_medium,C4_lidar_medium,209,off,off,False,True,
1779496015.0811906,stat_pub,stat,-1,C4_lidar_medium,C4_lidar_medium,209,off,off,False,True,
1779496015.5815449,stat_pub,stat,-1,C4_lidar_medium,C4_lidar_medium,210,off,off,False,True,
1779496016.0820403,stat_pub,stat,-1,C4_lidar_medium,C4_lidar_medium,210,off,off,False,True,
1779496016.5825949,stat_pub,stat,-1,C4_lidar_medium,C4_lidar_medium,210,off,off,False,True,
1779496017.0829508,stat_pub,stat,-1,C4_lidar_medium,C4_lidar_medium,210,off,off,False,True,
1779496017.5833404,stat_pub,stat,-1,C4_lidar_medium,C4_lidar_medium,210,off,off,False,True,
1779496018.0838528,stat_pub,stat,-1,C4_lidar_medium,C4_lidar_medium,210,off,off,False,True,
1779496018.5842865,stat_pub,stat,-1,C4_lidar_medium,C4_lidar_medium,210,off,off,False,True,
1779496019.0846128,stat_pub,stat,-1,C4_lidar_medium,C4_lidar_medium,210,off,off,False,True,
1779496019.58517,stat_pub,stat,-1,C4_lidar_medium,C4_lidar_medium,208,off,off,False,True,
1779496020.0858164,stat_pub,stat,-1,C4_lidar_medium,C4_lidar_medium,210,off,off,False,True,
