unix_ts_recv,seq,rtt_ms,t_send_unix,warmup,test_id,condition,camera_mode,lidar_mode,video_enabled,lidar_enabled
1779496541.7172868,3301,57.0035,1779496541.6602833,True,C4_lidar_medium,C4_lidar_medium,off,medium,False,True
1779496541.812077,3302,51.0809,1779496541.760996,True,C4_lidar_medium,C4_lidar_medium,off,medium,False,True
1779496541.8962455,3303,34.8172,1779496541.8614283,True,C4_lidar_medium,C4_lidar_medium,off,medium,False,True
1779496541.980586,3304,18.1687,1779496541.9624174,True,C4_lidar_medium,C4_lidar_medium,off,medium,False,True
1779496542.0687716,3305,5.5289,1779496542.0632427,True,C4_lidar_medium,C4_lidar_medium,off,medium,False,True
1779496542.178903,3306,15.1358,1779496542.1637673,True,C4_lidar_medium,C4_lidar_medium,off,medium,False,True
1779496542.2729485,3307,8.3141,1779496542.2646344,True,C4_lidar_medium,C4_lidar_medium,off,medium,False,True
1779496542.3809178,3308,15.7354,1779496542.3651824,True,C4_lidar_medium,C4_lidar_medium,off,medium,False,True
1779496542.4789853,3309,12.8562,1779496542.466129,True,C4_lidar_medium,C4_lidar_medium,off,medium,False,True
1779496542.5824184,3310,16.0549,1779496542.5663636,True,C4_lidar_medium,C4_lidar_medium,off,medium,False,True
1779496542.718556,3311,51.6732,1779496542.6668828,True,C4_lidar_medium,C4_lidar_medium,off,medium,False,True
1779496542.7978575,3312,30.6931,1779496542.7671645,True,C4_lidar_medium,C4_lidar_medium,off,medium,False,True
1779496542.8894064,3313,22.1257,1779496542.8672807,True,C4_lidar_medium,C4_lidar_medium,off,medium,False,True
1779496542.9727826,3314,3.6139,1779496542.9691687,True,C4_lidar_medium,C4_lidar_medium,off,medium,False,True
1779496543.1332014,3315,62.8927,1779496543.0703087,True,C4_lidar_medium,C4_lidar_medium,off,medium,False,True
1779496543.22071,3316,49.984,1779496543.170726,True,C4_lidar_medium,C4_lidar_medium,off,medium,False,True
1779496543.3021784,3317,30.961,1779496543.2712173,True,C4_lidar_medium,C4_lidar_medium,off,medium,False,True
1779496543.3887904,3318,16.9828,1779496543.3718076,True,C4_lidar_medium,C4_lidar_medium,off,medium,False,True
1779496543.476822,3319,4.6828,1779496543.4721391,True,C4_lidar_medium,C4_lidar_medium,off,medium,False,True
1779496543.5852642,3320,11.9655,1779496543.5732987,True,C4_lidar_medium,C4_lidar_medium,off,medium,False,True
1779496543.7325904,3321,58.7409,1779496543.6738496,True,C4_lidar_medium,C4_lidar_medium,off,medium,False,True
1779496543.8281028,3322,53.3106,1779496543.7747922,True,C4_lidar_medium,C4_lidar_medium,off,medium,False,True
1779496543.9166143,3323,41.6915,1779496543.8749228,True,C4_lidar_medium,C4_lidar_medium,off,medium,False,True
1779496544.0002325,3324,18.2652,1779496543.9819672,True,C4_lidar_medium,C4_lidar_medium,off,medium,False,True
1779496544.0935652,3325,11.035,1779496544.0825303,True,C4_lidar_medium,C4_lidar_medium,off,medium,False,True
1779496544.22981,3326,47.1375,1779496544.1826725,True,C4_lidar_medium,C4_lidar_medium,off,medium,False,True
1779496544.3086298,3327,25.3713,1779496544.2832584,True,C4_lidar_medium,C4_lidar_medium,off,medium,False,True
1779496544.4041498,3328,20.6044,1779496544.3835454,True,C4_lidar_medium,C4_lidar_medium,off,medium,False,True
1779496544.498097,3329,14.1237,1779496544.4839733,True,C4_lidar_medium,C4_lidar_medium,off,medium,False,True
1779496544.6087132,3330,24.2507,1779496544.5844624,True,C4_lidar_medium,C4_lidar_medium,off,medium,False,True
1779496544.699574,3331,14.6554,1779496544.6849186,True,C4_lidar_medium,C4_lidar_medium,off,medium,False,True
1779496544.8057644,3332,20.4437,1779496544.7853208,True,C4_lidar_medium,C4_lidar_medium,off,medium,False,True
1779496544.902396,3333,16.1083,1779496544.8862877,True,C4_lidar_medium,C4_lidar_medium,off,medium,False,True
1779496545.0048122,3334,7.7767,1779496544.9970355,True,C4_lidar_medium,C4_lidar_medium,off,medium,False,True
1779496545.11611,3335,18.5719,1779496545.0975382,True,C4_lidar_medium,C4_lidar_medium,off,medium,False,True
1779496545.2106204,3336,12.666,1779496545.1979544,True,C4_lidar_medium,C4_lidar_medium,off,medium,False,True
1779496545.3208773,3337,22.2175,1779496545.2986598,True,C4_lidar_medium,C4_lidar_medium,off,medium,False,True
1779496545.4110944,3338,11.7486,1779496545.3993459,True,C4_lidar_medium,C4_lidar_medium,off,medium,False,True
1779496545.5057914,3339,5.7242,1779496545.5000672,True,C4_lidar_medium,C4_lidar_medium,off,medium,False,True
1779496545.671607,3340,70.8501,1779496545.600757,True,C4_lidar_medium,C4_lidar_medium,off,medium,False,True
1779496545.7597733,3341,58.3546,1779496545.7014186,True,C4_lidar_medium,C4_lidar_medium,off,medium,False,True
1779496545.8468251,3342,45.2685,1779496545.8015566,True,C4_lidar_medium,C4_lidar_medium,off,medium,False,True
1779496545.917006,3343,14.8904,1779496545.9021156,True,C4_lidar_medium,C4_lidar_medium,off,medium,False,True
1779496546.0098832,3344,5.0879,1779496546.0047953,True,C4_lidar_medium,C4_lidar_medium,off,medium,False,True
1779496546.1222446,3345,17.1528,1779496546.1050918,True,C4_lidar_medium,C4_lidar_medium,off,medium,False,True
1779496546.2221155,3346,16.7203,1779496546.2053952,True,C4_lidar_medium,C4_lidar_medium,off,medium,False,True
1779496546.3199072,3347,13.9606,1779496546.3059466,True,C4_lidar_medium,C4_lidar_medium,off,medium,False,True
1779496546.4243793,3348,18.2512,1779496546.4061282,True,C4_lidar_medium,C4_lidar_medium,off,medium,False,True
1779496546.5216947,3349,15.1165,1779496546.5065782,True,C4_lidar_medium,C4_lidar_medium,off,medium,False,True
1779496546.6372464,3350,30.4089,1779496546.6068375,True,C4_lidar_medium,C4_lidar_medium,off,medium,False,True
1779496546.7483778,3351,41.0559,1779496546.707322,False,C4_lidar_medium,C4_lidar_medium,off,medium,False,True
1779496546.8292031,3352,21.5232,1779496546.80768,False,C4_lidar_medium,C4_lidar_medium,off,medium,False,True
1779496546.9178874,3353,10.1278,1779496546.9077597,False,C4_lidar_medium,C4_lidar_medium,off,medium,False,True
1779496547.0276315,3354,19.7637,1779496547.0078678,False,C4_lidar_medium,C4_lidar_medium,off,medium,False,True
1779496547.124142,3355,15.9788,1779496547.108163,False,C4_lidar_medium,C4_lidar_medium,off,medium,False,True
1779496547.2282739,3356,19.9649,1779496547.208309,False,C4_lidar_medium,C4_lidar_medium,off,medium,False,True
1779496547.3199198,3357,11.2691,1779496547.3086507,False,C4_lidar_medium,C4_lidar_medium,off,medium,False,True
1779496547.443233,3358,33.6258,1779496547.4096072,False,C4_lidar_medium,C4_lidar_medium,off,medium,False,True
1779496547.5201142,3359,10.1123,1779496547.510002,False,C4_lidar_medium,C4_lidar_medium,off,medium,False,True
1779496547.639342,3360,29.1245,1779496547.6102176,False,C4_lidar_medium,C4_lidar_medium,off,medium,False,True
1779496547.7216465,3361,10.6351,1779496547.7110114,False,C4_lidar_medium,C4_lidar_medium,off,medium,False,True
1779496547.8326838,3362,21.126,1779496547.8115578,False,C4_lidar_medium,C4_lidar_medium,off,medium,False,True
1779496547.928105,3363,16.041,1779496547.912064,False,C4_lidar_medium,C4_lidar_medium,off,medium,False,True
1779496548.0333047,3364,21.003,1779496548.0123017,False,C4_lidar_medium,C4_lidar_medium,off,medium,False,True
1779496548.1316798,3365,19.1307,1779496548.112549,False,C4_lidar_medium,C4_lidar_medium,off,medium,False,True
1779496548.2198272,3366,6.4917,1779496548.2133355,False,C4_lidar_medium,C4_lidar_medium,off,medium,False,True
1779496548.3312137,3367,17.561,1779496548.3136528,False,C4_lidar_medium,C4_lidar_medium,off,medium,False,True
1779496548.4267895,3368,12.388,1779496548.4144015,False,C4_lidar_medium,C4_lidar_medium,off,medium,False,True
1779496548.5325603,3369,17.7391,1779496548.5148213,False,C4_lidar_medium,C4_lidar_medium,off,medium,False,True
1779496548.640494,3370,25.0044,1779496548.6154897,False,C4_lidar_medium,C4_lidar_medium,off,medium,False,True
1779496548.7378268,3371,21.5299,1779496548.716297,False,C4_lidar_medium,C4_lidar_medium,off,medium,False,True
1779496548.8301358,3372,12.8944,1779496548.8172414,False,C4_lidar_medium,C4_lidar_medium,off,medium,False,True
1779496548.9370313,3373,19.0921,1779496548.9179392,False,C4_lidar_medium,C4_lidar_medium,off,medium,False,True
1779496549.0362754,3374,7.4644,1779496549.028811,False,C4_lidar_medium,C4_lidar_medium,off,medium,False,True
1779496549.153568,3375,24.1785,1779496549.1293895,False,C4_lidar_medium,C4_lidar_medium,off,medium,False,True
1779496549.247067,3376,16.8822,1779496549.2301848,False,C4_lidar_medium,C4_lidar_medium,off,medium,False,True
1779496549.345479,3377,14.6422,1779496549.3308368,False,C4_lidar_medium,C4_lidar_medium,off,medium,False,True
1779496549.4488442,3378,17.091,1779496549.4317532,False,C4_lidar_medium,C4_lidar_medium,off,medium,False,True
1779496549.5450397,3379,12.779,1779496549.5322607,False,C4_lidar_medium,C4_lidar_medium,off,medium,False,True
1779496549.6528091,3380,20.0124,1779496549.6327968,False,C4_lidar_medium,C4_lidar_medium,off,medium,False,True
1779496549.7462754,3381,12.8479,1779496549.7334275,False,C4_lidar_medium,C4_lidar_medium,off,medium,False,True
1779496549.841505,3382,7.4744,1779496549.8340306,False,C4_lidar_medium,C4_lidar_medium,off,medium,False,True
1779496549.9483857,3383,14.0519,1779496549.9343338,False,C4_lidar_medium,C4_lidar_medium,off,medium,False,True
1779496550.0419571,3384,7.0298,1779496550.0349274,False,C4_lidar_medium,C4_lidar_medium,off,medium,False,True
1779496550.1615324,3385,26.253,1779496550.1352794,False,C4_lidar_medium,C4_lidar_medium,off,medium,False,True
1779496550.2423196,3386,6.5198,1779496550.2357998,False,C4_lidar_medium,C4_lidar_medium,off,medium,False,True
1779496550.3496022,3387,13.5448,1779496550.3360574,False,C4_lidar_medium,C4_lidar_medium,off,medium,False,True
1779496550.443857,3388,7.5152,1779496550.4363418,False,C4_lidar_medium,C4_lidar_medium,off,medium,False,True
1779496550.5521758,3389,15.362,1779496550.5368137,False,C4_lidar_medium,C4_lidar_medium,off,medium,False,True
1779496550.6510968,3390,13.8044,1779496550.6372924,False,C4_lidar_medium,C4_lidar_medium,off,medium,False,True
1779496550.7802858,3391,42.7999,1779496550.737486,False,C4_lidar_medium,C4_lidar_medium,off,medium,False,True
1779496550.8458045,3392,7.9918,1779496550.8378127,False,C4_lidar_medium,C4_lidar_medium,off,medium,False,True
1779496550.9510388,3393,12.7835,1779496550.9382553,False,C4_lidar_medium,C4_lidar_medium,off,medium,False,True
1779496551.048094,3394,5.6934,1779496551.0424006,False,C4_lidar_medium,C4_lidar_medium,off,medium,False,True
1779496551.1633012,3395,19.7456,1779496551.1435556,False,C4_lidar_medium,C4_lidar_medium,off,medium,False,True
1779496551.2613795,3396,17.2334,1779496551.244146,False,C4_lidar_medium,C4_lidar_medium,off,medium,False,True
1779496551.366772,3397,22.0904,1779496551.3446815,False,C4_lidar_medium,C4_lidar_medium,off,medium,False,True
1779496551.4645195,3398,19.5627,1779496551.4449568,False,C4_lidar_medium,C4_lidar_medium,off,medium,False,True
1779496551.562048,3399,8.5609,1779496551.553487,False,C4_lidar_medium,C4_lidar_medium,off,medium,False,True
1779496551.664179,3400,7.175,1779496551.657004,False,C4_lidar_medium,C4_lidar_medium,off,medium,False,True
1779496551.7829318,3401,24.4298,1779496551.758502,False,C4_lidar_medium,C4_lidar_medium,off,medium,False,True
1779496551.8759232,3402,16.5207,1779496551.8594024,False,C4_lidar_medium,C4_lidar_medium,off,medium,False,True
1779496551.9698365,3403,10.1988,1779496551.9596376,False,C4_lidar_medium,C4_lidar_medium,off,medium,False,True
1779496552.0761297,3404,15.728,1779496552.0604017,False,C4_lidar_medium,C4_lidar_medium,off,medium,False,True
1779496552.1721022,3405,7.0357,1779496552.1650665,False,C4_lidar_medium,C4_lidar_medium,off,medium,False,True
1779496552.2766278,3406,11.0397,1779496552.265588,False,C4_lidar_medium,C4_lidar_medium,off,medium,False,True
1779496552.3975286,3407,31.4925,1779496552.3660362,False,C4_lidar_medium,C4_lidar_medium,off,medium,False,True
1779496552.4787,3408,12.5368,1779496552.4661632,False,C4_lidar_medium,C4_lidar_medium,off,medium,False,True
1779496552.5894315,3409,22.3897,1779496552.5670419,False,C4_lidar_medium,C4_lidar_medium,off,medium,False,True
1779496552.6776943,3410,10.3364,1779496552.667358,False,C4_lidar_medium,C4_lidar_medium,off,medium,False,True
1779496552.7908633,3411,23.0508,1779496552.7678125,False,C4_lidar_medium,C4_lidar_medium,off,medium,False,True
1779496552.8897676,3412,20.9315,1779496552.8688362,False,C4_lidar_medium,C4_lidar_medium,off,medium,False,True
1779496552.9881737,3413,18.9764,1779496552.9691973,False,C4_lidar_medium,C4_lidar_medium,off,medium,False,True
1779496553.0856314,3414,16.052,1779496553.0695794,False,C4_lidar_medium,C4_lidar_medium,off,medium,False,True
1779496553.1808617,3415,10.3397,1779496553.170522,False,C4_lidar_medium,C4_lidar_medium,off,medium,False,True
1779496553.2842607,3416,12.3072,1779496553.2719536,False,C4_lidar_medium,C4_lidar_medium,off,medium,False,True
1779496553.39375,3417,21.3792,1779496553.3723707,False,C4_lidar_medium,C4_lidar_medium,off,medium,False,True
1779496553.5075545,3418,34.1542,1779496553.4734004,False,C4_lidar_medium,C4_lidar_medium,off,medium,False,True
1779496553.5996614,3419,25.4681,1779496553.5741932,False,C4_lidar_medium,C4_lidar_medium,off,medium,False,True
1779496553.7036703,3420,28.789,1779496553.6748812,False,C4_lidar_medium,C4_lidar_medium,off,medium,False,True
1779496553.8038833,3421,28.26,1779496553.7756233,False,C4_lidar_medium,C4_lidar_medium,off,medium,False,True
1779496553.8910623,3422,14.6458,1779496553.8764164,False,C4_lidar_medium,C4_lidar_medium,off,medium,False,True
1779496553.983009,3423,6.1305,1779496553.9768786,False,C4_lidar_medium,C4_lidar_medium,off,medium,False,True
1779496554.0992358,3424,22.0792,1779496554.0771565,False,C4_lidar_medium,C4_lidar_medium,off,medium,False,True
1779496554.2047675,3425,27.3776,1779496554.1773899,False,C4_lidar_medium,C4_lidar_medium,off,medium,False,True
1779496554.3187659,3426,40.2718,1779496554.2784941,False,C4_lidar_medium,C4_lidar_medium,off,medium,False,True
1779496554.393689,3427,14.9379,1779496554.378751,False,C4_lidar_medium,C4_lidar_medium,off,medium,False,True
1779496554.4986658,3428,19.5048,1779496554.479161,False,C4_lidar_medium,C4_lidar_medium,off,medium,False,True
1779496554.5943198,3429,14.0817,1779496554.580238,False,C4_lidar_medium,C4_lidar_medium,off,medium,False,True
1779496554.7043014,3430,23.6907,1779496554.6806107,False,C4_lidar_medium,C4_lidar_medium,off,medium,False,True
1779496554.794873,3431,13.273,1779496554.7816,False,C4_lidar_medium,C4_lidar_medium,off,medium,False,True
1779496554.8918173,3432,9.7542,1779496554.8820632,False,C4_lidar_medium,C4_lidar_medium,off,medium,False,True
1779496554.9995682,3433,16.8638,1779496554.9827044,False,C4_lidar_medium,C4_lidar_medium,off,medium,False,True
1779496555.0893996,3434,6.4111,1779496555.0829885,False,C4_lidar_medium,C4_lidar_medium,off,medium,False,True
1779496555.1959283,3435,12.6905,1779496555.1832378,False,C4_lidar_medium,C4_lidar_medium,off,medium,False,True
1779496555.3265374,3436,43.0157,1779496555.2835217,False,C4_lidar_medium,C4_lidar_medium,off,medium,False,True
1779496555.3987627,3437,14.797,1779496555.3839657,False,C4_lidar_medium,C4_lidar_medium,off,medium,False,True
1779496555.506954,3438,22.6347,1779496555.4843192,False,C4_lidar_medium,C4_lidar_medium,off,medium,False,True
1779496555.6050217,3439,20.1271,1779496555.5848947,False,C4_lidar_medium,C4_lidar_medium,off,medium,False,True
1779496555.6932864,3440,6.9883,1779496555.6862981,False,C4_lidar_medium,C4_lidar_medium,off,medium,False,True
1779496555.7989666,3441,11.5542,1779496555.7874124,False,C4_lidar_medium,C4_lidar_medium,off,medium,False,True
1779496555.8935409,3442,5.6446,1779496555.8878963,False,C4_lidar_medium,C4_lidar_medium,off,medium,False,True
1779496556.0048206,3443,16.3977,1779496555.9884229,False,C4_lidar_medium,C4_lidar_medium,off,medium,False,True
1779496556.094792,3444,5.5392,1779496556.0892527,False,C4_lidar_medium,C4_lidar_medium,off,medium,False,True
1779496556.2396421,3445,49.9189,1779496556.1897233,False,C4_lidar_medium,C4_lidar_medium,off,medium,False,True
1779496556.3277369,3446,37.6632,1779496556.2900736,False,C4_lidar_medium,C4_lidar_medium,off,medium,False,True
1779496556.412637,3447,22.2831,1779496556.390354,False,C4_lidar_medium,C4_lidar_medium,off,medium,False,True
1779496556.4981499,3448,7.6864,1779496556.4904635,False,C4_lidar_medium,C4_lidar_medium,off,medium,False,True
1779496556.6525693,3449,61.8055,1779496556.5907638,False,C4_lidar_medium,C4_lidar_medium,off,medium,False,True
1779496556.7360752,3450,42.2022,1779496556.693873,False,C4_lidar_medium,C4_lidar_medium,off,medium,False,True
1779496556.8270576,3451,31.8763,1779496556.7951813,False,C4_lidar_medium,C4_lidar_medium,off,medium,False,True
1779496556.9090483,3452,13.2523,1779496556.895796,False,C4_lidar_medium,C4_lidar_medium,off,medium,False,True
1779496557.0097957,3453,13.4342,1779496556.9963615,False,C4_lidar_medium,C4_lidar_medium,off,medium,False,True
1779496557.1042204,3454,6.9995,1779496557.097221,False,C4_lidar_medium,C4_lidar_medium,off,medium,False,True
1779496557.2032218,3455,4.5829,1779496557.198639,False,C4_lidar_medium,C4_lidar_medium,off,medium,False,True
1779496557.3092132,3456,10.1676,1779496557.2990456,False,C4_lidar_medium,C4_lidar_medium,off,medium,False,True
1779496557.4164443,3457,17.0131,1779496557.3994312,False,C4_lidar_medium,C4_lidar_medium,off,medium,False,True
1779496557.5082695,3458,8.4229,1779496557.4998467,False,C4_lidar_medium,C4_lidar_medium,off,medium,False,True
1779496557.6226974,3459,22.4001,1779496557.6002972,False,C4_lidar_medium,C4_lidar_medium,off,medium,False,True
1779496557.708122,3460,7.2098,1779496557.7009122,False,C4_lidar_medium,C4_lidar_medium,off,medium,False,True
1779496557.8351336,3461,33.6981,1779496557.8014355,False,C4_lidar_medium,C4_lidar_medium,off,medium,False,True
1779496557.914743,3462,12.9085,1779496557.9018345,False,C4_lidar_medium,C4_lidar_medium,off,medium,False,True
1779496558.0466535,3463,44.4593,1779496558.0021942,False,C4_lidar_medium,C4_lidar_medium,off,medium,False,True
1779496558.1282933,3464,25.3305,1779496558.1029627,False,C4_lidar_medium,C4_lidar_medium,off,medium,False,True
1779496558.2121525,3465,8.3377,1779496558.2038147,False,C4_lidar_medium,C4_lidar_medium,off,medium,False,True
1779496558.3165772,3466,11.7085,1779496558.3048687,False,C4_lidar_medium,C4_lidar_medium,off,medium,False,True
1779496558.4230978,3467,17.8766,1779496558.4052212,False,C4_lidar_medium,C4_lidar_medium,off,medium,False,True
1779496558.5147295,3468,9.0191,1779496558.5057104,False,C4_lidar_medium,C4_lidar_medium,off,medium,False,True
1779496558.63267,3469,26.6764,1779496558.6059935,False,C4_lidar_medium,C4_lidar_medium,off,medium,False,True
1779496558.7162838,3470,8.059,1779496558.7082248,False,C4_lidar_medium,C4_lidar_medium,off,medium,False,True
1779496558.8513184,3471,42.1498,1779496558.8091686,False,C4_lidar_medium,C4_lidar_medium,off,medium,False,True
1779496558.923783,3472,14.2217,1779496558.9095614,False,C4_lidar_medium,C4_lidar_medium,off,medium,False,True
1779496559.029363,3473,19.552,1779496559.009811,False,C4_lidar_medium,C4_lidar_medium,off,medium,False,True
1779496559.1205297,3474,10.1366,1779496559.110393,False,C4_lidar_medium,C4_lidar_medium,off,medium,False,True
1779496559.2206612,3475,9.232,1779496559.211429,False,C4_lidar_medium,C4_lidar_medium,off,medium,False,True
1779496559.323039,3476,11.2276,1779496559.3118114,False,C4_lidar_medium,C4_lidar_medium,off,medium,False,True
1779496559.4293015,3477,17.0689,1779496559.4122326,False,C4_lidar_medium,C4_lidar_medium,off,medium,False,True
1779496559.526619,3478,13.9048,1779496559.5127141,False,C4_lidar_medium,C4_lidar_medium,off,medium,False,True
1779496559.6298795,3479,16.8931,1779496559.6129863,False,C4_lidar_medium,C4_lidar_medium,off,medium,False,True
1779496559.721173,3480,5.3813,1779496559.7157917,False,C4_lidar_medium,C4_lidar_medium,off,medium,False,True
1779496559.8537967,3481,37.6809,1779496559.8161159,False,C4_lidar_medium,C4_lidar_medium,off,medium,False,True
1779496559.9269204,3482,9.9132,1779496559.9170072,False,C4_lidar_medium,C4_lidar_medium,off,medium,False,True
1779496560.0368502,3483,19.3799,1779496560.0174704,False,C4_lidar_medium,C4_lidar_medium,off,medium,False,True
1779496560.1327353,3484,14.7169,1779496560.1180184,False,C4_lidar_medium,C4_lidar_medium,off,medium,False,True
1779496560.2236364,3485,3.7844,1779496560.219852,False,C4_lidar_medium,C4_lidar_medium,off,medium,False,True
1779496560.3317928,3486,11.6048,1779496560.320188,False,C4_lidar_medium,C4_lidar_medium,off,medium,False,True
1779496560.430083,3487,9.1538,1779496560.4209292,False,C4_lidar_medium,C4_lidar_medium,off,medium,False,True
1779496560.5401964,3488,18.6403,1779496560.5215561,False,C4_lidar_medium,C4_lidar_medium,off,medium,False,True
1779496560.6433878,3489,21.24,1779496560.6221478,False,C4_lidar_medium,C4_lidar_medium,off,medium,False,True
1779496560.7287836,3490,4.8616,1779496560.723922,False,C4_lidar_medium,C4_lidar_medium,off,medium,False,True
1779496560.8666663,3491,42.0723,1779496560.824594,False,C4_lidar_medium,C4_lidar_medium,off,medium,False,True
1779496560.9345403,3492,9.2428,1779496560.9252975,False,C4_lidar_medium,C4_lidar_medium,off,medium,False,True
1779496561.0440094,3493,18.1735,1779496561.025836,False,C4_lidar_medium,C4_lidar_medium,off,medium,False,True
1779496561.1361992,3494,9.7854,1779496561.1264138,False,C4_lidar_medium,C4_lidar_medium,off,medium,False,True
1779496561.2326813,3495,5.5101,1779496561.2271712,False,C4_lidar_medium,C4_lidar_medium,off,medium,False,True
1779496561.3376262,3496,9.635,1779496561.3279912,False,C4_lidar_medium,C4_lidar_medium,off,medium,False,True
1779496561.4438858,3497,15.5568,1779496561.428329,False,C4_lidar_medium,C4_lidar_medium,off,medium,False,True
1779496561.5372374,3498,8.5216,1779496561.5287158,False,C4_lidar_medium,C4_lidar_medium,off,medium,False,True
1779496561.6580148,3499,28.8856,1779496561.6291292,False,C4_lidar_medium,C4_lidar_medium,off,medium,False,True
1779496561.7387,3500,9.2635,1779496561.7294364,False,C4_lidar_medium,C4_lidar_medium,off,medium,False,True
1779496561.843995,3501,13.653,1779496561.830342,False,C4_lidar_medium,C4_lidar_medium,off,medium,False,True
1779496561.9405527,3502,9.4571,1779496561.9310956,False,C4_lidar_medium,C4_lidar_medium,off,medium,False,True
1779496562.045479,3503,13.8779,1779496562.0316012,False,C4_lidar_medium,C4_lidar_medium,off,medium,False,True
1779496562.1396768,3504,7.5388,1779496562.132138,False,C4_lidar_medium,C4_lidar_medium,off,medium,False,True
1779496562.246632,3505,14.0855,1779496562.2325466,False,C4_lidar_medium,C4_lidar_medium,off,medium,False,True
1779496562.3410068,3506,7.8564,1779496562.3331504,False,C4_lidar_medium,C4_lidar_medium,off,medium,False,True
1779496562.4957507,3507,61.9371,1779496562.4338136,False,C4_lidar_medium,C4_lidar_medium,off,medium,False,True
1779496562.5805912,3508,46.0839,1779496562.5345073,False,C4_lidar_medium,C4_lidar_medium,off,medium,False,True
1779496562.6638317,3509,28.5993,1779496562.6352324,False,C4_lidar_medium,C4_lidar_medium,off,medium,False,True
1779496562.7517893,3510,12.234,1779496562.7395554,False,C4_lidar_medium,C4_lidar_medium,off,medium,False,True
1779496562.8627472,3511,22.7392,1779496562.840008,False,C4_lidar_medium,C4_lidar_medium,off,medium,False,True
1779496562.9504943,3512,10.251,1779496562.9402432,False,C4_lidar_medium,C4_lidar_medium,off,medium,False,True
1779496563.1021488,3513,61.5611,1779496563.0405877,False,C4_lidar_medium,C4_lidar_medium,off,medium,False,True
1779496563.187183,3514,46.1309,1779496563.141052,False,C4_lidar_medium,C4_lidar_medium,off,medium,False,True
1779496563.2717578,3515,29.8164,1779496563.2419415,False,C4_lidar_medium,C4_lidar_medium,off,medium,False,True
1779496563.35641,3516,13.972,1779496563.342438,False,C4_lidar_medium,C4_lidar_medium,off,medium,False,True
1779496563.4658573,3517,22.99,1779496563.4428673,False,C4_lidar_medium,C4_lidar_medium,off,medium,False,True
1779496563.5562806,3518,12.9895,1779496563.543291,False,C4_lidar_medium,C4_lidar_medium,off,medium,False,True
1779496563.666833,3519,23.1588,1779496563.6436741,False,C4_lidar_medium,C4_lidar_medium,off,medium,False,True
1779496563.7520714,3520,6.3303,1779496563.7457411,False,C4_lidar_medium,C4_lidar_medium,off,medium,False,True
1779496563.8710916,3521,24.7011,1779496563.8463905,False,C4_lidar_medium,C4_lidar_medium,off,medium,False,True
1779496563.9615119,3522,14.847,1779496563.9466648,False,C4_lidar_medium,C4_lidar_medium,off,medium,False,True
1779496564.0536733,3523,5.9295,1779496564.0477438,False,C4_lidar_medium,C4_lidar_medium,off,medium,False,True
1779496564.165567,3524,17.2317,1779496564.1483352,False,C4_lidar_medium,C4_lidar_medium,off,medium,False,True
1779496564.2582617,3525,6.0647,1779496564.252197,False,C4_lidar_medium,C4_lidar_medium,off,medium,False,True
1779496564.3873765,3526,33.7782,1779496564.3535984,False,C4_lidar_medium,C4_lidar_medium,off,medium,False,True
1779496564.4771633,3527,23.0248,1779496564.4541385,False,C4_lidar_medium,C4_lidar_medium,off,medium,False,True
1779496564.5673203,3528,12.6071,1779496564.5547132,False,C4_lidar_medium,C4_lidar_medium,off,medium,False,True
1779496564.664394,3529,9.3086,1779496564.6550853,False,C4_lidar_medium,C4_lidar_medium,off,medium,False,True
1779496564.7741144,3530,18.5437,1779496564.7555707,False,C4_lidar_medium,C4_lidar_medium,off,medium,False,True
1779496564.8645532,3531,8.6546,1779496564.8558986,False,C4_lidar_medium,C4_lidar_medium,off,medium,False,True
1779496564.9761567,3532,19.7957,1779496564.956361,False,C4_lidar_medium,C4_lidar_medium,off,medium,False,True
1779496565.0700622,3533,13.4094,1779496565.0566528,False,C4_lidar_medium,C4_lidar_medium,off,medium,False,True
1779496565.1626074,3534,5.5735,1779496565.157034,False,C4_lidar_medium,C4_lidar_medium,off,medium,False,True
1779496565.2689095,3535,7.2038,1779496565.2617056,False,C4_lidar_medium,C4_lidar_medium,off,medium,False,True
1779496565.4354854,3536,72.6879,1779496565.3627975,False,C4_lidar_medium,C4_lidar_medium,off,medium,False,True
1779496565.5542502,3537,90.7106,1779496565.4635396,False,C4_lidar_medium,C4_lidar_medium,off,medium,False,True
1779496565.5962815,3538,32.3443,1779496565.5639372,False,C4_lidar_medium,C4_lidar_medium,off,medium,False,True
1779496565.686794,3539,22.3172,1779496565.6644769,False,C4_lidar_medium,C4_lidar_medium,off,medium,False,True
1779496565.7868757,3540,21.8627,1779496565.765013,False,C4_lidar_medium,C4_lidar_medium,off,medium,False,True
1779496565.8772867,3541,12.1584,1779496565.8651283,False,C4_lidar_medium,C4_lidar_medium,off,medium,False,True
1779496565.9713645,3542,5.6889,1779496565.9656756,False,C4_lidar_medium,C4_lidar_medium,off,medium,False,True
1779496566.0812726,3543,14.7679,1779496566.0665047,False,C4_lidar_medium,C4_lidar_medium,off,medium,False,True
1779496566.1725416,3544,5.5163,1779496566.1670253,False,C4_lidar_medium,C4_lidar_medium,off,medium,False,True
1779496566.2742834,3545,6.0191,1779496566.2682643,False,C4_lidar_medium,C4_lidar_medium,off,medium,False,True
1779496566.4392307,3546,70.3924,1779496566.3688383,False,C4_lidar_medium,C4_lidar_medium,off,medium,False,True
1779496566.5311353,3547,61.7533,1779496566.469382,False,C4_lidar_medium,C4_lidar_medium,off,medium,False,True
1779496566.6028805,3548,32.8951,1779496566.5699854,False,C4_lidar_medium,C4_lidar_medium,off,medium,False,True
1779496566.6906998,3549,20.416,1779496566.6702838,False,C4_lidar_medium,C4_lidar_medium,off,medium,False,True
1779496566.7755961,3550,3.3081,1779496566.772288,False,C4_lidar_medium,C4_lidar_medium,off,medium,False,True
1779496566.884271,3551,11.656,1779496566.8726149,False,C4_lidar_medium,C4_lidar_medium,off,medium,False,True
1779496566.9916964,3552,18.4011,1779496566.9732952,False,C4_lidar_medium,C4_lidar_medium,off,medium,False,True
1779496567.0891354,3553,15.2686,1779496567.0738668,False,C4_lidar_medium,C4_lidar_medium,off,medium,False,True
1779496567.1811502,3554,7.1309,1779496567.1740193,False,C4_lidar_medium,C4_lidar_medium,off,medium,False,True
1779496567.2885382,3555,13.6552,1779496567.274883,False,C4_lidar_medium,C4_lidar_medium,off,medium,False,True
1779496567.454203,3556,78.9289,1779496567.375274,False,C4_lidar_medium,C4_lidar_medium,off,medium,False,True
1779496567.5272968,3557,51.4297,1779496567.475867,False,C4_lidar_medium,C4_lidar_medium,off,medium,False,True
1779496567.6112392,3558,34.8642,1779496567.576375,False,C4_lidar_medium,C4_lidar_medium,off,medium,False,True
1779496567.695489,3559,18.1375,1779496567.6773515,False,C4_lidar_medium,C4_lidar_medium,off,medium,False,True
1779496567.7927077,3560,9.8464,1779496567.7828612,False,C4_lidar_medium,C4_lidar_medium,off,medium,False,True
1779496567.932683,3561,49.4316,1779496567.8832514,False,C4_lidar_medium,C4_lidar_medium,off,medium,False,True
1779496568.0260313,3562,42.5777,1779496567.9834535,False,C4_lidar_medium,C4_lidar_medium,off,medium,False,True
1779496568.1156118,3563,31.9872,1779496568.0836246,False,C4_lidar_medium,C4_lidar_medium,off,medium,False,True
1779496568.196797,3564,12.6231,1779496568.1841738,False,C4_lidar_medium,C4_lidar_medium,off,medium,False,True
1779496568.308443,3565,23.6657,1779496568.2847774,False,C4_lidar_medium,C4_lidar_medium,off,medium,False,True
1779496568.406176,3566,20.4554,1779496568.3857207,False,C4_lidar_medium,C4_lidar_medium,off,medium,False,True
1779496568.5072222,3567,20.6912,1779496568.486531,False,C4_lidar_medium,C4_lidar_medium,off,medium,False,True
1779496568.6001651,3568,12.769,1779496568.5873961,False,C4_lidar_medium,C4_lidar_medium,off,medium,False,True
1779496568.6946497,3569,6.8269,1779496568.6878228,False,C4_lidar_medium,C4_lidar_medium,off,medium,False,True
1779496568.8047378,3570,16.4165,1779496568.7883213,False,C4_lidar_medium,C4_lidar_medium,off,medium,False,True
1779496568.9096024,3571,20.7052,1779496568.8888972,False,C4_lidar_medium,C4_lidar_medium,off,medium,False,True
1779496569.0092416,3572,20.1478,1779496568.9890938,False,C4_lidar_medium,C4_lidar_medium,off,medium,False,True
1779496569.1348636,3573,44.699,1779496569.0901647,False,C4_lidar_medium,C4_lidar_medium,off,medium,False,True
1779496569.2188563,3574,28.2748,1779496569.1905816,False,C4_lidar_medium,C4_lidar_medium,off,medium,False,True
1779496569.3177853,3575,26.5195,1779496569.2912657,False,C4_lidar_medium,C4_lidar_medium,off,medium,False,True
1779496569.4316506,3576,39.7894,1779496569.3918612,False,C4_lidar_medium,C4_lidar_medium,off,medium,False,True
1779496569.5171208,3577,24.4355,1779496569.4926853,False,C4_lidar_medium,C4_lidar_medium,off,medium,False,True
1779496569.6148312,3578,21.7652,1779496569.593066,False,C4_lidar_medium,C4_lidar_medium,off,medium,False,True
1779496569.7061384,3579,12.0025,1779496569.694136,False,C4_lidar_medium,C4_lidar_medium,off,medium,False,True
1779496569.7990263,3580,4.564,1779496569.7944622,False,C4_lidar_medium,C4_lidar_medium,off,medium,False,True
1779496569.9145105,3581,19.5587,1779496569.8949518,False,C4_lidar_medium,C4_lidar_medium,off,medium,False,True
1779496570.001968,3582,6.5975,1779496569.9953704,False,C4_lidar_medium,C4_lidar_medium,off,medium,False,True
1779496570.1468227,3583,51.1472,1779496570.0956755,False,C4_lidar_medium,C4_lidar_medium,off,medium,False,True
1779496570.2273746,3584,31.1399,1779496570.1962347,False,C4_lidar_medium,C4_lidar_medium,off,medium,False,True
1779496570.316843,3585,19.8288,1779496570.2970142,False,C4_lidar_medium,C4_lidar_medium,off,medium,False,True
1779496570.4762542,3586,78.9187,1779496570.3973355,False,C4_lidar_medium,C4_lidar_medium,off,medium,False,True
1779496570.5095186,3587,11.6966,1779496570.497822,False,C4_lidar_medium,C4_lidar_medium,off,medium,False,True
1779496570.615515,3588,17.2844,1779496570.5982306,False,C4_lidar_medium,C4_lidar_medium,off,medium,False,True
1779496570.7106903,3589,11.8661,1779496570.6988242,False,C4_lidar_medium,C4_lidar_medium,off,medium,False,True
1779496570.8134794,3590,6.0627,1779496570.8074167,False,C4_lidar_medium,C4_lidar_medium,off,medium,False,True
1779496570.9263306,3591,18.2822,1779496570.9080484,False,C4_lidar_medium,C4_lidar_medium,off,medium,False,True
1779496571.0232332,3592,14.5636,1779496571.0086696,False,C4_lidar_medium,C4_lidar_medium,off,medium,False,True
1779496571.118994,3593,9.5458,1779496571.1094482,False,C4_lidar_medium,C4_lidar_medium,off,medium,False,True
1779496571.2236836,3594,13.5977,1779496571.2100859,False,C4_lidar_medium,C4_lidar_medium,off,medium,False,True
1779496571.3169866,3595,6.5322,1779496571.3104544,False,C4_lidar_medium,C4_lidar_medium,off,medium,False,True
1779496571.4447749,3596,33.2754,1779496571.4114995,False,C4_lidar_medium,C4_lidar_medium,off,medium,False,True
1779496571.5189428,3597,6.8178,1779496571.512125,False,C4_lidar_medium,C4_lidar_medium,off,medium,False,True
1779496571.6274471,3598,14.5731,1779496571.612874,False,C4_lidar_medium,C4_lidar_medium,off,medium,False,True
1779496571.719085,3599,5.5909,1779496571.713494,False,C4_lidar_medium,C4_lidar_medium,off,medium,False,True
1779496571.8306935,3600,16.8469,1779496571.8138466,False,C4_lidar_medium,C4_lidar_medium,off,medium,False,True
1779496571.9321074,3601,17.7321,1779496571.9143753,False,C4_lidar_medium,C4_lidar_medium,off,medium,False,True
1779496572.0296683,3602,15.0697,1779496572.0145986,False,C4_lidar_medium,C4_lidar_medium,off,medium,False,True
1779496572.125171,3603,9.8486,1779496572.1153224,False,C4_lidar_medium,C4_lidar_medium,off,medium,False,True
1779496572.2295337,3604,13.8099,1779496572.2157238,False,C4_lidar_medium,C4_lidar_medium,off,medium,False,True
1779496572.338999,3605,22.8863,1779496572.3161128,False,C4_lidar_medium,C4_lidar_medium,off,medium,False,True
1779496572.438274,3606,21.7397,1779496572.4165342,False,C4_lidar_medium,C4_lidar_medium,off,medium,False,True
1779496572.5282478,3607,11.3218,1779496572.516926,False,C4_lidar_medium,C4_lidar_medium,off,medium,False,True
1779496572.6377542,3608,20.4375,1779496572.6173167,False,C4_lidar_medium,C4_lidar_medium,off,medium,False,True
1779496572.7497907,3609,32.285,1779496572.7175057,False,C4_lidar_medium,C4_lidar_medium,off,medium,False,True
1779496572.849378,3610,31.2181,1779496572.81816,False,C4_lidar_medium,C4_lidar_medium,off,medium,False,True
1779496572.9248292,3611,6.1562,1779496572.918673,False,C4_lidar_medium,C4_lidar_medium,off,medium,False,True
1779496573.0565453,3612,37.4303,1779496573.019115,False,C4_lidar_medium,C4_lidar_medium,off,medium,False,True
1779496573.1400526,3613,20.5588,1779496573.1194937,False,C4_lidar_medium,C4_lidar_medium,off,medium,False,True
1779496573.233375,3614,13.5269,1779496573.2198482,False,C4_lidar_medium,C4_lidar_medium,off,medium,False,True
1779496573.3456168,3615,25.1396,1779496573.3204772,False,C4_lidar_medium,C4_lidar_medium,off,medium,False,True
1779496573.4595456,3616,38.4517,1779496573.421094,False,C4_lidar_medium,C4_lidar_medium,off,medium,False,True
1779496573.5302267,3617,8.7752,1779496573.5214515,False,C4_lidar_medium,C4_lidar_medium,off,medium,False,True
1779496573.6392803,3618,17.5092,1779496573.621771,False,C4_lidar_medium,C4_lidar_medium,off,medium,False,True
1779496573.7350585,3619,12.6619,1779496573.7223966,False,C4_lidar_medium,C4_lidar_medium,off,medium,False,True
1779496573.844264,3620,20.8883,1779496573.8233757,False,C4_lidar_medium,C4_lidar_medium,off,medium,False,True
1779496573.9361331,3621,12.2447,1779496573.9238884,False,C4_lidar_medium,C4_lidar_medium,off,medium,False,True
1779496574.032254,3622,8.0216,1779496574.0242324,False,C4_lidar_medium,C4_lidar_medium,off,medium,False,True
1779496574.1429303,3623,18.4624,1779496574.1244678,False,C4_lidar_medium,C4_lidar_medium,off,medium,False,True
1779496574.2378118,3624,12.9931,1779496574.2248187,False,C4_lidar_medium,C4_lidar_medium,off,medium,False,True
1779496574.3425364,3625,3.8259,1779496574.3387105,False,C4_lidar_medium,C4_lidar_medium,off,medium,False,True
1779496574.4884636,3626,49.2325,1779496574.4392312,False,C4_lidar_medium,C4_lidar_medium,off,medium,False,True
1779496574.583616,3627,44.009,1779496574.539607,False,C4_lidar_medium,C4_lidar_medium,off,medium,False,True
1779496574.6575837,3628,17.3397,1779496574.640244,False,C4_lidar_medium,C4_lidar_medium,off,medium,False,True
1779496574.749298,3629,8.4999,1779496574.7407982,False,C4_lidar_medium,C4_lidar_medium,off,medium,False,True
1779496574.8581653,3630,16.7139,1779496574.8414514,False,C4_lidar_medium,C4_lidar_medium,off,medium,False,True
1779496574.9648027,3631,23.0336,1779496574.9417691,False,C4_lidar_medium,C4_lidar_medium,off,medium,False,True
1779496575.0593019,3632,16.9625,1779496575.0423393,False,C4_lidar_medium,C4_lidar_medium,off,medium,False,True
1779496575.152536,3633,9.7218,1779496575.1428142,False,C4_lidar_medium,C4_lidar_medium,off,medium,False,True
1779496575.2609706,3634,17.905,1779496575.2430656,False,C4_lidar_medium,C4_lidar_medium,off,medium,False,True
1779496575.358686,3635,9.4235,1779496575.3492625,False,C4_lidar_medium,C4_lidar_medium,off,medium,False,True
1779496575.4663708,3636,5.8765,1779496575.4604943,False,C4_lidar_medium,C4_lidar_medium,off,medium,False,True
1779496575.5731776,3637,11.5941,1779496575.5615835,False,C4_lidar_medium,C4_lidar_medium,off,medium,False,True
1779496575.685154,3638,22.9414,1779496575.6622126,False,C4_lidar_medium,C4_lidar_medium,off,medium,False,True
1779496575.7757745,3639,12.9023,1779496575.7628722,False,C4_lidar_medium,C4_lidar_medium,off,medium,False,True
1779496575.8729627,3640,9.6092,1779496575.8633535,False,C4_lidar_medium,C4_lidar_medium,off,medium,False,True
1779496575.9785082,3641,4.8473,1779496575.973661,False,C4_lidar_medium,C4_lidar_medium,off,medium,False,True
1779496576.1271636,3642,52.6648,1779496576.074499,False,C4_lidar_medium,C4_lidar_medium,off,medium,False,True
1779496576.2138777,3643,39.1181,1779496576.1747596,False,C4_lidar_medium,C4_lidar_medium,off,medium,False,True
1779496576.2967348,3644,21.117,1779496576.2756178,False,C4_lidar_medium,C4_lidar_medium,off,medium,False,True
1779496576.3983357,3645,21.9095,1779496576.3764262,False,C4_lidar_medium,C4_lidar_medium,off,medium,False,True
1779496576.4893656,3646,11.7877,1779496576.477578,False,C4_lidar_medium,C4_lidar_medium,off,medium,False,True
1779496576.60479,3647,26.5203,1779496576.5782697,False,C4_lidar_medium,C4_lidar_medium,off,medium,False,True
1779496576.6960876,3648,17.5583,1779496576.6785293,False,C4_lidar_medium,C4_lidar_medium,off,medium,False,True
1779496576.7900171,3649,10.7324,1779496576.7792847,False,C4_lidar_medium,C4_lidar_medium,off,medium,False,True
1779496576.8960826,3650,16.5033,1779496576.8795793,False,C4_lidar_medium,C4_lidar_medium,off,medium,False,True
1779496577.0051653,3651,25.3799,1779496576.9797854,False,C4_lidar_medium,C4_lidar_medium,off,medium,False,True
1779496577.1011393,3652,20.7698,1779496577.0803695,False,C4_lidar_medium,C4_lidar_medium,off,medium,False,True
1779496577.1925914,3653,12.0306,1779496577.1805608,False,C4_lidar_medium,C4_lidar_medium,off,medium,False,True
1779496577.2975776,3654,16.5048,1779496577.2810729,False,C4_lidar_medium,C4_lidar_medium,off,medium,False,True
1779496577.3928118,3655,11.0197,1779496577.381792,False,C4_lidar_medium,C4_lidar_medium,off,medium,False,True
1779496577.498316,3656,15.5504,1779496577.4827657,False,C4_lidar_medium,C4_lidar_medium,off,medium,False,True
1779496577.600085,3657,16.8002,1779496577.5832849,False,C4_lidar_medium,C4_lidar_medium,off,medium,False,True
1779496577.7459798,3658,62.0329,1779496577.6839468,False,C4_lidar_medium,C4_lidar_medium,off,medium,False,True
1779496577.8415122,3659,57.3559,1779496577.7841563,False,C4_lidar_medium,C4_lidar_medium,off,medium,False,True
1779496577.939811,3660,55.1505,1779496577.8846605,False,C4_lidar_medium,C4_lidar_medium,off,medium,False,True
1779496578.026786,3661,36.0148,1779496577.9907713,False,C4_lidar_medium,C4_lidar_medium,off,medium,False,True
1779496578.111823,3662,20.2258,1779496578.0915973,False,C4_lidar_medium,C4_lidar_medium,off,medium,False,True
1779496578.212476,3663,20.4649,1779496578.192011,False,C4_lidar_medium,C4_lidar_medium,off,medium,False,True
1779496578.3026216,3664,9.9611,1779496578.2926605,False,C4_lidar_medium,C4_lidar_medium,off,medium,False,True
1779496578.4090753,3665,15.8885,1779496578.3931868,False,C4_lidar_medium,C4_lidar_medium,off,medium,False,True
1779496578.504481,3666,10.7799,1779496578.4937012,False,C4_lidar_medium,C4_lidar_medium,off,medium,False,True
1779496578.6647258,3667,70.7574,1779496578.5939684,False,C4_lidar_medium,C4_lidar_medium,off,medium,False,True
1779496578.749034,3668,54.5104,1779496578.6945236,False,C4_lidar_medium,C4_lidar_medium,off,medium,False,True
1779496578.8337946,3669,38.9678,1779496578.7948267,False,C4_lidar_medium,C4_lidar_medium,off,medium,False,True
1779496578.910026,3670,14.8482,1779496578.8951778,False,C4_lidar_medium,C4_lidar_medium,off,medium,False,True
1779496579.0127456,3671,16.8796,1779496578.995866,False,C4_lidar_medium,C4_lidar_medium,off,medium,False,True
1779496579.1203554,3672,23.6156,1779496579.0967398,False,C4_lidar_medium,C4_lidar_medium,off,medium,False,True
1779496579.2142277,3673,16.5863,1779496579.1976414,False,C4_lidar_medium,C4_lidar_medium,off,medium,False,True
1779496579.3148863,3674,16.8471,1779496579.2980392,False,C4_lidar_medium,C4_lidar_medium,off,medium,False,True
1779496579.4163806,3675,17.7841,1779496579.3985965,False,C4_lidar_medium,C4_lidar_medium,off,medium,False,True
1779496579.5123198,3676,6.7904,1779496579.5055294,False,C4_lidar_medium,C4_lidar_medium,off,medium,False,True
1779496579.6269865,3677,4.9191,1779496579.6220675,False,C4_lidar_medium,C4_lidar_medium,off,medium,False,True
1779496579.7921183,3678,68.7783,1779496579.72334,False,C4_lidar_medium,C4_lidar_medium,off,medium,False,True
1779496579.8784423,3679,54.4541,1779496579.8239882,False,C4_lidar_medium,C4_lidar_medium,off,medium,False,True
1779496579.9633334,3680,39.258,1779496579.9240754,False,C4_lidar_medium,C4_lidar_medium,off,medium,False,True
1779496580.0523038,3681,27.9536,1779496580.0243502,False,C4_lidar_medium,C4_lidar_medium,off,medium,False,True
1779496580.1450222,3682,19.8596,1779496580.1251626,False,C4_lidar_medium,C4_lidar_medium,off,medium,False,True
1779496580.2427714,3683,17.0825,1779496580.225689,False,C4_lidar_medium,C4_lidar_medium,off,medium,False,True
1779496580.3335593,3684,7.405,1779496580.3261542,False,C4_lidar_medium,C4_lidar_medium,off,medium,False,True
1779496580.440074,3685,13.3471,1779496580.4267268,False,C4_lidar_medium,C4_lidar_medium,off,medium,False,True
1779496580.5330076,3686,6.0833,1779496580.5269244,False,C4_lidar_medium,C4_lidar_medium,off,medium,False,True
1779496580.6390026,3687,7.9565,1779496580.631046,False,C4_lidar_medium,C4_lidar_medium,off,medium,False,True
1779496580.7494504,3688,17.9236,1779496580.7315269,False,C4_lidar_medium,C4_lidar_medium,off,medium,False,True
1779496580.8415158,3689,9.7406,1779496580.8317752,False,C4_lidar_medium,C4_lidar_medium,off,medium,False,True
1779496580.952368,3690,20.1371,1779496580.932231,False,C4_lidar_medium,C4_lidar_medium,off,medium,False,True
1779496581.0459943,3691,12.9752,1779496581.033019,False,C4_lidar_medium,C4_lidar_medium,off,medium,False,True
1779496581.1537597,3692,20.2959,1779496581.1334639,False,C4_lidar_medium,C4_lidar_medium,off,medium,False,True
1779496581.2525299,3693,18.3702,1779496581.2341597,False,C4_lidar_medium,C4_lidar_medium,off,medium,False,True
1779496581.3425505,3694,7.9603,1779496581.3345902,False,C4_lidar_medium,C4_lidar_medium,off,medium,False,True
1779496581.4701905,3695,35.0888,1779496581.4351017,False,C4_lidar_medium,C4_lidar_medium,off,medium,False,True
1779496581.5583599,3696,22.7187,1779496581.5356412,False,C4_lidar_medium,C4_lidar_medium,off,medium,False,True
1779496581.6523092,3697,4.4825,1779496581.6478267,False,C4_lidar_medium,C4_lidar_medium,off,medium,False,True
1779496581.7674634,3698,4.6167,1779496581.7628467,False,C4_lidar_medium,C4_lidar_medium,off,medium,False,True
1779496581.8721929,3699,8.667,1779496581.8635259,False,C4_lidar_medium,C4_lidar_medium,off,medium,False,True
1779496582.020155,3700,55.7098,1779496581.964445,False,C4_lidar_medium,C4_lidar_medium,off,medium,False,True
1779496582.0897677,3701,24.1673,1779496582.0656004,False,C4_lidar_medium,C4_lidar_medium,off,medium,False,True
1779496582.1819332,3702,16.1924,1779496582.1657407,False,C4_lidar_medium,C4_lidar_medium,off,medium,False,True
1779496582.274533,3703,8.4081,1779496582.266125,False,C4_lidar_medium,C4_lidar_medium,off,medium,False,True
1779496582.4428184,3704,75.8767,1779496582.3669417,False,C4_lidar_medium,C4_lidar_medium,off,medium,False,True
1779496582.5283425,3705,60.416,1779496582.4679265,False,C4_lidar_medium,C4_lidar_medium,off,medium,False,True
1779496582.612058,3706,43.4344,1779496582.5686235,False,C4_lidar_medium,C4_lidar_medium,off,medium,False,True
1779496582.6823895,3707,13.1495,1779496582.66924,False,C4_lidar_medium,C4_lidar_medium,off,medium,False,True
1779496582.821949,3708,52.4411,1779496582.769508,False,C4_lidar_medium,C4_lidar_medium,off,medium,False,True
1779496582.90628,3709,36.4037,1779496582.8698764,False,C4_lidar_medium,C4_lidar_medium,off,medium,False,True
1779496582.9907277,3710,20.7553,1779496582.9699724,False,C4_lidar_medium,C4_lidar_medium,off,medium,False,True
1779496583.079849,3711,9.7425,1779496583.0701065,False,C4_lidar_medium,C4_lidar_medium,off,medium,False,True
1779496583.1871147,3712,16.5536,1779496583.170561,False,C4_lidar_medium,C4_lidar_medium,off,medium,False,True
1779496583.2778258,3713,7.1008,1779496583.270725,False,C4_lidar_medium,C4_lidar_medium,off,medium,False,True
1779496583.4429114,3714,71.6777,1779496583.3712337,False,C4_lidar_medium,C4_lidar_medium,off,medium,False,True
1779496583.52593,3715,53.7164,1779496583.4722135,False,C4_lidar_medium,C4_lidar_medium,off,medium,False,True
1779496583.602226,3716,29.5691,1779496583.5726569,False,C4_lidar_medium,C4_lidar_medium,off,medium,False,True
1779496583.6883254,3717,15.2271,1779496583.6730983,False,C4_lidar_medium,C4_lidar_medium,off,medium,False,True
1779496583.797022,3718,22.7935,1779496583.7742286,False,C4_lidar_medium,C4_lidar_medium,off,medium,False,True
1779496583.8947105,3719,19.655,1779496583.8750556,False,C4_lidar_medium,C4_lidar_medium,off,medium,False,True
1779496583.9938772,3720,18.276,1779496583.9756012,False,C4_lidar_medium,C4_lidar_medium,off,medium,False,True
1779496584.0874119,3721,10.8674,1779496584.0765445,False,C4_lidar_medium,C4_lidar_medium,off,medium,False,True
1779496584.196246,3722,19.1996,1779496584.1770463,False,C4_lidar_medium,C4_lidar_medium,off,medium,False,True
1779496584.293599,3723,16.1381,1779496584.2774608,False,C4_lidar_medium,C4_lidar_medium,off,medium,False,True
1779496584.4647489,3724,86.7047,1779496584.3780441,False,C4_lidar_medium,C4_lidar_medium,off,medium,False,True
1779496584.4975073,3725,18.5287,1779496584.4789786,False,C4_lidar_medium,C4_lidar_medium,off,medium,False,True
1779496584.5996382,3726,20.1616,1779496584.5794766,False,C4_lidar_medium,C4_lidar_medium,off,medium,False,True
1779496584.693241,3727,13.4718,1779496584.679769,False,C4_lidar_medium,C4_lidar_medium,off,medium,False,True
1779496584.7927864,3728,12.2986,1779496584.7804878,False,C4_lidar_medium,C4_lidar_medium,off,medium,False,True
1779496584.9020789,3729,21.1563,1779496584.8809226,False,C4_lidar_medium,C4_lidar_medium,off,medium,False,True
1779496584.9893022,3730,7.4229,1779496584.9818792,False,C4_lidar_medium,C4_lidar_medium,off,medium,False,True
1779496585.1047118,3731,21.9634,1779496585.0827484,False,C4_lidar_medium,C4_lidar_medium,off,medium,False,True
1779496585.1935744,3732,10.6356,1779496585.1829388,False,C4_lidar_medium,C4_lidar_medium,off,medium,False,True
1779496585.3458261,3733,62.4907,1779496585.2833354,False,C4_lidar_medium,C4_lidar_medium,off,medium,False,True
1779496585.3958504,3734,12.2707,1779496585.3835797,False,C4_lidar_medium,C4_lidar_medium,off,medium,False,True
1779496585.501861,3735,18.0376,1779496585.4838235,False,C4_lidar_medium,C4_lidar_medium,off,medium,False,True
1779496585.6008391,3736,16.6914,1779496585.5841477,False,C4_lidar_medium,C4_lidar_medium,off,medium,False,True
1779496585.6925893,3737,8.1635,1779496585.6844258,False,C4_lidar_medium,C4_lidar_medium,off,medium,False,True
1779496585.8549523,3738,70.0018,1779496585.7849505,False,C4_lidar_medium,C4_lidar_medium,off,medium,False,True
1779496585.9401639,3739,54.3449,1779496585.885819,False,C4_lidar_medium,C4_lidar_medium,off,medium,False,True
1779496586.0326107,3740,46.0532,1779496585.9865575,False,C4_lidar_medium,C4_lidar_medium,off,medium,False,True
1779496586.1079528,3741,21.1124,1779496586.0868404,False,C4_lidar_medium,C4_lidar_medium,off,medium,False,True
1779496586.2037823,3742,16.2277,1779496586.1875546,False,C4_lidar_medium,C4_lidar_medium,off,medium,False,True
1779496586.308831,3743,7.0848,1779496586.3017461,False,C4_lidar_medium,C4_lidar_medium,off,medium,False,True
1779496586.4147959,3744,4.5593,1779496586.4102366,False,C4_lidar_medium,C4_lidar_medium,off,medium,False,True
1779496586.5431075,3745,32.1398,1779496586.5109677,False,C4_lidar_medium,C4_lidar_medium,off,medium,False,True
1779496586.6324093,3746,20.8433,1779496586.611566,False,C4_lidar_medium,C4_lidar_medium,off,medium,False,True
1779496586.7317934,3747,19.6879,1779496586.7121055,False,C4_lidar_medium,C4_lidar_medium,off,medium,False,True
1779496586.8206391,3748,8.0476,1779496586.8125916,False,C4_lidar_medium,C4_lidar_medium,off,medium,False,True
1779496586.9201403,3749,5.0244,1779496586.9151158,False,C4_lidar_medium,C4_lidar_medium,off,medium,False,True
1779496587.0251517,3750,9.5489,1779496587.0156028,False,C4_lidar_medium,C4_lidar_medium,off,medium,False,True
1779496587.1300623,3751,14.2436,1779496587.1158187,False,C4_lidar_medium,C4_lidar_medium,off,medium,False,True
1779496587.235786,3752,19.3887,1779496587.2163973,False,C4_lidar_medium,C4_lidar_medium,off,medium,False,True
1779496587.3442264,3753,27.1184,1779496587.317108,False,C4_lidar_medium,C4_lidar_medium,off,medium,False,True
1779496587.4259229,3754,8.6844,1779496587.4172385,False,C4_lidar_medium,C4_lidar_medium,off,medium,False,True
1779496587.5845408,3755,66.6311,1779496587.5179098,False,C4_lidar_medium,C4_lidar_medium,off,medium,False,True
1779496587.6709783,3756,52.8224,1779496587.618156,False,C4_lidar_medium,C4_lidar_medium,off,medium,False,True
1779496587.7547202,3757,36.1347,1779496587.7185855,False,C4_lidar_medium,C4_lidar_medium,off,medium,False,True
1779496587.8381615,3758,19.3794,1779496587.818782,False,C4_lidar_medium,C4_lidar_medium,off,medium,False,True
1779496587.9247613,3759,4.5364,1779496587.920225,False,C4_lidar_medium,C4_lidar_medium,off,medium,False,True
1779496588.069414,3760,48.5773,1779496588.0208366,False,C4_lidar_medium,C4_lidar_medium,off,medium,False,True
1779496588.1869173,3761,65.8212,1779496588.1210961,False,C4_lidar_medium,C4_lidar_medium,off,medium,False,True
1779496588.2495606,3762,28.1773,1779496588.2213833,False,C4_lidar_medium,C4_lidar_medium,off,medium,False,True
1779496588.3478236,3763,25.7912,1779496588.3220325,False,C4_lidar_medium,C4_lidar_medium,off,medium,False,True
1779496588.4362085,3764,10.138,1779496588.4260705,False,C4_lidar_medium,C4_lidar_medium,off,medium,False,True
1779496588.5318894,3765,4.6077,1779496588.5272818,False,C4_lidar_medium,C4_lidar_medium,off,medium,False,True
1779496588.641118,3766,13.1395,1779496588.6279786,False,C4_lidar_medium,C4_lidar_medium,off,medium,False,True
1779496588.7463531,3767,17.5936,1779496588.7287595,False,C4_lidar_medium,C4_lidar_medium,off,medium,False,True
1779496588.8393002,3768,9.6524,1779496588.8296478,False,C4_lidar_medium,C4_lidar_medium,off,medium,False,True
1779496588.947665,3769,17.4062,1779496588.9302588,False,C4_lidar_medium,C4_lidar_medium,off,medium,False,True
1779496589.0422053,3770,11.2903,1779496589.030915,False,C4_lidar_medium,C4_lidar_medium,off,medium,False,True
1779496589.1504793,3771,19.0601,1779496589.1314192,False,C4_lidar_medium,C4_lidar_medium,off,medium,False,True
1779496589.2430007,3772,11.451,1779496589.2315497,False,C4_lidar_medium,C4_lidar_medium,off,medium,False,True
1779496589.351295,3773,19.0578,1779496589.3322372,False,C4_lidar_medium,C4_lidar_medium,off,medium,False,True
1779496589.4619722,3774,28.7831,1779496589.4331892,False,C4_lidar_medium,C4_lidar_medium,off,medium,False,True
1779496589.5603576,3775,26.5965,1779496589.533761,False,C4_lidar_medium,C4_lidar_medium,off,medium,False,True
1779496589.6427217,3776,8.6899,1779496589.6340318,False,C4_lidar_medium,C4_lidar_medium,off,medium,False,True
1779496589.756438,3777,21.5206,1779496589.7349174,False,C4_lidar_medium,C4_lidar_medium,off,medium,False,True
1779496589.8483572,3778,12.9423,1779496589.835415,False,C4_lidar_medium,C4_lidar_medium,off,medium,False,True
1779496589.9409208,3779,5.0902,1779496589.9358306,False,C4_lidar_medium,C4_lidar_medium,off,medium,False,True
1779496590.050474,3780,13.938,1779496590.036536,False,C4_lidar_medium,C4_lidar_medium,off,medium,False,True
1779496590.1570501,3781,19.9046,1779496590.1371455,False,C4_lidar_medium,C4_lidar_medium,off,medium,False,True
1779496590.250106,3782,12.5406,1779496590.2375655,False,C4_lidar_medium,C4_lidar_medium,off,medium,False,True
1779496590.345046,3783,7.0906,1779496590.3379555,False,C4_lidar_medium,C4_lidar_medium,off,medium,False,True
1779496590.4432542,3784,3.6049,1779496590.4396493,False,C4_lidar_medium,C4_lidar_medium,off,medium,False,True
1779496590.565391,3785,25.0666,1779496590.5403244,False,C4_lidar_medium,C4_lidar_medium,off,medium,False,True
1779496590.6513317,3786,10.6812,1779496590.6406505,False,C4_lidar_medium,C4_lidar_medium,off,medium,False,True
1779496590.7596889,3787,18.4536,1779496590.7412353,False,C4_lidar_medium,C4_lidar_medium,off,medium,False,True
1779496590.856377,3788,14.7083,1779496590.8416686,False,C4_lidar_medium,C4_lidar_medium,off,medium,False,True
1779496590.9482107,3789,4.5063,1779496590.9437044,False,C4_lidar_medium,C4_lidar_medium,off,medium,False,True
1779496591.0561247,3790,11.4841,1779496591.0446405,False,C4_lidar_medium,C4_lidar_medium,off,medium,False,True
1779496591.1657038,3791,20.4647,1779496591.145239,False,C4_lidar_medium,C4_lidar_medium,off,medium,False,True
1779496591.2620103,3792,15.9497,1779496591.2460606,False,C4_lidar_medium,C4_lidar_medium,off,medium,False,True
1779496591.3859727,3793,39.4497,1779496591.346523,False,C4_lidar_medium,C4_lidar_medium,off,medium,False,True
1779496591.486519,3794,39.3429,1779496591.4471762,False,C4_lidar_medium,C4_lidar_medium,off,medium,False,True
1779496591.5872977,3795,39.2461,1779496591.5480516,False,C4_lidar_medium,C4_lidar_medium,off,medium,False,True
1779496591.7025955,3796,53.8049,1779496591.6487906,False,C4_lidar_medium,C4_lidar_medium,off,medium,False,True
1779496591.7760851,3797,27.0512,1779496591.749034,False,C4_lidar_medium,C4_lidar_medium,off,medium,False,True
1779496591.8618393,3798,12.5377,1779496591.8493016,False,C4_lidar_medium,C4_lidar_medium,off,medium,False,True
1779496591.9601405,3799,5.3604,1779496591.95478,False,C4_lidar_medium,C4_lidar_medium,off,medium,False,True
1779496592.062226,3800,6.1002,1779496592.0561259,False,C4_lidar_medium,C4_lidar_medium,off,medium,False,True
1779496592.1747656,3801,17.6873,1779496592.1570783,False,C4_lidar_medium,C4_lidar_medium,off,medium,False,True
1779496592.2756917,3802,18.3082,1779496592.2573836,False,C4_lidar_medium,C4_lidar_medium,off,medium,False,True
1779496592.370501,3803,12.2104,1779496592.3582907,False,C4_lidar_medium,C4_lidar_medium,off,medium,False,True
1779496592.4767237,3804,17.8277,1779496592.458896,False,C4_lidar_medium,C4_lidar_medium,off,medium,False,True
1779496592.578621,3805,18.7912,1779496592.5598297,False,C4_lidar_medium,C4_lidar_medium,off,medium,False,True
1779496592.6827586,3806,22.789,1779496592.6599696,False,C4_lidar_medium,C4_lidar_medium,off,medium,False,True
1779496592.7747579,3807,14.1721,1779496592.7605858,False,C4_lidar_medium,C4_lidar_medium,off,medium,False,True
1779496592.8655462,3808,4.6237,1779496592.8609226,False,C4_lidar_medium,C4_lidar_medium,off,medium,False,True
1779496592.9757972,3809,14.4627,1779496592.9613345,False,C4_lidar_medium,C4_lidar_medium,off,medium,False,True
1779496593.0706666,3810,8.9848,1779496593.0616817,False,C4_lidar_medium,C4_lidar_medium,off,medium,False,True
1779496593.1791172,3811,17.1814,1779496593.1619358,False,C4_lidar_medium,C4_lidar_medium,off,medium,False,True
1779496593.283604,3812,21.2862,1779496593.2623177,False,C4_lidar_medium,C4_lidar_medium,off,medium,False,True
1779496593.3857007,3813,23.3028,1779496593.362398,False,C4_lidar_medium,C4_lidar_medium,off,medium,False,True
1779496593.479114,3814,8.0469,1779496593.4710672,False,C4_lidar_medium,C4_lidar_medium,off,medium,False,True
1779496593.5873957,3815,15.2941,1779496593.5721016,False,C4_lidar_medium,C4_lidar_medium,off,medium,False,True
1779496593.6930826,3816,20.8235,1779496593.672259,False,C4_lidar_medium,C4_lidar_medium,off,medium,False,True
1779496593.7851684,3817,12.3389,1779496593.7728295,False,C4_lidar_medium,C4_lidar_medium,off,medium,False,True
1779496593.9144328,3818,41.1131,1779496593.8733196,False,C4_lidar_medium,C4_lidar_medium,off,medium,False,True
1779496594.045892,3819,71.7077,1779496593.9741843,False,C4_lidar_medium,C4_lidar_medium,off,medium,False,True
1779496594.1498604,3820,75.2125,1779496594.074648,False,C4_lidar_medium,C4_lidar_medium,off,medium,False,True
1779496594.2513523,3821,76.1147,1779496594.1752377,False,C4_lidar_medium,C4_lidar_medium,off,medium,False,True
1779496594.3534966,3822,77.888,1779496594.2756085,False,C4_lidar_medium,C4_lidar_medium,off,medium,False,True
1779496594.4395382,3823,63.1256,1779496594.3764126,False,C4_lidar_medium,C4_lidar_medium,off,medium,False,True
1779496594.525798,3824,39.8571,1779496594.485941,False,C4_lidar_medium,C4_lidar_medium,off,medium,False,True
1779496594.609418,3825,14.5457,1779496594.5948722,False,C4_lidar_medium,C4_lidar_medium,off,medium,False,True
1779496594.7215898,3826,25.6746,1779496594.6959152,False,C4_lidar_medium,C4_lidar_medium,off,medium,False,True
1779496594.8123128,3827,16.0041,1779496594.7963088,False,C4_lidar_medium,C4_lidar_medium,off,medium,False,True
1779496594.9081225,3828,11.2851,1779496594.8968375,False,C4_lidar_medium,C4_lidar_medium,off,medium,False,True
1779496595.0150213,3829,17.8332,1779496594.997188,False,C4_lidar_medium,C4_lidar_medium,off,medium,False,True
1779496595.123772,3830,8.2631,1779496595.1155088,False,C4_lidar_medium,C4_lidar_medium,off,medium,False,True
1779496595.2296126,3831,6.4268,1779496595.2231858,False,C4_lidar_medium,C4_lidar_medium,off,medium,False,True
1779496595.341121,3832,16.9621,1779496595.324159,False,C4_lidar_medium,C4_lidar_medium,off,medium,False,True
1779496595.438669,3833,13.7496,1779496595.4249194,False,C4_lidar_medium,C4_lidar_medium,off,medium,False,True
1779496595.5486202,3834,23.1955,1779496595.5254247,False,C4_lidar_medium,C4_lidar_medium,off,medium,False,True
1779496595.6382053,3835,12.0013,1779496595.626204,False,C4_lidar_medium,C4_lidar_medium,off,medium,False,True
1779496595.73369,3836,5.199,1779496595.728491,False,C4_lidar_medium,C4_lidar_medium,off,medium,False,True
1779496595.8418329,3837,12.517,1779496595.829316,False,C4_lidar_medium,C4_lidar_medium,off,medium,False,True
1779496595.933746,3838,3.6228,1779496595.9301233,False,C4_lidar_medium,C4_lidar_medium,off,medium,False,True
1779496596.0423455,3839,11.5485,1779496596.030797,False,C4_lidar_medium,C4_lidar_medium,off,medium,False,True
1779496596.1510756,3840,20.0207,1779496596.1310549,False,C4_lidar_medium,C4_lidar_medium,off,medium,False,True
1779496596.2494924,3841,4.5412,1779496596.2449512,False,C4_lidar_medium,C4_lidar_medium,off,medium,False,True
1779496596.3623528,3842,16.0239,1779496596.346329,False,C4_lidar_medium,C4_lidar_medium,off,medium,False,True
1779496596.4635427,3843,16.139,1779496596.4474037,False,C4_lidar_medium,C4_lidar_medium,off,medium,False,True
1779496596.5564594,3844,8.7588,1779496596.5477006,False,C4_lidar_medium,C4_lidar_medium,off,medium,False,True
1779496596.660535,3845,12.2523,1779496596.6482828,False,C4_lidar_medium,C4_lidar_medium,off,medium,False,True
1779496596.7647755,3846,6.3536,1779496596.758422,False,C4_lidar_medium,C4_lidar_medium,off,medium,False,True
1779496596.8705308,3847,5.0454,1779496596.8654854,False,C4_lidar_medium,C4_lidar_medium,off,medium,False,True
1779496596.9750762,3848,8.924,1779496596.9661522,False,C4_lidar_medium,C4_lidar_medium,off,medium,False,True
1779496597.1035357,3849,36.9725,1779496597.0665631,False,C4_lidar_medium,C4_lidar_medium,off,medium,False,True
1779496597.1857855,3850,18.6827,1779496597.1671028,False,C4_lidar_medium,C4_lidar_medium,off,medium,False,True
1779496597.2827485,3851,15.4235,1779496597.267325,False,C4_lidar_medium,C4_lidar_medium,off,medium,False,True
1779496597.3967576,3852,5.523,1779496597.3912346,False,C4_lidar_medium,C4_lidar_medium,off,medium,False,True
1779496597.5061953,3853,4.2672,1779496597.501928,False,C4_lidar_medium,C4_lidar_medium,off,medium,False,True
1779496597.6083195,3854,5.0898,1779496597.6032298,False,C4_lidar_medium,C4_lidar_medium,off,medium,False,True
1779496597.7164667,3855,12.7313,1779496597.7037354,False,C4_lidar_medium,C4_lidar_medium,off,medium,False,True
1779496597.8096502,3856,5.6162,1779496597.804034,False,C4_lidar_medium,C4_lidar_medium,off,medium,False,True
1779496597.918834,3857,13.8187,1779496597.9050152,False,C4_lidar_medium,C4_lidar_medium,off,medium,False,True
1779496598.026183,3858,20.7484,1779496598.0054345,False,C4_lidar_medium,C4_lidar_medium,off,medium,False,True
1779496598.1238966,3859,17.9987,1779496598.105898,False,C4_lidar_medium,C4_lidar_medium,off,medium,False,True
1779496598.2276642,3860,20.4716,1779496598.2071927,False,C4_lidar_medium,C4_lidar_medium,off,medium,False,True
1779496598.3179338,3861,10.6246,1779496598.3073092,False,C4_lidar_medium,C4_lidar_medium,off,medium,False,True
1779496598.413622,3862,5.5141,1779496598.4081078,False,C4_lidar_medium,C4_lidar_medium,off,medium,False,True
1779496598.5205762,3863,11.9054,1779496598.5086708,False,C4_lidar_medium,C4_lidar_medium,off,medium,False,True
1779496598.6901662,3864,81.1012,1779496598.609065,False,C4_lidar_medium,C4_lidar_medium,off,medium,False,True
1779496598.7563658,3865,46.428,1779496598.7099378,False,C4_lidar_medium,C4_lidar_medium,off,medium,False,True
1779496598.8409688,3866,30.5066,1779496598.8104622,False,C4_lidar_medium,C4_lidar_medium,off,medium,False,True
1779496598.9296696,3867,18.9245,1779496598.9107451,False,C4_lidar_medium,C4_lidar_medium,off,medium,False,True
1779496599.0340576,3868,22.7063,1779496599.0113513,False,C4_lidar_medium,C4_lidar_medium,off,medium,False,True
1779496599.147456,3869,35.7087,1779496599.1117473,False,C4_lidar_medium,C4_lidar_medium,off,medium,False,True
1779496599.2232554,3870,10.7439,1779496599.2125115,False,C4_lidar_medium,C4_lidar_medium,off,medium,False,True
1779496599.328761,3871,15.7707,1779496599.3129904,False,C4_lidar_medium,C4_lidar_medium,off,medium,False,True
1779496599.4295228,3872,16.3157,1779496599.413207,False,C4_lidar_medium,C4_lidar_medium,off,medium,False,True
1779496599.5340538,3873,20.0021,1779496599.5140517,False,C4_lidar_medium,C4_lidar_medium,off,medium,False,True
1779496599.6335795,3874,19.2411,1779496599.6143384,False,C4_lidar_medium,C4_lidar_medium,off,medium,False,True
1779496599.7369058,3875,22.0098,1779496599.714896,False,C4_lidar_medium,C4_lidar_medium,off,medium,False,True
1779496599.8276947,3876,12.2433,1779496599.8154514,False,C4_lidar_medium,C4_lidar_medium,off,medium,False,True
1779496599.9200437,3877,4.4236,1779496599.91562,False,C4_lidar_medium,C4_lidar_medium,off,medium,False,True
1779496600.071774,3878,55.3212,1779496600.0164528,False,C4_lidar_medium,C4_lidar_medium,off,medium,False,True
1779496600.154726,3879,37.6718,1779496600.1170542,False,C4_lidar_medium,C4_lidar_medium,off,medium,False,True
1779496600.238179,3880,20.421,1779496600.217758,False,C4_lidar_medium,C4_lidar_medium,off,medium,False,True
1779496600.3261554,3881,8.2157,1779496600.3179398,False,C4_lidar_medium,C4_lidar_medium,off,medium,False,True
1779496600.4417243,3882,23.4094,1779496600.418315,False,C4_lidar_medium,C4_lidar_medium,off,medium,False,True
1779496600.5349736,3883,16.2668,1779496600.5187068,False,C4_lidar_medium,C4_lidar_medium,off,medium,False,True
1779496600.6316202,3884,12.6109,1779496600.6190093,False,C4_lidar_medium,C4_lidar_medium,off,medium,False,True
1779496600.7835155,3885,64.1706,1779496600.7193449,False,C4_lidar_medium,C4_lidar_medium,off,medium,False,True
1779496600.8678555,3886,47.6296,1779496600.820226,False,C4_lidar_medium,C4_lidar_medium,off,medium,False,True
1779496600.9549263,3887,34.457,1779496600.9204693,False,C4_lidar_medium,C4_lidar_medium,off,medium,False,True
1779496601.0403857,3888,14.8797,1779496601.025506,False,C4_lidar_medium,C4_lidar_medium,off,medium,False,True
1779496601.1935508,3889,67.2891,1779496601.1262617,False,C4_lidar_medium,C4_lidar_medium,off,medium,False,True
1779496601.283031,3890,56.5879,1779496601.226443,False,C4_lidar_medium,C4_lidar_medium,off,medium,False,True
1779496601.3678854,3891,41.2965,1779496601.3265889,False,C4_lidar_medium,C4_lidar_medium,off,medium,False,True
1779496601.451449,3892,24.3361,1779496601.4271128,False,C4_lidar_medium,C4_lidar_medium,off,medium,False,True
1779496601.536073,3893,8.6772,1779496601.5273957,False,C4_lidar_medium,C4_lidar_medium,off,medium,False,True
1779496601.7051451,3894,77.4643,1779496601.6276808,False,C4_lidar_medium,C4_lidar_medium,off,medium,False,True
1779496601.788679,3895,60.1289,1779496601.72855,False,C4_lidar_medium,C4_lidar_medium,off,medium,False,True
1779496601.8784518,3896,48.775,1779496601.8296769,False,C4_lidar_medium,C4_lidar_medium,off,medium,False,True
1779496601.9621863,3897,32.0156,1779496601.9301708,False,C4_lidar_medium,C4_lidar_medium,off,medium,False,True
1779496602.0530179,3898,22.4817,1779496602.0305362,False,C4_lidar_medium,C4_lidar_medium,off,medium,False,True
1779496602.1515265,3899,20.1943,1779496602.1313322,False,C4_lidar_medium,C4_lidar_medium,off,medium,False,True
1779496602.2597158,3900,28.0237,1779496602.231692,False,C4_lidar_medium,C4_lidar_medium,off,medium,False,True
1779496602.3561487,3901,23.9415,1779496602.3322072,False,C4_lidar_medium,C4_lidar_medium,off,medium,False,True
1779496602.4523304,3902,19.6357,1779496602.4326947,False,C4_lidar_medium,C4_lidar_medium,off,medium,False,True
1779496602.5571845,3903,24.0128,1779496602.5331717,False,C4_lidar_medium,C4_lidar_medium,off,medium,False,True
1779496602.6588378,3904,25.439,1779496602.6333988,False,C4_lidar_medium,C4_lidar_medium,off,medium,False,True
1779496602.7522295,3905,18.3568,1779496602.7338727,False,C4_lidar_medium,C4_lidar_medium,off,medium,False,True
1779496602.849105,3906,14.7204,1779496602.8343844,False,C4_lidar_medium,C4_lidar_medium,off,medium,False,True
1779496602.9491713,3907,14.1304,1779496602.935041,False,C4_lidar_medium,C4_lidar_medium,off,medium,False,True
1779496603.0576692,3908,22.3806,1779496603.0352886,False,C4_lidar_medium,C4_lidar_medium,off,medium,False,True
1779496603.1572433,3909,21.6243,1779496603.135619,False,C4_lidar_medium,C4_lidar_medium,off,medium,False,True
1779496603.2419777,3910,6.0892,1779496603.2358885,False,C4_lidar_medium,C4_lidar_medium,off,medium,False,True
1779496603.3494132,3911,13.1929,1779496603.3362203,False,C4_lidar_medium,C4_lidar_medium,off,medium,False,True
1779496603.4573147,3912,20.8592,1779496603.4364555,False,C4_lidar_medium,C4_lidar_medium,off,medium,False,True
1779496603.5641823,3913,27.1456,1779496603.5370367,False,C4_lidar_medium,C4_lidar_medium,off,medium,False,True
1779496603.675987,3914,38.3694,1779496603.6376176,False,C4_lidar_medium,C4_lidar_medium,off,medium,False,True
1779496603.747435,3915,9.6257,1779496603.7378094,False,C4_lidar_medium,C4_lidar_medium,off,medium,False,True
1779496603.8568943,3916,18.6255,1779496603.8382688,False,C4_lidar_medium,C4_lidar_medium,off,medium,False,True
1779496603.951259,3917,12.6715,1779496603.9385874,False,C4_lidar_medium,C4_lidar_medium,off,medium,False,True
1779496604.046433,3918,7.1776,1779496604.0392554,False,C4_lidar_medium,C4_lidar_medium,off,medium,False,True
1779496604.152512,3919,12.6607,1779496604.1398513,False,C4_lidar_medium,C4_lidar_medium,off,medium,False,True
1779496604.260607,3920,19.9475,1779496604.2406595,False,C4_lidar_medium,C4_lidar_medium,off,medium,False,True
1779496604.3538682,3921,12.8288,1779496604.3410394,False,C4_lidar_medium,C4_lidar_medium,off,medium,False,True
1779496604.4645371,3922,23.0763,1779496604.4414608,False,C4_lidar_medium,C4_lidar_medium,off,medium,False,True
1779496604.5472238,3923,5.4753,1779496604.5417485,False,C4_lidar_medium,C4_lidar_medium,off,medium,False,True
1779496604.6969907,3924,53.5655,1779496604.6434252,False,C4_lidar_medium,C4_lidar_medium,off,medium,False,True
1779496604.7820067,3925,38.0521,1779496604.7439547,False,C4_lidar_medium,C4_lidar_medium,off,medium,False,True
1779496604.8672404,3926,22.8603,1779496604.8443801,False,C4_lidar_medium,C4_lidar_medium,off,medium,False,True
1779496604.958251,3927,13.2809,1779496604.9449701,False,C4_lidar_medium,C4_lidar_medium,off,medium,False,True
1779496605.0632439,3928,14.5102,1779496605.0487337,False,C4_lidar_medium,C4_lidar_medium,off,medium,False,True
1779496605.1584141,3929,9.2289,1779496605.1491852,False,C4_lidar_medium,C4_lidar_medium,off,medium,False,True
1779496605.2673597,3930,17.8995,1779496605.2494602,False,C4_lidar_medium,C4_lidar_medium,off,medium,False,True
1779496605.36068,3931,10.8421,1779496605.349838,False,C4_lidar_medium,C4_lidar_medium,off,medium,False,True
1779496605.4718184,3932,21.0419,1779496605.4507766,False,C4_lidar_medium,C4_lidar_medium,off,medium,False,True
1779496605.5605156,3933,7.616,1779496605.5528996,False,C4_lidar_medium,C4_lidar_medium,off,medium,False,True
1779496605.7230053,3934,68.8176,1779496605.6541877,False,C4_lidar_medium,C4_lidar_medium,off,medium,False,True
1779496605.8099763,3935,55.6192,1779496605.754357,False,C4_lidar_medium,C4_lidar_medium,off,medium,False,True
1779496605.89717,3936,42.4888,1779496605.8546813,False,C4_lidar_medium,C4_lidar_medium,off,medium,False,True
1779496605.9821386,3937,26.8664,1779496605.9552722,False,C4_lidar_medium,C4_lidar_medium,off,medium,False,True
1779496606.0731285,3938,4.5638,1779496606.0685647,False,C4_lidar_medium,C4_lidar_medium,off,medium,False,True
1779496606.190904,3939,21.4748,1779496606.169429,False,C4_lidar_medium,C4_lidar_medium,off,medium,False,True
1779496606.306755,3940,36.9823,1779496606.2697728,False,C4_lidar_medium,C4_lidar_medium,off,medium,False,True
1779496606.389159,3941,18.9981,1779496606.3701608,False,C4_lidar_medium,C4_lidar_medium,off,medium,False,True
1779496606.4842188,3942,13.5603,1779496606.4706585,False,C4_lidar_medium,C4_lidar_medium,off,medium,False,True
1779496606.5923274,3943,20.8609,1779496606.5714664,False,C4_lidar_medium,C4_lidar_medium,off,medium,False,True
1779496606.7529306,3944,80.7922,1779496606.6721385,False,C4_lidar_medium,C4_lidar_medium,off,medium,False,True
1779496606.778788,3945,5.8806,1779496606.7729075,False,C4_lidar_medium,C4_lidar_medium,off,medium,False,True
1779496606.8891282,3946,16.0735,1779496606.8730547,False,C4_lidar_medium,C4_lidar_medium,off,medium,False,True
1779496607.0244005,3947,50.9427,1779496606.9734578,False,C4_lidar_medium,C4_lidar_medium,off,medium,False,True
1779496607.0899787,3948,16.1338,1779496607.073845,False,C4_lidar_medium,C4_lidar_medium,off,medium,False,True
1779496607.194527,3949,20.2916,1779496607.1742353,False,C4_lidar_medium,C4_lidar_medium,off,medium,False,True
1779496607.2914941,3950,17.1266,1779496607.2743676,False,C4_lidar_medium,C4_lidar_medium,off,medium,False,True
1779496607.3858893,3951,11.1747,1779496607.3747146,False,C4_lidar_medium,C4_lidar_medium,off,medium,False,True
1779496607.4960604,3952,21.0056,1779496607.4750547,False,C4_lidar_medium,C4_lidar_medium,off,medium,False,True
1779496607.5884135,3953,12.9304,1779496607.575483,False,C4_lidar_medium,C4_lidar_medium,off,medium,False,True
1779496607.7124655,3954,36.4363,1779496607.6760292,False,C4_lidar_medium,C4_lidar_medium,off,medium,False,True
1779496607.7888787,3955,12.4471,1779496607.7764316,False,C4_lidar_medium,C4_lidar_medium,off,medium,False,True
1779496607.883279,3956,6.3636,1779496607.8769155,False,C4_lidar_medium,C4_lidar_medium,off,medium,False,True
1779496607.991957,3957,14.1575,1779496607.9777994,False,C4_lidar_medium,C4_lidar_medium,off,medium,False,True
1779496608.0869362,3958,8.6458,1779496608.0782905,False,C4_lidar_medium,C4_lidar_medium,off,medium,False,True
1779496608.2006335,3959,21.3938,1779496608.1792397,False,C4_lidar_medium,C4_lidar_medium,off,medium,False,True
1779496608.2910428,3960,11.2898,1779496608.279753,False,C4_lidar_medium,C4_lidar_medium,off,medium,False,True
1779496608.3975408,3961,17.5705,1779496608.3799703,False,C4_lidar_medium,C4_lidar_medium,off,medium,False,True
1779496608.4885209,3962,8.0664,1779496608.4804544,False,C4_lidar_medium,C4_lidar_medium,off,medium,False,True
1779496608.5941138,3963,13.3834,1779496608.5807304,False,C4_lidar_medium,C4_lidar_medium,off,medium,False,True
1779496608.6896808,3964,8.2252,1779496608.6814556,False,C4_lidar_medium,C4_lidar_medium,off,medium,False,True
1779496608.796131,3965,14.1587,1779496608.7819722,False,C4_lidar_medium,C4_lidar_medium,off,medium,False,True
1779496608.889204,3966,6.3961,1779496608.882808,False,C4_lidar_medium,C4_lidar_medium,off,medium,False,True
1779496608.999876,3967,16.2587,1779496608.9836173,False,C4_lidar_medium,C4_lidar_medium,off,medium,False,True
1779496609.1271803,3968,42.9056,1779496609.0842748,False,C4_lidar_medium,C4_lidar_medium,off,medium,False,True
1779496609.220368,3969,35.7924,1779496609.1845756,False,C4_lidar_medium,C4_lidar_medium,off,medium,False,True
1779496609.3043017,3970,19.4776,1779496609.2848241,False,C4_lidar_medium,C4_lidar_medium,off,medium,False,True
1779496609.409913,3971,24.3895,1779496609.3855236,False,C4_lidar_medium,C4_lidar_medium,off,medium,False,True
1779496609.5124946,3972,26.401,1779496609.4860935,False,C4_lidar_medium,C4_lidar_medium,off,medium,False,True
1779496609.61391,3973,27.2379,1779496609.586672,False,C4_lidar_medium,C4_lidar_medium,off,medium,False,True
1779496609.705151,3974,17.5338,1779496609.6876173,False,C4_lidar_medium,C4_lidar_medium,off,medium,False,True
1779496609.8090415,3975,21.0032,1779496609.7880383,False,C4_lidar_medium,C4_lidar_medium,off,medium,False,True
1779496609.9033356,3976,14.8036,1779496609.888532,False,C4_lidar_medium,C4_lidar_medium,off,medium,False,True
1779496610.0086045,3977,19.8293,1779496609.9887753,False,C4_lidar_medium,C4_lidar_medium,off,medium,False,True
1779496610.104033,3978,14.5676,1779496610.0894654,False,C4_lidar_medium,C4_lidar_medium,off,medium,False,True
1779496610.2137704,3979,24.1227,1779496610.1896477,False,C4_lidar_medium,C4_lidar_medium,off,medium,False,True
1779496610.3025663,3980,12.007,1779496610.2905593,False,C4_lidar_medium,C4_lidar_medium,off,medium,False,True
1779496610.3998377,3981,9.0542,1779496610.3907835,False,C4_lidar_medium,C4_lidar_medium,off,medium,False,True
1779496610.505451,3982,14.5073,1779496610.4909437,False,C4_lidar_medium,C4_lidar_medium,off,medium,False,True
1779496610.5963702,3983,4.976,1779496610.5913942,False,C4_lidar_medium,C4_lidar_medium,off,medium,False,True
1779496610.7119467,3984,20.1819,1779496610.6917648,False,C4_lidar_medium,C4_lidar_medium,off,medium,False,True
1779496610.8008704,3985,8.6241,1779496610.7922463,False,C4_lidar_medium,C4_lidar_medium,off,medium,False,True
1779496610.9112482,3986,18.7385,1779496610.8925097,False,C4_lidar_medium,C4_lidar_medium,off,medium,False,True
1779496611.0025365,3987,9.5809,1779496610.9929557,False,C4_lidar_medium,C4_lidar_medium,off,medium,False,True
1779496611.1128435,3988,19.4573,1779496611.0933862,False,C4_lidar_medium,C4_lidar_medium,off,medium,False,True
1779496611.240155,3989,46.6411,1779496611.1935139,False,C4_lidar_medium,C4_lidar_medium,off,medium,False,True
1779496611.3094666,3990,15.4865,1779496611.2939801,False,C4_lidar_medium,C4_lidar_medium,off,medium,False,True
1779496611.4049425,3991,10.3154,1779496611.394627,False,C4_lidar_medium,C4_lidar_medium,off,medium,False,True
1779496611.5185397,3992,23.2162,1779496611.4953234,False,C4_lidar_medium,C4_lidar_medium,off,medium,False,True
1779496611.620093,3993,24.0042,1779496611.596089,False,C4_lidar_medium,C4_lidar_medium,off,medium,False,True
1779496611.7190056,3994,22.6545,1779496611.696351,False,C4_lidar_medium,C4_lidar_medium,off,medium,False,True
1779496611.807101,3995,9.9218,1779496611.7971792,False,C4_lidar_medium,C4_lidar_medium,off,medium,False,True
1779496611.9144564,3996,16.7875,1779496611.8976688,False,C4_lidar_medium,C4_lidar_medium,off,medium,False,True
1779496612.0089324,3997,10.6645,1779496611.998268,False,C4_lidar_medium,C4_lidar_medium,off,medium,False,True
1779496612.1060271,3998,7.5979,1779496612.0984292,False,C4_lidar_medium,C4_lidar_medium,off,medium,False,True
1779496612.2094314,3999,10.3552,1779496612.1990762,False,C4_lidar_medium,C4_lidar_medium,off,medium,False,True
1779496612.318781,4000,19.417,1779496612.2993639,False,C4_lidar_medium,C4_lidar_medium,off,medium,False,True
1779496612.409362,4001,9.8231,1779496612.399539,False,C4_lidar_medium,C4_lidar_medium,off,medium,False,True
1779496612.5190287,4002,18.6815,1779496612.5003471,False,C4_lidar_medium,C4_lidar_medium,off,medium,False,True
1779496612.605376,4003,4.7541,1779496612.600622,False,C4_lidar_medium,C4_lidar_medium,off,medium,False,True
1779496612.7057002,4004,4.7879,1779496612.7009122,False,C4_lidar_medium,C4_lidar_medium,off,medium,False,True
1779496612.8259292,4005,24.6165,1779496612.8013127,False,C4_lidar_medium,C4_lidar_medium,off,medium,False,True
1779496612.9084234,4006,6.5837,1779496612.9018397,False,C4_lidar_medium,C4_lidar_medium,off,medium,False,True
1779496613.0150843,4007,12.7909,1779496613.0022933,False,C4_lidar_medium,C4_lidar_medium,off,medium,False,True
1779496613.111824,4008,7.8952,1779496613.1039288,False,C4_lidar_medium,C4_lidar_medium,off,medium,False,True
1779496613.2185013,4009,14.0259,1779496613.2044754,False,C4_lidar_medium,C4_lidar_medium,off,medium,False,True
1779496613.3644896,4010,59.7844,1779496613.3047051,False,C4_lidar_medium,C4_lidar_medium,off,medium,False,True
1779496613.50885,4011,103.8146,1779496613.4050355,False,C4_lidar_medium,C4_lidar_medium,off,medium,False,True
1779496613.512033,4012,6.7663,1779496613.5052667,False,C4_lidar_medium,C4_lidar_medium,off,medium,False,True
1779496613.614447,4013,8.0028,1779496613.6064444,False,C4_lidar_medium,C4_lidar_medium,off,medium,False,True
1779496613.7176027,4014,10.3946,1779496613.7072082,False,C4_lidar_medium,C4_lidar_medium,off,medium,False,True
1779496613.8255742,4015,17.9663,1779496613.807608,False,C4_lidar_medium,C4_lidar_medium,off,medium,False,True
1779496613.9210224,4016,12.8613,1779496613.9081612,False,C4_lidar_medium,C4_lidar_medium,off,medium,False,True
1779496614.0248873,4017,16.52,1779496614.0083673,False,C4_lidar_medium,C4_lidar_medium,off,medium,False,True
1779496614.1152604,4018,6.2771,1779496614.1089833,False,C4_lidar_medium,C4_lidar_medium,off,medium,False,True
1779496614.2356675,4019,25.3379,1779496614.2103295,False,C4_lidar_medium,C4_lidar_medium,off,medium,False,True
1779496614.3261912,4020,15.5509,1779496614.3106403,False,C4_lidar_medium,C4_lidar_medium,off,medium,False,True
1779496614.4177573,4021,6.1698,1779496614.4115875,False,C4_lidar_medium,C4_lidar_medium,off,medium,False,True
1779496614.5305316,4022,18.0583,1779496614.5124733,False,C4_lidar_medium,C4_lidar_medium,off,medium,False,True
1779496614.6390626,4023,22.3477,1779496614.616715,False,C4_lidar_medium,C4_lidar_medium,off,medium,False,True
1779496614.7408743,4024,23.2253,1779496614.717649,False,C4_lidar_medium,C4_lidar_medium,off,medium,False,True
1779496614.827749,4025,9.5959,1779496614.8181531,False,C4_lidar_medium,C4_lidar_medium,off,medium,False,True
1779496614.9342263,4026,15.6286,1779496614.9185977,False,C4_lidar_medium,C4_lidar_medium,off,medium,False,True
1779496615.0265086,4027,7.5316,1779496615.018977,False,C4_lidar_medium,C4_lidar_medium,off,medium,False,True
1779496615.147793,4028,28.6155,1779496615.1191776,False,C4_lidar_medium,C4_lidar_medium,off,medium,False,True
1779496615.2488794,4029,29.2077,1779496615.2196717,False,C4_lidar_medium,C4_lidar_medium,off,medium,False,True
1779496615.3457596,4030,25.7299,1779496615.3200297,False,C4_lidar_medium,C4_lidar_medium,off,medium,False,True
1779496615.4312115,4031,10.6308,1779496615.4205806,False,C4_lidar_medium,C4_lidar_medium,off,medium,False,True
1779496615.5363364,4032,14.5431,1779496615.5217934,False,C4_lidar_medium,C4_lidar_medium,off,medium,False,True
1779496615.6529534,4033,29.362,1779496615.6235914,False,C4_lidar_medium,C4_lidar_medium,off,medium,False,True
1779496615.7481723,4034,23.2959,1779496615.7248764,False,C4_lidar_medium,C4_lidar_medium,off,medium,False,True
1779496615.835058,4035,10.004,1779496615.825054,False,C4_lidar_medium,C4_lidar_medium,off,medium,False,True
1779496615.9408777,4036,14.9543,1779496615.9259233,False,C4_lidar_medium,C4_lidar_medium,off,medium,False,True
1779496616.034922,4037,8.7776,1779496616.0261443,False,C4_lidar_medium,C4_lidar_medium,off,medium,False,True
1779496616.135183,4038,8.1837,1779496616.1269994,False,C4_lidar_medium,C4_lidar_medium,off,medium,False,True
1779496616.3008869,4039,73.1719,1779496616.227715,False,C4_lidar_medium,C4_lidar_medium,off,medium,False,True
1779496616.3360627,4040,7.9045,1779496616.3281581,False,C4_lidar_medium,C4_lidar_medium,off,medium,False,True
1779496616.4433236,4041,14.4207,1779496616.4289029,False,C4_lidar_medium,C4_lidar_medium,off,medium,False,True
1779496616.5369399,4042,7.4153,1779496616.5295246,False,C4_lidar_medium,C4_lidar_medium,off,medium,False,True
1779496616.6357794,4043,5.7926,1779496616.6299868,False,C4_lidar_medium,C4_lidar_medium,off,medium,False,True
1779496616.7594535,4044,28.8758,1779496616.7305777,False,C4_lidar_medium,C4_lidar_medium,off,medium,False,True
1779496616.8522537,4045,20.9076,1779496616.831346,False,C4_lidar_medium,C4_lidar_medium,off,medium,False,True
1779496616.9482937,4046,16.1064,1779496616.9321873,False,C4_lidar_medium,C4_lidar_medium,off,medium,False,True
1779496617.0539165,4047,21.0526,1779496617.0328639,False,C4_lidar_medium,C4_lidar_medium,off,medium,False,True
1779496617.1469746,4048,13.0477,1779496617.1339269,False,C4_lidar_medium,C4_lidar_medium,off,medium,False,True
1779496617.2635686,4049,29.1715,1779496617.2343972,False,C4_lidar_medium,C4_lidar_medium,off,medium,False,True
1779496617.352427,4050,16.8839,1779496617.3355432,False,C4_lidar_medium,C4_lidar_medium,off,medium,False,True
1779496617.4464784,4051,10.3571,1779496617.4361212,False,C4_lidar_medium,C4_lidar_medium,off,medium,False,True
1779496617.5514085,4052,14.4973,1779496617.5369112,False,C4_lidar_medium,C4_lidar_medium,off,medium,False,True
1779496617.6464202,4053,9.2745,1779496617.6371458,False,C4_lidar_medium,C4_lidar_medium,off,medium,False,True
1779496617.7616935,4054,23.9291,1779496617.7377644,False,C4_lidar_medium,C4_lidar_medium,off,medium,False,True
1779496617.8525326,4055,13.8848,1779496617.8386478,False,C4_lidar_medium,C4_lidar_medium,off,medium,False,True
1779496617.9603777,4056,20.8459,1779496617.9395318,False,C4_lidar_medium,C4_lidar_medium,off,medium,False,True
1779496618.0552921,4057,15.0371,1779496618.040255,False,C4_lidar_medium,C4_lidar_medium,off,medium,False,True
1779496618.1469288,4058,6.366,1779496618.1405628,False,C4_lidar_medium,C4_lidar_medium,off,medium,False,True
1779496618.3001342,4059,59.3171,1779496618.240817,False,C4_lidar_medium,C4_lidar_medium,off,medium,False,True
1779496618.400689,4060,59.2227,1779496618.3414662,False,C4_lidar_medium,C4_lidar_medium,off,medium,False,True
1779496618.4754984,4061,33.2572,1779496618.4422412,False,C4_lidar_medium,C4_lidar_medium,off,medium,False,True
1779496618.5629387,4062,20.0114,1779496618.5429273,False,C4_lidar_medium,C4_lidar_medium,off,medium,False,True
1779496618.6588855,4063,6.1193,1779496618.6527662,False,C4_lidar_medium,C4_lidar_medium,off,medium,False,True
1779496618.8096266,4064,55.7806,1779496618.753846,False,C4_lidar_medium,C4_lidar_medium,off,medium,False,True
1779496618.90549,4065,51.0404,1779496618.8544495,False,C4_lidar_medium,C4_lidar_medium,off,medium,False,True
1779496618.9791389,4066,23.9205,1779496618.9552183,False,C4_lidar_medium,C4_lidar_medium,off,medium,False,True
1779496619.0780778,4067,22.5487,1779496619.055529,False,C4_lidar_medium,C4_lidar_medium,off,medium,False,True
1779496619.1700842,4068,14.2026,1779496619.1558816,False,C4_lidar_medium,C4_lidar_medium,off,medium,False,True
1779496619.2615755,4069,5.2276,1779496619.256348,False,C4_lidar_medium,C4_lidar_medium,off,medium,False,True
1779496619.3720906,4070,15.2483,1779496619.3568423,False,C4_lidar_medium,C4_lidar_medium,off,medium,False,True
1779496619.4665182,4071,9.2015,1779496619.4573166,False,C4_lidar_medium,C4_lidar_medium,off,medium,False,True
1779496619.5703607,4072,12.496,1779496619.5578647,False,C4_lidar_medium,C4_lidar_medium,off,medium,False,True
1779496619.6802351,4073,21.8813,1779496619.6583538,False,C4_lidar_medium,C4_lidar_medium,off,medium,False,True
1779496619.835907,4074,76.9734,1779496619.7589335,False,C4_lidar_medium,C4_lidar_medium,off,medium,False,True
1779496619.8670669,4075,7.7753,1779496619.8592916,False,C4_lidar_medium,C4_lidar_medium,off,medium,False,True
1779496619.9792402,4076,19.4833,1779496619.9597569,False,C4_lidar_medium,C4_lidar_medium,off,medium,False,True
1779496620.0739644,4077,13.7269,1779496620.0602374,False,C4_lidar_medium,C4_lidar_medium,off,medium,False,True
1779496620.1745853,4078,7.0603,1779496620.167525,False,C4_lidar_medium,C4_lidar_medium,off,medium,False,True
1779496620.2857742,4079,16.6183,1779496620.269156,False,C4_lidar_medium,C4_lidar_medium,off,medium,False,True
1779496620.395413,4080,26.027,1779496620.369386,False,C4_lidar_medium,C4_lidar_medium,off,medium,False,True
1779496620.4900718,4081,20.4265,1779496620.4696453,False,C4_lidar_medium,C4_lidar_medium,off,medium,False,True
1779496620.5860813,4082,15.3542,1779496620.570727,False,C4_lidar_medium,C4_lidar_medium,off,medium,False,True
1779496620.6898112,4083,18.7864,1779496620.6710248,False,C4_lidar_medium,C4_lidar_medium,off,medium,False,True
1779496620.7910247,4084,19.8138,1779496620.771211,False,C4_lidar_medium,C4_lidar_medium,off,medium,False,True
1779496620.8898122,4085,18.4214,1779496620.8713908,False,C4_lidar_medium,C4_lidar_medium,off,medium,False,True
1779496620.986939,4086,14.9679,1779496620.971971,False,C4_lidar_medium,C4_lidar_medium,off,medium,False,True
1779496621.0827868,4087,9.7544,1779496621.0730324,False,C4_lidar_medium,C4_lidar_medium,off,medium,False,True
1779496621.1893182,4088,15.9788,1779496621.1733394,False,C4_lidar_medium,C4_lidar_medium,off,medium,False,True
1779496621.2928352,4089,19.1338,1779496621.2737014,False,C4_lidar_medium,C4_lidar_medium,off,medium,False,True
1779496621.3986819,4090,24.3809,1779496621.374301,False,C4_lidar_medium,C4_lidar_medium,off,medium,False,True
1779496621.4876244,4091,12.5046,1779496621.4751198,False,C4_lidar_medium,C4_lidar_medium,off,medium,False,True
1779496621.5946047,4092,18.7061,1779496621.5758986,False,C4_lidar_medium,C4_lidar_medium,off,medium,False,True
1779496621.6892786,4093,12.9271,1779496621.6763515,False,C4_lidar_medium,C4_lidar_medium,off,medium,False,True
1779496621.8027859,4094,26.0103,1779496621.7767756,False,C4_lidar_medium,C4_lidar_medium,off,medium,False,True
1779496621.9232156,4095,45.8846,1779496621.877331,False,C4_lidar_medium,C4_lidar_medium,off,medium,False,True
1779496621.9895546,4096,11.9157,1779496621.977639,False,C4_lidar_medium,C4_lidar_medium,off,medium,False,True
1779496622.1001604,4097,21.8029,1779496622.0783575,False,C4_lidar_medium,C4_lidar_medium,off,medium,False,True
1779496622.1919043,4098,13.0603,1779496622.178844,False,C4_lidar_medium,C4_lidar_medium,off,medium,False,True
1779496622.2846124,4099,5.5084,1779496622.279104,False,C4_lidar_medium,C4_lidar_medium,off,medium,False,True
1779496622.396081,4100,16.6342,1779496622.3794467,False,C4_lidar_medium,C4_lidar_medium,off,medium,False,True
1779496622.4883728,4101,8.0988,1779496622.480274,False,C4_lidar_medium,C4_lidar_medium,off,medium,False,True
1779496622.6114106,4102,30.5159,1779496622.5808947,False,C4_lidar_medium,C4_lidar_medium,off,medium,False,True
1779496622.7017899,4103,13.2186,1779496622.6885712,False,C4_lidar_medium,C4_lidar_medium,off,medium,False,True
1779496622.8031507,4104,4.2241,1779496622.7989266,False,C4_lidar_medium,C4_lidar_medium,off,medium,False,True
1779496622.9091306,4105,9.1665,1779496622.899964,False,C4_lidar_medium,C4_lidar_medium,off,medium,False,True
1779496623.020429,4106,19.5057,1779496623.0009232,False,C4_lidar_medium,C4_lidar_medium,off,medium,False,True
1779496623.1125062,4107,11.2169,1779496623.1012893,False,C4_lidar_medium,C4_lidar_medium,off,medium,False,True
1779496623.2234194,4108,21.6954,1779496623.201724,False,C4_lidar_medium,C4_lidar_medium,off,medium,False,True
1779496623.3087692,4109,4.5092,1779496623.30426,False,C4_lidar_medium,C4_lidar_medium,off,medium,False,True
1779496623.4261115,4110,21.4891,1779496623.4046223,False,C4_lidar_medium,C4_lidar_medium,off,medium,False,True
1779496623.5148754,4111,9.6726,1779496623.5052028,False,C4_lidar_medium,C4_lidar_medium,off,medium,False,True
1779496623.627978,4112,22.6462,1779496623.605332,False,C4_lidar_medium,C4_lidar_medium,off,medium,False,True
1779496623.7180502,4113,12.1107,1779496623.7059395,False,C4_lidar_medium,C4_lidar_medium,off,medium,False,True
1779496623.8130903,4114,6.6292,1779496623.806461,False,C4_lidar_medium,C4_lidar_medium,off,medium,False,True
1779496623.9326172,4115,25.3403,1779496623.9072769,False,C4_lidar_medium,C4_lidar_medium,off,medium,False,True
1779496624.017471,4116,9.8543,1779496624.0076168,False,C4_lidar_medium,C4_lidar_medium,off,medium,False,True
1779496624.1256628,4117,17.6964,1779496624.1079664,False,C4_lidar_medium,C4_lidar_medium,off,medium,False,True
1779496624.2136188,4118,5.5096,1779496624.2081091,False,C4_lidar_medium,C4_lidar_medium,off,medium,False,True
1779496624.3126297,4119,4.405,1779496624.3082247,False,C4_lidar_medium,C4_lidar_medium,off,medium,False,True
1779496624.4169335,4120,8.0132,1779496624.4089203,False,C4_lidar_medium,C4_lidar_medium,off,medium,False,True
1779496624.5263498,4121,17.0445,1779496624.5093052,False,C4_lidar_medium,C4_lidar_medium,off,medium,False,True
1779496624.6203802,4122,10.1647,1779496624.6102154,False,C4_lidar_medium,C4_lidar_medium,off,medium,False,True
1779496624.7278812,4123,17.0114,1779496624.7108698,False,C4_lidar_medium,C4_lidar_medium,off,medium,False,True
1779496624.8159704,4124,4.8025,1779496624.811168,False,C4_lidar_medium,C4_lidar_medium,off,medium,False,True
1779496624.9277992,4125,15.6269,1779496624.9121723,False,C4_lidar_medium,C4_lidar_medium,off,medium,False,True
1779496625.022871,4126,10.3824,1779496625.0124886,False,C4_lidar_medium,C4_lidar_medium,off,medium,False,True
1779496625.1372318,4127,23.8442,1779496625.1133876,False,C4_lidar_medium,C4_lidar_medium,off,medium,False,True
1779496625.2405488,4128,26.727,1779496625.213822,False,C4_lidar_medium,C4_lidar_medium,off,medium,False,True
1779496625.3241751,4129,8.3022,1779496625.315873,False,C4_lidar_medium,C4_lidar_medium,off,medium,False,True
1779496625.4241521,4130,7.8893,1779496625.4162629,False,C4_lidar_medium,C4_lidar_medium,off,medium,False,True
1779496625.5341418,4131,17.0622,1779496625.5170796,False,C4_lidar_medium,C4_lidar_medium,off,medium,False,True
1779496625.6653771,4132,47.5271,1779496625.61785,False,C4_lidar_medium,C4_lidar_medium,off,medium,False,True
1779496625.7360072,4133,17.7212,1779496625.718286,False,C4_lidar_medium,C4_lidar_medium,off,medium,False,True
1779496625.848198,4134,29.2008,1779496625.8189971,False,C4_lidar_medium,C4_lidar_medium,off,medium,False,True
1779496625.944107,4135,24.6177,1779496625.9194894,False,C4_lidar_medium,C4_lidar_medium,off,medium,False,True
1779496626.0327692,4136,12.8565,1779496626.0199127,False,C4_lidar_medium,C4_lidar_medium,off,medium,False,True
1779496626.1808054,4137,60.442,1779496626.1203635,False,C4_lidar_medium,C4_lidar_medium,off,medium,False,True
1779496626.2332146,4138,12.2845,1779496626.22093,False,C4_lidar_medium,C4_lidar_medium,off,medium,False,True
1779496626.3423867,4139,20.889,1779496626.3214977,False,C4_lidar_medium,C4_lidar_medium,off,medium,False,True
1779496626.4343424,4140,11.4551,1779496626.4228873,False,C4_lidar_medium,C4_lidar_medium,off,medium,False,True
1779496626.5414462,4141,18.0471,1779496626.523399,False,C4_lidar_medium,C4_lidar_medium,off,medium,False,True
1779496626.6340597,4142,10.0322,1779496626.6240275,False,C4_lidar_medium,C4_lidar_medium,off,medium,False,True
1779496626.7421913,4143,17.4413,1779496626.72475,False,C4_lidar_medium,C4_lidar_medium,off,medium,False,True
1779496626.8370728,4144,11.5805,1779496626.8254924,False,C4_lidar_medium,C4_lidar_medium,off,medium,False,True
1779496626.9326441,4145,6.6743,1779496626.9259698,False,C4_lidar_medium,C4_lidar_medium,off,medium,False,True
1779496627.0383787,4146,11.7989,1779496627.0265799,False,C4_lidar_medium,C4_lidar_medium,off,medium,False,True
1779496627.1485782,4147,21.7755,1779496627.1268027,False,C4_lidar_medium,C4_lidar_medium,off,medium,False,True
1779496627.2377925,4148,10.7551,1779496627.2270374,False,C4_lidar_medium,C4_lidar_medium,off,medium,False,True
1779496627.3321404,4149,4.8943,1779496627.3272462,False,C4_lidar_medium,C4_lidar_medium,off,medium,False,True
1779496627.4427447,4150,14.5051,1779496627.4282396,False,C4_lidar_medium,C4_lidar_medium,off,medium,False,True
1779496627.550733,4151,22.1035,1779496627.5286295,False,C4_lidar_medium,C4_lidar_medium,off,medium,False,True
1779496627.6455872,4152,16.8064,1779496627.6287808,False,C4_lidar_medium,C4_lidar_medium,off,medium,False,True
1779496627.7421167,4153,13.0441,1779496627.7290726,False,C4_lidar_medium,C4_lidar_medium,off,medium,False,True
1779496627.8414443,4154,5.6188,1779496627.8358254,False,C4_lidar_medium,C4_lidar_medium,off,medium,False,True
1779496628.0147467,4155,77.8944,1779496627.9368522,False,C4_lidar_medium,C4_lidar_medium,off,medium,False,True
1779496628.0923846,4156,55.3384,1779496628.0370462,False,C4_lidar_medium,C4_lidar_medium,off,medium,False,True
1779496628.1767206,4157,39.088,1779496628.1376326,False,C4_lidar_medium,C4_lidar_medium,off,medium,False,True
1779496628.251433,4158,13.2697,1779496628.2381632,False,C4_lidar_medium,C4_lidar_medium,off,medium,False,True
1779496628.3547246,4159,16.4311,1779496628.3382936,False,C4_lidar_medium,C4_lidar_medium,off,medium,False,True
1779496628.4509351,4160,12.3806,1779496628.4385545,False,C4_lidar_medium,C4_lidar_medium,off,medium,False,True
1779496628.559247,4161,20.3452,1779496628.5389018,False,C4_lidar_medium,C4_lidar_medium,off,medium,False,True
1779496628.6558292,4162,16.3686,1779496628.6394606,False,C4_lidar_medium,C4_lidar_medium,off,medium,False,True
1779496628.757732,4163,17.7908,1779496628.7399411,False,C4_lidar_medium,C4_lidar_medium,off,medium,False,True
1779496628.8583398,4164,3.6311,1779496628.8547087,False,C4_lidar_medium,C4_lidar_medium,off,medium,False,True
1779496628.967114,4165,3.8698,1779496628.9632442,False,C4_lidar_medium,C4_lidar_medium,off,medium,False,True
1779496629.069988,4166,5.5697,1779496629.0644183,False,C4_lidar_medium,C4_lidar_medium,off,medium,False,True
1779496629.1842697,4167,19.268,1779496629.1650016,False,C4_lidar_medium,C4_lidar_medium,off,medium,False,True
1779496629.282883,4168,17.3156,1779496629.2655673,False,C4_lidar_medium,C4_lidar_medium,off,medium,False,True
1779496629.3966331,4169,30.6649,1779496629.3659682,False,C4_lidar_medium,C4_lidar_medium,off,medium,False,True
1779496629.4954352,4170,28.9643,1779496629.466471,False,C4_lidar_medium,C4_lidar_medium,off,medium,False,True
1779496629.5780618,4171,10.5255,1779496629.5675364,False,C4_lidar_medium,C4_lidar_medium,off,medium,False,True
1779496629.6884997,4172,20.1597,1779496629.66834,False,C4_lidar_medium,C4_lidar_medium,off,medium,False,True
1779496629.8178709,4173,48.6689,1779496629.769202,False,C4_lidar_medium,C4_lidar_medium,off,medium,False,True
1779496629.9025688,4174,33.0043,1779496629.8695645,False,C4_lidar_medium,C4_lidar_medium,off,medium,False,True
1779496629.9891047,4175,18.5683,1779496629.9705365,False,C4_lidar_medium,C4_lidar_medium,off,medium,False,True
1779496630.101255,4176,29.7303,1779496630.0715246,False,C4_lidar_medium,C4_lidar_medium,off,medium,False,True
1779496630.1894374,4177,17.3283,1779496630.1721091,False,C4_lidar_medium,C4_lidar_medium,off,medium,False,True
1779496630.279721,4178,7.1778,1779496630.2725432,False,C4_lidar_medium,C4_lidar_medium,off,medium,False,True
1779496630.3899374,4179,16.7124,1779496630.373225,False,C4_lidar_medium,C4_lidar_medium,off,medium,False,True
1779496630.47991,4180,4.5455,1779496630.4753644,False,C4_lidar_medium,C4_lidar_medium,off,medium,False,True
1779496630.6074662,4181,30.8714,1779496630.5765948,False,C4_lidar_medium,C4_lidar_medium,off,medium,False,True
1779496630.684688,4182,7.8669,1779496630.6768212,False,C4_lidar_medium,C4_lidar_medium,off,medium,False,True
1779496630.793369,4183,15.8122,1779496630.777557,False,C4_lidar_medium,C4_lidar_medium,off,medium,False,True
1779496630.9126368,4184,34.441,1779496630.8781958,False,C4_lidar_medium,C4_lidar_medium,off,medium,False,True
1779496630.9969099,4185,18.5428,1779496630.978367,False,C4_lidar_medium,C4_lidar_medium,off,medium,False,True
1779496631.091525,4186,12.6612,1779496631.0788639,False,C4_lidar_medium,C4_lidar_medium,off,medium,False,True
1779496631.1984897,4187,19.0995,1779496631.1793902,False,C4_lidar_medium,C4_lidar_medium,off,medium,False,True
1779496631.2912474,4188,11.4884,1779496631.279759,False,C4_lidar_medium,C4_lidar_medium,off,medium,False,True
1779496631.3871796,4189,6.8958,1779496631.3802838,False,C4_lidar_medium,C4_lidar_medium,off,medium,False,True
1779496631.5119677,4190,5.0082,1779496631.5069594,False,C4_lidar_medium,C4_lidar_medium,off,medium,False,True
1779496631.6131933,4191,4.1451,1779496631.6090481,False,C4_lidar_medium,C4_lidar_medium,off,medium,False,True
1779496631.7139647,4192,4.0541,1779496631.7099106,False,C4_lidar_medium,C4_lidar_medium,off,medium,False,True
1779496631.8310485,4193,20.0353,1779496631.8110132,False,C4_lidar_medium,C4_lidar_medium,off,medium,False,True
1779496631.9543116,4194,42.7277,1779496631.911584,False,C4_lidar_medium,C4_lidar_medium,off,medium,False,True
1779496632.0934467,4195,81.4521,1779496632.0119946,False,C4_lidar_medium,C4_lidar_medium,off,medium,False,True
1779496632.134412,4196,22.1159,1779496632.112296,False,C4_lidar_medium,C4_lidar_medium,off,medium,False,True
1779496632.3268044,4197,114.2666,1779496632.2125378,False,C4_lidar_medium,C4_lidar_medium,off,medium,False,True
1779496632.3268044,4198,13.9813,1779496632.312823,False,C4_lidar_medium,C4_lidar_medium,off,medium,False,True
1779496632.509383,4199,96.1618,1779496632.4132211,False,C4_lidar_medium,C4_lidar_medium,off,medium,False,True
1779496632.5232158,4200,9.5456,1779496632.5136702,False,C4_lidar_medium,C4_lidar_medium,off,medium,False,True
1779496632.7296987,4201,113.6773,1779496632.6160214,False,C4_lidar_medium,C4_lidar_medium,off,medium,False,True
1779496632.7296987,4202,12.6123,1779496632.7170863,False,C4_lidar_medium,C4_lidar_medium,off,medium,False,True
1779496632.8437805,4203,26.4878,1779496632.8172927,False,C4_lidar_medium,C4_lidar_medium,off,medium,False,True
1779496632.99549,4204,77.7845,1779496632.9177055,False,C4_lidar_medium,C4_lidar_medium,off,medium,False,True
1779496633.0351384,4205,17.1196,1779496633.0180187,False,C4_lidar_medium,C4_lidar_medium,off,medium,False,True
1779496633.2339537,4206,114.0745,1779496633.1198792,False,C4_lidar_medium,C4_lidar_medium,off,medium,False,True
1779496633.256507,4207,35.8431,1779496633.2206638,False,C4_lidar_medium,C4_lidar_medium,off,medium,False,True
1779496633.32957,4208,8.471,1779496633.321099,False,C4_lidar_medium,C4_lidar_medium,off,medium,False,True
1779496633.4971442,4209,75.5739,1779496633.4215703,False,C4_lidar_medium,C4_lidar_medium,off,medium,False,True
1779496633.5308669,4210,9.1653,1779496633.5217016,False,C4_lidar_medium,C4_lidar_medium,off,medium,False,True
1779496633.724231,4211,101.0399,1779496633.623191,False,C4_lidar_medium,C4_lidar_medium,off,medium,False,True
1779496633.7307703,4212,6.5393,1779496633.724231,False,C4_lidar_medium,C4_lidar_medium,off,medium,False,True
1779496633.9810815,4213,156.3673,1779496633.8247142,False,C4_lidar_medium,C4_lidar_medium,off,medium,False,True
1779496633.9810815,4214,56.1359,1779496633.9249456,False,C4_lidar_medium,C4_lidar_medium,off,medium,False,True
1779496634.0629282,4215,37.6971,1779496634.0252311,False,C4_lidar_medium,C4_lidar_medium,off,medium,False,True
1779496634.2110567,4216,79.329,1779496634.1317277,False,C4_lidar_medium,C4_lidar_medium,off,medium,False,True
1779496634.2591906,4217,26.5925,1779496634.232598,False,C4_lidar_medium,C4_lidar_medium,off,medium,False,True
1779496634.4557412,4218,122.6349,1779496634.3331063,False,C4_lidar_medium,C4_lidar_medium,off,medium,False,True
1779496634.4557412,4219,22.0504,1779496634.4336908,False,C4_lidar_medium,C4_lidar_medium,off,medium,False,True
1779496634.5559907,4220,21.6782,1779496634.5343125,False,C4_lidar_medium,C4_lidar_medium,off,medium,False,True
1779496634.6987572,4221,64.1069,1779496634.6346502,False,C4_lidar_medium,C4_lidar_medium,off,medium,False,True
1779496634.7763987,4222,41.162,1779496634.7352366,False,C4_lidar_medium,C4_lidar_medium,off,medium,False,True
1779496634.9575307,4223,121.707,1779496634.8358238,False,C4_lidar_medium,C4_lidar_medium,off,medium,False,True
1779496634.9575307,4224,21.5044,1779496634.9360263,False,C4_lidar_medium,C4_lidar_medium,off,medium,False,True
1779496635.1623695,4225,125.8378,1779496635.0365317,False,C4_lidar_medium,C4_lidar_medium,off,medium,False,True
1779496635.1623695,4226,15.8672,1779496635.1465023,False,C4_lidar_medium,C4_lidar_medium,off,medium,False,True
1779496635.2595196,4227,12.6522,1779496635.2468674,False,C4_lidar_medium,C4_lidar_medium,off,medium,False,True
1779496635.4091868,4228,61.6243,1779496635.3475626,False,C4_lidar_medium,C4_lidar_medium,off,medium,False,True
1779496635.464326,4229,16.1688,1779496635.448157,False,C4_lidar_medium,C4_lidar_medium,off,medium,False,True
1779496635.6474524,4230,98.357,1779496635.5490954,False,C4_lidar_medium,C4_lidar_medium,off,medium,False,True
1779496635.6665022,4231,17.0202,1779496635.649482,False,C4_lidar_medium,C4_lidar_medium,off,medium,False,True
1779496635.7980795,4232,47.7269,1779496635.7503526,False,C4_lidar_medium,C4_lidar_medium,off,medium,False,True
1779496635.922606,4233,71.8918,1779496635.8507142,False,C4_lidar_medium,C4_lidar_medium,off,medium,False,True
1779496635.9977891,4234,46.6998,1779496635.9510894,False,C4_lidar_medium,C4_lidar_medium,off,medium,False,True
1779496636.0819466,4235,30.5667,1779496636.05138,False,C4_lidar_medium,C4_lidar_medium,off,medium,False,True
1779496636.2219539,4236,70.0033,1779496636.1519506,False,C4_lidar_medium,C4_lidar_medium,off,medium,False,True
1779496636.3252711,4237,72.4089,1779496636.2528622,False,C4_lidar_medium,C4_lidar_medium,off,medium,False,True
1779496636.4018493,4238,48.5969,1779496636.3532524,False,C4_lidar_medium,C4_lidar_medium,off,medium,False,True
1779496636.492794,4239,39.355,1779496636.453439,False,C4_lidar_medium,C4_lidar_medium,off,medium,False,True
1779496636.5974495,4240,43.4265,1779496636.554023,False,C4_lidar_medium,C4_lidar_medium,off,medium,False,True
1779496636.6767213,4241,22.4593,1779496636.654262,False,C4_lidar_medium,C4_lidar_medium,off,medium,False,True
1779496636.7671654,4242,12.6817,1779496636.7544837,False,C4_lidar_medium,C4_lidar_medium,off,medium,False,True
1779496636.902684,4243,48.0182,1779496636.8546658,False,C4_lidar_medium,C4_lidar_medium,off,medium,False,True
1779496636.9809499,4244,26.0112,1779496636.9549387,False,C4_lidar_medium,C4_lidar_medium,off,medium,False,True
1779496637.0750563,4245,19.8374,1779496637.055219,False,C4_lidar_medium,C4_lidar_medium,off,medium,False,True
1779496637.2079742,4246,52.556,1779496637.1554182,False,C4_lidar_medium,C4_lidar_medium,off,medium,False,True
1779496637.2888005,4247,33.0467,1779496637.2557538,False,C4_lidar_medium,C4_lidar_medium,off,medium,False,True
1779496637.3655524,4248,9.7089,1779496637.3558435,False,C4_lidar_medium,C4_lidar_medium,off,medium,False,True
1779496637.5146167,4249,58.3639,1779496637.4562528,False,C4_lidar_medium,C4_lidar_medium,off,medium,False,True
1779496637.59654,4250,39.6245,1779496637.5569155,False,C4_lidar_medium,C4_lidar_medium,off,medium,False,True
1779496637.6748905,4251,17.8025,1779496637.657088,False,C4_lidar_medium,C4_lidar_medium,off,medium,False,True
1779496637.7667348,4252,9.172,1779496637.7575629,False,C4_lidar_medium,C4_lidar_medium,off,medium,False,True
1779496637.876317,4253,18.1243,1779496637.8581927,False,C4_lidar_medium,C4_lidar_medium,off,medium,False,True
1779496637.995716,4254,37.2555,1779496637.9584606,False,C4_lidar_medium,C4_lidar_medium,off,medium,False,True
1779496638.0756426,4255,16.6035,1779496638.059039,False,C4_lidar_medium,C4_lidar_medium,off,medium,False,True
1779496638.165845,4256,6.4273,1779496638.1594176,False,C4_lidar_medium,C4_lidar_medium,off,medium,False,True
1779496638.2907994,4257,30.6978,1779496638.2601016,False,C4_lidar_medium,C4_lidar_medium,off,medium,False,True
1779496638.3679435,4258,7.6363,1779496638.3603072,False,C4_lidar_medium,C4_lidar_medium,off,medium,False,True
1779496638.4798722,4259,19.0535,1779496638.4608188,False,C4_lidar_medium,C4_lidar_medium,off,medium,False,True
1779496638.5863314,4260,25.2495,1779496638.561082,False,C4_lidar_medium,C4_lidar_medium,off,medium,False,True
1779496638.7198622,4261,57.894,1779496638.6619682,False,C4_lidar_medium,C4_lidar_medium,off,medium,False,True
1779496638.789528,4262,27.1447,1779496638.7623832,False,C4_lidar_medium,C4_lidar_medium,off,medium,False,True
1779496638.8849826,4263,22.0344,1779496638.8629482,False,C4_lidar_medium,C4_lidar_medium,off,medium,False,True
1779496638.994279,4264,30.3841,1779496638.9638948,False,C4_lidar_medium,C4_lidar_medium,off,medium,False,True
1779496639.1339564,4265,69.886,1779496639.0640705,False,C4_lidar_medium,C4_lidar_medium,off,medium,False,True
1779496639.170731,4266,4.3128,1779496639.1664183,False,C4_lidar_medium,C4_lidar_medium,off,medium,False,True
1779496639.3121681,4267,45.0494,1779496639.2671187,False,C4_lidar_medium,C4_lidar_medium,off,medium,False,True
1779496639.4186597,4268,50.6399,1779496639.3680198,False,C4_lidar_medium,C4_lidar_medium,off,medium,False,True
1779496639.4929025,4269,24.0955,1779496639.468807,False,C4_lidar_medium,C4_lidar_medium,off,medium,False,True
1779496639.5804124,4270,10.9704,1779496639.569442,False,C4_lidar_medium,C4_lidar_medium,off,medium,False,True
1779496639.7160494,4271,40.1416,1779496639.6759079,False,C4_lidar_medium,C4_lidar_medium,off,medium,False,True
1779496639.846694,4272,69.7956,1779496639.7768984,False,C4_lidar_medium,C4_lidar_medium,off,medium,False,True
1779496639.9352913,4273,57.9805,1779496639.8773108,False,C4_lidar_medium,C4_lidar_medium,off,medium,False,True
1779496640.0052922,4274,27.4248,1779496639.9778674,False,C4_lidar_medium,C4_lidar_medium,off,medium,False,True
1779496640.1428282,4275,63.9884,1779496640.0788398,False,C4_lidar_medium,C4_lidar_medium,off,medium,False,True
1779496640.2245736,4276,45.3565,1779496640.179217,False,C4_lidar_medium,C4_lidar_medium,off,medium,False,True
1779496640.3012128,4277,21.7493,1779496640.2794635,False,C4_lidar_medium,C4_lidar_medium,off,medium,False,True
1779496640.433309,4278,53.0915,1779496640.3802176,False,C4_lidar_medium,C4_lidar_medium,off,medium,False,True
1779496640.5673354,4279,86.4818,1779496640.4808536,False,C4_lidar_medium,C4_lidar_medium,off,medium,False,True
1779496640.5877357,4280,6.664,1779496640.5810716,False,C4_lidar_medium,C4_lidar_medium,off,medium,False,True
1779496640.6977935,4281,12.6126,1779496640.685181,False,C4_lidar_medium,C4_lidar_medium,off,medium,False,True
1779496640.8365722,4282,50.5543,1779496640.786018,False,C4_lidar_medium,C4_lidar_medium,off,medium,False,True
1779496640.9420347,4283,55.3188,1779496640.886716,False,C4_lidar_medium,C4_lidar_medium,off,medium,False,True
1779496641.011468,4284,23.6032,1779496640.9878647,False,C4_lidar_medium,C4_lidar_medium,off,medium,False,True
1779496641.1001117,4285,11.6386,1779496641.088473,False,C4_lidar_medium,C4_lidar_medium,off,medium,False,True
1779496641.2092586,4286,20.0019,1779496641.1892567,False,C4_lidar_medium,C4_lidar_medium,off,medium,False,True
1779496641.3113713,4287,21.8487,1779496641.2895226,False,C4_lidar_medium,C4_lidar_medium,off,medium,False,True
1779496641.4204814,4288,30.4646,1779496641.3900168,False,C4_lidar_medium,C4_lidar_medium,off,medium,False,True
1779496641.5112634,4289,20.6203,1779496641.490643,False,C4_lidar_medium,C4_lidar_medium,off,medium,False,True
1779496641.6080523,4290,16.7861,1779496641.5912662,False,C4_lidar_medium,C4_lidar_medium,off,medium,False,True
1779496641.7202542,4291,28.3346,1779496641.6919196,False,C4_lidar_medium,C4_lidar_medium,off,medium,False,True
1779496641.810913,4292,18.5905,1779496641.7923226,False,C4_lidar_medium,C4_lidar_medium,off,medium,False,True
1779496641.9079604,4293,15.1594,1779496641.892801,False,C4_lidar_medium,C4_lidar_medium,off,medium,False,True
1779496642.002563,4294,8.9159,1779496641.993647,False,C4_lidar_medium,C4_lidar_medium,off,medium,False,True
1779496642.1100786,4295,15.6353,1779496642.0944433,False,C4_lidar_medium,C4_lidar_medium,off,medium,False,True
1779496642.2026725,4296,7.3931,1779496642.1952794,False,C4_lidar_medium,C4_lidar_medium,off,medium,False,True
1779496642.3210762,4297,25.4478,1779496642.2956283,False,C4_lidar_medium,C4_lidar_medium,off,medium,False,True
1779496642.4074655,4298,11.1554,1779496642.39631,False,C4_lidar_medium,C4_lidar_medium,off,medium,False,True
1779496642.5133636,4299,16.7146,1779496642.496649,False,C4_lidar_medium,C4_lidar_medium,off,medium,False,True
1779496642.607025,4300,9.9134,1779496642.5971115,False,C4_lidar_medium,C4_lidar_medium,off,medium,False,True
1779496642.7151613,4301,17.6189,1779496642.6975424,False,C4_lidar_medium,C4_lidar_medium,off,medium,False,True
1779496642.8177435,4302,19.2974,1779496642.7984462,False,C4_lidar_medium,C4_lidar_medium,off,medium,False,True
1779496642.9148767,4303,15.9848,1779496642.898892,False,C4_lidar_medium,C4_lidar_medium,off,medium,False,True
1779496643.0089114,4304,9.5239,1779496642.9993875,False,C4_lidar_medium,C4_lidar_medium,off,medium,False,True
1779496643.119377,4305,19.5758,1779496643.099801,False,C4_lidar_medium,C4_lidar_medium,off,medium,False,True
1779496643.2094722,4306,9.028,1779496643.2004442,False,C4_lidar_medium,C4_lidar_medium,off,medium,False,True
1779496643.3242953,4307,23.2141,1779496643.3010812,False,C4_lidar_medium,C4_lidar_medium,off,medium,False,True
1779496643.411537,4308,10.0005,1779496643.4015365,False,C4_lidar_medium,C4_lidar_medium,off,medium,False,True
1779496643.5225205,4309,20.5801,1779496643.5019405,False,C4_lidar_medium,C4_lidar_medium,off,medium,False,True
1779496643.6114583,4310,9.0587,1779496643.6023996,False,C4_lidar_medium,C4_lidar_medium,off,medium,False,True
1779496643.7167778,4311,14.2457,1779496643.702532,False,C4_lidar_medium,C4_lidar_medium,off,medium,False,True
1779496643.811434,4312,8.4493,1779496643.8029847,False,C4_lidar_medium,C4_lidar_medium,off,medium,False,True
1779496643.9210835,4313,17.7133,1779496643.9033701,False,C4_lidar_medium,C4_lidar_medium,off,medium,False,True
1779496644.0150902,4314,11.2023,1779496644.003888,False,C4_lidar_medium,C4_lidar_medium,off,medium,False,True
1779496644.1220114,4315,17.8874,1779496644.104124,False,C4_lidar_medium,C4_lidar_medium,off,medium,False,True
1779496644.2144654,4316,9.4376,1779496644.2050278,False,C4_lidar_medium,C4_lidar_medium,off,medium,False,True
1779496644.3281944,4317,22.8267,1779496644.3053677,False,C4_lidar_medium,C4_lidar_medium,off,medium,False,True
1779496644.4314806,4318,25.5601,1779496644.4059205,False,C4_lidar_medium,C4_lidar_medium,off,medium,False,True
1779496644.532353,4319,26.0148,1779496644.5063381,False,C4_lidar_medium,C4_lidar_medium,off,medium,False,True
1779496644.633601,4320,26.4018,1779496644.6071992,False,C4_lidar_medium,C4_lidar_medium,off,medium,False,True
1779496644.7413166,4321,33.2761,1779496644.7080405,False,C4_lidar_medium,C4_lidar_medium,off,medium,False,True
1779496644.8277223,4322,19.1836,1779496644.8085387,False,C4_lidar_medium,C4_lidar_medium,off,medium,False,True
1779496644.9223745,4323,13.3164,1779496644.909058,False,C4_lidar_medium,C4_lidar_medium,off,medium,False,True
1779496645.0229099,4324,13.5372,1779496645.0093727,False,C4_lidar_medium,C4_lidar_medium,off,medium,False,True
1779496645.1306875,4325,20.5481,1779496645.1101394,False,C4_lidar_medium,C4_lidar_medium,off,medium,False,True
1779496645.237383,4326,26.8447,1779496645.2105381,False,C4_lidar_medium,C4_lidar_medium,off,medium,False,True
1779496645.3369813,4327,25.4524,1779496645.311529,False,C4_lidar_medium,C4_lidar_medium,off,medium,False,True
1779496645.4275572,4328,15.3742,1779496645.412183,False,C4_lidar_medium,C4_lidar_medium,off,medium,False,True
1779496645.531005,4329,18.2247,1779496645.5127802,False,C4_lidar_medium,C4_lidar_medium,off,medium,False,True
1779496645.62317,4330,9.5396,1779496645.6136303,False,C4_lidar_medium,C4_lidar_medium,off,medium,False,True
1779496645.731819,4331,17.4758,1779496645.714343,False,C4_lidar_medium,C4_lidar_medium,off,medium,False,True
1779496645.826237,4332,11.2917,1779496645.8149452,False,C4_lidar_medium,C4_lidar_medium,off,medium,False,True
1779496645.9341073,4333,18.3415,1779496645.9157658,False,C4_lidar_medium,C4_lidar_medium,off,medium,False,True
1779496646.0325806,4334,16.2585,1779496646.0163221,False,C4_lidar_medium,C4_lidar_medium,off,medium,False,True
1779496646.1390545,4335,22.0451,1779496646.1170094,False,C4_lidar_medium,C4_lidar_medium,off,medium,False,True
1779496646.2314112,4336,8.621,1779496646.2227902,False,C4_lidar_medium,C4_lidar_medium,off,medium,False,True
1779496646.3450303,4337,21.6057,1779496646.3234246,False,C4_lidar_medium,C4_lidar_medium,off,medium,False,True
1779496646.4368029,4338,13.2265,1779496646.4235764,False,C4_lidar_medium,C4_lidar_medium,off,medium,False,True
1779496646.5436862,4339,19.2671,1779496646.524419,False,C4_lidar_medium,C4_lidar_medium,off,medium,False,True
1779496646.634101,4340,9.0735,1779496646.6250274,False,C4_lidar_medium,C4_lidar_medium,off,medium,False,True
1779496646.7450042,4341,19.284,1779496646.7257202,False,C4_lidar_medium,C4_lidar_medium,off,medium,False,True
1779496646.8459826,4342,19.3691,1779496646.8266134,False,C4_lidar_medium,C4_lidar_medium,off,medium,False,True
1779496646.9572015,4343,30.0214,1779496646.92718,False,C4_lidar_medium,C4_lidar_medium,off,medium,False,True
1779496647.0414517,4344,13.5117,1779496647.02794,False,C4_lidar_medium,C4_lidar_medium,off,medium,False,True
1779496647.195217,4345,66.3967,1779496647.1288202,False,C4_lidar_medium,C4_lidar_medium,off,medium,False,True
1779496647.29641,4346,67.2302,1779496647.2291799,False,C4_lidar_medium,C4_lidar_medium,off,medium,False,True
1779496647.397358,4347,67.3554,1779496647.3300025,False,C4_lidar_medium,C4_lidar_medium,off,medium,False,True
1779496647.5152645,4348,84.9478,1779496647.4303167,False,C4_lidar_medium,C4_lidar_medium,off,medium,False,True
1779496647.5386145,4349,7.2362,1779496647.5313783,False,C4_lidar_medium,C4_lidar_medium,off,medium,False,True
1779496647.6466823,4350,14.0619,1779496647.6326203,False,C4_lidar_medium,C4_lidar_medium,off,medium,False,True
1779496647.738581,4351,4.6062,1779496647.7339747,False,C4_lidar_medium,C4_lidar_medium,off,medium,False,True
1779496647.8932104,4352,58.1255,1779496647.835085,False,C4_lidar_medium,C4_lidar_medium,off,medium,False,True
1779496647.9464831,4353,11.0335,1779496647.9354496,False,C4_lidar_medium,C4_lidar_medium,off,medium,False,True
1779496648.0519602,4354,16.1574,1779496648.0358028,False,C4_lidar_medium,C4_lidar_medium,off,medium,False,True
1779496648.148271,4355,11.8983,1779496648.1363728,False,C4_lidar_medium,C4_lidar_medium,off,medium,False,True
1779496648.2485516,4356,3.5112,1779496648.2450404,False,C4_lidar_medium,C4_lidar_medium,off,medium,False,True
1779496648.404166,4357,58.2111,1779496648.345955,False,C4_lidar_medium,C4_lidar_medium,off,medium,False,True
1779496648.4915526,4358,45.3506,1779496648.446202,False,C4_lidar_medium,C4_lidar_medium,off,medium,False,True
1779496648.580798,4359,34.2617,1779496648.5465362,False,C4_lidar_medium,C4_lidar_medium,off,medium,False,True
1779496648.6685474,4360,21.4121,1779496648.6471353,False,C4_lidar_medium,C4_lidar_medium,off,medium,False,True
1779496648.806367,4361,58.5432,1779496648.7478237,False,C4_lidar_medium,C4_lidar_medium,off,medium,False,True
1779496648.8892267,4362,40.7782,1779496648.8484485,False,C4_lidar_medium,C4_lidar_medium,off,medium,False,True
1779496648.9738092,4363,24.9634,1779496648.9488459,False,C4_lidar_medium,C4_lidar_medium,off,medium,False,True
1779496649.065641,4364,15.9655,1779496649.0496755,False,C4_lidar_medium,C4_lidar_medium,off,medium,False,True
1779496649.1569083,4365,6.6683,1779496649.15024,False,C4_lidar_medium,C4_lidar_medium,off,medium,False,True
1779496649.2630153,4366,12.208,1779496649.2508073,False,C4_lidar_medium,C4_lidar_medium,off,medium,False,True
1779496649.368039,4367,16.6564,1779496649.3513825,False,C4_lidar_medium,C4_lidar_medium,off,medium,False,True
1779496649.4647748,4368,13.2315,1779496649.4515433,False,C4_lidar_medium,C4_lidar_medium,off,medium,False,True
1779496649.572145,4369,20.3755,1779496649.5517695,False,C4_lidar_medium,C4_lidar_medium,off,medium,False,True
1779496649.6668754,4370,14.7133,1779496649.652162,False,C4_lidar_medium,C4_lidar_medium,off,medium,False,True
1779496649.7623012,4371,9.8987,1779496649.7524025,False,C4_lidar_medium,C4_lidar_medium,off,medium,False,True
1779496649.8718636,4372,18.7237,1779496649.8531399,False,C4_lidar_medium,C4_lidar_medium,off,medium,False,True
1779496649.9617028,4373,8.0888,1779496649.953614,False,C4_lidar_medium,C4_lidar_medium,off,medium,False,True
1779496650.07439,4374,20.1507,1779496650.0542393,False,C4_lidar_medium,C4_lidar_medium,off,medium,False,True
1779496650.1639252,4375,8.8425,1779496650.1550827,False,C4_lidar_medium,C4_lidar_medium,off,medium,False,True
1779496650.273799,4376,18.3773,1779496650.2554216,False,C4_lidar_medium,C4_lidar_medium,off,medium,False,True
1779496650.3725107,4377,16.681,1779496650.3558297,False,C4_lidar_medium,C4_lidar_medium,off,medium,False,True
1779496650.4763253,4378,19.9327,1779496650.4563925,False,C4_lidar_medium,C4_lidar_medium,off,medium,False,True
1779496650.5760717,4379,19.1472,1779496650.5569246,False,C4_lidar_medium,C4_lidar_medium,off,medium,False,True
1779496650.6825585,4380,25.2717,1779496650.657287,False,C4_lidar_medium,C4_lidar_medium,off,medium,False,True
1779496650.7709212,4381,13.3693,1779496650.757552,False,C4_lidar_medium,C4_lidar_medium,off,medium,False,True
1779496650.864262,4382,6.1572,1779496650.858105,False,C4_lidar_medium,C4_lidar_medium,off,medium,False,True
1779496650.9732678,4383,14.9655,1779496650.9583023,False,C4_lidar_medium,C4_lidar_medium,off,medium,False,True
1779496651.0670629,4384,8.2352,1779496651.0588276,False,C4_lidar_medium,C4_lidar_medium,off,medium,False,True
1779496651.1732125,4385,13.4223,1779496651.1597903,False,C4_lidar_medium,C4_lidar_medium,off,medium,False,True
1779496651.2831042,4386,22.7697,1779496651.2603345,False,C4_lidar_medium,C4_lidar_medium,off,medium,False,True
1779496651.3867235,4387,25.8329,1779496651.3608906,False,C4_lidar_medium,C4_lidar_medium,off,medium,False,True
1779496651.473946,4388,12.4159,1779496651.4615302,False,C4_lidar_medium,C4_lidar_medium,off,medium,False,True
1779496651.578073,4389,16.3913,1779496651.5616817,False,C4_lidar_medium,C4_lidar_medium,off,medium,False,True
1779496651.667711,4390,5.481,1779496651.66223,False,C4_lidar_medium,C4_lidar_medium,off,medium,False,True
1779496651.778846,4391,16.1035,1779496651.7627425,False,C4_lidar_medium,C4_lidar_medium,off,medium,False,True
1779496651.8695383,4392,6.2892,1779496651.863249,False,C4_lidar_medium,C4_lidar_medium,off,medium,False,True
1779496652.0065062,4393,42.7854,1779496651.9637208,False,C4_lidar_medium,C4_lidar_medium,off,medium,False,True
1779496652.0872624,4394,22.9669,1779496652.0642955,False,C4_lidar_medium,C4_lidar_medium,off,medium,False,True
1779496652.1780918,4395,13.0575,1779496652.1650343,False,C4_lidar_medium,C4_lidar_medium,off,medium,False,True
1779496652.2837145,4396,18.3735,1779496652.265341,False,C4_lidar_medium,C4_lidar_medium,off,medium,False,True
1779496652.3762968,4397,10.2427,1779496652.366054,False,C4_lidar_medium,C4_lidar_medium,off,medium,False,True
1779496652.4846215,4398,17.9958,1779496652.4666257,False,C4_lidar_medium,C4_lidar_medium,off,medium,False,True
1779496652.5784426,4399,11.1222,1779496652.5673203,False,C4_lidar_medium,C4_lidar_medium,off,medium,False,True
1779496652.683296,4400,15.8272,1779496652.6674688,False,C4_lidar_medium,C4_lidar_medium,off,medium,False,True
