unix_ts_recv,seq,rtt_ms,t_send_unix,warmup,test_id,condition,camera_mode,lidar_mode,video_enabled,lidar_enabled
1779496424.467736,2201,105.0878,1779496424.3626482,True,C3_lidar_detail,C3_lidar_detail,off,detail,False,True
1779496424.4824214,2202,18.7523,1779496424.463669,True,C3_lidar_detail,C3_lidar_detail,off,detail,False,True
1779496424.5762613,2203,11.8697,1779496424.5643916,True,C3_lidar_detail,C3_lidar_detail,off,detail,False,True
1779496424.6878965,2204,23.2141,1779496424.6646824,True,C3_lidar_detail,C3_lidar_detail,off,detail,False,True
1779496424.7854817,2205,20.4155,1779496424.7650661,True,C3_lidar_detail,C3_lidar_detail,off,detail,False,True
1779496424.875619,2206,10.1845,1779496424.8654344,True,C3_lidar_detail,C3_lidar_detail,off,detail,False,True
1779496424.9696054,2207,3.5858,1779496424.9660196,True,C3_lidar_detail,C3_lidar_detail,off,detail,False,True
1779496425.0785139,2208,12.2495,1779496425.0662644,True,C3_lidar_detail,C3_lidar_detail,off,detail,False,True
1779496425.1776516,2209,10.3922,1779496425.1672595,True,C3_lidar_detail,C3_lidar_detail,off,detail,False,True
1779496425.2855892,2210,17.7457,1779496425.2678435,True,C3_lidar_detail,C3_lidar_detail,off,detail,False,True
1779496425.3882878,2211,19.6228,1779496425.368665,True,C3_lidar_detail,C3_lidar_detail,off,detail,False,True
1779496425.482311,2212,13.4056,1779496425.4689054,True,C3_lidar_detail,C3_lidar_detail,off,detail,False,True
1779496425.5909576,2213,21.3914,1779496425.5695662,True,C3_lidar_detail,C3_lidar_detail,off,detail,False,True
1779496425.6773953,2214,7.3948,1779496425.6700006,True,C3_lidar_detail,C3_lidar_detail,off,detail,False,True
1779496425.7840798,2215,13.8123,1779496425.7702675,True,C3_lidar_detail,C3_lidar_detail,off,detail,False,True
1779496425.877274,2216,6.4189,1779496425.870855,True,C3_lidar_detail,C3_lidar_detail,off,detail,False,True
1779496425.9914863,2217,20.3009,1779496425.9711854,True,C3_lidar_detail,C3_lidar_detail,off,detail,False,True
1779496426.08159,2218,9.8615,1779496426.0717285,True,C3_lidar_detail,C3_lidar_detail,off,detail,False,True
1779496426.1819875,2219,9.7113,1779496426.1722763,True,C3_lidar_detail,C3_lidar_detail,off,detail,False,True
1779496426.2834363,2220,10.3016,1779496426.2731347,True,C3_lidar_detail,C3_lidar_detail,off,detail,False,True
1779496426.3920188,2221,18.6241,1779496426.3733947,True,C3_lidar_detail,C3_lidar_detail,off,detail,False,True
1779496426.5170605,2222,42.8617,1779496426.4741988,True,C3_lidar_detail,C3_lidar_detail,off,detail,False,True
1779496426.60128,2223,26.6228,1779496426.5746572,True,C3_lidar_detail,C3_lidar_detail,off,detail,False,True
1779496426.6864367,2224,11.5659,1779496426.6748707,True,C3_lidar_detail,C3_lidar_detail,off,detail,False,True
1779496426.8051136,2225,30.0653,1779496426.7750483,True,C3_lidar_detail,C3_lidar_detail,off,detail,False,True
1779496426.891071,2226,15.8072,1779496426.875264,True,C3_lidar_detail,C3_lidar_detail,off,detail,False,True
1779496427.0301507,2227,54.2595,1779496426.975891,True,C3_lidar_detail,C3_lidar_detail,off,detail,False,True
1779496427.0906727,2228,13.7146,1779496427.0769582,True,C3_lidar_detail,C3_lidar_detail,off,detail,False,True
1779496427.1876457,2229,10.4604,1779496427.1771853,True,C3_lidar_detail,C3_lidar_detail,off,detail,False,True
1779496427.2957556,2230,18.4197,1779496427.277336,True,C3_lidar_detail,C3_lidar_detail,off,detail,False,True
1779496427.386892,2231,9.2938,1779496427.3775983,True,C3_lidar_detail,C3_lidar_detail,off,detail,False,True
1779496427.4959304,2232,17.5831,1779496427.4783473,True,C3_lidar_detail,C3_lidar_detail,off,detail,False,True
1779496427.5904307,2233,11.5387,1779496427.578892,True,C3_lidar_detail,C3_lidar_detail,off,detail,False,True
1779496427.6966205,2234,17.4401,1779496427.6791804,True,C3_lidar_detail,C3_lidar_detail,off,detail,False,True
1779496427.7842214,2235,4.7979,1779496427.7794235,True,C3_lidar_detail,C3_lidar_detail,off,detail,False,True
1779496427.897753,2236,17.5173,1779496427.8802357,True,C3_lidar_detail,C3_lidar_detail,off,detail,False,True
1779496427.9922514,2237,11.8651,1779496427.9803863,True,C3_lidar_detail,C3_lidar_detail,off,detail,False,True
1779496428.1035912,2238,22.8119,1779496428.0807793,True,C3_lidar_detail,C3_lidar_detail,off,detail,False,True
1779496428.1876943,2239,6.2964,1779496428.181398,True,C3_lidar_detail,C3_lidar_detail,off,detail,False,True
1779496428.2897532,2240,7.6709,1779496428.2820823,True,C3_lidar_detail,C3_lidar_detail,off,detail,False,True
1779496428.3878202,2241,5.2602,1779496428.38256,True,C3_lidar_detail,C3_lidar_detail,off,detail,False,True
1779496428.502389,2242,19.3179,1779496428.483071,True,C3_lidar_detail,C3_lidar_detail,off,detail,False,True
1779496428.593206,2243,9.5994,1779496428.5836065,True,C3_lidar_detail,C3_lidar_detail,off,detail,False,True
1779496428.7079945,2244,23.7086,1779496428.6842859,True,C3_lidar_detail,C3_lidar_detail,off,detail,False,True
1779496428.7949204,2245,10.15,1779496428.7847705,True,C3_lidar_detail,C3_lidar_detail,off,detail,False,True
1779496428.9002442,2246,14.6565,1779496428.8855877,True,C3_lidar_detail,C3_lidar_detail,off,detail,False,True
1779496428.9920995,2247,6.0685,1779496428.986031,True,C3_lidar_detail,C3_lidar_detail,off,detail,False,True
1779496429.1046646,2248,18.1644,1779496429.0865002,True,C3_lidar_detail,C3_lidar_detail,off,detail,False,True
1779496429.2018301,2249,14.8191,1779496429.187011,True,C3_lidar_detail,C3_lidar_detail,off,detail,False,True
1779496429.3052955,2250,17.5097,1779496429.2877858,True,C3_lidar_detail,C3_lidar_detail,off,detail,False,True
1779496429.4000463,2251,11.5182,1779496429.388528,False,C3_lidar_detail,C3_lidar_detail,off,detail,False,True
1779496429.508739,2252,20.1118,1779496429.4886272,False,C3_lidar_detail,C3_lidar_detail,off,detail,False,True
1779496429.5996022,2253,10.6609,1779496429.5889413,False,C3_lidar_detail,C3_lidar_detail,off,detail,False,True
1779496429.712857,2254,23.3834,1779496429.6894736,False,C3_lidar_detail,C3_lidar_detail,off,detail,False,True
1779496429.8034499,2255,13.1474,1779496429.7903025,False,C3_lidar_detail,C3_lidar_detail,off,detail,False,True
1779496429.8976555,2256,7.1182,1779496429.8905373,False,C3_lidar_detail,C3_lidar_detail,off,detail,False,True
1779496430.0275054,2257,36.0155,1779496429.99149,False,C3_lidar_detail,C3_lidar_detail,off,detail,False,True
1779496430.116417,2258,24.6687,1779496430.0917482,False,C3_lidar_detail,C3_lidar_detail,off,detail,False,True
1779496430.2086089,2259,16.4332,1779496430.1921756,False,C3_lidar_detail,C3_lidar_detail,off,detail,False,True
1779496430.2997265,2260,6.7165,1779496430.29301,False,C3_lidar_detail,C3_lidar_detail,off,detail,False,True
1779496430.4033756,2261,9.6807,1779496430.3936949,False,C3_lidar_detail,C3_lidar_detail,off,detail,False,True
1779496430.541011,2262,46.1655,1779496430.4948456,False,C3_lidar_detail,C3_lidar_detail,off,detail,False,True
1779496430.6172538,2263,21.7752,1779496430.5954785,False,C3_lidar_detail,C3_lidar_detail,off,detail,False,True
1779496430.7073991,2264,11.7366,1779496430.6956625,False,C3_lidar_detail,C3_lidar_detail,off,detail,False,True
1779496430.8193486,2265,23.3133,1779496430.7960353,False,C3_lidar_detail,C3_lidar_detail,off,detail,False,True
1779496430.9045444,2266,4.6163,1779496430.899928,False,C3_lidar_detail,C3_lidar_detail,off,detail,False,True
1779496431.023118,2267,22.0919,1779496431.0010262,False,C3_lidar_detail,C3_lidar_detail,off,detail,False,True
1779496431.114287,2268,12.7113,1779496431.1015756,False,C3_lidar_detail,C3_lidar_detail,off,detail,False,True
1779496431.2204735,2269,18.574,1779496431.2018995,False,C3_lidar_detail,C3_lidar_detail,off,detail,False,True
1779496431.3114412,2270,8.7368,1779496431.3027043,False,C3_lidar_detail,C3_lidar_detail,off,detail,False,True
1779496431.4135976,2271,9.577,1779496431.4040205,False,C3_lidar_detail,C3_lidar_detail,off,detail,False,True
1779496431.514983,2272,10.303,1779496431.50468,False,C3_lidar_detail,C3_lidar_detail,off,detail,False,True
1779496431.6303203,2273,25.2936,1779496431.6050267,False,C3_lidar_detail,C3_lidar_detail,off,detail,False,True
1779496431.717394,2274,12.0144,1779496431.7053797,False,C3_lidar_detail,C3_lidar_detail,off,detail,False,True
1779496431.8309395,2275,25.0914,1779496431.8058481,False,C3_lidar_detail,C3_lidar_detail,off,detail,False,True
1779496431.9137077,2276,7.2794,1779496431.9064283,False,C3_lidar_detail,C3_lidar_detail,off,detail,False,True
1779496432.0144856,2277,7.4294,1779496432.0070562,False,C3_lidar_detail,C3_lidar_detail,off,detail,False,True
1779496432.1228836,2278,15.4669,1779496432.1074166,False,C3_lidar_detail,C3_lidar_detail,off,detail,False,True
1779496432.2142987,2279,6.4008,1779496432.207898,False,C3_lidar_detail,C3_lidar_detail,off,detail,False,True
1779496432.3248494,2280,16.1822,1779496432.3086672,False,C3_lidar_detail,C3_lidar_detail,off,detail,False,True
1779496432.4208617,2281,11.1861,1779496432.4096756,False,C3_lidar_detail,C3_lidar_detail,off,detail,False,True
1779496432.5245824,2282,14.4954,1779496432.510087,False,C3_lidar_detail,C3_lidar_detail,off,detail,False,True
1779496432.6208053,2283,10.016,1779496432.6107893,False,C3_lidar_detail,C3_lidar_detail,off,detail,False,True
1779496432.7316852,2284,20.6165,1779496432.7110686,False,C3_lidar_detail,C3_lidar_detail,off,detail,False,True
1779496432.8262787,2285,13.9916,1779496432.812287,False,C3_lidar_detail,C3_lidar_detail,off,detail,False,True
1779496432.9236183,2286,10.9835,1779496432.9126348,False,C3_lidar_detail,C3_lidar_detail,off,detail,False,True
1779496433.0323207,2287,19.0709,1779496433.0132499,False,C3_lidar_detail,C3_lidar_detail,off,detail,False,True
1779496433.1229384,2288,9.0296,1779496433.1139088,False,C3_lidar_detail,C3_lidar_detail,off,detail,False,True
1779496433.2786183,2289,64.3444,1779496433.214274,False,C3_lidar_detail,C3_lidar_detail,off,detail,False,True
1779496433.3776162,2290,63.0765,1779496433.3145397,False,C3_lidar_detail,C3_lidar_detail,off,detail,False,True
1779496433.4860685,2291,71.0485,1779496433.41502,False,C3_lidar_detail,C3_lidar_detail,off,detail,False,True
1779496433.5931046,2292,77.2493,1779496433.5158553,False,C3_lidar_detail,C3_lidar_detail,off,detail,False,True
1779496433.6826491,2293,65.9835,1779496433.6166656,False,C3_lidar_detail,C3_lidar_detail,off,detail,False,True
1779496433.7664979,2294,49.3977,1779496433.7171001,False,C3_lidar_detail,C3_lidar_detail,off,detail,False,True
1779496433.8377244,2295,20.4303,1779496433.8172941,False,C3_lidar_detail,C3_lidar_detail,off,detail,False,True
1779496433.9318414,2296,14.122,1779496433.9177194,False,C3_lidar_detail,C3_lidar_detail,off,detail,False,True
1779496434.0371618,2297,18.5611,1779496434.0186007,False,C3_lidar_detail,C3_lidar_detail,off,detail,False,True
1779496434.1271152,2298,8.014,1779496434.1191013,False,C3_lidar_detail,C3_lidar_detail,off,detail,False,True
1779496434.2377667,2299,18.5304,1779496434.2192364,False,C3_lidar_detail,C3_lidar_detail,off,detail,False,True
1779496434.3281834,2300,8.5561,1779496434.3196273,False,C3_lidar_detail,C3_lidar_detail,off,detail,False,True
1779496434.430732,2301,9.8424,1779496434.4208896,False,C3_lidar_detail,C3_lidar_detail,off,detail,False,True
1779496434.5411525,2302,20.0982,1779496434.5210543,False,C3_lidar_detail,C3_lidar_detail,off,detail,False,True
1779496434.6346319,2303,13.2086,1779496434.6214232,False,C3_lidar_detail,C3_lidar_detail,off,detail,False,True
1779496434.7448797,2304,22.6531,1779496434.7222266,False,C3_lidar_detail,C3_lidar_detail,off,detail,False,True
1779496434.836517,2305,13.2117,1779496434.8233054,False,C3_lidar_detail,C3_lidar_detail,off,detail,False,True
1779496434.9298232,2306,6.0005,1779496434.9238226,False,C3_lidar_detail,C3_lidar_detail,off,detail,False,True
1779496435.0395036,2307,15.0032,1779496435.0245004,False,C3_lidar_detail,C3_lidar_detail,off,detail,False,True
1779496435.1471558,2308,22.2986,1779496435.1248572,False,C3_lidar_detail,C3_lidar_detail,off,detail,False,True
1779496435.239915,2309,14.662,1779496435.2252529,False,C3_lidar_detail,C3_lidar_detail,off,detail,False,True
1779496435.3379126,2310,12.0223,1779496435.3258903,False,C3_lidar_detail,C3_lidar_detail,off,detail,False,True
1779496435.4325693,2311,5.9762,1779496435.426593,False,C3_lidar_detail,C3_lidar_detail,off,detail,False,True
1779496435.5363636,2312,8.7993,1779496435.5275643,False,C3_lidar_detail,C3_lidar_detail,off,detail,False,True
1779496435.6426954,2313,13.3619,1779496435.6293335,False,C3_lidar_detail,C3_lidar_detail,off,detail,False,True
1779496435.747986,2314,18.2161,1779496435.72977,False,C3_lidar_detail,C3_lidar_detail,off,detail,False,True
1779496435.8425832,2315,12.4369,1779496435.8301463,False,C3_lidar_detail,C3_lidar_detail,off,detail,False,True
1779496435.9458761,2316,15.0747,1779496435.9308014,False,C3_lidar_detail,C3_lidar_detail,off,detail,False,True
1779496436.0401495,2317,8.9579,1779496436.0311916,False,C3_lidar_detail,C3_lidar_detail,off,detail,False,True
1779496436.1526558,2318,21.0617,1779496436.1315942,False,C3_lidar_detail,C3_lidar_detail,off,detail,False,True
1779496436.2426121,2319,10.6769,1779496436.2319353,False,C3_lidar_detail,C3_lidar_detail,off,detail,False,True
1779496436.3493066,2320,17.0588,1779496436.3322477,False,C3_lidar_detail,C3_lidar_detail,off,detail,False,True
1779496436.4471092,2321,14.4515,1779496436.4326577,False,C3_lidar_detail,C3_lidar_detail,off,detail,False,True
1779496436.5413432,2322,8.1024,1779496436.5332408,False,C3_lidar_detail,C3_lidar_detail,off,detail,False,True
1779496436.6445057,2323,10.8175,1779496436.6336882,False,C3_lidar_detail,C3_lidar_detail,off,detail,False,True
1779496436.7578175,2324,23.2654,1779496436.7345521,False,C3_lidar_detail,C3_lidar_detail,off,detail,False,True
1779496436.8492994,2325,14.0145,1779496436.835285,False,C3_lidar_detail,C3_lidar_detail,off,detail,False,True
1779496436.9584577,2326,22.6889,1779496436.9357688,False,C3_lidar_detail,C3_lidar_detail,off,detail,False,True
1779496437.0545092,2327,18.4834,1779496437.0360258,False,C3_lidar_detail,C3_lidar_detail,off,detail,False,True
1779496437.160758,2328,24.1542,1779496437.1366038,False,C3_lidar_detail,C3_lidar_detail,off,detail,False,True
1779496437.2508824,2329,13.7815,1779496437.2371008,False,C3_lidar_detail,C3_lidar_detail,off,detail,False,True
1779496437.3449209,2330,7.5352,1779496437.3373857,False,C3_lidar_detail,C3_lidar_detail,off,detail,False,True
1779496437.4603775,2331,21.9805,1779496437.438397,False,C3_lidar_detail,C3_lidar_detail,off,detail,False,True
1779496437.567219,2332,28.2865,1779496437.5389326,False,C3_lidar_detail,C3_lidar_detail,off,detail,False,True
1779496437.6609771,2333,21.3392,1779496437.639638,False,C3_lidar_detail,C3_lidar_detail,off,detail,False,True
1779496437.7469828,2334,7.0357,1779496437.739947,False,C3_lidar_detail,C3_lidar_detail,off,detail,False,True
1779496437.8548157,2335,14.4432,1779496437.8403726,False,C3_lidar_detail,C3_lidar_detail,off,detail,False,True
1779496437.9474995,2336,6.0413,1779496437.9414582,False,C3_lidar_detail,C3_lidar_detail,off,detail,False,True
1779496438.0582151,2337,16.206,1779496438.042009,False,C3_lidar_detail,C3_lidar_detail,off,detail,False,True
1779496438.1532357,2338,10.6978,1779496438.1425378,False,C3_lidar_detail,C3_lidar_detail,off,detail,False,True
1779496438.2633731,2339,20.3047,1779496438.2430685,False,C3_lidar_detail,C3_lidar_detail,off,detail,False,True
1779496438.353381,2340,9.9461,1779496438.3434348,False,C3_lidar_detail,C3_lidar_detail,off,detail,False,True
1779496438.4592957,2341,15.552,1779496438.4437437,False,C3_lidar_detail,C3_lidar_detail,off,detail,False,True
1779496438.5539112,2342,9.7954,1779496438.5441158,False,C3_lidar_detail,C3_lidar_detail,off,detail,False,True
1779496438.6622398,2343,17.6678,1779496438.644572,False,C3_lidar_detail,C3_lidar_detail,off,detail,False,True
1779496438.756945,2344,12.0699,1779496438.744875,False,C3_lidar_detail,C3_lidar_detail,off,detail,False,True
1779496438.863294,2345,17.8196,1779496438.8454742,False,C3_lidar_detail,C3_lidar_detail,off,detail,False,True
1779496438.9612641,2346,15.2483,1779496438.9460158,False,C3_lidar_detail,C3_lidar_detail,off,detail,False,True
1779496439.0700564,2347,23.5033,1779496439.0465531,False,C3_lidar_detail,C3_lidar_detail,off,detail,False,True
1779496439.1554835,2348,8.5573,1779496439.1469262,False,C3_lidar_detail,C3_lidar_detail,off,detail,False,True
1779496439.266266,2349,19.0976,1779496439.2471685,False,C3_lidar_detail,C3_lidar_detail,off,detail,False,True
1779496439.3601723,2350,12.6762,1779496439.347496,False,C3_lidar_detail,C3_lidar_detail,off,detail,False,True
1779496439.4675715,2351,19.5036,1779496439.448068,False,C3_lidar_detail,C3_lidar_detail,off,detail,False,True
1779496439.5644798,2352,15.6915,1779496439.5487883,False,C3_lidar_detail,C3_lidar_detail,off,detail,False,True
1779496439.667216,2353,18.2481,1779496439.648968,False,C3_lidar_detail,C3_lidar_detail,off,detail,False,True
1779496439.7638507,2354,14.8234,1779496439.7490273,False,C3_lidar_detail,C3_lidar_detail,off,detail,False,True
1779496439.8544018,2355,4.6318,1779496439.84977,False,C3_lidar_detail,C3_lidar_detail,off,detail,False,True
1779496439.96575,2356,15.1978,1779496439.9505522,False,C3_lidar_detail,C3_lidar_detail,off,detail,False,True
1779496440.0567634,2357,5.353,1779496440.0514104,False,C3_lidar_detail,C3_lidar_detail,off,detail,False,True
1779496440.1806948,2358,28.6989,1779496440.151996,False,C3_lidar_detail,C3_lidar_detail,off,detail,False,True
1779496440.2641869,2359,11.7781,1779496440.2524087,False,C3_lidar_detail,C3_lidar_detail,off,detail,False,True
1779496440.3670871,2360,14.3831,1779496440.352704,False,C3_lidar_detail,C3_lidar_detail,off,detail,False,True
1779496440.4613485,2361,7.6761,1779496440.4536724,False,C3_lidar_detail,C3_lidar_detail,off,detail,False,True
1779496440.5711062,2362,16.679,1779496440.5544271,False,C3_lidar_detail,C3_lidar_detail,off,detail,False,True
1779496440.6648474,2363,9.901,1779496440.6549463,False,C3_lidar_detail,C3_lidar_detail,off,detail,False,True
1779496440.8316185,2364,75.9549,1779496440.7556636,False,C3_lidar_detail,C3_lidar_detail,off,detail,False,True
1779496440.8652518,2365,9.2964,1779496440.8559554,False,C3_lidar_detail,C3_lidar_detail,off,detail,False,True
1779496440.9754648,2366,18.9776,1779496440.9564872,False,C3_lidar_detail,C3_lidar_detail,off,detail,False,True
1779496441.0685606,2367,11.4667,1779496441.0570939,False,C3_lidar_detail,C3_lidar_detail,off,detail,False,True
1779496441.1772416,2368,19.8424,1779496441.1573992,False,C3_lidar_detail,C3_lidar_detail,off,detail,False,True
1779496441.27183,2369,13.303,1779496441.258527,False,C3_lidar_detail,C3_lidar_detail,off,detail,False,True
1779496441.3692117,2370,9.7849,1779496441.3594267,False,C3_lidar_detail,C3_lidar_detail,off,detail,False,True
1779496441.4761915,2371,16.3908,1779496441.4598007,False,C3_lidar_detail,C3_lidar_detail,off,detail,False,True
1779496441.573675,2372,13.1836,1779496441.5604913,False,C3_lidar_detail,C3_lidar_detail,off,detail,False,True
1779496441.6689985,2373,8.2293,1779496441.6607692,False,C3_lidar_detail,C3_lidar_detail,off,detail,False,True
1779496441.7687278,2374,5.5146,1779496441.7632132,False,C3_lidar_detail,C3_lidar_detail,off,detail,False,True
1779496441.8976092,2375,33.6413,1779496441.863968,False,C3_lidar_detail,C3_lidar_detail,off,detail,False,True
1779496441.9791243,2376,14.4126,1779496441.9647117,False,C3_lidar_detail,C3_lidar_detail,off,detail,False,True
1779496442.0720325,2377,6.3856,1779496442.065647,False,C3_lidar_detail,C3_lidar_detail,off,detail,False,True
1779496442.1785011,2378,12.2247,1779496442.1662765,False,C3_lidar_detail,C3_lidar_detail,off,detail,False,True
1779496442.2773771,2379,8.7259,1779496442.2686512,False,C3_lidar_detail,C3_lidar_detail,off,detail,False,True
1779496442.385114,2380,14.7731,1779496442.3703408,False,C3_lidar_detail,C3_lidar_detail,off,detail,False,True
1779496442.4772067,2381,6.0377,1779496442.471169,False,C3_lidar_detail,C3_lidar_detail,off,detail,False,True
1779496442.5887103,2382,17.0197,1779496442.5716906,False,C3_lidar_detail,C3_lidar_detail,off,detail,False,True
1779496442.6856124,2383,13.2968,1779496442.6723156,False,C3_lidar_detail,C3_lidar_detail,off,detail,False,True
1779496442.7791283,2384,4.4165,1779496442.7747118,False,C3_lidar_detail,C3_lidar_detail,off,detail,False,True
1779496442.898003,2385,21.9231,1779496442.87608,False,C3_lidar_detail,C3_lidar_detail,off,detail,False,True
1779496442.9923632,2386,15.8019,1779496442.9765613,False,C3_lidar_detail,C3_lidar_detail,off,detail,False,True
1779496443.0847187,2387,7.8692,1779496443.0768495,False,C3_lidar_detail,C3_lidar_detail,off,detail,False,True
1779496443.1898568,2388,12.351,1779496443.1775057,False,C3_lidar_detail,C3_lidar_detail,off,detail,False,True
1779496443.2932467,2389,5.5811,1779496443.2876656,False,C3_lidar_detail,C3_lidar_detail,off,detail,False,True
1779496443.4067192,2390,17.977,1779496443.3887422,False,C3_lidar_detail,C3_lidar_detail,off,detail,False,True
1779496443.497726,2391,8.487,1779496443.489239,False,C3_lidar_detail,C3_lidar_detail,off,detail,False,True
1779496443.6106193,2392,20.3693,1779496443.59025,False,C3_lidar_detail,C3_lidar_detail,off,detail,False,True
1779496443.7006867,2393,10.042,1779496443.6906447,False,C3_lidar_detail,C3_lidar_detail,off,detail,False,True
1779496443.8126185,2394,21.7814,1779496443.790837,False,C3_lidar_detail,C3_lidar_detail,off,detail,False,True
1779496443.908451,2395,16.7563,1779496443.8916948,False,C3_lidar_detail,C3_lidar_detail,off,detail,False,True
1779496444.0000865,2396,7.7221,1779496443.9923644,False,C3_lidar_detail,C3_lidar_detail,off,detail,False,True
1779496444.111619,2397,18.7938,1779496444.0928252,False,C3_lidar_detail,C3_lidar_detail,off,detail,False,True
1779496444.229478,2398,36.051,1779496444.1934268,False,C3_lidar_detail,C3_lidar_detail,off,detail,False,True
1779496444.313519,2399,19.9842,1779496444.2935348,False,C3_lidar_detail,C3_lidar_detail,off,detail,False,True
1779496444.4091165,2400,15.3189,1779496444.3937976,False,C3_lidar_detail,C3_lidar_detail,off,detail,False,True
1779496444.5161126,2401,21.7052,1779496444.4944074,False,C3_lidar_detail,C3_lidar_detail,off,detail,False,True
1779496444.6071954,2402,12.1017,1779496444.5950937,False,C3_lidar_detail,C3_lidar_detail,off,detail,False,True
1779496444.716356,2403,20.9267,1779496444.6954293,False,C3_lidar_detail,C3_lidar_detail,off,detail,False,True
1779496444.8022985,2404,4.8096,1779496444.797489,False,C3_lidar_detail,C3_lidar_detail,off,detail,False,True
1779496444.9071648,2405,8.6315,1779496444.8985333,False,C3_lidar_detail,C3_lidar_detail,off,detail,False,True
1779496445.0164573,2406,17.4224,1779496444.999035,False,C3_lidar_detail,C3_lidar_detail,off,detail,False,True
1779496445.1053247,2407,6.1281,1779496445.0991967,False,C3_lidar_detail,C3_lidar_detail,off,detail,False,True
1779496445.216031,2408,16.3283,1779496445.1997027,False,C3_lidar_detail,C3_lidar_detail,off,detail,False,True
1779496445.3079407,2409,8.0349,1779496445.2999058,False,C3_lidar_detail,C3_lidar_detail,off,detail,False,True
1779496445.4188993,2410,18.5082,1779496445.400391,False,C3_lidar_detail,C3_lidar_detail,off,detail,False,True
1779496445.51311,2411,12.1429,1779496445.500967,False,C3_lidar_detail,C3_lidar_detail,off,detail,False,True
1779496445.6208081,2412,19.2249,1779496445.6015832,False,C3_lidar_detail,C3_lidar_detail,off,detail,False,True
1779496445.7118392,2413,9.6867,1779496445.7021525,False,C3_lidar_detail,C3_lidar_detail,off,detail,False,True
1779496445.8137774,2414,11.08,1779496445.8026974,False,C3_lidar_detail,C3_lidar_detail,off,detail,False,True
1779496445.916269,2415,13.2992,1779496445.9029698,False,C3_lidar_detail,C3_lidar_detail,off,detail,False,True
1779496446.0224938,2416,18.9309,1779496446.003563,False,C3_lidar_detail,C3_lidar_detail,off,detail,False,True
1779496446.1149812,2417,10.6897,1779496446.1042914,False,C3_lidar_detail,C3_lidar_detail,off,detail,False,True
1779496446.2631946,2418,57.7924,1779496446.2054021,False,C3_lidar_detail,C3_lidar_detail,off,detail,False,True
1779496446.3484187,2419,42.3212,1779496446.3060975,False,C3_lidar_detail,C3_lidar_detail,off,detail,False,True
1779496446.4321194,2420,25.2218,1779496446.4068975,False,C3_lidar_detail,C3_lidar_detail,off,detail,False,True
1779496446.5239305,2421,16.6013,1779496446.5073292,False,C3_lidar_detail,C3_lidar_detail,off,detail,False,True
1779496446.6266406,2422,19.0909,1779496446.6075497,False,C3_lidar_detail,C3_lidar_detail,off,detail,False,True
1779496446.7167351,2423,8.3866,1779496446.7083485,False,C3_lidar_detail,C3_lidar_detail,off,detail,False,True
1779496446.8224442,2424,13.468,1779496446.8089762,False,C3_lidar_detail,C3_lidar_detail,off,detail,False,True
1779496446.9211514,2425,11.5829,1779496446.9095685,False,C3_lidar_detail,C3_lidar_detail,off,detail,False,True
1779496447.0293756,2426,18.9755,1779496447.0104,False,C3_lidar_detail,C3_lidar_detail,off,detail,False,True
1779496447.124525,2427,13.5889,1779496447.1109362,False,C3_lidar_detail,C3_lidar_detail,off,detail,False,True
1779496447.2199686,2428,8.4407,1779496447.2115278,False,C3_lidar_detail,C3_lidar_detail,off,detail,False,True
1779496447.3264909,2429,14.3297,1779496447.3121612,False,C3_lidar_detail,C3_lidar_detail,off,detail,False,True
1779496447.4359853,2430,23.2878,1779496447.4126976,False,C3_lidar_detail,C3_lidar_detail,off,detail,False,True
1779496447.5641851,2431,51.2037,1779496447.5129814,False,C3_lidar_detail,C3_lidar_detail,off,detail,False,True
1779496447.6459863,2432,32.2604,1779496447.613726,False,C3_lidar_detail,C3_lidar_detail,off,detail,False,True
1779496447.7322767,2433,18.0552,1779496447.7142215,False,C3_lidar_detail,C3_lidar_detail,off,detail,False,True
1779496447.8218288,2434,7.1273,1779496447.8147016,False,C3_lidar_detail,C3_lidar_detail,off,detail,False,True
1779496447.9291255,2435,13.8757,1779496447.9152498,False,C3_lidar_detail,C3_lidar_detail,off,detail,False,True
1779496448.0233414,2436,7.726,1779496448.0156155,False,C3_lidar_detail,C3_lidar_detail,off,detail,False,True
1779496448.137511,2437,21.4617,1779496448.1160493,False,C3_lidar_detail,C3_lidar_detail,off,detail,False,True
1779496448.2274659,2438,10.8905,1779496448.2165754,False,C3_lidar_detail,C3_lidar_detail,off,detail,False,True
1779496448.34086,2439,23.6809,1779496448.317179,False,C3_lidar_detail,C3_lidar_detail,off,detail,False,True
1779496448.436996,2440,19.1796,1779496448.4178164,False,C3_lidar_detail,C3_lidar_detail,off,detail,False,True
1779496448.572675,2441,54.2877,1779496448.5183873,False,C3_lidar_detail,C3_lidar_detail,off,detail,False,True
1779496448.6602151,2442,41.0142,1779496448.619201,False,C3_lidar_detail,C3_lidar_detail,off,detail,False,True
1779496448.7382882,2443,18.1413,1779496448.720147,False,C3_lidar_detail,C3_lidar_detail,off,detail,False,True
1779496448.8296893,2444,8.5735,1779496448.8211157,False,C3_lidar_detail,C3_lidar_detail,off,detail,False,True
1779496448.9319181,2445,10.3319,1779496448.9215863,False,C3_lidar_detail,C3_lidar_detail,off,detail,False,True
1779496449.0346513,2446,12.2592,1779496449.022392,False,C3_lidar_detail,C3_lidar_detail,off,detail,False,True
1779496449.1412122,2447,18.2304,1779496449.1229818,False,C3_lidar_detail,C3_lidar_detail,off,detail,False,True
1779496449.2341726,2448,10.4439,1779496449.2237287,False,C3_lidar_detail,C3_lidar_detail,off,detail,False,True
1779496449.342873,2449,18.8122,1779496449.324061,False,C3_lidar_detail,C3_lidar_detail,off,detail,False,True
1779496449.437551,2450,13.2036,1779496449.4243474,False,C3_lidar_detail,C3_lidar_detail,off,detail,False,True
1779496449.5443203,2451,19.3243,1779496449.524996,False,C3_lidar_detail,C3_lidar_detail,off,detail,False,True
1779496449.6386628,2452,13.377,1779496449.6252859,False,C3_lidar_detail,C3_lidar_detail,off,detail,False,True
1779496449.7326586,2453,6.5413,1779496449.7261174,False,C3_lidar_detail,C3_lidar_detail,off,detail,False,True
1779496449.8426223,2454,16.1209,1779496449.8265014,False,C3_lidar_detail,C3_lidar_detail,off,detail,False,True
1779496449.9361486,2455,8.7633,1779496449.9273853,False,C3_lidar_detail,C3_lidar_detail,off,detail,False,True
1779496450.037805,2456,8.3733,1779496450.0294318,False,C3_lidar_detail,C3_lidar_detail,off,detail,False,True
1779496450.1519115,2457,21.4574,1779496450.130454,False,C3_lidar_detail,C3_lidar_detail,off,detail,False,True
1779496450.244377,2458,12.9898,1779496450.2313871,False,C3_lidar_detail,C3_lidar_detail,off,detail,False,True
1779496450.3415585,2459,9.8851,1779496450.3316734,False,C3_lidar_detail,C3_lidar_detail,off,detail,False,True
1779496450.4461966,2460,14.1957,1779496450.4320009,False,C3_lidar_detail,C3_lidar_detail,off,detail,False,True
1779496450.5789673,2461,46.7095,1779496450.5322578,False,C3_lidar_detail,C3_lidar_detail,off,detail,False,True
1779496450.6627202,2462,30.2184,1779496450.6325018,False,C3_lidar_detail,C3_lidar_detail,off,detail,False,True
1779496450.7578506,2463,24.8489,1779496450.7330017,False,C3_lidar_detail,C3_lidar_detail,off,detail,False,True
1779496450.8423274,2464,8.7373,1779496450.83359,False,C3_lidar_detail,C3_lidar_detail,off,detail,False,True
1779496450.954277,2465,20.3483,1779496450.9339287,False,C3_lidar_detail,C3_lidar_detail,off,detail,False,True
1779496451.0560584,2466,20.9861,1779496451.0350723,False,C3_lidar_detail,C3_lidar_detail,off,detail,False,True
1779496451.151657,2467,15.8272,1779496451.13583,False,C3_lidar_detail,C3_lidar_detail,off,detail,False,True
1779496451.2446394,2468,8.244,1779496451.2363954,False,C3_lidar_detail,C3_lidar_detail,off,detail,False,True
1779496451.3526883,2469,15.7073,1779496451.336981,False,C3_lidar_detail,C3_lidar_detail,off,detail,False,True
1779496451.4438603,2470,6.6264,1779496451.437234,False,C3_lidar_detail,C3_lidar_detail,off,detail,False,True
1779496451.585802,2471,45.5706,1779496451.5402315,False,C3_lidar_detail,C3_lidar_detail,off,detail,False,True
1779496451.6694028,2472,27.6659,1779496451.641737,False,C3_lidar_detail,C3_lidar_detail,off,detail,False,True
1779496451.7548997,2473,12.4145,1779496451.7424853,False,C3_lidar_detail,C3_lidar_detail,off,detail,False,True
1779496451.858165,2474,15.2586,1779496451.8429065,False,C3_lidar_detail,C3_lidar_detail,off,detail,False,True
1779496451.9553676,2475,12.1939,1779496451.9431736,False,C3_lidar_detail,C3_lidar_detail,off,detail,False,True
1779496452.0589318,2476,11.6384,1779496452.0472934,False,C3_lidar_detail,C3_lidar_detail,off,detail,False,True
1779496452.1558053,2477,7.556,1779496452.1482494,False,C3_lidar_detail,C3_lidar_detail,off,detail,False,True
1779496452.3062003,2478,57.601,1779496452.2485993,False,C3_lidar_detail,C3_lidar_detail,off,detail,False,True
1779496452.3845665,2479,35.7857,1779496452.3487809,False,C3_lidar_detail,C3_lidar_detail,off,detail,False,True
1779496452.4755154,2480,26.5446,1779496452.4489708,False,C3_lidar_detail,C3_lidar_detail,off,detail,False,True
1779496452.5593734,2481,9.4695,1779496452.5499039,False,C3_lidar_detail,C3_lidar_detail,off,detail,False,True
1779496452.6648462,2482,14.4761,1779496452.6503701,False,C3_lidar_detail,C3_lidar_detail,off,detail,False,True
1779496452.7603197,2483,9.1341,1779496452.7511857,False,C3_lidar_detail,C3_lidar_detail,off,detail,False,True
1779496452.867678,2484,16.207,1779496452.851471,False,C3_lidar_detail,C3_lidar_detail,off,detail,False,True
1779496452.9635646,2485,11.5616,1779496452.952003,False,C3_lidar_detail,C3_lidar_detail,off,detail,False,True
1779496453.0638347,2486,11.7466,1779496453.052088,False,C3_lidar_detail,C3_lidar_detail,off,detail,False,True
1779496453.1607857,2487,8.0822,1779496453.1527035,False,C3_lidar_detail,C3_lidar_detail,off,detail,False,True
1779496453.273858,2488,20.7076,1779496453.2531505,False,C3_lidar_detail,C3_lidar_detail,off,detail,False,True
1779496453.378273,2489,24.3797,1779496453.3538933,False,C3_lidar_detail,C3_lidar_detail,off,detail,False,True
1779496453.470769,2490,16.4623,1779496453.4543066,False,C3_lidar_detail,C3_lidar_detail,off,detail,False,True
1779496453.571611,2491,16.7754,1779496453.5548356,False,C3_lidar_detail,C3_lidar_detail,off,detail,False,True
1779496453.6762567,2492,21.0221,1779496453.6552346,False,C3_lidar_detail,C3_lidar_detail,off,detail,False,True
1779496453.767496,2493,11.7738,1779496453.7557223,False,C3_lidar_detail,C3_lidar_detail,off,detail,False,True
1779496453.877784,2494,21.2438,1779496453.8565402,False,C3_lidar_detail,C3_lidar_detail,off,detail,False,True
1779496453.9671218,2495,10.2246,1779496453.9568973,False,C3_lidar_detail,C3_lidar_detail,off,detail,False,True
1779496454.0711007,2496,13.4413,1779496454.0576594,False,C3_lidar_detail,C3_lidar_detail,off,detail,False,True
1779496454.1712756,2497,13.2329,1779496454.1580427,False,C3_lidar_detail,C3_lidar_detail,off,detail,False,True
1779496454.2791586,2498,20.7975,1779496454.258361,False,C3_lidar_detail,C3_lidar_detail,off,detail,False,True
1779496454.3713677,2499,12.6889,1779496454.3586788,False,C3_lidar_detail,C3_lidar_detail,off,detail,False,True
1779496454.466906,2500,7.8735,1779496454.4590325,False,C3_lidar_detail,C3_lidar_detail,off,detail,False,True
1779496454.5729027,2501,13.324,1779496454.5595787,False,C3_lidar_detail,C3_lidar_detail,off,detail,False,True
1779496454.6834047,2502,23.5176,1779496454.659887,False,C3_lidar_detail,C3_lidar_detail,off,detail,False,True
1779496454.776166,2503,15.8327,1779496454.7603333,False,C3_lidar_detail,C3_lidar_detail,off,detail,False,True
1779496454.8751142,2504,14.3652,1779496454.860749,False,C3_lidar_detail,C3_lidar_detail,off,detail,False,True
1779496455.01479,2505,53.8447,1779496454.9609454,False,C3_lidar_detail,C3_lidar_detail,off,detail,False,True
1779496455.1045394,2506,42.9468,1779496455.0615926,False,C3_lidar_detail,C3_lidar_detail,off,detail,False,True
1779496455.1866035,2507,24.3671,1779496455.1622365,False,C3_lidar_detail,C3_lidar_detail,off,detail,False,True
1779496455.280905,2508,18.5156,1779496455.2623894,False,C3_lidar_detail,C3_lidar_detail,off,detail,False,True
1779496455.3676803,2509,4.7042,1779496455.362976,False,C3_lidar_detail,C3_lidar_detail,off,detail,False,True
1779496455.4747152,2510,11.066,1779496455.4636493,False,C3_lidar_detail,C3_lidar_detail,off,detail,False,True
1779496455.5851028,2511,20.8399,1779496455.5642629,False,C3_lidar_detail,C3_lidar_detail,off,detail,False,True
1779496455.6712897,2512,5.0254,1779496455.6662643,False,C3_lidar_detail,C3_lidar_detail,off,detail,False,True
1779496455.787004,2513,20.159,1779496455.766845,False,C3_lidar_detail,C3_lidar_detail,off,detail,False,True
1779496455.8818462,2514,14.3354,1779496455.8675108,False,C3_lidar_detail,C3_lidar_detail,off,detail,False,True
1779496455.9777546,2515,9.7339,1779496455.9680207,False,C3_lidar_detail,C3_lidar_detail,off,detail,False,True
1779496456.08882,2516,20.1011,1779496456.068719,False,C3_lidar_detail,C3_lidar_detail,off,detail,False,True
1779496456.17998,2517,10.8979,1779496456.1690822,False,C3_lidar_detail,C3_lidar_detail,off,detail,False,True
1779496456.2951803,2518,25.9397,1779496456.2692406,False,C3_lidar_detail,C3_lidar_detail,off,detail,False,True
1779496456.384788,2519,14.5311,1779496456.370257,False,C3_lidar_detail,C3_lidar_detail,off,detail,False,True
1779496456.4817078,2520,10.9036,1779496456.4708042,False,C3_lidar_detail,C3_lidar_detail,off,detail,False,True
1779496456.5848846,2521,13.5648,1779496456.5713198,False,C3_lidar_detail,C3_lidar_detail,off,detail,False,True
1779496456.6844425,2522,12.7347,1779496456.6717079,False,C3_lidar_detail,C3_lidar_detail,off,detail,False,True
1779496456.800727,2523,28.3093,1779496456.7724175,False,C3_lidar_detail,C3_lidar_detail,off,detail,False,True
1779496456.889256,2524,16.4609,1779496456.872795,False,C3_lidar_detail,C3_lidar_detail,off,detail,False,True
1779496456.9848924,2525,11.8451,1779496456.9730473,False,C3_lidar_detail,C3_lidar_detail,off,detail,False,True
1779496457.0796142,2526,6.1128,1779496457.0735013,False,C3_lidar_detail,C3_lidar_detail,off,detail,False,True
1779496457.1860185,2527,11.8363,1779496457.1741822,False,C3_lidar_detail,C3_lidar_detail,off,detail,False,True
1779496457.295832,2528,20.8938,1779496457.274938,False,C3_lidar_detail,C3_lidar_detail,off,detail,False,True
1779496457.3918126,2529,16.1517,1779496457.375661,False,C3_lidar_detail,C3_lidar_detail,off,detail,False,True
1779496457.4986415,2530,22.2566,1779496457.4763849,False,C3_lidar_detail,C3_lidar_detail,off,detail,False,True
1779496457.592118,2531,15.5306,1779496457.5765874,False,C3_lidar_detail,C3_lidar_detail,off,detail,False,True
1779496457.6952798,2532,18.2509,1779496457.677029,False,C3_lidar_detail,C3_lidar_detail,off,detail,False,True
1779496457.8039603,2533,26.5014,1779496457.777459,False,C3_lidar_detail,C3_lidar_detail,off,detail,False,True
1779496457.8851895,2534,6.7768,1779496457.8784127,False,C3_lidar_detail,C3_lidar_detail,off,detail,False,True
1779496457.9952078,2535,16.3088,1779496457.978899,False,C3_lidar_detail,C3_lidar_detail,off,detail,False,True
1779496458.1037464,2536,24.3139,1779496458.0794325,False,C3_lidar_detail,C3_lidar_detail,off,detail,False,True
1779496458.1949766,2537,15.2309,1779496458.1797457,False,C3_lidar_detail,C3_lidar_detail,off,detail,False,True
1779496458.342841,2538,55.7933,1779496458.2870476,False,C3_lidar_detail,C3_lidar_detail,off,detail,False,True
1779496458.4282448,2539,40.6606,1779496458.3875842,False,C3_lidar_detail,C3_lidar_detail,off,detail,False,True
1779496458.5131721,2540,25.0881,1779496458.488084,False,C3_lidar_detail,C3_lidar_detail,off,detail,False,True
1779496458.6005137,2541,12.054,1779496458.5884597,False,C3_lidar_detail,C3_lidar_detail,off,detail,False,True
1779496458.7537541,2542,64.4765,1779496458.6892776,False,C3_lidar_detail,C3_lidar_detail,off,detail,False,True
1779496458.8397534,2543,49.8405,1779496458.789913,False,C3_lidar_detail,C3_lidar_detail,off,detail,False,True
1779496458.9249656,2544,34.1549,1779496458.8908107,False,C3_lidar_detail,C3_lidar_detail,off,detail,False,True
1779496459.0089123,2545,17.5846,1779496458.9913278,False,C3_lidar_detail,C3_lidar_detail,off,detail,False,True
1779496459.0968838,2546,5.0483,1779496459.0918355,False,C3_lidar_detail,C3_lidar_detail,off,detail,False,True
1779496459.2106035,2547,18.3887,1779496459.1922147,False,C3_lidar_detail,C3_lidar_detail,off,detail,False,True
1779496459.31559,2548,22.8727,1779496459.2927172,False,C3_lidar_detail,C3_lidar_detail,off,detail,False,True
1779496459.406997,2549,13.3405,1779496459.3936565,False,C3_lidar_detail,C3_lidar_detail,off,detail,False,True
1779496459.5036726,2550,9.6626,1779496459.49401,False,C3_lidar_detail,C3_lidar_detail,off,detail,False,True
1779496459.6240022,2551,29.7041,1779496459.5942981,False,C3_lidar_detail,C3_lidar_detail,off,detail,False,True
1779496459.7059033,2552,11.0629,1779496459.6948404,False,C3_lidar_detail,C3_lidar_detail,off,detail,False,True
1779496459.8135953,2553,18.4004,1779496459.7951949,False,C3_lidar_detail,C3_lidar_detail,off,detail,False,True
1779496459.9026387,2554,7.2341,1779496459.8954046,False,C3_lidar_detail,C3_lidar_detail,off,detail,False,True
1779496460.0105467,2555,14.7402,1779496459.9958065,False,C3_lidar_detail,C3_lidar_detail,off,detail,False,True
1779496460.1031973,2556,6.4874,1779496460.09671,False,C3_lidar_detail,C3_lidar_detail,off,detail,False,True
1779496460.2115,2557,14.1518,1779496460.197348,False,C3_lidar_detail,C3_lidar_detail,off,detail,False,True
1779496460.3042006,2558,5.2154,1779496460.2989852,False,C3_lidar_detail,C3_lidar_detail,off,detail,False,True
1779496460.4281766,2559,28.5711,1779496460.3996055,False,C3_lidar_detail,C3_lidar_detail,off,detail,False,True
1779496460.5166626,2560,16.566,1779496460.5000966,False,C3_lidar_detail,C3_lidar_detail,off,detail,False,True
1779496460.6154583,2561,15.1305,1779496460.6003277,False,C3_lidar_detail,C3_lidar_detail,off,detail,False,True
1779496460.720263,2562,19.6323,1779496460.7006307,False,C3_lidar_detail,C3_lidar_detail,off,detail,False,True
1779496460.8311567,2563,27.1769,1779496460.8039799,False,C3_lidar_detail,C3_lidar_detail,off,detail,False,True
1779496460.9244819,2564,19.4716,1779496460.9050102,False,C3_lidar_detail,C3_lidar_detail,off,detail,False,True
1779496461.018981,2565,13.6151,1779496461.0053658,False,C3_lidar_detail,C3_lidar_detail,off,detail,False,True
1779496461.123084,2566,17.2055,1779496461.1058786,False,C3_lidar_detail,C3_lidar_detail,off,detail,False,True
1779496461.2174027,2567,11.1525,1779496461.2062502,False,C3_lidar_detail,C3_lidar_detail,off,detail,False,True
1779496461.3257756,2568,19.0895,1779496461.3066862,False,C3_lidar_detail,C3_lidar_detail,off,detail,False,True
1779496461.4210467,2569,12.8536,1779496461.408193,False,C3_lidar_detail,C3_lidar_detail,off,detail,False,True
1779496461.5360453,2570,27.3256,1779496461.5087197,False,C3_lidar_detail,C3_lidar_detail,off,detail,False,True
1779496461.623851,2571,14.5879,1779496461.6092632,False,C3_lidar_detail,C3_lidar_detail,off,detail,False,True
1779496461.7163427,2572,6.0911,1779496461.7102516,False,C3_lidar_detail,C3_lidar_detail,off,detail,False,True
1779496461.8202436,2573,9.3682,1779496461.8108754,False,C3_lidar_detail,C3_lidar_detail,off,detail,False,True
1779496461.9172494,2574,6.1369,1779496461.9111125,False,C3_lidar_detail,C3_lidar_detail,off,detail,False,True
1779496462.0261917,2575,14.4556,1779496462.0117362,False,C3_lidar_detail,C3_lidar_detail,off,detail,False,True
1779496462.1195216,2576,7.5195,1779496462.1120021,False,C3_lidar_detail,C3_lidar_detail,off,detail,False,True
1779496462.229399,2577,17.1115,1779496462.2122874,False,C3_lidar_detail,C3_lidar_detail,off,detail,False,True
1779496462.3202481,2578,7.5185,1779496462.3127296,False,C3_lidar_detail,C3_lidar_detail,off,detail,False,True
1779496462.4334369,2579,20.2045,1779496462.4132323,False,C3_lidar_detail,C3_lidar_detail,off,detail,False,True
1779496462.5223265,2580,8.2347,1779496462.5140917,False,C3_lidar_detail,C3_lidar_detail,off,detail,False,True
1779496462.6311772,2581,16.7992,1779496462.614378,False,C3_lidar_detail,C3_lidar_detail,off,detail,False,True
1779496462.7266667,2582,11.3037,1779496462.715363,False,C3_lidar_detail,C3_lidar_detail,off,detail,False,True
1779496462.8315442,2583,15.7535,1779496462.8157907,False,C3_lidar_detail,C3_lidar_detail,off,detail,False,True
1779496462.9420452,2584,25.9228,1779496462.9161224,False,C3_lidar_detail,C3_lidar_detail,off,detail,False,True
1779496463.0351872,2585,18.682,1779496463.0165052,False,C3_lidar_detail,C3_lidar_detail,off,detail,False,True
1779496463.1295516,2586,12.6476,1779496463.116904,False,C3_lidar_detail,C3_lidar_detail,off,detail,False,True
1779496463.2390049,2587,21.9352,1779496463.2170696,False,C3_lidar_detail,C3_lidar_detail,off,detail,False,True
1779496463.3331614,2588,15.9316,1779496463.3172297,False,C3_lidar_detail,C3_lidar_detail,off,detail,False,True
1779496463.4310913,2589,7.7832,1779496463.4233081,False,C3_lidar_detail,C3_lidar_detail,off,detail,False,True
1779496463.5351477,2590,10.6919,1779496463.5244558,False,C3_lidar_detail,C3_lidar_detail,off,detail,False,True
1779496463.6416929,2591,16.598,1779496463.625095,False,C3_lidar_detail,C3_lidar_detail,off,detail,False,True
1779496463.733132,2592,7.4394,1779496463.7256925,False,C3_lidar_detail,C3_lidar_detail,off,detail,False,True
1779496463.8451273,2593,19.0821,1779496463.8260453,False,C3_lidar_detail,C3_lidar_detail,off,detail,False,True
1779496463.9502099,2594,23.4282,1779496463.9267817,False,C3_lidar_detail,C3_lidar_detail,off,detail,False,True
1779496464.0421562,2595,14.7142,1779496464.027442,False,C3_lidar_detail,C3_lidar_detail,off,detail,False,True
1779496464.1376297,2596,9.7356,1779496464.1278942,False,C3_lidar_detail,C3_lidar_detail,off,detail,False,True
1779496464.242857,2597,14.4072,1779496464.2284498,False,C3_lidar_detail,C3_lidar_detail,off,detail,False,True
1779496464.3358269,2598,7.1676,1779496464.3286593,False,C3_lidar_detail,C3_lidar_detail,off,detail,False,True
1779496464.4345362,2599,5.013,1779496464.4295232,False,C3_lidar_detail,C3_lidar_detail,off,detail,False,True
1779496464.538493,2600,7.448,1779496464.531045,False,C3_lidar_detail,C3_lidar_detail,off,detail,False,True
1779496464.6922858,2601,60.4622,1779496464.6318235,False,C3_lidar_detail,C3_lidar_detail,off,detail,False,True
1779496464.7779016,2602,45.5229,1779496464.7323787,False,C3_lidar_detail,C3_lidar_detail,off,detail,False,True
1779496464.8630047,2603,30.2241,1779496464.8327806,False,C3_lidar_detail,C3_lidar_detail,off,detail,False,True
1779496464.9564106,2604,21.9219,1779496464.9344888,False,C3_lidar_detail,C3_lidar_detail,off,detail,False,True
1779496465.0513372,2605,15.8195,1779496465.0355177,False,C3_lidar_detail,C3_lidar_detail,off,detail,False,True
1779496465.1553876,2606,19.3264,1779496465.1360612,False,C3_lidar_detail,C3_lidar_detail,off,detail,False,True
1779496465.2498293,2607,13.4585,1779496465.2363708,False,C3_lidar_detail,C3_lidar_detail,off,detail,False,True
1779496465.3606157,2608,24.0185,1779496465.3365972,False,C3_lidar_detail,C3_lidar_detail,off,detail,False,True
1779496465.4445283,2609,6.5777,1779496465.4379506,False,C3_lidar_detail,C3_lidar_detail,off,detail,False,True
1779496465.5869803,2610,48.3634,1779496465.538617,False,C3_lidar_detail,C3_lidar_detail,off,detail,False,True
1779496465.668881,2611,29.9447,1779496465.6389363,False,C3_lidar_detail,C3_lidar_detail,off,detail,False,True
1779496465.7510557,2612,11.976,1779496465.7390797,False,C3_lidar_detail,C3_lidar_detail,off,detail,False,True
1779496465.8446765,2613,5.0173,1779496465.8396592,False,C3_lidar_detail,C3_lidar_detail,off,detail,False,True
1779496465.949099,2614,9.1457,1779496465.9399533,False,C3_lidar_detail,C3_lidar_detail,off,detail,False,True
1779496466.0459874,2615,5.7776,1779496466.0402098,False,C3_lidar_detail,C3_lidar_detail,off,detail,False,True
1779496466.1678905,2616,27.1647,1779496466.1407259,False,C3_lidar_detail,C3_lidar_detail,off,detail,False,True
1779496466.2500613,2617,8.4622,1779496466.241599,False,C3_lidar_detail,C3_lidar_detail,off,detail,False,True
1779496466.3581693,2618,16.2899,1779496466.3418794,False,C3_lidar_detail,C3_lidar_detail,off,detail,False,True
1779496466.453423,2619,11.3919,1779496466.4420311,False,C3_lidar_detail,C3_lidar_detail,off,detail,False,True
1779496466.5595083,2620,17.0305,1779496466.5424778,False,C3_lidar_detail,C3_lidar_detail,off,detail,False,True
1779496466.6530337,2621,10.2758,1779496466.642758,False,C3_lidar_detail,C3_lidar_detail,off,detail,False,True
1779496466.7636304,2622,20.4508,1779496466.7431796,False,C3_lidar_detail,C3_lidar_detail,off,detail,False,True
1779496466.8567917,2623,12.8775,1779496466.8439143,False,C3_lidar_detail,C3_lidar_detail,off,detail,False,True
1779496466.9489408,2624,4.595,1779496466.9443457,False,C3_lidar_detail,C3_lidar_detail,off,detail,False,True
1779496467.0578187,2625,13.1762,1779496467.0446424,False,C3_lidar_detail,C3_lidar_detail,off,detail,False,True
1779496467.1511471,2626,5.9152,1779496467.145232,False,C3_lidar_detail,C3_lidar_detail,off,detail,False,True
1779496467.2625372,2627,16.7458,1779496467.2457914,False,C3_lidar_detail,C3_lidar_detail,off,detail,False,True
1779496467.3556101,2628,9.3277,1779496467.3462825,False,C3_lidar_detail,C3_lidar_detail,off,detail,False,True
1779496467.46638,2629,19.51,1779496467.4468699,False,C3_lidar_detail,C3_lidar_detail,off,detail,False,True
1779496467.593208,2630,39.6845,1779496467.5535235,False,C3_lidar_detail,C3_lidar_detail,off,detail,False,True
1779496467.681612,2631,27.2691,1779496467.654343,False,C3_lidar_detail,C3_lidar_detail,off,detail,False,True
1779496467.7668662,2632,12.1684,1779496467.7546978,False,C3_lidar_detail,C3_lidar_detail,off,detail,False,True
1779496467.8684142,2633,13.319,1779496467.8550951,False,C3_lidar_detail,C3_lidar_detail,off,detail,False,True
1779496467.9892628,2634,34.0295,1779496467.9552333,False,C3_lidar_detail,C3_lidar_detail,off,detail,False,True
1779496468.1219516,2635,61.7154,1779496468.0602362,False,C3_lidar_detail,C3_lidar_detail,off,detail,False,True
1779496468.1952715,2636,33.8688,1779496468.1614027,False,C3_lidar_detail,C3_lidar_detail,off,detail,False,True
1779496468.28642,2637,24.4794,1779496468.2619407,False,C3_lidar_detail,C3_lidar_detail,off,detail,False,True
1779496468.3820667,2638,19.6185,1779496468.3624482,False,C3_lidar_detail,C3_lidar_detail,off,detail,False,True
1779496468.479591,2639,16.6199,1779496468.462971,False,C3_lidar_detail,C3_lidar_detail,off,detail,False,True
1779496468.581596,2640,17.7906,1779496468.5638053,False,C3_lidar_detail,C3_lidar_detail,off,detail,False,True
1779496468.6778471,2641,13.3955,1779496468.6644516,False,C3_lidar_detail,C3_lidar_detail,off,detail,False,True
1779496468.7856333,2642,20.5531,1779496468.7650802,False,C3_lidar_detail,C3_lidar_detail,off,detail,False,True
1779496468.877133,2643,10.8445,1779496468.8662884,False,C3_lidar_detail,C3_lidar_detail,off,detail,False,True
1779496468.9824865,2644,15.2085,1779496468.967278,False,C3_lidar_detail,C3_lidar_detail,off,detail,False,True
1779496469.1142254,2645,46.2949,1779496469.0679305,False,C3_lidar_detail,C3_lidar_detail,off,detail,False,True
1779496469.197322,2646,28.9576,1779496469.1683643,False,C3_lidar_detail,C3_lidar_detail,off,detail,False,True
1779496469.2880595,2647,19.3193,1779496469.2687402,False,C3_lidar_detail,C3_lidar_detail,off,detail,False,True
1779496469.378123,2648,8.9478,1779496469.3691752,False,C3_lidar_detail,C3_lidar_detail,off,detail,False,True
1779496469.4885015,2649,19.0256,1779496469.469476,False,C3_lidar_detail,C3_lidar_detail,off,detail,False,True
1779496469.6003702,2650,29.948,1779496469.5704222,False,C3_lidar_detail,C3_lidar_detail,off,detail,False,True
1779496469.692665,2651,21.9133,1779496469.6707518,False,C3_lidar_detail,C3_lidar_detail,off,detail,False,True
1779496469.789781,2652,18.3606,1779496469.7714205,False,C3_lidar_detail,C3_lidar_detail,off,detail,False,True
1779496469.8909588,2653,19.0139,1779496469.871945,False,C3_lidar_detail,C3_lidar_detail,off,detail,False,True
1779496469.9837158,2654,11.0323,1779496469.9726834,False,C3_lidar_detail,C3_lidar_detail,off,detail,False,True
1779496470.078504,2655,5.4331,1779496470.073071,False,C3_lidar_detail,C3_lidar_detail,off,detail,False,True
1779496470.1850586,2656,10.3216,1779496470.174737,False,C3_lidar_detail,C3_lidar_detail,off,detail,False,True
1779496470.2945669,2657,19.2971,1779496470.2752697,False,C3_lidar_detail,C3_lidar_detail,off,detail,False,True
1779496470.386961,2658,11.5283,1779496470.3754327,False,C3_lidar_detail,C3_lidar_detail,off,detail,False,True
1779496470.4961705,2659,20.1354,1779496470.476035,False,C3_lidar_detail,C3_lidar_detail,off,detail,False,True
1779496470.583747,2660,5.82,1779496470.5779269,False,C3_lidar_detail,C3_lidar_detail,off,detail,False,True
1779496470.697626,2661,18.3339,1779496470.6792922,False,C3_lidar_detail,C3_lidar_detail,off,detail,False,True
1779496470.789751,2662,10.0653,1779496470.7796857,False,C3_lidar_detail,C3_lidar_detail,off,detail,False,True
1779496470.90225,2663,22.2147,1779496470.8800354,False,C3_lidar_detail,C3_lidar_detail,off,detail,False,True
1779496470.988702,2664,8.0149,1779496470.9806871,False,C3_lidar_detail,C3_lidar_detail,off,detail,False,True
1779496471.089457,2665,8.4732,1779496471.0809839,False,C3_lidar_detail,C3_lidar_detail,off,detail,False,True
1779496471.1908538,2666,9.1,1779496471.1817539,False,C3_lidar_detail,C3_lidar_detail,off,detail,False,True
1779496471.3461258,2667,63.5302,1779496471.2825956,False,C3_lidar_detail,C3_lidar_detail,off,detail,False,True
1779496471.472736,2668,89.5331,1779496471.3832028,False,C3_lidar_detail,C3_lidar_detail,off,detail,False,True
1779496471.510625,2669,27.045,1779496471.4835799,False,C3_lidar_detail,C3_lidar_detail,off,detail,False,True
1779496471.5975616,2670,13.0641,1779496471.5844975,False,C3_lidar_detail,C3_lidar_detail,off,detail,False,True
1779496471.7126222,2671,27.3709,1779496471.6852512,False,C3_lidar_detail,C3_lidar_detail,off,detail,False,True
1779496471.7982092,2672,11.9481,1779496471.786261,False,C3_lidar_detail,C3_lidar_detail,off,detail,False,True
1779496471.9063401,2673,19.3653,1779496471.8869748,False,C3_lidar_detail,C3_lidar_detail,off,detail,False,True
1779496471.9983773,2674,10.9482,1779496471.9874291,False,C3_lidar_detail,C3_lidar_detail,off,detail,False,True
1779496472.099946,2675,12.0111,1779496472.087935,False,C3_lidar_detail,C3_lidar_detail,off,detail,False,True
1779496472.198997,2676,10.4325,1779496472.1885645,False,C3_lidar_detail,C3_lidar_detail,off,detail,False,True
1779496472.3080914,2677,18.996,1779496472.2890954,False,C3_lidar_detail,C3_lidar_detail,off,detail,False,True
1779496472.400767,2678,10.9642,1779496472.389803,False,C3_lidar_detail,C3_lidar_detail,off,detail,False,True
1779496472.5021358,2679,11.7905,1779496472.4903452,False,C3_lidar_detail,C3_lidar_detail,off,detail,False,True
1779496472.6057253,2680,14.729,1779496472.5909963,False,C3_lidar_detail,C3_lidar_detail,off,detail,False,True
1779496472.712277,2681,20.5083,1779496472.6917686,False,C3_lidar_detail,C3_lidar_detail,off,detail,False,True
1779496472.8061066,2682,13.9084,1779496472.7921982,False,C3_lidar_detail,C3_lidar_detail,off,detail,False,True
1779496472.9006393,2683,7.6389,1779496472.8930004,False,C3_lidar_detail,C3_lidar_detail,off,detail,False,True
1779496473.0011392,2684,7.735,1779496472.9934042,False,C3_lidar_detail,C3_lidar_detail,off,detail,False,True
1779496473.101173,2685,7.0176,1779496473.0941553,False,C3_lidar_detail,C3_lidar_detail,off,detail,False,True
1779496473.2107298,2686,15.3606,1779496473.1953692,False,C3_lidar_detail,C3_lidar_detail,off,detail,False,True
1779496473.3060818,2687,10.3588,1779496473.295723,False,C3_lidar_detail,C3_lidar_detail,off,detail,False,True
1779496473.4187627,2688,22.6419,1779496473.3961208,False,C3_lidar_detail,C3_lidar_detail,off,detail,False,True
1779496473.5018115,2689,4.9405,1779496473.496871,False,C3_lidar_detail,C3_lidar_detail,off,detail,False,True
1779496473.6039112,2690,6.5856,1779496473.5973256,False,C3_lidar_detail,C3_lidar_detail,off,detail,False,True
1779496473.708484,2691,10.7644,1779496473.6977196,False,C3_lidar_detail,C3_lidar_detail,off,detail,False,True
1779496473.809893,2692,11.2019,1779496473.798691,False,C3_lidar_detail,C3_lidar_detail,off,detail,False,True
1779496473.9158323,2693,16.4359,1779496473.8993964,False,C3_lidar_detail,C3_lidar_detail,off,detail,False,True
1779496474.021378,2694,21.2576,1779496474.0001204,False,C3_lidar_detail,C3_lidar_detail,off,detail,False,True
1779496474.1183605,2695,17.648,1779496474.1007125,False,C3_lidar_detail,C3_lidar_detail,off,detail,False,True
1779496474.2123818,2696,10.7622,1779496474.2016196,False,C3_lidar_detail,C3_lidar_detail,off,detail,False,True
1779496474.324463,2697,22.4738,1779496474.301989,False,C3_lidar_detail,C3_lidar_detail,off,detail,False,True
1779496474.4130266,2698,10.5929,1779496474.4024336,False,C3_lidar_detail,C3_lidar_detail,off,detail,False,True
1779496474.5227137,2699,19.7663,1779496474.5029473,False,C3_lidar_detail,C3_lidar_detail,off,detail,False,True
1779496474.6188598,2700,15.4078,1779496474.603452,False,C3_lidar_detail,C3_lidar_detail,off,detail,False,True
1779496474.717938,2701,14.0519,1779496474.703886,False,C3_lidar_detail,C3_lidar_detail,off,detail,False,True
1779496474.8160517,2702,11.8496,1779496474.804202,False,C3_lidar_detail,C3_lidar_detail,off,detail,False,True
1779496474.9259794,2703,21.5063,1779496474.904473,False,C3_lidar_detail,C3_lidar_detail,off,detail,False,True
1779496475.0164492,2704,11.4605,1779496475.0049887,False,C3_lidar_detail,C3_lidar_detail,off,detail,False,True
1779496475.122756,2705,17.5924,1779496475.1051636,False,C3_lidar_detail,C3_lidar_detail,off,detail,False,True
1779496475.2207842,2706,15.336,1779496475.2054482,False,C3_lidar_detail,C3_lidar_detail,off,detail,False,True
1779496475.3255832,2707,19.8925,1779496475.3056908,False,C3_lidar_detail,C3_lidar_detail,off,detail,False,True
1779496475.4208736,2708,14.6046,1779496475.406269,False,C3_lidar_detail,C3_lidar_detail,off,detail,False,True
1779496475.52583,2709,19.2752,1779496475.5065548,False,C3_lidar_detail,C3_lidar_detail,off,detail,False,True
1779496475.6179838,2710,11.0254,1779496475.6069584,False,C3_lidar_detail,C3_lidar_detail,off,detail,False,True
1779496475.712311,2711,5.0206,1779496475.7072904,False,C3_lidar_detail,C3_lidar_detail,off,detail,False,True
1779496475.8230574,2712,15.4095,1779496475.807648,False,C3_lidar_detail,C3_lidar_detail,off,detail,False,True
1779496475.914847,2713,6.4991,1779496475.9083478,False,C3_lidar_detail,C3_lidar_detail,off,detail,False,True
1779496476.0241218,2714,15.4493,1779496476.0086725,False,C3_lidar_detail,C3_lidar_detail,off,detail,False,True
1779496476.130951,2715,21.4751,1779496476.1094759,False,C3_lidar_detail,C3_lidar_detail,off,detail,False,True
1779496476.2237673,2716,13.6971,1779496476.2100701,False,C3_lidar_detail,C3_lidar_detail,off,detail,False,True
1779496476.3193781,2717,8.8344,1779496476.3105438,False,C3_lidar_detail,C3_lidar_detail,off,detail,False,True
1779496476.4266858,2718,15.6786,1779496476.4110072,False,C3_lidar_detail,C3_lidar_detail,off,detail,False,True
1779496476.5248656,2719,13.3467,1779496476.511519,False,C3_lidar_detail,C3_lidar_detail,off,detail,False,True
1779496476.634522,2720,22.5301,1779496476.611992,False,C3_lidar_detail,C3_lidar_detail,off,detail,False,True
1779496476.7241204,2721,12.0149,1779496476.7121055,False,C3_lidar_detail,C3_lidar_detail,off,detail,False,True
1779496476.8758342,2722,63.1294,1779496476.8127048,False,C3_lidar_detail,C3_lidar_detail,off,detail,False,True
1779496476.9616878,2723,48.5797,1779496476.913108,False,C3_lidar_detail,C3_lidar_detail,off,detail,False,True
1779496477.0482442,2724,34.6274,1779496477.0136168,False,C3_lidar_detail,C3_lidar_detail,off,detail,False,True
1779496477.133578,2725,18.8668,1779496477.1147113,False,C3_lidar_detail,C3_lidar_detail,off,detail,False,True
1779496477.2352593,2726,20.0877,1779496477.2151716,False,C3_lidar_detail,C3_lidar_detail,off,detail,False,True
1779496477.328422,2727,12.5844,1779496477.3158376,False,C3_lidar_detail,C3_lidar_detail,off,detail,False,True
1779496477.4359937,2728,20.071,1779496477.4159226,False,C3_lidar_detail,C3_lidar_detail,off,detail,False,True
1779496477.5290225,2729,12.2204,1779496477.516802,False,C3_lidar_detail,C3_lidar_detail,off,detail,False,True
1779496477.6252725,2730,7.787,1779496477.6174855,False,C3_lidar_detail,C3_lidar_detail,off,detail,False,True
1779496477.734979,2731,16.8588,1779496477.71812,False,C3_lidar_detail,C3_lidar_detail,off,detail,False,True
1779496477.8372452,2732,18.8057,1779496477.8184395,False,C3_lidar_detail,C3_lidar_detail,off,detail,False,True
1779496477.9296377,2733,10.9468,1779496477.918691,False,C3_lidar_detail,C3_lidar_detail,off,detail,False,True
1779496478.0365064,2734,17.3132,1779496478.0191932,False,C3_lidar_detail,C3_lidar_detail,off,detail,False,True
1779496478.1308632,2735,11.0719,1779496478.1197913,False,C3_lidar_detail,C3_lidar_detail,off,detail,False,True
1779496478.2361734,2736,15.7499,1779496478.2204235,False,C3_lidar_detail,C3_lidar_detail,off,detail,False,True
1779496478.3267379,2737,5.9383,1779496478.3207996,False,C3_lidar_detail,C3_lidar_detail,off,detail,False,True
1779496478.437992,2738,16.5517,1779496478.4214404,False,C3_lidar_detail,C3_lidar_detail,off,detail,False,True
1779496478.5353186,2739,13.3936,1779496478.521925,False,C3_lidar_detail,C3_lidar_detail,off,detail,False,True
1779496478.6417375,2740,19.5801,1779496478.6221573,False,C3_lidar_detail,C3_lidar_detail,off,detail,False,True
1779496478.7325354,2741,9.5003,1779496478.723035,False,C3_lidar_detail,C3_lidar_detail,off,detail,False,True
1779496478.839456,2742,15.7526,1779496478.8237035,False,C3_lidar_detail,C3_lidar_detail,off,detail,False,True
1779496478.9358058,2743,11.5175,1779496478.9242883,False,C3_lidar_detail,C3_lidar_detail,off,detail,False,True
1779496479.0407085,2744,15.7797,1779496479.0249288,False,C3_lidar_detail,C3_lidar_detail,off,detail,False,True
1779496479.1322787,2745,7.0975,1779496479.1251812,False,C3_lidar_detail,C3_lidar_detail,off,detail,False,True
1779496479.2387583,2746,13.3185,1779496479.2254398,False,C3_lidar_detail,C3_lidar_detail,off,detail,False,True
1779496479.33163,2747,5.3489,1779496479.326281,False,C3_lidar_detail,C3_lidar_detail,off,detail,False,True
1779496479.4409428,2748,14.3855,1779496479.4265573,False,C3_lidar_detail,C3_lidar_detail,off,detail,False,True
1779496479.5542943,2749,27.1258,1779496479.5271685,False,C3_lidar_detail,C3_lidar_detail,off,detail,False,True
1779496479.6416075,2750,14.1056,1779496479.627502,False,C3_lidar_detail,C3_lidar_detail,off,detail,False,True
1779496479.7386506,2751,10.7563,1779496479.7278943,False,C3_lidar_detail,C3_lidar_detail,off,detail,False,True
1779496479.843388,2752,14.6904,1779496479.8286977,False,C3_lidar_detail,C3_lidar_detail,off,detail,False,True
1779496479.938203,2753,8.898,1779496479.929305,False,C3_lidar_detail,C3_lidar_detail,off,detail,False,True
1779496480.0443661,2754,14.0398,1779496480.0303264,False,C3_lidar_detail,C3_lidar_detail,off,detail,False,True
1779496480.1372855,2755,6.8188,1779496480.1304667,False,C3_lidar_detail,C3_lidar_detail,off,detail,False,True
1779496480.2429178,2756,12.0244,1779496480.2308934,False,C3_lidar_detail,C3_lidar_detail,off,detail,False,True
1779496480.351909,2757,20.3078,1779496480.3316011,False,C3_lidar_detail,C3_lidar_detail,off,detail,False,True
1779496480.445155,2758,12.8679,1779496480.432287,False,C3_lidar_detail,C3_lidar_detail,off,detail,False,True
1779496480.552995,2759,15.5928,1779496480.5374022,False,C3_lidar_detail,C3_lidar_detail,off,detail,False,True
1779496480.6471484,2760,8.7569,1779496480.6383915,False,C3_lidar_detail,C3_lidar_detail,off,detail,False,True
1779496480.7551348,2761,16.3422,1779496480.7387927,False,C3_lidar_detail,C3_lidar_detail,off,detail,False,True
1779496480.8687668,2762,29.5358,1779496480.839231,False,C3_lidar_detail,C3_lidar_detail,off,detail,False,True
1779496480.9614906,2763,21.2736,1779496480.940217,False,C3_lidar_detail,C3_lidar_detail,off,detail,False,True
1779496481.0528283,2764,12.2774,1779496481.040551,False,C3_lidar_detail,C3_lidar_detail,off,detail,False,True
1779496481.158337,2765,17.2584,1779496481.1410787,False,C3_lidar_detail,C3_lidar_detail,off,detail,False,True
1779496481.25227,2766,10.3321,1779496481.2419379,False,C3_lidar_detail,C3_lidar_detail,off,detail,False,True
1779496481.3620121,2767,19.8822,1779496481.34213,False,C3_lidar_detail,C3_lidar_detail,off,detail,False,True
1779496481.4545681,2768,12.2712,1779496481.442297,False,C3_lidar_detail,C3_lidar_detail,off,detail,False,True
1779496481.6080258,2769,61.2059,1779496481.54682,False,C3_lidar_detail,C3_lidar_detail,off,detail,False,True
1779496481.6932435,2770,45.397,1779496481.6478465,False,C3_lidar_detail,C3_lidar_detail,off,detail,False,True
1779496481.7811537,2771,32.7597,1779496481.748394,False,C3_lidar_detail,C3_lidar_detail,off,detail,False,True
1779496481.8665633,2772,17.7429,1779496481.8488204,False,C3_lidar_detail,C3_lidar_detail,off,detail,False,True
1779496481.968927,2773,19.7918,1779496481.949135,False,C3_lidar_detail,C3_lidar_detail,off,detail,False,True
1779496482.0736377,2774,23.8967,1779496482.049741,False,C3_lidar_detail,C3_lidar_detail,off,detail,False,True
1779496482.1662467,2775,16.2935,1779496482.1499531,False,C3_lidar_detail,C3_lidar_detail,off,detail,False,True
1779496482.2590423,2776,8.7223,1779496482.25032,False,C3_lidar_detail,C3_lidar_detail,off,detail,False,True
1779496482.3801007,2777,29.7036,1779496482.350397,False,C3_lidar_detail,C3_lidar_detail,off,detail,False,True
1779496482.461583,2778,11.035,1779496482.450548,False,C3_lidar_detail,C3_lidar_detail,off,detail,False,True
1779496482.5567715,2779,5.4255,1779496482.551346,False,C3_lidar_detail,C3_lidar_detail,off,detail,False,True
1779496482.7209773,2780,68.537,1779496482.6524403,False,C3_lidar_detail,C3_lidar_detail,off,detail,False,True
1779496482.8053503,2781,52.145,1779496482.7532053,False,C3_lidar_detail,C3_lidar_detail,off,detail,False,True
1779496482.8902788,2782,36.7622,1779496482.8535166,False,C3_lidar_detail,C3_lidar_detail,off,detail,False,True
1779496483.0237331,2783,69.8402,1779496482.953893,False,C3_lidar_detail,C3_lidar_detail,off,detail,False,True
1779496483.1082773,2784,53.8182,1779496483.054459,False,C3_lidar_detail,C3_lidar_detail,off,detail,False,True
1779496483.1931627,2785,38.4231,1779496483.1547396,False,C3_lidar_detail,C3_lidar_detail,off,detail,False,True
1779496483.2740443,2786,19.1987,1779496483.2548456,False,C3_lidar_detail,C3_lidar_detail,off,detail,False,True
1779496483.3789787,2787,23.608,1779496483.3553708,False,C3_lidar_detail,C3_lidar_detail,off,detail,False,True
1779496483.4772878,2788,21.0214,1779496483.4562664,False,C3_lidar_detail,C3_lidar_detail,off,detail,False,True
1779496483.5744646,2789,17.9801,1779496483.5564845,False,C3_lidar_detail,C3_lidar_detail,off,detail,False,True
1779496483.741448,2790,84.0089,1779496483.657439,False,C3_lidar_detail,C3_lidar_detail,off,detail,False,True
1779496483.7687516,2791,10.859,1779496483.7578926,False,C3_lidar_detail,C3_lidar_detail,off,detail,False,True
1779496483.9741476,2792,116.1184,1779496483.8580291,False,C3_lidar_detail,C3_lidar_detail,off,detail,False,True
1779496483.976764,2793,17.6964,1779496483.9590676,False,C3_lidar_detail,C3_lidar_detail,off,detail,False,True
1779496484.1503773,2794,90.4799,1779496484.0598974,False,C3_lidar_detail,C3_lidar_detail,off,detail,False,True
1779496484.282547,2795,121.902,1779496484.160645,False,C3_lidar_detail,C3_lidar_detail,off,detail,False,True
1779496484.35142,2796,90.1515,1779496484.2612684,False,C3_lidar_detail,C3_lidar_detail,off,detail,False,True
1779496484.3718312,2797,10.1628,1779496484.3616683,False,C3_lidar_detail,C3_lidar_detail,off,detail,False,True
1779496484.5777695,2798,115.4139,1779496484.4623556,False,C3_lidar_detail,C3_lidar_detail,off,detail,False,True
1779496484.5777695,2799,14.8115,1779496484.562958,False,C3_lidar_detail,C3_lidar_detail,off,detail,False,True
1779496484.683605,2800,20.1476,1779496484.6634574,False,C3_lidar_detail,C3_lidar_detail,off,detail,False,True
1779496484.7784448,2801,14.3461,1779496484.7640986,False,C3_lidar_detail,C3_lidar_detail,off,detail,False,True
1779496484.9665306,2802,101.8624,1779496484.8646681,False,C3_lidar_detail,C3_lidar_detail,off,detail,False,True
1779496485.035199,2803,69.9549,1779496484.965244,False,C3_lidar_detail,C3_lidar_detail,off,detail,False,True
1779496485.1210766,2804,55.2654,1779496485.0658112,False,C3_lidar_detail,C3_lidar_detail,off,detail,False,True
1779496485.1920075,2805,25.4796,1779496485.166528,False,C3_lidar_detail,C3_lidar_detail,off,detail,False,True
1779496485.3259835,2806,58.6474,1779496485.2673361,False,C3_lidar_detail,C3_lidar_detail,off,detail,False,True
1779496485.397341,2807,29.6805,1779496485.3676605,False,C3_lidar_detail,C3_lidar_detail,off,detail,False,True
1779496485.482756,2808,14.8227,1779496485.4679332,False,C3_lidar_detail,C3_lidar_detail,off,detail,False,True
1779496485.591378,2809,22.6748,1779496485.5687032,False,C3_lidar_detail,C3_lidar_detail,off,detail,False,True
1779496485.6771626,2810,8.0953,1779496485.6690674,False,C3_lidar_detail,C3_lidar_detail,off,detail,False,True
1779496485.861991,2811,92.6507,1779496485.7693403,False,C3_lidar_detail,C3_lidar_detail,off,detail,False,True
1779496485.8779836,2812,8.4901,1779496485.8694935,False,C3_lidar_detail,C3_lidar_detail,off,detail,False,True
1779496485.9843667,2813,14.6773,1779496485.9696894,False,C3_lidar_detail,C3_lidar_detail,off,detail,False,True
1779496486.1261525,2814,55.6064,1779496486.0705462,False,C3_lidar_detail,C3_lidar_detail,off,detail,False,True
1779496486.1982331,2815,27.2529,1779496486.1709802,False,C3_lidar_detail,C3_lidar_detail,off,detail,False,True
1779496486.2842302,2816,12.8243,1779496486.271406,False,C3_lidar_detail,C3_lidar_detail,off,detail,False,True
1779496486.4692385,2817,96.9296,1779496486.372309,False,C3_lidar_detail,C3_lidar_detail,off,detail,False,True
1779496486.5383615,2818,65.5334,1779496486.4728281,False,C3_lidar_detail,C3_lidar_detail,off,detail,False,True
1779496486.6209269,2819,47.3473,1779496486.5735795,False,C3_lidar_detail,C3_lidar_detail,off,detail,False,True
1779496486.695083,2820,20.8786,1779496486.6742043,False,C3_lidar_detail,C3_lidar_detail,off,detail,False,True
1779496486.831151,2821,56.4485,1779496486.7747025,False,C3_lidar_detail,C3_lidar_detail,off,detail,False,True
1779496486.8901637,2822,15.012,1779496486.8751516,False,C3_lidar_detail,C3_lidar_detail,off,detail,False,True
1779496487.021507,2823,46.2096,1779496486.9752975,False,C3_lidar_detail,C3_lidar_detail,off,detail,False,True
1779496487.0899634,2824,13.9053,1779496487.0760581,False,C3_lidar_detail,C3_lidar_detail,off,detail,False,True
1779496487.2241623,2825,47.8024,1779496487.17636,False,C3_lidar_detail,C3_lidar_detail,off,detail,False,True
1779496487.296425,2826,17.0877,1779496487.2793374,False,C3_lidar_detail,C3_lidar_detail,off,detail,False,True
1779496487.3856943,2827,5.1818,1779496487.3805125,False,C3_lidar_detail,C3_lidar_detail,off,detail,False,True
1779496487.499379,2828,18.7051,1779496487.4806738,False,C3_lidar_detail,C3_lidar_detail,off,detail,False,True
1779496487.6289542,2829,48.1634,1779496487.5807908,False,C3_lidar_detail,C3_lidar_detail,off,detail,False,True
1779496487.7006094,2830,19.4838,1779496487.6811256,False,C3_lidar_detail,C3_lidar_detail,off,detail,False,True
1779496487.824338,2831,42.9256,1779496487.7814124,False,C3_lidar_detail,C3_lidar_detail,off,detail,False,True
1779496487.8992898,2832,17.1499,1779496487.88214,False,C3_lidar_detail,C3_lidar_detail,off,detail,False,True
1779496487.9910073,2833,8.4252,1779496487.982582,False,C3_lidar_detail,C3_lidar_detail,off,detail,False,True
1779496488.0998955,2834,16.9845,1779496488.082911,False,C3_lidar_detail,C3_lidar_detail,off,detail,False,True
1779496488.2069597,2835,23.6437,1779496488.183316,False,C3_lidar_detail,C3_lidar_detail,off,detail,False,True
1779496488.3001783,2836,16.2387,1779496488.2839396,False,C3_lidar_detail,C3_lidar_detail,off,detail,False,True
1779496488.3944733,2837,9.9335,1779496488.3845398,False,C3_lidar_detail,C3_lidar_detail,off,detail,False,True
1779496488.5062146,2838,21.2116,1779496488.485003,False,C3_lidar_detail,C3_lidar_detail,off,detail,False,True
1779496488.5930562,2839,7.2024,1779496488.5858538,False,C3_lidar_detail,C3_lidar_detail,off,detail,False,True
1779496488.7027779,2840,16.4747,1779496488.6863031,False,C3_lidar_detail,C3_lidar_detail,off,detail,False,True
1779496488.7957942,2841,8.6331,1779496488.787161,False,C3_lidar_detail,C3_lidar_detail,off,detail,False,True
1779496488.9061494,2842,18.677,1779496488.8874724,False,C3_lidar_detail,C3_lidar_detail,off,detail,False,True
1779496488.9983778,2843,10.4332,1779496488.9879446,False,C3_lidar_detail,C3_lidar_detail,off,detail,False,True
1779496489.1072423,2844,18.7836,1779496489.0884588,False,C3_lidar_detail,C3_lidar_detail,off,detail,False,True
1779496489.1992822,2845,10.463,1779496489.1888192,False,C3_lidar_detail,C3_lidar_detail,off,detail,False,True
1779496489.313585,2846,24.3762,1779496489.289209,False,C3_lidar_detail,C3_lidar_detail,off,detail,False,True
1779496489.4005988,2847,11.013,1779496489.3895857,False,C3_lidar_detail,C3_lidar_detail,off,detail,False,True
1779496489.5101433,2848,20.0496,1779496489.4900937,False,C3_lidar_detail,C3_lidar_detail,off,detail,False,True
1779496489.6055017,2849,14.9322,1779496489.5905695,False,C3_lidar_detail,C3_lidar_detail,off,detail,False,True
1779496489.700218,2850,9.2182,1779496489.6909997,False,C3_lidar_detail,C3_lidar_detail,off,detail,False,True
1779496489.805755,2851,13.9697,1779496489.7917852,False,C3_lidar_detail,C3_lidar_detail,off,detail,False,True
1779496489.8986514,2852,6.1624,1779496489.892489,False,C3_lidar_detail,C3_lidar_detail,off,detail,False,True
1779496490.0074394,2853,14.4584,1779496489.992981,False,C3_lidar_detail,C3_lidar_detail,off,detail,False,True
1779496490.1411312,2854,47.6761,1779496490.093455,False,C3_lidar_detail,C3_lidar_detail,off,detail,False,True
1779496490.2099223,2855,16.108,1779496490.1938143,False,C3_lidar_detail,C3_lidar_detail,off,detail,False,True
1779496490.3120666,2856,18.0483,1779496490.2940183,False,C3_lidar_detail,C3_lidar_detail,off,detail,False,True
1779496490.4175863,2857,23.3059,1779496490.3942804,False,C3_lidar_detail,C3_lidar_detail,off,detail,False,True
1779496490.5127025,2858,17.8041,1779496490.4948983,False,C3_lidar_detail,C3_lidar_detail,off,detail,False,True
1779496490.6108704,2859,15.1355,1779496490.5957348,False,C3_lidar_detail,C3_lidar_detail,off,detail,False,True
1779496490.7088156,2860,12.7845,1779496490.696031,False,C3_lidar_detail,C3_lidar_detail,off,detail,False,True
1779496490.8176172,2861,21.2226,1779496490.7963946,False,C3_lidar_detail,C3_lidar_detail,off,detail,False,True
1779496490.9019713,2862,5.2278,1779496490.8967435,False,C3_lidar_detail,C3_lidar_detail,off,detail,False,True
1779496491.007516,2863,9.3713,1779496490.9981446,False,C3_lidar_detail,C3_lidar_detail,off,detail,False,True
1779496491.112462,2864,14.0119,1779496491.0984502,False,C3_lidar_detail,C3_lidar_detail,off,detail,False,True
1779496491.2375932,2865,38.4567,1779496491.1991365,False,C3_lidar_detail,C3_lidar_detail,off,detail,False,True
1779496491.3161893,2866,16.7184,1779496491.299471,False,C3_lidar_detail,C3_lidar_detail,off,detail,False,True
1779496491.4054124,2867,5.7161,1779496491.3996964,False,C3_lidar_detail,C3_lidar_detail,off,detail,False,True
1779496491.5130649,2868,12.9855,1779496491.5000794,False,C3_lidar_detail,C3_lidar_detail,off,detail,False,True
1779496491.6060758,2869,5.2478,1779496491.600828,False,C3_lidar_detail,C3_lidar_detail,off,detail,False,True
1779496491.716513,2870,15.0547,1779496491.7014582,False,C3_lidar_detail,C3_lidar_detail,off,detail,False,True
1779496491.8292394,2871,27.1776,1779496491.8020618,False,C3_lidar_detail,C3_lidar_detail,off,detail,False,True
1779496491.9244,2872,21.8599,1779496491.9025402,False,C3_lidar_detail,C3_lidar_detail,off,detail,False,True
1779496492.0099447,2873,6.9327,1779496492.003012,False,C3_lidar_detail,C3_lidar_detail,off,detail,False,True
1779496492.1157029,2874,11.8446,1779496492.1038582,False,C3_lidar_detail,C3_lidar_detail,off,detail,False,True
1779496492.2253282,2875,21.0602,1779496492.204268,False,C3_lidar_detail,C3_lidar_detail,off,detail,False,True
1779496492.316999,2876,11.7435,1779496492.3052554,False,C3_lidar_detail,C3_lidar_detail,off,detail,False,True
1779496492.4246979,2877,19.2151,1779496492.4054828,False,C3_lidar_detail,C3_lidar_detail,off,detail,False,True
1779496492.5244973,2878,18.5659,1779496492.5059314,False,C3_lidar_detail,C3_lidar_detail,off,detail,False,True
1779496492.6228132,2879,16.3462,1779496492.606467,False,C3_lidar_detail,C3_lidar_detail,off,detail,False,True
1779496492.7187603,2880,11.3602,1779496492.7074,False,C3_lidar_detail,C3_lidar_detail,off,detail,False,True
1779496492.8230805,2881,14.991,1779496492.8080895,False,C3_lidar_detail,C3_lidar_detail,off,detail,False,True
1779496492.9154158,2882,7.0937,1779496492.908322,False,C3_lidar_detail,C3_lidar_detail,off,detail,False,True
1779496493.0316532,2883,16.9542,1779496493.014699,False,C3_lidar_detail,C3_lidar_detail,off,detail,False,True
1779496493.131865,2884,16.8476,1779496493.1150174,False,C3_lidar_detail,C3_lidar_detail,off,detail,False,True
1779496493.2264729,2885,11.1876,1779496493.2152853,False,C3_lidar_detail,C3_lidar_detail,off,detail,False,True
1779496493.3394146,2886,23.6011,1779496493.3158135,False,C3_lidar_detail,C3_lidar_detail,off,detail,False,True
1779496493.4355395,2887,19.1774,1779496493.416362,False,C3_lidar_detail,C3_lidar_detail,off,detail,False,True
1779496493.5926414,2888,74.0757,1779496493.5185657,False,C3_lidar_detail,C3_lidar_detail,off,detail,False,True
1779496493.6960075,2889,76.4997,1779496493.6195078,False,C3_lidar_detail,C3_lidar_detail,off,detail,False,True
1779496493.794115,2890,74.0106,1779496493.7201045,False,C3_lidar_detail,C3_lidar_detail,off,detail,False,True
1779496493.8967657,2891,75.9335,1779496493.8208323,False,C3_lidar_detail,C3_lidar_detail,off,detail,False,True
1779496493.933195,2892,11.5795,1779496493.9216156,False,C3_lidar_detail,C3_lidar_detail,off,detail,False,True
1779496494.027426,2893,5.6629,1779496494.021763,False,C3_lidar_detail,C3_lidar_detail,off,detail,False,True
1779496494.1321013,2894,10.0131,1779496494.1220882,False,C3_lidar_detail,C3_lidar_detail,off,detail,False,True
1779496494.2860081,2895,63.3934,1779496494.2226148,False,C3_lidar_detail,C3_lidar_detail,off,detail,False,True
1779496494.3688571,2896,45.414,1779496494.3234432,False,C3_lidar_detail,C3_lidar_detail,off,detail,False,True
1779496494.4557614,2897,31.8575,1779496494.423904,False,C3_lidar_detail,C3_lidar_detail,off,detail,False,True
1779496494.5429163,2898,17.1289,1779496494.5257874,False,C3_lidar_detail,C3_lidar_detail,off,detail,False,True
1779496494.6396623,2899,13.3667,1779496494.6262956,False,C3_lidar_detail,C3_lidar_detail,off,detail,False,True
1779496494.7333024,2900,6.6385,1779496494.7266638,False,C3_lidar_detail,C3_lidar_detail,off,detail,False,True
1779496494.8419538,2901,14.9155,1779496494.8270383,False,C3_lidar_detail,C3_lidar_detail,off,detail,False,True
1779496494.935293,2902,8.131,1779496494.927162,False,C3_lidar_detail,C3_lidar_detail,off,detail,False,True
1779496495.035723,2903,7.9951,1779496495.0277278,False,C3_lidar_detail,C3_lidar_detail,off,detail,False,True
1779496495.13583,2904,7.5114,1779496495.1283185,False,C3_lidar_detail,C3_lidar_detail,off,detail,False,True
1779496495.2485251,2905,19.4471,1779496495.229078,False,C3_lidar_detail,C3_lidar_detail,off,detail,False,True
1779496495.3371263,2906,7.0951,1779496495.3300312,False,C3_lidar_detail,C3_lidar_detail,off,detail,False,True
1779496495.452755,2907,22.4016,1779496495.4303534,False,C3_lidar_detail,C3_lidar_detail,off,detail,False,True
1779496495.5407772,2908,9.5971,1779496495.5311801,False,C3_lidar_detail,C3_lidar_detail,off,detail,False,True
1779496495.6492789,2909,17.3597,1779496495.6319191,False,C3_lidar_detail,C3_lidar_detail,off,detail,False,True
1779496495.743263,2910,10.6401,1779496495.7326229,False,C3_lidar_detail,C3_lidar_detail,off,detail,False,True
1779496495.8546345,2911,21.4462,1779496495.8331883,False,C3_lidar_detail,C3_lidar_detail,off,detail,False,True
1779496495.9479306,2912,14.3282,1779496495.9336023,False,C3_lidar_detail,C3_lidar_detail,off,detail,False,True
1779496496.0435252,2913,9.6231,1779496496.0339022,False,C3_lidar_detail,C3_lidar_detail,off,detail,False,True
1779496496.147251,2914,12.7265,1779496496.1345243,False,C3_lidar_detail,C3_lidar_detail,off,detail,False,True
1779496496.2548504,2915,19.6354,1779496496.235215,False,C3_lidar_detail,C3_lidar_detail,off,detail,False,True
1779496496.351959,2916,15.8691,1779496496.3360898,False,C3_lidar_detail,C3_lidar_detail,off,detail,False,True
1779496496.4555457,2917,18.5916,1779496496.436954,False,C3_lidar_detail,C3_lidar_detail,off,detail,False,True
1779496496.5548892,2918,17.0588,1779496496.5378304,False,C3_lidar_detail,C3_lidar_detail,off,detail,False,True
1779496496.6613138,2919,23.2668,1779496496.638047,False,C3_lidar_detail,C3_lidar_detail,off,detail,False,True
1779496496.749032,2920,10.5016,1779496496.7385304,False,C3_lidar_detail,C3_lidar_detail,off,detail,False,True
1779496496.8598635,2921,20.8199,1779496496.8390436,False,C3_lidar_detail,C3_lidar_detail,off,detail,False,True
1779496496.9547858,2922,15.5582,1779496496.9392276,False,C3_lidar_detail,C3_lidar_detail,off,detail,False,True
1779496497.0619526,2923,22.1725,1779496497.0397801,False,C3_lidar_detail,C3_lidar_detail,off,detail,False,True
1779496497.1494813,2924,9.1627,1779496497.1403186,False,C3_lidar_detail,C3_lidar_detail,off,detail,False,True
1779496497.256587,2925,16.1207,1779496497.2404664,False,C3_lidar_detail,C3_lidar_detail,off,detail,False,True
1779496497.3532984,2926,11.9138,1779496497.3413846,False,C3_lidar_detail,C3_lidar_detail,off,detail,False,True
1779496497.458218,2927,16.5536,1779496497.4416645,False,C3_lidar_detail,C3_lidar_detail,off,detail,False,True
1779496497.5530455,2928,10.6947,1779496497.5423508,False,C3_lidar_detail,C3_lidar_detail,off,detail,False,True
1779496497.6542027,2929,7.9439,1779496497.6462588,False,C3_lidar_detail,C3_lidar_detail,off,detail,False,True
1779496497.7560632,2930,9.361,1779496497.7467022,False,C3_lidar_detail,C3_lidar_detail,off,detail,False,True
1779496497.8654203,2931,17.957,1779496497.8474634,False,C3_lidar_detail,C3_lidar_detail,off,detail,False,True
1779496497.961274,2932,13.557,1779496497.947717,False,C3_lidar_detail,C3_lidar_detail,off,detail,False,True
1779496498.0660477,2933,17.7021,1779496498.0483456,False,C3_lidar_detail,C3_lidar_detail,off,detail,False,True
1779496498.1534886,2934,5.0528,1779496498.1484358,False,C3_lidar_detail,C3_lidar_detail,off,detail,False,True
1779496498.2649746,2935,15.7306,1779496498.249244,False,C3_lidar_detail,C3_lidar_detail,off,detail,False,True
1779496498.3585231,2936,9.0365,1779496498.3494866,False,C3_lidar_detail,C3_lidar_detail,off,detail,False,True
1779496498.4688094,2937,19.0783,1779496498.449731,False,C3_lidar_detail,C3_lidar_detail,off,detail,False,True
1779496498.5571733,2938,6.9823,1779496498.550191,False,C3_lidar_detail,C3_lidar_detail,off,detail,False,True
1779496498.6692324,2939,18.8971,1779496498.6503353,False,C3_lidar_detail,C3_lidar_detail,off,detail,False,True
1779496498.7625191,2940,10.426,1779496498.752093,False,C3_lidar_detail,C3_lidar_detail,off,detail,False,True
1779496498.8708851,2941,18.2056,1779496498.8526795,False,C3_lidar_detail,C3_lidar_detail,off,detail,False,True
1779496498.9604251,2942,6.8665,1779496498.9535587,False,C3_lidar_detail,C3_lidar_detail,off,detail,False,True
1779496499.1194582,2943,65.1035,1779496499.0543547,False,C3_lidar_detail,C3_lidar_detail,off,detail,False,True
1779496499.2050228,2944,50.1306,1779496499.1548922,False,C3_lidar_detail,C3_lidar_detail,off,detail,False,True
1779496499.2944171,2945,39.1042,1779496499.255313,False,C3_lidar_detail,C3_lidar_detail,off,detail,False,True
1779496499.3777702,2946,21.9893,1779496499.3557808,False,C3_lidar_detail,C3_lidar_detail,off,detail,False,True
1779496499.4747548,2947,18.1758,1779496499.456579,False,C3_lidar_detail,C3_lidar_detail,off,detail,False,True
1779496499.5717547,2948,14.1604,1779496499.5575943,False,C3_lidar_detail,C3_lidar_detail,off,detail,False,True
1779496499.6719546,2949,13.871,1779496499.6580837,False,C3_lidar_detail,C3_lidar_detail,off,detail,False,True
1779496499.7740443,2950,15.682,1779496499.7583623,False,C3_lidar_detail,C3_lidar_detail,off,detail,False,True
1779496499.8647099,2951,6.1111,1779496499.8585987,False,C3_lidar_detail,C3_lidar_detail,off,detail,False,True
1779496500.021131,2952,62.2749,1779496499.958856,False,C3_lidar_detail,C3_lidar_detail,off,detail,False,True
1779496500.06568,2953,5.9571,1779496500.059723,False,C3_lidar_detail,C3_lidar_detail,off,detail,False,True
1779496500.170838,2954,10.6323,1779496500.1602058,False,C3_lidar_detail,C3_lidar_detail,off,detail,False,True
1779496500.329366,2955,68.8987,1779496500.2604673,False,C3_lidar_detail,C3_lidar_detail,off,detail,False,True
1779496500.4213502,2956,60.715,1779496500.3606353,False,C3_lidar_detail,C3_lidar_detail,off,detail,False,True
1779496500.5043664,2957,43.396,1779496500.4609704,False,C3_lidar_detail,C3_lidar_detail,off,detail,False,True
1779496500.5814266,2958,20.1182,1779496500.5613084,False,C3_lidar_detail,C3_lidar_detail,off,detail,False,True
1779496500.6711373,2959,9.4945,1779496500.6616428,False,C3_lidar_detail,C3_lidar_detail,off,detail,False,True
1779496500.7774577,2960,15.6295,1779496500.7618282,False,C3_lidar_detail,C3_lidar_detail,off,detail,False,True
1779496500.867203,2961,4.513,1779496500.86269,False,C3_lidar_detail,C3_lidar_detail,off,detail,False,True
1779496500.9766533,2962,13.6387,1779496500.9630146,False,C3_lidar_detail,C3_lidar_detail,off,detail,False,True
1779496501.1526492,2963,89.3548,1779496501.0632944,False,C3_lidar_detail,C3_lidar_detail,off,detail,False,True
1779496501.1710622,2964,7.2515,1779496501.1638107,False,C3_lidar_detail,C3_lidar_detail,off,detail,False,True
1779496501.37198,2965,99.8654,1779496501.2721145,False,C3_lidar_detail,C3_lidar_detail,off,detail,False,True
1779496501.396529,2966,23.0384,1779496501.3734906,False,C3_lidar_detail,C3_lidar_detail,off,detail,False,True
1779496501.487169,2967,13.0887,1779496501.4740803,False,C3_lidar_detail,C3_lidar_detail,off,detail,False,True
1779496501.5827658,2968,8.3818,1779496501.574384,False,C3_lidar_detail,C3_lidar_detail,off,detail,False,True
1779496501.6872997,2969,12.4843,1779496501.6748154,False,C3_lidar_detail,C3_lidar_detail,off,detail,False,True
1779496501.7952302,2970,19.8607,1779496501.7753694,False,C3_lidar_detail,C3_lidar_detail,off,detail,False,True
1779496501.891866,2971,15.9585,1779496501.8759074,False,C3_lidar_detail,C3_lidar_detail,off,detail,False,True
1779496501.984795,2972,8.5843,1779496501.9762108,False,C3_lidar_detail,C3_lidar_detail,off,detail,False,True
1779496502.0940924,2973,17.0569,1779496502.0770354,False,C3_lidar_detail,C3_lidar_detail,off,detail,False,True
1779496502.1904054,2974,13.0558,1779496502.1773496,False,C3_lidar_detail,C3_lidar_detail,off,detail,False,True
1779496502.2932165,2975,5.8675,1779496502.287349,False,C3_lidar_detail,C3_lidar_detail,off,detail,False,True
1779496502.4082117,2976,19.4755,1779496502.3887362,False,C3_lidar_detail,C3_lidar_detail,off,detail,False,True
1779496502.4985414,2977,8.8096,1779496502.4897318,False,C3_lidar_detail,C3_lidar_detail,off,detail,False,True
1779496502.6035714,2978,13.5059,1779496502.5900655,False,C3_lidar_detail,C3_lidar_detail,off,detail,False,True
1779496502.701555,2979,10.9024,1779496502.6906526,False,C3_lidar_detail,C3_lidar_detail,off,detail,False,True
1779496502.812544,2980,21.3661,1779496502.791178,False,C3_lidar_detail,C3_lidar_detail,off,detail,False,True
1779496502.9059315,2981,14.3774,1779496502.891554,False,C3_lidar_detail,C3_lidar_detail,off,detail,False,True
1779496503.0138075,2982,22.0003,1779496502.9918072,False,C3_lidar_detail,C3_lidar_detail,off,detail,False,True
1779496503.1052403,2983,12.7983,1779496503.092442,False,C3_lidar_detail,C3_lidar_detail,off,detail,False,True
1779496503.213571,2984,20.5159,1779496503.1930552,False,C3_lidar_detail,C3_lidar_detail,off,detail,False,True
1779496503.3021033,2985,8.4505,1779496503.2936528,False,C3_lidar_detail,C3_lidar_detail,off,detail,False,True
1779496503.4140985,2986,19.7113,1779496503.3943872,False,C3_lidar_detail,C3_lidar_detail,off,detail,False,True
1779496503.5125854,2987,17.9834,1779496503.494602,False,C3_lidar_detail,C3_lidar_detail,off,detail,False,True
1779496503.6038332,2988,8.4441,1779496503.5953891,False,C3_lidar_detail,C3_lidar_detail,off,detail,False,True
1779496503.714463,2989,18.6219,1779496503.695841,False,C3_lidar_detail,C3_lidar_detail,off,detail,False,True
1779496503.8041525,2990,7.1833,1779496503.7969692,False,C3_lidar_detail,C3_lidar_detail,off,detail,False,True
1779496503.9155097,2991,17.997,1779496503.8975127,False,C3_lidar_detail,C3_lidar_detail,off,detail,False,True
1779496504.0080152,2992,10.0183,1779496503.9979968,False,C3_lidar_detail,C3_lidar_detail,off,detail,False,True
1779496504.1176353,2993,18.9562,1779496504.098679,False,C3_lidar_detail,C3_lidar_detail,off,detail,False,True
1779496504.2125177,2994,13.3932,1779496504.1991246,False,C3_lidar_detail,C3_lidar_detail,off,detail,False,True
1779496504.3056602,2995,4.9808,1779496504.3006794,False,C3_lidar_detail,C3_lidar_detail,off,detail,False,True
1779496504.4207911,2996,19.2285,1779496504.4015627,False,C3_lidar_detail,C3_lidar_detail,off,detail,False,True
1779496504.5103323,2997,7.9565,1779496504.5023758,False,C3_lidar_detail,C3_lidar_detail,off,detail,False,True
1779496504.6195495,2998,17.0138,1779496504.6025357,False,C3_lidar_detail,C3_lidar_detail,off,detail,False,True
1779496504.7136273,2999,10.4959,1779496504.7031314,False,C3_lidar_detail,C3_lidar_detail,off,detail,False,True
1779496504.820728,3000,9.8808,1779496504.8108473,False,C3_lidar_detail,C3_lidar_detail,off,detail,False,True
1779496504.930402,3001,18.2633,1779496504.9121387,False,C3_lidar_detail,C3_lidar_detail,off,detail,False,True
1779496505.021153,3002,8.5139,1779496505.012639,False,C3_lidar_detail,C3_lidar_detail,off,detail,False,True
1779496505.1964781,3003,83.313,1779496505.1131651,False,C3_lidar_detail,C3_lidar_detail,off,detail,False,True
1779496505.2217894,3004,8.3611,1779496505.2134283,False,C3_lidar_detail,C3_lidar_detail,off,detail,False,True
1779496505.333082,3005,19.2783,1779496505.3138037,False,C3_lidar_detail,C3_lidar_detail,off,detail,False,True
1779496505.4265952,3006,11.3237,1779496505.4152715,False,C3_lidar_detail,C3_lidar_detail,off,detail,False,True
1779496505.5383577,3007,22.7695,1779496505.5155883,False,C3_lidar_detail,C3_lidar_detail,off,detail,False,True
1779496505.6286657,3008,12.2283,1779496505.6164374,False,C3_lidar_detail,C3_lidar_detail,off,detail,False,True
1779496505.7385418,3009,21.7345,1779496505.7168074,False,C3_lidar_detail,C3_lidar_detail,off,detail,False,True
1779496505.8451476,3010,28.0728,1779496505.8170748,False,C3_lidar_detail,C3_lidar_detail,off,detail,False,True
1779496505.937691,3011,20.107,1779496505.917584,False,C3_lidar_detail,C3_lidar_detail,off,detail,False,True
1779496506.0333724,3012,15.1939,1779496506.0181785,False,C3_lidar_detail,C3_lidar_detail,off,detail,False,True
1779496506.171565,3013,53.1065,1779496506.1184585,False,C3_lidar_detail,C3_lidar_detail,off,detail,False,True
1779496506.2634282,3014,44.4939,1779496506.2189343,False,C3_lidar_detail,C3_lidar_detail,off,detail,False,True
1779496506.3506832,3015,31.6067,1779496506.3190765,False,C3_lidar_detail,C3_lidar_detail,off,detail,False,True
1779496506.4358273,3016,16.4919,1779496506.4193354,False,C3_lidar_detail,C3_lidar_detail,off,detail,False,True
1779496506.536258,3017,16.0093,1779496506.5202487,False,C3_lidar_detail,C3_lidar_detail,off,detail,False,True
1779496506.6731305,3018,52.5997,1779496506.6205308,False,C3_lidar_detail,C3_lidar_detail,off,detail,False,True
1779496506.7582767,3019,37.3867,1779496506.72089,False,C3_lidar_detail,C3_lidar_detail,off,detail,False,True
1779496506.8479989,3020,26.7169,1779496506.821282,False,C3_lidar_detail,C3_lidar_detail,off,detail,False,True
1779496506.9382894,3021,16.7482,1779496506.9215412,False,C3_lidar_detail,C3_lidar_detail,off,detail,False,True
1779496507.0319448,3022,9.6564,1779496507.0222883,False,C3_lidar_detail,C3_lidar_detail,off,detail,False,True
1779496507.1595557,3023,36.7081,1779496507.1228476,False,C3_lidar_detail,C3_lidar_detail,off,detail,False,True
1779496507.2449126,3024,21.265,1779496507.2236476,False,C3_lidar_detail,C3_lidar_detail,off,detail,False,True
1779496507.3463948,3025,22.2795,1779496507.3241153,False,C3_lidar_detail,C3_lidar_detail,off,detail,False,True
1779496507.4343712,3026,9.7063,1779496507.424665,False,C3_lidar_detail,C3_lidar_detail,off,detail,False,True
1779496507.5290082,3027,3.9167,1779496507.5250914,False,C3_lidar_detail,C3_lidar_detail,off,detail,False,True
1779496507.6373796,3028,11.8585,1779496507.6255212,False,C3_lidar_detail,C3_lidar_detail,off,detail,False,True
1779496507.7470675,3029,20.6208,1779496507.7264466,False,C3_lidar_detail,C3_lidar_detail,off,detail,False,True
1779496507.8414197,3030,14.3385,1779496507.8270812,False,C3_lidar_detail,C3_lidar_detail,off,detail,False,True
1779496507.950923,3031,23.4127,1779496507.9275103,False,C3_lidar_detail,C3_lidar_detail,off,detail,False,True
1779496508.043044,3032,14.9112,1779496508.028133,False,C3_lidar_detail,C3_lidar_detail,off,detail,False,True
1779496508.1874747,3033,58.7754,1779496508.1286993,False,C3_lidar_detail,C3_lidar_detail,off,detail,False,True
1779496508.2741768,3034,45.1832,1779496508.2289937,False,C3_lidar_detail,C3_lidar_detail,off,detail,False,True
1779496508.3360856,3035,6.7732,1779496508.3293123,False,C3_lidar_detail,C3_lidar_detail,off,detail,False,True
1779496508.4380558,3036,8.2166,1779496508.4298391,False,C3_lidar_detail,C3_lidar_detail,off,detail,False,True
1779496508.540958,3037,10.8995,1779496508.5300584,False,C3_lidar_detail,C3_lidar_detail,off,detail,False,True
1779496508.6727316,3038,42.2711,1779496508.6304605,False,C3_lidar_detail,C3_lidar_detail,off,detail,False,True
1779496508.7464988,3039,15.3942,1779496508.7311046,False,C3_lidar_detail,C3_lidar_detail,off,detail,False,True
1779496508.8584733,3040,27.0731,1779496508.8314002,False,C3_lidar_detail,C3_lidar_detail,off,detail,False,True
1779496508.9474227,3041,5.451,1779496508.9419718,False,C3_lidar_detail,C3_lidar_detail,off,detail,False,True
1779496509.0536077,3042,11.1682,1779496509.0424395,False,C3_lidar_detail,C3_lidar_detail,off,detail,False,True
1779496509.1603458,3043,17.2889,1779496509.1430569,False,C3_lidar_detail,C3_lidar_detail,off,detail,False,True
1779496509.2574654,3044,14.1916,1779496509.2432737,False,C3_lidar_detail,C3_lidar_detail,off,detail,False,True
1779496509.3560636,3045,11.9834,1779496509.3440802,False,C3_lidar_detail,C3_lidar_detail,off,detail,False,True
1779496509.453494,3046,6.0148,1779496509.4474792,False,C3_lidar_detail,C3_lidar_detail,off,detail,False,True
1779496509.5601437,3047,11.8074,1779496509.5483363,False,C3_lidar_detail,C3_lidar_detail,off,detail,False,True
1779496509.6648595,3048,15.7032,1779496509.6491563,False,C3_lidar_detail,C3_lidar_detail,off,detail,False,True
1779496509.7558215,3049,6.2697,1779496509.7495518,False,C3_lidar_detail,C3_lidar_detail,off,detail,False,True
1779496509.8685808,3050,18.3902,1779496509.8501906,False,C3_lidar_detail,C3_lidar_detail,off,detail,False,True
1779496509.9729075,3051,22.1066,1779496509.950801,False,C3_lidar_detail,C3_lidar_detail,off,detail,False,True
1779496510.0673265,3052,16.3848,1779496510.0509417,False,C3_lidar_detail,C3_lidar_detail,off,detail,False,True
1779496510.1709676,3053,19.8023,1779496510.1511652,False,C3_lidar_detail,C3_lidar_detail,off,detail,False,True
1779496510.265633,3054,14.2944,1779496510.2513387,False,C3_lidar_detail,C3_lidar_detail,off,detail,False,True
1779496510.35943,3055,7.4887,1779496510.3519413,False,C3_lidar_detail,C3_lidar_detail,off,detail,False,True
1779496510.4562788,3056,4.0886,1779496510.4521902,False,C3_lidar_detail,C3_lidar_detail,off,detail,False,True
1779496510.56253,3057,9.0916,1779496510.5534384,False,C3_lidar_detail,C3_lidar_detail,off,detail,False,True
1779496510.6701028,3058,16.3407,1779496510.653762,False,C3_lidar_detail,C3_lidar_detail,off,detail,False,True
1779496510.762617,3059,8.4715,1779496510.7541456,False,C3_lidar_detail,C3_lidar_detail,off,detail,False,True
1779496510.8793898,3060,24.7099,1779496510.8546798,False,C3_lidar_detail,C3_lidar_detail,off,detail,False,True
1779496510.9806342,3061,23.3912,1779496510.957243,False,C3_lidar_detail,C3_lidar_detail,off,detail,False,True
1779496511.1027865,3062,43.9053,1779496511.0588813,False,C3_lidar_detail,C3_lidar_detail,off,detail,False,True
1779496511.186813,3063,27.3547,1779496511.1594584,False,C3_lidar_detail,C3_lidar_detail,off,detail,False,True
1779496511.2798483,3064,20.0095,1779496511.2598388,False,C3_lidar_detail,C3_lidar_detail,off,detail,False,True
1779496511.371525,3065,11.0061,1779496511.360519,False,C3_lidar_detail,C3_lidar_detail,off,detail,False,True
1779496511.4647245,3066,3.6168,1779496511.4611077,False,C3_lidar_detail,C3_lidar_detail,off,detail,False,True
1779496511.5739858,3067,12.5206,1779496511.5614653,False,C3_lidar_detail,C3_lidar_detail,off,detail,False,True
1779496511.6690295,3068,6.9363,1779496511.6620932,False,C3_lidar_detail,C3_lidar_detail,off,detail,False,True
1779496511.7798214,3069,17.0453,1779496511.7627761,False,C3_lidar_detail,C3_lidar_detail,off,detail,False,True
1779496511.874587,3070,10.9956,1779496511.8635914,False,C3_lidar_detail,C3_lidar_detail,off,detail,False,True
1779496511.9741726,3071,10.0086,1779496511.964164,False,C3_lidar_detail,C3_lidar_detail,off,detail,False,True
1779496512.0699968,3072,5.3389,1779496512.064658,False,C3_lidar_detail,C3_lidar_detail,off,detail,False,True
1779496512.1797705,3073,14.6871,1779496512.1650834,False,C3_lidar_detail,C3_lidar_detail,off,detail,False,True
1779496512.2712522,3074,6.0208,1779496512.2652314,False,C3_lidar_detail,C3_lidar_detail,off,detail,False,True
1779496512.3812551,3075,15.9059,1779496512.3653493,False,C3_lidar_detail,C3_lidar_detail,off,detail,False,True
1779496512.4786825,3076,12.7792,1779496512.4659033,False,C3_lidar_detail,C3_lidar_detail,off,detail,False,True
1779496512.5976567,3077,31.4255,1779496512.5662313,False,C3_lidar_detail,C3_lidar_detail,off,detail,False,True
1779496512.683416,3078,16.8955,1779496512.6665204,False,C3_lidar_detail,C3_lidar_detail,off,detail,False,True
1779496512.7880294,3079,21.2464,1779496512.766783,False,C3_lidar_detail,C3_lidar_detail,off,detail,False,True
1779496512.8835466,3080,16.0592,1779496512.8674874,False,C3_lidar_detail,C3_lidar_detail,off,detail,False,True
1779496513.0223057,3081,54.5042,1779496512.9678016,False,C3_lidar_detail,C3_lidar_detail,off,detail,False,True
1779496513.106703,3082,33.9293,1779496513.0727737,False,C3_lidar_detail,C3_lidar_detail,off,detail,False,True
1779496513.1943886,3083,21.4465,1779496513.1729422,False,C3_lidar_detail,C3_lidar_detail,off,detail,False,True
1779496513.2864428,3084,13.2186,1779496513.273224,False,C3_lidar_detail,C3_lidar_detail,off,detail,False,True
1779496513.421927,3085,47.6277,1779496513.3742993,False,C3_lidar_detail,C3_lidar_detail,off,detail,False,True
1779496513.4878876,3086,13.1865,1779496513.4747012,False,C3_lidar_detail,C3_lidar_detail,off,detail,False,True
1779496513.6006715,3087,25.2516,1779496513.57542,False,C3_lidar_detail,C3_lidar_detail,off,detail,False,True
1779496513.6943643,3088,18.5299,1779496513.6758344,False,C3_lidar_detail,C3_lidar_detail,off,detail,False,True
1779496513.7850194,3089,8.4426,1779496513.7765768,False,C3_lidar_detail,C3_lidar_detail,off,detail,False,True
1779496513.8974867,3090,20.817,1779496513.8766696,False,C3_lidar_detail,C3_lidar_detail,off,detail,False,True
1779496513.986325,3091,8.8758,1779496513.9774492,False,C3_lidar_detail,C3_lidar_detail,off,detail,False,True
1779496514.086816,3092,4.2944,1779496514.0825217,False,C3_lidar_detail,C3_lidar_detail,off,detail,False,True
1779496514.2019668,3093,18.7836,1779496514.1831832,False,C3_lidar_detail,C3_lidar_detail,off,detail,False,True
1779496514.2952826,3094,11.5819,1779496514.2837007,False,C3_lidar_detail,C3_lidar_detail,off,detail,False,True
1779496514.3941488,3095,9.7189,1779496514.38443,False,C3_lidar_detail,C3_lidar_detail,off,detail,False,True
1779496514.4992626,3096,14.3006,1779496514.484962,False,C3_lidar_detail,C3_lidar_detail,off,detail,False,True
1779496514.595485,3097,8.0767,1779496514.5874083,False,C3_lidar_detail,C3_lidar_detail,off,detail,False,True
1779496514.6992435,3098,11.0388,1779496514.6882048,False,C3_lidar_detail,C3_lidar_detail,off,detail,False,True
1779496514.8111227,3099,22.1868,1779496514.788936,False,C3_lidar_detail,C3_lidar_detail,off,detail,False,True
1779496514.9040992,3100,14.5392,1779496514.88956,False,C3_lidar_detail,C3_lidar_detail,off,detail,False,True
1779496514.9942367,3101,4.2236,1779496514.9900131,False,C3_lidar_detail,C3_lidar_detail,off,detail,False,True
1779496515.095521,3102,3.8681,1779496515.0916529,False,C3_lidar_detail,C3_lidar_detail,off,detail,False,True
1779496515.1979764,3103,5.4195,1779496515.1925569,False,C3_lidar_detail,C3_lidar_detail,off,detail,False,True
1779496515.3057377,3104,12.5856,1779496515.293152,False,C3_lidar_detail,C3_lidar_detail,off,detail,False,True
1779496515.4013174,3105,7.9803,1779496515.393337,False,C3_lidar_detail,C3_lidar_detail,off,detail,False,True
1779496515.5104115,3106,16.7067,1779496515.4937048,False,C3_lidar_detail,C3_lidar_detail,off,detail,False,True
1779496515.6019423,3107,7.6346,1779496515.5943077,False,C3_lidar_detail,C3_lidar_detail,off,detail,False,True
1779496515.7109919,3108,16.2764,1779496515.6947155,False,C3_lidar_detail,C3_lidar_detail,off,detail,False,True
1779496515.8020856,3109,7.0684,1779496515.7950172,False,C3_lidar_detail,C3_lidar_detail,off,detail,False,True
1779496515.9106882,3110,15.2497,1779496515.8954384,False,C3_lidar_detail,C3_lidar_detail,off,detail,False,True
1779496516.0060308,3111,9.7442,1779496515.9962866,False,C3_lidar_detail,C3_lidar_detail,off,detail,False,True
1779496516.103184,3112,6.6237,1779496516.0965602,False,C3_lidar_detail,C3_lidar_detail,off,detail,False,True
1779496516.2025688,3113,5.8024,1779496516.1967664,False,C3_lidar_detail,C3_lidar_detail,off,detail,False,True
1779496516.3138366,3114,16.1266,1779496516.29771,False,C3_lidar_detail,C3_lidar_detail,off,detail,False,True
1779496516.4047546,3115,6.5982,1779496516.3981564,False,C3_lidar_detail,C3_lidar_detail,off,detail,False,True
1779496516.5154307,3116,16.6359,1779496516.4987948,False,C3_lidar_detail,C3_lidar_detail,off,detail,False,True
1779496516.6082158,3117,9.1512,1779496516.5990646,False,C3_lidar_detail,C3_lidar_detail,off,detail,False,True
1779496516.7134,3118,14.0436,1779496516.6993563,False,C3_lidar_detail,C3_lidar_detail,off,detail,False,True
1779496516.807759,3119,8.1837,1779496516.7995753,False,C3_lidar_detail,C3_lidar_detail,off,detail,False,True
1779496516.9188428,3120,18.8608,1779496516.899982,False,C3_lidar_detail,C3_lidar_detail,off,detail,False,True
1779496517.0089426,3121,8.5142,1779496517.0004284,False,C3_lidar_detail,C3_lidar_detail,off,detail,False,True
1779496517.114389,3122,13.4215,1779496517.1009674,False,C3_lidar_detail,C3_lidar_detail,off,detail,False,True
1779496517.2105606,3123,9.4075,1779496517.201153,False,C3_lidar_detail,C3_lidar_detail,off,detail,False,True
1779496517.3219788,3124,20.2954,1779496517.3016834,False,C3_lidar_detail,C3_lidar_detail,off,detail,False,True
1779496517.425559,3125,23.0057,1779496517.4025533,False,C3_lidar_detail,C3_lidar_detail,off,detail,False,True
1779496517.5192673,3126,16.2952,1779496517.5029721,False,C3_lidar_detail,C3_lidar_detail,off,detail,False,True
1779496517.6088538,3127,5.3027,1779496517.6035511,False,C3_lidar_detail,C3_lidar_detail,off,detail,False,True
1779496517.7582784,3128,48.0914,1779496517.710187,False,C3_lidar_detail,C3_lidar_detail,off,detail,False,True
1779496517.8447387,3129,34.0519,1779496517.8106868,False,C3_lidar_detail,C3_lidar_detail,off,detail,False,True
1779496517.9293416,3130,18.0304,1779496517.9113111,False,C3_lidar_detail,C3_lidar_detail,off,detail,False,True
1779496518.032853,3131,20.8333,1779496518.0120196,False,C3_lidar_detail,C3_lidar_detail,off,detail,False,True
1779496518.1231406,3132,10.3576,1779496518.112783,False,C3_lidar_detail,C3_lidar_detail,off,detail,False,True
1779496518.2343562,3133,20.6552,1779496518.213701,False,C3_lidar_detail,C3_lidar_detail,off,detail,False,True
1779496518.3264148,3134,12.2075,1779496518.3142073,False,C3_lidar_detail,C3_lidar_detail,off,detail,False,True
1779496518.4345815,3135,20.2725,1779496518.414309,False,C3_lidar_detail,C3_lidar_detail,off,detail,False,True
1779496518.52793,3136,13.0885,1779496518.5148416,False,C3_lidar_detail,C3_lidar_detail,off,detail,False,True
1779496518.6326184,3137,17.5045,1779496518.615114,False,C3_lidar_detail,C3_lidar_detail,off,detail,False,True
1779496518.724449,3138,6.4635,1779496518.7179854,False,C3_lidar_detail,C3_lidar_detail,off,detail,False,True
1779496518.8354173,3139,16.7513,1779496518.818666,False,C3_lidar_detail,C3_lidar_detail,off,detail,False,True
1779496518.9358604,3140,16.9559,1779496518.9189045,False,C3_lidar_detail,C3_lidar_detail,off,detail,False,True
1779496519.0397363,3141,20.2975,1779496519.0194387,False,C3_lidar_detail,C3_lidar_detail,off,detail,False,True
1779496519.1345537,3142,14.6658,1779496519.1198878,False,C3_lidar_detail,C3_lidar_detail,off,detail,False,True
1779496519.2283893,3143,8.0142,1779496519.220375,False,C3_lidar_detail,C3_lidar_detail,off,detail,False,True
1779496519.379029,3144,58.4791,1779496519.32055,False,C3_lidar_detail,C3_lidar_detail,off,detail,False,True
1779496519.4667451,3145,45.5153,1779496519.4212298,False,C3_lidar_detail,C3_lidar_detail,off,detail,False,True
1779496519.5509405,3146,29.4704,1779496519.52147,False,C3_lidar_detail,C3_lidar_detail,off,detail,False,True
1779496519.6321573,3147,9.9754,1779496519.622182,False,C3_lidar_detail,C3_lidar_detail,off,detail,False,True
1779496519.736706,3148,8.9576,1779496519.7277484,False,C3_lidar_detail,C3_lidar_detail,off,detail,False,True
1779496519.8892462,3149,60.4119,1779496519.8288343,False,C3_lidar_detail,C3_lidar_detail,off,detail,False,True
1779496519.9733586,3150,44.2054,1779496519.9291532,False,C3_lidar_detail,C3_lidar_detail,off,detail,False,True
1779496520.0579357,3151,28.6057,1779496520.02933,False,C3_lidar_detail,C3_lidar_detail,off,detail,False,True
1779496520.1963162,3152,66.741,1779496520.1295753,False,C3_lidar_detail,C3_lidar_detail,off,detail,False,True
1779496520.2798862,3153,49.7134,1779496520.2301729,False,C3_lidar_detail,C3_lidar_detail,off,detail,False,True
1779496520.3661327,3154,35.2402,1779496520.3308926,False,C3_lidar_detail,C3_lidar_detail,off,detail,False,True
1779496520.4754667,3155,43.7434,1779496520.4317234,False,C3_lidar_detail,C3_lidar_detail,off,detail,False,True
1779496520.5706873,3156,38.5668,1779496520.5321205,False,C3_lidar_detail,C3_lidar_detail,off,detail,False,True
1779496520.6686156,3157,36.3357,1779496520.6322799,False,C3_lidar_detail,C3_lidar_detail,off,detail,False,True
1779496520.7547424,3158,21.3919,1779496520.7333505,False,C3_lidar_detail,C3_lidar_detail,off,detail,False,True
1779496520.8378694,3159,3.618,1779496520.8342514,False,C3_lidar_detail,C3_lidar_detail,off,detail,False,True
1779496520.9506571,3160,16.12,1779496520.9345372,False,C3_lidar_detail,C3_lidar_detail,off,detail,False,True
1779496521.0411522,3161,6.1026,1779496521.0350497,False,C3_lidar_detail,C3_lidar_detail,off,detail,False,True
1779496521.1501245,3162,14.8606,1779496521.135264,False,C3_lidar_detail,C3_lidar_detail,off,detail,False,True
1779496521.2443542,3163,8.734,1779496521.2356203,False,C3_lidar_detail,C3_lidar_detail,off,detail,False,True
1779496521.3517025,3164,15.7194,1779496521.335983,False,C3_lidar_detail,C3_lidar_detail,off,detail,False,True
1779496521.4464417,3165,9.6252,1779496521.4368165,False,C3_lidar_detail,C3_lidar_detail,off,detail,False,True
1779496521.554155,3166,17.0069,1779496521.5371482,False,C3_lidar_detail,C3_lidar_detail,off,detail,False,True
1779496521.683735,3167,46.2594,1779496521.6374755,False,C3_lidar_detail,C3_lidar_detail,off,detail,False,True
1779496521.7689378,3168,31.2822,1779496521.7376556,False,C3_lidar_detail,C3_lidar_detail,off,detail,False,True
1779496521.864302,3169,26.1061,1779496521.8381958,False,C3_lidar_detail,C3_lidar_detail,off,detail,False,True
1779496521.9558046,3170,17.4389,1779496521.9383657,False,C3_lidar_detail,C3_lidar_detail,off,detail,False,True
1779496522.047914,3171,8.9431,1779496522.038971,False,C3_lidar_detail,C3_lidar_detail,off,detail,False,True
1779496522.1555502,3172,15.9955,1779496522.1395547,False,C3_lidar_detail,C3_lidar_detail,off,detail,False,True
1779496522.2551181,3173,15.4753,1779496522.2396429,False,C3_lidar_detail,C3_lidar_detail,off,detail,False,True
1779496522.3637168,3174,23.6528,1779496522.340064,False,C3_lidar_detail,C3_lidar_detail,off,detail,False,True
1779496522.4586322,3175,17.7803,1779496522.440852,False,C3_lidar_detail,C3_lidar_detail,off,detail,False,True
1779496522.5468695,3176,5.2276,1779496522.541642,False,C3_lidar_detail,C3_lidar_detail,off,detail,False,True
1779496522.6568437,3177,14.2984,1779496522.6425452,False,C3_lidar_detail,C3_lidar_detail,off,detail,False,True
1779496522.7540586,3178,11.0838,1779496522.7429748,False,C3_lidar_detail,C3_lidar_detail,off,detail,False,True
1779496522.8593166,3179,15.7969,1779496522.8435197,False,C3_lidar_detail,C3_lidar_detail,off,detail,False,True
1779496522.9650207,3180,20.6625,1779496522.944358,False,C3_lidar_detail,C3_lidar_detail,off,detail,False,True
1779496523.0862706,3181,41.141,1779496523.0451295,False,C3_lidar_detail,C3_lidar_detail,off,detail,False,True
1779496523.1757174,3182,29.8345,1779496523.1458828,False,C3_lidar_detail,C3_lidar_detail,off,detail,False,True
1779496523.2620234,3183,15.8954,1779496523.246128,False,C3_lidar_detail,C3_lidar_detail,off,detail,False,True
1779496523.3720982,3184,25.1358,1779496523.3469625,False,C3_lidar_detail,C3_lidar_detail,off,detail,False,True
1779496523.4633179,3185,15.4917,1779496523.4478261,False,C3_lidar_detail,C3_lidar_detail,off,detail,False,True
1779496523.5601306,3186,11.7605,1779496523.5483701,False,C3_lidar_detail,C3_lidar_detail,off,detail,False,True
1779496523.6995897,3187,50.7727,1779496523.648817,False,C3_lidar_detail,C3_lidar_detail,off,detail,False,True
1779496523.7824023,3188,33.2782,1779496523.749124,False,C3_lidar_detail,C3_lidar_detail,off,detail,False,True
1779496523.8657935,3189,10.0744,1779496523.855719,False,C3_lidar_detail,C3_lidar_detail,off,detail,False,True
1779496523.9650059,3190,8.0199,1779496523.956986,False,C3_lidar_detail,C3_lidar_detail,off,detail,False,True
1779496524.0737975,3191,16.2454,1779496524.057552,False,C3_lidar_detail,C3_lidar_detail,off,detail,False,True
1779496524.1767478,3192,18.893,1779496524.1578548,False,C3_lidar_detail,C3_lidar_detail,off,detail,False,True
1779496524.2801034,3193,22.0478,1779496524.2580557,False,C3_lidar_detail,C3_lidar_detail,off,detail,False,True
1779496524.3719985,3194,13.1586,1779496524.35884,False,C3_lidar_detail,C3_lidar_detail,off,detail,False,True
1779496524.464615,3195,4.8079,1779496524.4598072,False,C3_lidar_detail,C3_lidar_detail,off,detail,False,True
1779496524.5709789,3196,10.2515,1779496524.5607274,False,C3_lidar_detail,C3_lidar_detail,off,detail,False,True
1779496524.722389,3197,60.9181,1779496524.661471,False,C3_lidar_detail,C3_lidar_detail,off,detail,False,True
1779496524.7780898,3198,16.1667,1779496524.761923,False,C3_lidar_detail,C3_lidar_detail,off,detail,False,True
1779496524.8805676,3199,18.0671,1779496524.8625004,False,C3_lidar_detail,C3_lidar_detail,off,detail,False,True
1779496524.9765081,3200,13.0305,1779496524.9634776,False,C3_lidar_detail,C3_lidar_detail,off,detail,False,True
1779496525.0833738,3201,19.2232,1779496525.0641506,False,C3_lidar_detail,C3_lidar_detail,off,detail,False,True
1779496525.1724508,3202,7.6518,1779496525.164799,False,C3_lidar_detail,C3_lidar_detail,off,detail,False,True
1779496525.284528,3203,19.2182,1779496525.2653098,False,C3_lidar_detail,C3_lidar_detail,off,detail,False,True
1779496525.3758664,3204,4.7333,1779496525.371133,False,C3_lidar_detail,C3_lidar_detail,off,detail,False,True
1779496525.4813673,3205,9.8579,1779496525.4715095,False,C3_lidar_detail,C3_lidar_detail,off,detail,False,True
1779496525.5904562,3206,18.4324,1779496525.5720239,False,C3_lidar_detail,C3_lidar_detail,off,detail,False,True
1779496525.6828997,3207,10.5257,1779496525.672374,False,C3_lidar_detail,C3_lidar_detail,off,detail,False,True
1779496525.8294342,3208,56.8213,1779496525.7726128,False,C3_lidar_detail,C3_lidar_detail,off,detail,False,True
1779496525.9162939,3209,43.0653,1779496525.8732285,False,C3_lidar_detail,C3_lidar_detail,off,detail,False,True
1779496526.0026329,3210,29.0458,1779496525.973587,False,C3_lidar_detail,C3_lidar_detail,off,detail,False,True
1779496526.0863395,3211,12.4972,1779496526.0738423,False,C3_lidar_detail,C3_lidar_detail,off,detail,False,True
1779496526.191904,3212,17.7112,1779496526.174193,False,C3_lidar_detail,C3_lidar_detail,off,detail,False,True
1779496526.2958727,3213,21.5676,1779496526.274305,False,C3_lidar_detail,C3_lidar_detail,off,detail,False,True
1779496526.3840156,3214,9.156,1779496526.3748596,False,C3_lidar_detail,C3_lidar_detail,off,detail,False,True
1779496526.4874916,3215,12.2142,1779496526.4752774,False,C3_lidar_detail,C3_lidar_detail,off,detail,False,True
1779496526.5822346,3216,6.7596,1779496526.575475,False,C3_lidar_detail,C3_lidar_detail,off,detail,False,True
1779496526.690997,3217,14.8921,1779496526.6761048,False,C3_lidar_detail,C3_lidar_detail,off,detail,False,True
1779496526.7909079,3218,14.0352,1779496526.7768726,False,C3_lidar_detail,C3_lidar_detail,off,detail,False,True
1779496526.904932,3219,27.6787,1779496526.8772533,False,C3_lidar_detail,C3_lidar_detail,off,detail,False,True
1779496527.0053494,3220,27.4529,1779496526.9778965,False,C3_lidar_detail,C3_lidar_detail,off,detail,False,True
1779496527.090328,3221,11.8122,1779496527.0785158,False,C3_lidar_detail,C3_lidar_detail,off,detail,False,True
1779496527.19147,3222,12.6722,1779496527.1787977,False,C3_lidar_detail,C3_lidar_detail,off,detail,False,True
1779496527.2880447,3223,8.8372,1779496527.2792075,False,C3_lidar_detail,C3_lidar_detail,off,detail,False,True
1779496527.3955026,3224,15.9149,1779496527.3795877,False,C3_lidar_detail,C3_lidar_detail,off,detail,False,True
1779496527.5039911,3225,23.5827,1779496527.4804084,False,C3_lidar_detail,C3_lidar_detail,off,detail,False,True
1779496527.5923758,3226,11.5585,1779496527.5808172,False,C3_lidar_detail,C3_lidar_detail,off,detail,False,True
1779496527.7027597,3227,21.3766,1779496527.6813831,False,C3_lidar_detail,C3_lidar_detail,off,detail,False,True
1779496527.7960584,3228,14.5266,1779496527.7815318,False,C3_lidar_detail,C3_lidar_detail,off,detail,False,True
1779496527.9126565,3229,30.4844,1779496527.882172,False,C3_lidar_detail,C3_lidar_detail,off,detail,False,True
1779496527.9995577,3230,16.7463,1779496527.9828115,False,C3_lidar_detail,C3_lidar_detail,off,detail,False,True
1779496528.0946522,3231,11.0834,1779496528.0835688,False,C3_lidar_detail,C3_lidar_detail,off,detail,False,True
1779496528.1955569,3232,11.8124,1779496528.1837444,False,C3_lidar_detail,C3_lidar_detail,off,detail,False,True
1779496528.3043659,3233,19.9864,1779496528.2843795,False,C3_lidar_detail,C3_lidar_detail,off,detail,False,True
1779496528.3978324,3234,13.2616,1779496528.3845708,False,C3_lidar_detail,C3_lidar_detail,off,detail,False,True
1779496528.4962063,3235,11.2069,1779496528.4849994,False,C3_lidar_detail,C3_lidar_detail,off,detail,False,True
1779496528.5925353,3236,6.4895,1779496528.5860457,False,C3_lidar_detail,C3_lidar_detail,off,detail,False,True
1779496528.708607,3237,21.915,1779496528.686692,False,C3_lidar_detail,C3_lidar_detail,off,detail,False,True
1779496528.7967844,3238,9.2051,1779496528.7875793,False,C3_lidar_detail,C3_lidar_detail,off,detail,False,True
1779496528.9114816,3239,23.0575,1779496528.8884242,False,C3_lidar_detail,C3_lidar_detail,off,detail,False,True
1779496529.0062602,3240,17.5638,1779496528.9886963,False,C3_lidar_detail,C3_lidar_detail,off,detail,False,True
1779496529.1243923,3241,34.8191,1779496529.0895731,False,C3_lidar_detail,C3_lidar_detail,off,detail,False,True
1779496529.2065027,3242,16.8123,1779496529.1896904,False,C3_lidar_detail,C3_lidar_detail,off,detail,False,True
1779496529.3094163,3243,19.0196,1779496529.2903967,False,C3_lidar_detail,C3_lidar_detail,off,detail,False,True
1779496529.4021006,3244,11.3614,1779496529.3907392,False,C3_lidar_detail,C3_lidar_detail,off,detail,False,True
1779496529.510101,3245,18.9989,1779496529.4911022,False,C3_lidar_detail,C3_lidar_detail,off,detail,False,True
1779496529.6031277,3246,11.2116,1779496529.591916,False,C3_lidar_detail,C3_lidar_detail,off,detail,False,True
1779496529.7124503,3247,19.9945,1779496529.6924558,False,C3_lidar_detail,C3_lidar_detail,off,detail,False,True
1779496529.8083339,3248,15.29,1779496529.7930439,False,C3_lidar_detail,C3_lidar_detail,off,detail,False,True
1779496529.9027007,3249,9.2201,1779496529.8934805,False,C3_lidar_detail,C3_lidar_detail,off,detail,False,True
1779496530.0128846,3250,18.7652,1779496529.9941194,False,C3_lidar_detail,C3_lidar_detail,off,detail,False,True
1779496530.101394,3251,6.6152,1779496530.0947788,False,C3_lidar_detail,C3_lidar_detail,off,detail,False,True
1779496530.214979,3252,19.8765,1779496530.1951025,False,C3_lidar_detail,C3_lidar_detail,off,detail,False,True
1779496530.3037398,3253,8.1973,1779496530.2955425,False,C3_lidar_detail,C3_lidar_detail,off,detail,False,True
1779496530.4124005,3254,16.6438,1779496530.3957567,False,C3_lidar_detail,C3_lidar_detail,off,detail,False,True
1779496530.52109,3255,24.9567,1779496530.4961333,False,C3_lidar_detail,C3_lidar_detail,off,detail,False,True
1779496530.6214569,3256,24.6375,1779496530.5968194,False,C3_lidar_detail,C3_lidar_detail,off,detail,False,True
1779496530.7137625,3257,16.3367,1779496530.6974258,False,C3_lidar_detail,C3_lidar_detail,off,detail,False,True
1779496530.8063517,3258,8.424,1779496530.7979276,False,C3_lidar_detail,C3_lidar_detail,off,detail,False,True
1779496530.9134924,3259,14.9686,1779496530.8985238,False,C3_lidar_detail,C3_lidar_detail,off,detail,False,True
1779496531.0060384,3260,6.9127,1779496530.9991257,False,C3_lidar_detail,C3_lidar_detail,off,detail,False,True
1779496531.1048934,3261,4.5075,1779496531.100386,False,C3_lidar_detail,C3_lidar_detail,off,detail,False,True
1779496531.2070606,3262,6.0568,1779496531.2010038,False,C3_lidar_detail,C3_lidar_detail,off,detail,False,True
1779496531.3760626,3263,74.3539,1779496531.3017087,False,C3_lidar_detail,C3_lidar_detail,off,detail,False,True
1779496531.4828346,3264,80.689,1779496531.4021456,False,C3_lidar_detail,C3_lidar_detail,off,detail,False,True
1779496531.5811007,3265,78.8248,1779496531.502276,False,C3_lidar_detail,C3_lidar_detail,off,detail,False,True
1779496531.6287632,3266,24.709,1779496531.6040542,False,C3_lidar_detail,C3_lidar_detail,off,detail,False,True
1779496531.7156055,3267,10.7419,1779496531.7048635,False,C3_lidar_detail,C3_lidar_detail,off,detail,False,True
1779496531.8253338,3268,19.7761,1779496531.8055577,False,C3_lidar_detail,C3_lidar_detail,off,detail,False,True
1779496531.9187324,3269,12.6774,1779496531.906055,False,C3_lidar_detail,C3_lidar_detail,off,detail,False,True
1779496532.0323691,3270,25.6207,1779496532.0067484,False,C3_lidar_detail,C3_lidar_detail,off,detail,False,True
1779496532.1175976,3271,9.9931,1779496532.1076045,False,C3_lidar_detail,C3_lidar_detail,off,detail,False,True
1779496532.2148852,3272,7.0233,1779496532.207862,False,C3_lidar_detail,C3_lidar_detail,off,detail,False,True
1779496532.3266644,3273,18.1291,1779496532.3085353,False,C3_lidar_detail,C3_lidar_detail,off,detail,False,True
1779496532.4206398,3274,11.5571,1779496532.4090827,False,C3_lidar_detail,C3_lidar_detail,off,detail,False,True
1779496532.5344512,3275,24.9398,1779496532.5095115,False,C3_lidar_detail,C3_lidar_detail,off,detail,False,True
1779496532.6223876,3276,12.0008,1779496532.6103868,False,C3_lidar_detail,C3_lidar_detail,off,detail,False,True
1779496532.729968,3277,19.1319,1779496532.7108362,False,C3_lidar_detail,C3_lidar_detail,off,detail,False,True
1779496532.8227425,3278,11.4703,1779496532.8112721,False,C3_lidar_detail,C3_lidar_detail,off,detail,False,True
1779496532.9328504,3279,21.152,1779496532.9116983,False,C3_lidar_detail,C3_lidar_detail,off,detail,False,True
1779496533.025889,3280,13.8669,1779496533.012022,False,C3_lidar_detail,C3_lidar_detail,off,detail,False,True
1779496533.1182847,3281,5.621,1779496533.1126637,False,C3_lidar_detail,C3_lidar_detail,off,detail,False,True
1779496533.2269452,3282,13.7954,1779496533.2131498,False,C3_lidar_detail,C3_lidar_detail,off,detail,False,True
1779496533.324454,3283,10.9744,1779496533.3134797,False,C3_lidar_detail,C3_lidar_detail,off,detail,False,True
1779496533.4322276,3284,18.3933,1779496533.4138343,False,C3_lidar_detail,C3_lidar_detail,off,detail,False,True
1779496533.5254707,3285,11.0526,1779496533.5144181,False,C3_lidar_detail,C3_lidar_detail,off,detail,False,True
1779496533.630794,3286,16.1304,1779496533.6146636,False,C3_lidar_detail,C3_lidar_detail,off,detail,False,True
1779496533.727503,3287,12.2294,1779496533.7152736,False,C3_lidar_detail,C3_lidar_detail,off,detail,False,True
1779496533.8349721,3288,19.0904,1779496533.8158817,False,C3_lidar_detail,C3_lidar_detail,off,detail,False,True
1779496533.942639,3289,26.2394,1779496533.9163997,False,C3_lidar_detail,C3_lidar_detail,off,detail,False,True
1779496534.0384183,3290,21.7354,1779496534.0166829,False,C3_lidar_detail,C3_lidar_detail,off,detail,False,True
1779496534.144219,3291,26.9029,1779496534.117316,False,C3_lidar_detail,C3_lidar_detail,off,detail,False,True
1779496534.2435868,3292,25.2445,1779496534.2183423,False,C3_lidar_detail,C3_lidar_detail,off,detail,False,True
1779496534.3310044,3293,12.4176,1779496534.3185868,False,C3_lidar_detail,C3_lidar_detail,off,detail,False,True
1779496534.4384,3294,19.6383,1779496534.4187617,False,C3_lidar_detail,C3_lidar_detail,off,detail,False,True
1779496534.5286882,3295,9.2776,1779496534.5194106,False,C3_lidar_detail,C3_lidar_detail,off,detail,False,True
1779496534.6352322,3296,15.3742,1779496534.619858,False,C3_lidar_detail,C3_lidar_detail,off,detail,False,True
1779496534.7318249,3297,11.8117,1779496534.7200131,False,C3_lidar_detail,C3_lidar_detail,off,detail,False,True
1779496534.8388295,3298,17.7963,1779496534.8210332,False,C3_lidar_detail,C3_lidar_detail,off,detail,False,True
1779496534.933491,3299,12.0437,1779496534.9214473,False,C3_lidar_detail,C3_lidar_detail,off,detail,False,True
1779496535.0291464,3300,7.2949,1779496535.0218515,False,C3_lidar_detail,C3_lidar_detail,off,detail,False,True
