unix_ts_recv,seq,rtt_ms,t_send_unix,warmup,test_id,condition,camera_mode,lidar_mode,video_enabled,lidar_enabled
1779496307.3214767,1101,50.1666,1779496307.27131,True,C2_video_normal,C2_video_normal,normal,off,True,False
1779496307.383013,1102,11.0595,1779496307.3719535,True,C2_video_normal,C2_video_normal,normal,off,True,False
1779496307.491951,1103,19.536,1779496307.472415,True,C2_video_normal,C2_video_normal,normal,off,True,False
1779496307.5881317,1104,15.3313,1779496307.5728004,True,C2_video_normal,C2_video_normal,normal,off,True,False
1779496307.6942499,1105,20.8123,1779496307.6734376,True,C2_video_normal,C2_video_normal,normal,off,True,False
1779496307.7900975,1106,15.9566,1779496307.7741408,True,C2_video_normal,C2_video_normal,normal,off,True,False
1779496307.8840337,1107,9.536,1779496307.8744977,True,C2_video_normal,C2_video_normal,normal,off,True,False
1779496307.991195,1108,16.2179,1779496307.974977,True,C2_video_normal,C2_video_normal,normal,off,True,False
1779496308.0848916,1109,9.6707,1779496308.0752208,True,C2_video_normal,C2_video_normal,normal,off,True,False
1779496308.1923363,1110,16.8099,1779496308.1755264,True,C2_video_normal,C2_video_normal,normal,off,True,False
1779496308.2847326,1111,8.6606,1779496308.276072,True,C2_video_normal,C2_video_normal,normal,off,True,False
1779496308.3927805,1112,16.4206,1779496308.37636,True,C2_video_normal,C2_video_normal,normal,off,True,False
1779496308.486417,1113,9.264,1779496308.477153,True,C2_video_normal,C2_video_normal,normal,off,True,False
1779496308.5924084,1114,14.8134,1779496308.577595,True,C2_video_normal,C2_video_normal,normal,off,True,False
1779496308.6840065,1115,5.7602,1779496308.6782463,True,C2_video_normal,C2_video_normal,normal,off,True,False
1779496308.7973464,1116,18.6405,1779496308.7787058,True,C2_video_normal,C2_video_normal,normal,off,True,False
1779496308.8882399,1117,9.3634,1779496308.8788764,True,C2_video_normal,C2_video_normal,normal,off,True,False
1779496308.9936159,1118,14.2298,1779496308.979386,True,C2_video_normal,C2_video_normal,normal,off,True,False
1779496309.1006866,1119,20.9987,1779496309.0796878,True,C2_video_normal,C2_video_normal,normal,off,True,False
1779496309.194008,1120,13.3445,1779496309.1806636,True,C2_video_normal,C2_video_normal,normal,off,True,False
1779496309.2999485,1121,18.6806,1779496309.281268,True,C2_video_normal,C2_video_normal,normal,off,True,False
1779496309.3931665,1122,11.6606,1779496309.381506,True,C2_video_normal,C2_video_normal,normal,off,True,False
1779496309.4898436,1123,7.7009,1779496309.4821427,True,C2_video_normal,C2_video_normal,normal,off,True,False
1779496309.5988111,1124,15.9705,1779496309.5828407,True,C2_video_normal,C2_video_normal,normal,off,True,False
1779496309.689691,1125,6.3043,1779496309.6833868,True,C2_video_normal,C2_video_normal,normal,off,True,False
1779496309.7981987,1126,14.236,1779496309.7839627,True,C2_video_normal,C2_video_normal,normal,off,True,False
1779496309.9040227,1127,19.2068,1779496309.884816,True,C2_video_normal,C2_video_normal,normal,off,True,False
1779496310.0120995,1128,26.6526,1779496309.985447,True,C2_video_normal,C2_video_normal,normal,off,True,False
1779496310.0958972,1129,10.1683,1779496310.085729,True,C2_video_normal,C2_video_normal,normal,off,True,False
1779496310.2051818,1130,18.6212,1779496310.1865606,True,C2_video_normal,C2_video_normal,normal,off,True,False
1779496310.2933824,1131,6.5291,1779496310.2868533,True,C2_video_normal,C2_video_normal,normal,off,True,False
1779496310.405237,1132,18.2025,1779496310.3870344,True,C2_video_normal,C2_video_normal,normal,off,True,False
1779496310.533629,1133,45.8117,1779496310.4878173,True,C2_video_normal,C2_video_normal,normal,off,True,False
1779496310.6219714,1134,33.9651,1779496310.5880063,True,C2_video_normal,C2_video_normal,normal,off,True,False
1779496310.6990724,1135,10.6912,1779496310.6883812,True,C2_video_normal,C2_video_normal,normal,off,True,False
1779496310.8006241,1136,11.6694,1779496310.7889547,True,C2_video_normal,C2_video_normal,normal,off,True,False
1779496310.901375,1137,12.3205,1779496310.8890545,True,C2_video_normal,C2_video_normal,normal,off,True,False
1779496310.9969177,1138,7.4222,1779496310.9894955,True,C2_video_normal,C2_video_normal,normal,off,True,False
1779496311.1549149,1139,65.0666,1779496311.0898483,True,C2_video_normal,C2_video_normal,normal,off,True,False
1779496311.201285,1140,11.0917,1779496311.1901932,True,C2_video_normal,C2_video_normal,normal,off,True,False
1779496311.3028276,1141,11.8237,1779496311.291004,True,C2_video_normal,C2_video_normal,normal,off,True,False
1779496311.4137702,1142,22.2938,1779496311.3914764,True,C2_video_normal,C2_video_normal,normal,off,True,False
1779496311.515553,1143,23.7846,1779496311.4917684,True,C2_video_normal,C2_video_normal,normal,off,True,False
1779496311.60517,1144,12.6064,1779496311.5925636,True,C2_video_normal,C2_video_normal,normal,off,True,False
1779496311.6989326,1145,6.0225,1779496311.6929102,True,C2_video_normal,C2_video_normal,normal,off,True,False
1779496311.8016129,1146,8.0087,1779496311.7936041,True,C2_video_normal,C2_video_normal,normal,off,True,False
1779496311.899804,1147,5.8711,1779496311.893933,True,C2_video_normal,C2_video_normal,normal,off,True,False
1779496312.011644,1148,17.5407,1779496311.9941032,True,C2_video_normal,C2_video_normal,normal,off,True,False
1779496312.1035159,1149,8.7633,1779496312.0947526,True,C2_video_normal,C2_video_normal,normal,off,True,False
1779496312.2115784,1150,16.0048,1779496312.1955736,True,C2_video_normal,C2_video_normal,normal,off,True,False
1779496312.3045404,1151,8.5568,1779496312.2959836,False,C2_video_normal,C2_video_normal,normal,off,True,False
1779496312.4110036,1152,14.0321,1779496312.3969715,False,C2_video_normal,C2_video_normal,normal,off,True,False
1779496312.5062268,1153,8.7588,1779496312.497468,False,C2_video_normal,C2_video_normal,normal,off,True,False
1779496312.6144514,1154,16.7918,1779496312.5976596,False,C2_video_normal,C2_video_normal,normal,off,True,False
1779496312.729239,1155,31.173,1779496312.698066,False,C2_video_normal,C2_video_normal,normal,off,True,False
1779496312.8172584,1156,18.7998,1779496312.7984586,False,C2_video_normal,C2_video_normal,normal,off,True,False
1779496312.9118865,1157,13.2596,1779496312.8986268,False,C2_video_normal,C2_video_normal,normal,off,True,False
1779496313.0071883,1158,8.0023,1779496312.999186,False,C2_video_normal,C2_video_normal,normal,off,True,False
1779496313.1146855,1159,15.2409,1779496313.0994446,False,C2_video_normal,C2_video_normal,normal,off,True,False
1779496313.2131863,1160,12.8276,1779496313.2003586,False,C2_video_normal,C2_video_normal,normal,off,True,False
1779496313.332728,1161,31.9455,1779496313.3007824,False,C2_video_normal,C2_video_normal,normal,off,True,False
1779496313.4172971,1162,15.9087,1779496313.4013884,False,C2_video_normal,C2_video_normal,normal,off,True,False
1779496313.5691378,1163,66.7646,1779496313.5023732,False,C2_video_normal,C2_video_normal,normal,off,True,False
1779496313.66814,1164,64.8932,1779496313.6032467,False,C2_video_normal,C2_video_normal,normal,off,True,False
1779496313.7733302,1165,69.3021,1779496313.7040281,False,C2_video_normal,C2_video_normal,normal,off,True,False
1779496313.8272674,1166,22.9461,1779496313.8043213,False,C2_video_normal,C2_video_normal,normal,off,True,False
1779496313.9193287,1167,14.5497,1779496313.904779,False,C2_video_normal,C2_video_normal,normal,off,True,False
1779496314.01704,1168,11.6689,1779496314.005371,False,C2_video_normal,C2_video_normal,normal,off,True,False
1779496314.1257186,1169,19.6786,1779496314.10604,False,C2_video_normal,C2_video_normal,normal,off,True,False
1779496314.2168238,1170,10.4744,1779496314.2063494,False,C2_video_normal,C2_video_normal,normal,off,True,False
1779496314.325532,1171,18.9235,1779496314.3066084,False,C2_video_normal,C2_video_normal,normal,off,True,False
1779496314.4188237,1172,11.7404,1779496314.4070833,False,C2_video_normal,C2_video_normal,normal,off,True,False
1779496314.5256572,1173,18.1315,1779496314.5075257,False,C2_video_normal,C2_video_normal,normal,off,True,False
1779496314.6216826,1174,13.2575,1779496314.6084251,False,C2_video_normal,C2_video_normal,normal,off,True,False
1779496314.7260756,1175,17.1883,1779496314.7088873,False,C2_video_normal,C2_video_normal,normal,off,True,False
1779496314.8235214,1176,14.1454,1779496314.809376,False,C2_video_normal,C2_video_normal,normal,off,True,False
1779496314.9308522,1177,20.7386,1779496314.9101136,False,C2_video_normal,C2_video_normal,normal,off,True,False
1779496315.0388954,1178,28.6076,1779496315.0102878,False,C2_video_normal,C2_video_normal,normal,off,True,False
1779496315.1328418,1179,22.0559,1779496315.110786,False,C2_video_normal,C2_video_normal,normal,off,True,False
1779496315.2221763,1180,11.2855,1779496315.2108908,False,C2_video_normal,C2_video_normal,normal,off,True,False
1779496315.3357396,1181,24.5337,1779496315.3112059,False,C2_video_normal,C2_video_normal,normal,off,True,False
1779496315.4270773,1182,15.1217,1779496315.4119556,False,C2_video_normal,C2_video_normal,normal,off,True,False
1779496315.534667,1183,22.4864,1779496315.5121806,False,C2_video_normal,C2_video_normal,normal,off,True,False
1779496315.6254137,1184,12.7633,1779496315.6126504,False,C2_video_normal,C2_video_normal,normal,off,True,False
1779496315.7304413,1185,17.3783,1779496315.713063,False,C2_video_normal,C2_video_normal,normal,off,True,False
1779496315.826257,1186,11.9348,1779496315.8143222,False,C2_video_normal,C2_video_normal,normal,off,True,False
1779496315.9377472,1187,22.9363,1779496315.914811,False,C2_video_normal,C2_video_normal,normal,off,True,False
1779496316.0293276,1188,13.8528,1779496316.0154748,False,C2_video_normal,C2_video_normal,normal,off,True,False
1779496316.1203616,1189,4.6647,1779496316.115697,False,C2_video_normal,C2_video_normal,normal,off,True,False
1779496316.232253,1190,16.0174,1779496316.2162356,False,C2_video_normal,C2_video_normal,normal,off,True,False
1779496316.323481,1191,6.7561,1779496316.316725,False,C2_video_normal,C2_video_normal,normal,off,True,False
1779496316.4374464,1192,19.7282,1779496316.4177182,False,C2_video_normal,C2_video_normal,normal,off,True,False
1779496316.528934,1193,10.8421,1779496316.518092,False,C2_video_normal,C2_video_normal,normal,off,True,False
1779496316.6371362,1194,18.414,1779496316.6187222,False,C2_video_normal,C2_video_normal,normal,off,True,False
1779496316.7304194,1195,11.0426,1779496316.7193768,False,C2_video_normal,C2_video_normal,normal,off,True,False
1779496316.8378422,1196,17.7076,1779496316.8201346,False,C2_video_normal,C2_video_normal,normal,off,True,False
1779496316.9297774,1197,9.2561,1779496316.9205213,False,C2_video_normal,C2_video_normal,normal,off,True,False
1779496317.0412626,1198,20.184,1779496317.0210786,False,C2_video_normal,C2_video_normal,normal,off,True,False
1779496317.1318402,1199,10.5305,1779496317.1213098,False,C2_video_normal,C2_video_normal,normal,off,True,False
1779496317.2978542,1200,76.1099,1779496317.2217443,False,C2_video_normal,C2_video_normal,normal,off,True,False
1779496317.3315897,1201,9.5417,1779496317.322048,False,C2_video_normal,C2_video_normal,normal,off,True,False
1779496317.4415145,1202,18.9719,1779496317.4225426,False,C2_video_normal,C2_video_normal,normal,off,True,False
1779496317.535149,1203,11.6038,1779496317.5235453,False,C2_video_normal,C2_video_normal,normal,off,True,False
1779496317.6448355,1204,20.6819,1779496317.6241536,False,C2_video_normal,C2_video_normal,normal,off,True,False
1779496317.7369273,1205,11.6792,1779496317.725248,False,C2_video_normal,C2_video_normal,normal,off,True,False
1779496317.8486986,1206,23.1888,1779496317.8255098,False,C2_video_normal,C2_video_normal,normal,off,True,False
1779496317.9375196,1207,11.6105,1779496317.925909,False,C2_video_normal,C2_video_normal,normal,off,True,False
1779496318.0772343,1208,50.5791,1779496318.0266552,False,C2_video_normal,C2_video_normal,normal,off,True,False
1779496318.1557918,1209,28.5785,1779496318.1272132,False,C2_video_normal,C2_video_normal,normal,off,True,False
1779496318.243534,1210,16.1242,1779496318.2274098,False,C2_video_normal,C2_video_normal,normal,off,True,False
1779496318.3346276,1211,6.932,1779496318.3276956,False,C2_video_normal,C2_video_normal,normal,off,True,False
1779496318.5066676,1212,78.5217,1779496318.428146,False,C2_video_normal,C2_video_normal,normal,off,True,False
1779496318.5341733,1213,5.7447,1779496318.5284286,False,C2_video_normal,C2_video_normal,normal,off,True,False
1779496318.6440063,1214,15.3801,1779496318.628626,False,C2_video_normal,C2_video_normal,normal,off,True,False
1779496318.7373471,1215,8.1809,1779496318.7291663,False,C2_video_normal,C2_video_normal,normal,off,True,False
1779496318.892891,1216,63.3075,1779496318.8295834,False,C2_video_normal,C2_video_normal,normal,off,True,False
1779496318.976125,1217,46.4485,1779496318.9296765,False,C2_video_normal,C2_video_normal,normal,off,True,False
1779496319.0687592,1218,38.7228,1779496319.0300364,False,C2_video_normal,C2_video_normal,normal,off,True,False
1779496319.1465774,1219,15.9395,1779496319.130638,False,C2_video_normal,C2_video_normal,normal,off,True,False
1779496319.2435486,1220,12.4483,1779496319.2311003,False,C2_video_normal,C2_video_normal,normal,off,True,False
1779496319.3517985,1221,19.8712,1779496319.3319273,False,C2_video_normal,C2_video_normal,normal,off,True,False
1779496319.444294,1222,12.1469,1779496319.432147,False,C2_video_normal,C2_video_normal,normal,off,True,False
1779496319.5884507,1223,55.8491,1779496319.5326016,False,C2_video_normal,C2_video_normal,normal,off,True,False
1779496319.674533,1224,41.3926,1779496319.6331403,False,C2_video_normal,C2_video_normal,normal,off,True,False
1779496319.759062,1225,25.691,1779496319.733371,False,C2_video_normal,C2_video_normal,normal,off,True,False
1779496319.8516982,1226,17.4704,1779496319.8342278,False,C2_video_normal,C2_video_normal,normal,off,True,False
1779496319.9433198,1227,8.8077,1779496319.9345121,False,C2_video_normal,C2_video_normal,normal,off,True,False
1779496320.098045,1228,62.5703,1779496320.0354748,False,C2_video_normal,C2_video_normal,normal,off,True,False
1779496320.1849558,1229,48.8722,1779496320.1360836,False,C2_video_normal,C2_video_normal,normal,off,True,False
1779496320.2673004,1230,30.6375,1779496320.2366629,False,C2_video_normal,C2_video_normal,normal,off,True,False
1779496320.349345,1231,11.8911,1779496320.3374538,False,C2_video_normal,C2_video_normal,normal,off,True,False
1779496320.4599679,1232,22.2273,1779496320.4377406,False,C2_video_normal,C2_video_normal,normal,off,True,False
1779496320.5506206,1233,11.8337,1779496320.538787,False,C2_video_normal,C2_video_normal,normal,off,True,False
1779496320.6570098,1234,17.6365,1779496320.6393733,False,C2_video_normal,C2_video_normal,normal,off,True,False
1779496320.7570684,1235,17.4222,1779496320.7396462,False,C2_video_normal,C2_video_normal,normal,off,True,False
1779496320.8498127,1236,9.9313,1779496320.8398814,False,C2_video_normal,C2_video_normal,normal,off,True,False
1779496320.9604423,1237,19.8677,1779496320.9405746,False,C2_video_normal,C2_video_normal,normal,off,True,False
1779496321.0504916,1238,9.3768,1779496321.0411148,False,C2_video_normal,C2_video_normal,normal,off,True,False
1779496321.1775901,1239,36.0007,1779496321.1415894,False,C2_video_normal,C2_video_normal,normal,off,True,False
1779496321.2677226,1240,25.6414,1779496321.2420812,False,C2_video_normal,C2_video_normal,normal,off,True,False
1779496321.3597975,1241,17.4866,1779496321.342311,False,C2_video_normal,C2_video_normal,normal,off,True,False
1779496321.456417,1242,13.8962,1779496321.4425209,False,C2_video_normal,C2_video_normal,normal,off,True,False
1779496321.559472,1243,16.6314,1779496321.5428407,False,C2_video_normal,C2_video_normal,normal,off,True,False
1779496321.649632,1244,5.3914,1779496321.6442406,False,C2_video_normal,C2_video_normal,normal,off,True,False
1779496321.760891,1245,16.3794,1779496321.7445116,False,C2_video_normal,C2_video_normal,normal,off,True,False
1779496321.8534727,1246,8.6861,1779496321.8447866,False,C2_video_normal,C2_video_normal,normal,off,True,False
1779496321.9623163,1247,16.8011,1779496321.9455152,False,C2_video_normal,C2_video_normal,normal,off,True,False
1779496322.0558162,1248,9.8908,1779496322.0459254,False,C2_video_normal,C2_video_normal,normal,off,True,False
1779496322.164593,1249,18.024,1779496322.146569,False,C2_video_normal,C2_video_normal,normal,off,True,False
1779496322.260458,1250,13.2935,1779496322.2471645,False,C2_video_normal,C2_video_normal,normal,off,True,False
1779496322.363179,1251,15.5637,1779496322.3476152,False,C2_video_normal,C2_video_normal,normal,off,True,False
1779496322.45691,1252,8.7829,1779496322.448127,False,C2_video_normal,C2_video_normal,normal,off,True,False
1779496322.5645275,1253,15.6398,1779496322.5488877,False,C2_video_normal,C2_video_normal,normal,off,True,False
1779496322.655756,1254,6.1264,1779496322.6496296,False,C2_video_normal,C2_video_normal,normal,off,True,False
1779496322.7668178,1255,16.3517,1779496322.750466,False,C2_video_normal,C2_video_normal,normal,off,True,False
1779496322.8583734,1256,7.6292,1779496322.8507442,False,C2_video_normal,C2_video_normal,normal,off,True,False
1779496322.9664865,1257,15.3258,1779496322.9511607,False,C2_video_normal,C2_video_normal,normal,off,True,False
1779496323.0953782,1258,43.8564,1779496323.0515218,False,C2_video_normal,C2_video_normal,normal,off,True,False
1779496323.1763625,1259,24.0927,1779496323.1522698,False,C2_video_normal,C2_video_normal,normal,off,True,False
1779496323.2609496,1260,8.5499,1779496323.2523997,False,C2_video_normal,C2_video_normal,normal,off,True,False
1779496323.3670194,1261,13.6466,1779496323.3533728,False,C2_video_normal,C2_video_normal,normal,off,True,False
1779496323.466789,1262,13.0122,1779496323.4537768,False,C2_video_normal,C2_video_normal,normal,off,True,False
1779496323.573275,1263,18.5118,1779496323.5547633,False,C2_video_normal,C2_video_normal,normal,off,True,False
1779496323.6633086,1264,7.9713,1779496323.6553373,False,C2_video_normal,C2_video_normal,normal,off,True,False
1779496323.7706451,1265,14.3518,1779496323.7562933,False,C2_video_normal,C2_video_normal,normal,off,True,False
1779496323.877307,1266,20.4265,1779496323.8568804,False,C2_video_normal,C2_video_normal,normal,off,True,False
1779496323.9717572,1267,13.9217,1779496323.9578354,False,C2_video_normal,C2_video_normal,normal,off,True,False
1779496324.0667338,1268,8.3656,1779496324.0583682,False,C2_video_normal,C2_video_normal,normal,off,True,False
1779496324.1766102,1269,17.3931,1779496324.1592171,False,C2_video_normal,C2_video_normal,normal,off,True,False
1779496324.2691953,1270,9.2883,1779496324.259907,False,C2_video_normal,C2_video_normal,normal,off,True,False
1779496324.3742042,1271,13.9127,1779496324.3602915,False,C2_video_normal,C2_video_normal,normal,off,True,False
1779496324.4713237,1272,10.6385,1779496324.4606853,False,C2_video_normal,C2_video_normal,normal,off,True,False
1779496324.5752995,1273,14.3168,1779496324.5609827,False,C2_video_normal,C2_video_normal,normal,off,True,False
1779496324.6848774,1274,23.7002,1779496324.6611772,False,C2_video_normal,C2_video_normal,normal,off,True,False
1779496324.7756405,1275,14.2751,1779496324.7613654,False,C2_video_normal,C2_video_normal,normal,off,True,False
1779496324.8692188,1276,7.4041,1779496324.8618147,False,C2_video_normal,C2_video_normal,normal,off,True,False
1779496325.0168364,1277,54.4524,1779496324.962384,False,C2_video_normal,C2_video_normal,normal,off,True,False
1779496325.0735028,1278,10.6981,1779496325.0628047,False,C2_video_normal,C2_video_normal,normal,off,True,False
1779496325.2217178,1279,58.423,1779496325.1632948,False,C2_video_normal,C2_video_normal,normal,off,True,False
1779496325.3080673,1280,43.9293,1779496325.264138,False,C2_video_normal,C2_video_normal,normal,off,True,False
1779496325.399058,1281,34.5416,1779496325.3645165,False,C2_video_normal,C2_video_normal,normal,off,True,False
1779496325.4844103,1282,19.2409,1779496325.4651694,False,C2_video_normal,C2_video_normal,normal,off,True,False
1779496325.581564,1283,15.7626,1779496325.5658014,False,C2_video_normal,C2_video_normal,normal,off,True,False
1779496325.6901283,1284,23.912,1779496325.6662164,False,C2_video_normal,C2_video_normal,normal,off,True,False
1779496325.7833173,1285,16.3999,1779496325.7669175,False,C2_video_normal,C2_video_normal,normal,off,True,False
1779496325.9188166,1286,51.0178,1779496325.8677988,False,C2_video_normal,C2_video_normal,normal,off,True,False
1779496326.003353,1287,35.3827,1779496325.9679704,False,C2_video_normal,C2_video_normal,normal,off,True,False
1779496326.0875974,1288,19.1813,1779496326.068416,False,C2_video_normal,C2_video_normal,normal,off,True,False
1779496326.175543,1289,6.6941,1779496326.168849,False,C2_video_normal,C2_video_normal,normal,off,True,False
1779496326.2851975,1290,16.2137,1779496326.2689838,False,C2_video_normal,C2_video_normal,normal,off,True,False
1779496326.4169476,1291,47.6546,1779496326.369293,False,C2_video_normal,C2_video_normal,normal,off,True,False
1779496326.5015955,1292,31.9374,1779496326.4696581,False,C2_video_normal,C2_video_normal,normal,off,True,False
1779496326.581164,1293,11.0621,1779496326.5701017,False,C2_video_normal,C2_video_normal,normal,off,True,False
1779496326.6875975,1294,17.3352,1779496326.6702623,False,C2_video_normal,C2_video_normal,normal,off,True,False
1779496326.7794335,1295,8.8413,1779496326.7705922,False,C2_video_normal,C2_video_normal,normal,off,True,False
1779496326.8863232,1296,15.4834,1779496326.8708398,False,C2_video_normal,C2_video_normal,normal,off,True,False
1779496326.983616,1297,12.0387,1779496326.9715774,False,C2_video_normal,C2_video_normal,normal,off,True,False
1779496327.0911849,1298,19.2511,1779496327.0719337,False,C2_video_normal,C2_video_normal,normal,off,True,False
1779496327.1841815,1299,11.7648,1779496327.1724167,False,C2_video_normal,C2_video_normal,normal,off,True,False
1779496327.2924278,1300,19.357,1779496327.2730708,False,C2_video_normal,C2_video_normal,normal,off,True,False
1779496327.3922899,1301,18.5084,1779496327.3737814,False,C2_video_normal,C2_video_normal,normal,off,True,False
1779496327.4934747,1302,19.1648,1779496327.47431,False,C2_video_normal,C2_video_normal,normal,off,True,False
1779496327.5851305,1303,10.5944,1779496327.574536,False,C2_video_normal,C2_video_normal,normal,off,True,False
1779496327.7051945,1304,30.4904,1779496327.674704,False,C2_video_normal,C2_video_normal,normal,off,True,False
1779496327.787163,1305,12.1672,1779496327.7749958,False,C2_video_normal,C2_video_normal,normal,off,True,False
1779496327.91451,1306,39.1221,1779496327.875388,False,C2_video_normal,C2_video_normal,normal,off,True,False
1779496328.0048854,1307,28.9824,1779496327.975903,False,C2_video_normal,C2_video_normal,normal,off,True,False
1779496328.0969253,1308,20.5274,1779496328.076398,False,C2_video_normal,C2_video_normal,normal,off,True,False
1779496328.1890018,1309,12.2302,1779496328.1767716,False,C2_video_normal,C2_video_normal,normal,off,True,False
1779496328.2953167,1310,18.3816,1779496328.276935,False,C2_video_normal,C2_video_normal,normal,off,True,False
1779496328.4150884,1311,37.8394,1779496328.377249,False,C2_video_normal,C2_video_normal,normal,off,True,False
1779496328.5099354,1312,32.1455,1779496328.4777899,False,C2_video_normal,C2_video_normal,normal,off,True,False
1779496328.5896578,1313,11.708,1779496328.5779498,False,C2_video_normal,C2_video_normal,normal,off,True,False
1779496328.6973069,1314,19.1514,1779496328.6781554,False,C2_video_normal,C2_video_normal,normal,off,True,False
1779496328.792663,1315,14.0555,1779496328.7786076,False,C2_video_normal,C2_video_normal,normal,off,True,False
1779496328.9008508,1316,21.9917,1779496328.878859,False,C2_video_normal,C2_video_normal,normal,off,True,False
1779496328.9953148,1317,15.9233,1779496328.9793916,False,C2_video_normal,C2_video_normal,normal,off,True,False
1779496329.0889118,1318,9.119,1779496329.0797927,False,C2_video_normal,C2_video_normal,normal,off,True,False
1779496329.1949625,1319,14.6532,1779496329.1803093,False,C2_video_normal,C2_video_normal,normal,off,True,False
1779496329.2897282,1320,8.3795,1779496329.2813487,False,C2_video_normal,C2_video_normal,normal,off,True,False
1779496329.4166594,1321,34.5311,1779496329.3821282,False,C2_video_normal,C2_video_normal,normal,off,True,False
1779496329.5013092,1322,18.6851,1779496329.482624,False,C2_video_normal,C2_video_normal,normal,off,True,False
1779496329.600868,1323,17.9632,1779496329.5829048,False,C2_video_normal,C2_video_normal,normal,off,True,False
1779496329.706334,1324,22.9721,1779496329.683362,False,C2_video_normal,C2_video_normal,normal,off,True,False
1779496329.797987,1325,14.2243,1779496329.7837627,False,C2_video_normal,C2_video_normal,normal,off,True,False
1779496329.93019,1326,45.6474,1779496329.8845427,False,C2_video_normal,C2_video_normal,normal,off,True,False
1779496330.0139306,1327,28.5356,1779496329.985395,False,C2_video_normal,C2_video_normal,normal,off,True,False
1779496330.0969303,1328,11.0619,1779496330.0858684,False,C2_video_normal,C2_video_normal,normal,off,True,False
1779496330.2164345,1329,30.1251,1779496330.1863093,False,C2_video_normal,C2_video_normal,normal,off,True,False
1779496330.306902,1330,20.0429,1779496330.286859,False,C2_video_normal,C2_video_normal,normal,off,True,False
1779496330.4049451,1331,17.4055,1779496330.3875396,False,C2_video_normal,C2_video_normal,normal,off,True,False
1779496330.4922884,1332,4.1974,1779496330.488091,False,C2_video_normal,C2_video_normal,normal,off,True,False
1779496330.6479297,1333,58.8913,1779496330.5890384,False,C2_video_normal,C2_video_normal,normal,off,True,False
1779496330.7354665,1334,45.8918,1779496330.6895747,False,C2_video_normal,C2_video_normal,normal,off,True,False
1779496330.819983,1335,29.7906,1779496330.7901924,False,C2_video_normal,C2_video_normal,normal,off,True,False
1779496330.9141057,1336,23.0536,1779496330.891052,False,C2_video_normal,C2_video_normal,normal,off,True,False
1779496331.0220227,1337,30.5626,1779496330.99146,False,C2_video_normal,C2_video_normal,normal,off,True,False
1779496331.1128955,1338,21.3497,1779496331.0915458,False,C2_video_normal,C2_video_normal,normal,off,True,False
1779496331.2051845,1339,12.7676,1779496331.192417,False,C2_video_normal,C2_video_normal,normal,off,True,False
1779496331.2984607,1340,5.2462,1779496331.2932146,False,C2_video_normal,C2_video_normal,normal,off,True,False
1779496331.4304743,1341,36.5355,1779496331.3939388,False,C2_video_normal,C2_video_normal,normal,off,True,False
1779496331.5164707,1342,21.7247,1779496331.494746,False,C2_video_normal,C2_video_normal,normal,off,True,False
1779496331.6077137,1343,12.3103,1779496331.5954034,False,C2_video_normal,C2_video_normal,normal,off,True,False
1779496331.703693,1344,8.1007,1779496331.6955922,False,C2_video_normal,C2_video_normal,normal,off,True,False
1779496331.8100562,1345,14.0216,1779496331.7960346,False,C2_video_normal,C2_video_normal,normal,off,True,False
1779496331.9022675,1346,5.7704,1779496331.896497,False,C2_video_normal,C2_video_normal,normal,off,True,False
1779496332.0139928,1347,16.6495,1779496331.9973433,False,C2_video_normal,C2_video_normal,normal,off,True,False
1779496332.1106224,1348,12.9485,1779496332.097674,False,C2_video_normal,C2_video_normal,normal,off,True,False
1779496332.2149873,1349,17.1633,1779496332.197824,False,C2_video_normal,C2_video_normal,normal,off,True,False
1779496332.3246763,1350,26.2995,1779496332.2983768,False,C2_video_normal,C2_video_normal,normal,off,True,False
1779496332.4129205,1351,14.1454,1779496332.398775,False,C2_video_normal,C2_video_normal,normal,off,True,False
1779496332.5173497,1352,18.1642,1779496332.4991856,False,C2_video_normal,C2_video_normal,normal,off,True,False
1779496332.6091197,1353,9.5644,1779496332.5995553,False,C2_video_normal,C2_video_normal,normal,off,True,False
1779496332.718815,1354,18.5161,1779496332.700299,False,C2_video_normal,C2_video_normal,normal,off,True,False
1779496332.8105977,1355,9.7606,1779496332.800837,False,C2_video_normal,C2_video_normal,normal,off,True,False
1779496332.9218912,1356,20.2525,1779496332.9016387,False,C2_video_normal,C2_video_normal,normal,off,True,False
1779496333.0648382,1357,63.0276,1779496333.0018106,False,C2_video_normal,C2_video_normal,normal,off,True,False
1779496333.1501057,1358,47.8208,1779496333.102285,False,C2_video_normal,C2_video_normal,normal,off,True,False
1779496333.2303188,1359,27.7557,1779496333.202563,False,C2_video_normal,C2_video_normal,normal,off,True,False
1779496333.325529,1360,22.8119,1779496333.3027172,False,C2_video_normal,C2_video_normal,normal,off,True,False
1779496333.4139943,1361,10.349,1779496333.4036453,False,C2_video_normal,C2_video_normal,normal,off,True,False
1779496333.5247931,1362,20.5829,1779496333.5042102,False,C2_video_normal,C2_video_normal,normal,off,True,False
1779496333.6137488,1363,9.0899,1779496333.6046588,False,C2_video_normal,C2_video_normal,normal,off,True,False
1779496333.7267427,1364,21.8918,1779496333.704851,False,C2_video_normal,C2_video_normal,normal,off,True,False
1779496333.8191428,1365,13.9613,1779496333.8051815,False,C2_video_normal,C2_video_normal,normal,off,True,False
1779496333.9140546,1366,8.6343,1779496333.9054203,False,C2_video_normal,C2_video_normal,normal,off,True,False
1779496334.0190759,1367,13.3073,1779496334.0057685,False,C2_video_normal,C2_video_normal,normal,off,True,False
1779496334.1116905,1368,5.533,1779496334.1061575,False,C2_video_normal,C2_video_normal,normal,off,True,False
1779496334.2914805,1369,85.1152,1779496334.2063653,False,C2_video_normal,C2_video_normal,normal,off,True,False
1779496334.33142,1370,24.5516,1779496334.3068683,False,C2_video_normal,C2_video_normal,normal,off,True,False
1779496334.4453888,1371,37.9372,1779496334.4074516,False,C2_video_normal,C2_video_normal,normal,off,True,False
1779496334.5271983,1372,19.48,1779496334.5077183,False,C2_video_normal,C2_video_normal,normal,off,True,False
1779496334.6253595,1373,17.3948,1779496334.6079648,False,C2_video_normal,C2_video_normal,normal,off,True,False
1779496334.7189095,1374,10.5603,1779496334.7083492,False,C2_video_normal,C2_video_normal,normal,off,True,False
1779496334.8255994,1375,16.9127,1779496334.8086867,False,C2_video_normal,C2_video_normal,normal,off,True,False
1779496334.9178228,1376,8.6312,1779496334.9091916,False,C2_video_normal,C2_video_normal,normal,off,True,False
1779496335.0274851,1377,17.8263,1779496335.0096588,False,C2_video_normal,C2_video_normal,normal,off,True,False
1779496335.12359,1378,13.6554,1779496335.1099346,False,C2_video_normal,C2_video_normal,normal,off,True,False
1779496335.2285051,1379,18.2478,1779496335.2102573,False,C2_video_normal,C2_video_normal,normal,off,True,False
1779496335.320843,1380,10.2532,1779496335.3105898,False,C2_video_normal,C2_video_normal,normal,off,True,False
1779496335.4301844,1381,19.4359,1779496335.4107485,False,C2_video_normal,C2_video_normal,normal,off,True,False
1779496335.5231266,1382,11.842,1779496335.5112846,False,C2_video_normal,C2_video_normal,normal,off,True,False
1779496335.631827,1383,19.6691,1779496335.612158,False,C2_video_normal,C2_video_normal,normal,off,True,False
1779496335.7269053,1384,14.3542,1779496335.712551,False,C2_video_normal,C2_video_normal,normal,off,True,False
1779496335.8220422,1385,8.9383,1779496335.813104,False,C2_video_normal,C2_video_normal,normal,off,True,False
1779496335.9310095,1386,17.6497,1779496335.9133599,False,C2_video_normal,C2_video_normal,normal,off,True,False
1779496336.020744,1387,6.6509,1779496336.0140932,False,C2_video_normal,C2_video_normal,normal,off,True,False
1779496336.1780534,1388,63.4999,1779496336.1145535,False,C2_video_normal,C2_video_normal,normal,off,True,False
1779496336.2647643,1389,49.4177,1779496336.2153466,False,C2_video_normal,C2_video_normal,normal,off,True,False
1779496336.3518229,1390,35.9647,1779496336.3158581,False,C2_video_normal,C2_video_normal,normal,off,True,False
1779496336.4501321,1391,34.0648,1779496336.4160674,False,C2_video_normal,C2_video_normal,normal,off,True,False
1779496336.5353065,1392,18.6973,1779496336.5166092,False,C2_video_normal,C2_video_normal,normal,off,True,False
1779496336.6226702,1393,5.4481,1779496336.617222,False,C2_video_normal,C2_video_normal,normal,off,True,False
1779496336.732915,1394,15.4572,1779496336.7174578,False,C2_video_normal,C2_video_normal,normal,off,True,False
1779496336.8286893,1395,10.7555,1779496336.8179338,False,C2_video_normal,C2_video_normal,normal,off,True,False
1779496336.933447,1396,14.8318,1779496336.918615,False,C2_video_normal,C2_video_normal,normal,off,True,False
1779496337.0244699,1397,5.6725,1779496337.0187974,False,C2_video_normal,C2_video_normal,normal,off,True,False
1779496337.132611,1398,13.4664,1779496337.1191447,False,C2_video_normal,C2_video_normal,normal,off,True,False
1779496337.2409174,1399,21.2369,1779496337.2196805,False,C2_video_normal,C2_video_normal,normal,off,True,False
1779496337.326443,1400,6.1111,1779496337.3203318,False,C2_video_normal,C2_video_normal,normal,off,True,False
1779496337.4273665,1401,6.4728,1779496337.4208937,False,C2_video_normal,C2_video_normal,normal,off,True,False
1779496337.5371852,1402,15.5823,1779496337.5216029,False,C2_video_normal,C2_video_normal,normal,off,True,False
1779496337.6295922,1403,7.6396,1779496337.6219525,False,C2_video_normal,C2_video_normal,normal,off,True,False
1779496337.7390637,1404,16.4521,1779496337.7226117,False,C2_video_normal,C2_video_normal,normal,off,True,False
1779496337.8427274,1405,19.8615,1779496337.822866,False,C2_video_normal,C2_video_normal,normal,off,True,False
1779496337.937995,1406,14.8051,1779496337.9231899,False,C2_video_normal,C2_video_normal,normal,off,True,False
1779496338.0353348,1407,11.5204,1779496338.0238144,False,C2_video_normal,C2_video_normal,normal,off,True,False
1779496338.1371195,1408,13.0572,1779496338.1240623,False,C2_video_normal,C2_video_normal,normal,off,True,False
1779496338.23044,1409,5.9564,1779496338.2244835,False,C2_video_normal,C2_video_normal,normal,off,True,False
1779496338.3465774,1410,21.9131,1779496338.3246644,False,C2_video_normal,C2_video_normal,normal,off,True,False
1779496338.433597,1411,8.5375,1779496338.4250596,False,C2_video_normal,C2_video_normal,normal,off,True,False
1779496338.5385587,1412,12.8825,1779496338.5256763,False,C2_video_normal,C2_video_normal,normal,off,True,False
1779496338.64797,1413,21.6436,1779496338.6263263,False,C2_video_normal,C2_video_normal,normal,off,True,False
1779496338.75406,1414,27.1678,1779496338.7268922,False,C2_video_normal,C2_video_normal,normal,off,True,False
1779496338.8464963,1415,18.6327,1779496338.8278637,False,C2_video_normal,C2_video_normal,normal,off,True,False
1779496338.9451308,1416,16.7699,1779496338.928361,False,C2_video_normal,C2_video_normal,normal,off,True,False
1779496339.0500486,1417,21.5044,1779496339.0285442,False,C2_video_normal,C2_video_normal,normal,off,True,False
1779496339.1390283,1418,9.9981,1779496339.1290302,False,C2_video_normal,C2_video_normal,normal,off,True,False
1779496339.2499955,1419,20.5767,1779496339.2294188,False,C2_video_normal,C2_video_normal,normal,off,True,False
1779496339.3433871,1420,13.1526,1779496339.3302345,False,C2_video_normal,C2_video_normal,normal,off,True,False
1779496339.4509218,1421,19.9356,1779496339.4309862,False,C2_video_normal,C2_video_normal,normal,off,True,False
1779496339.5470366,1422,15.6505,1779496339.5313861,False,C2_video_normal,C2_video_normal,normal,off,True,False
1779496339.6405928,1423,8.8496,1779496339.6317432,False,C2_video_normal,C2_video_normal,normal,off,True,False
1779496339.752369,1424,19.9988,1779496339.7323701,False,C2_video_normal,C2_video_normal,normal,off,True,False
1779496339.8419259,1425,8.7223,1779496339.8332036,False,C2_video_normal,C2_video_normal,normal,off,True,False
1779496339.947941,1426,13.943,1779496339.933998,False,C2_video_normal,C2_video_normal,normal,off,True,False
1779496340.0443861,1427,9.8407,1779496340.0345454,False,C2_video_normal,C2_video_normal,normal,off,True,False
1779496340.1502852,1428,14.9264,1779496340.1353588,False,C2_video_normal,C2_video_normal,normal,off,True,False
1779496340.2445278,1429,9.0947,1779496340.235433,False,C2_video_normal,C2_video_normal,normal,off,True,False
1779496340.351591,1430,15.7933,1779496340.3357978,False,C2_video_normal,C2_video_normal,normal,off,True,False
1779496340.4502664,1431,14.0119,1779496340.4362545,False,C2_video_normal,C2_video_normal,normal,off,True,False
1779496340.5571067,1432,20.294,1779496340.5368128,False,C2_video_normal,C2_video_normal,normal,off,True,False
1779496340.6478477,1433,10.819,1779496340.6370287,False,C2_video_normal,C2_video_normal,normal,off,True,False
1779496340.7574382,1434,19.521,1779496340.7379172,False,C2_video_normal,C2_video_normal,normal,off,True,False
1779496340.8507228,1435,12.1362,1779496340.8385866,False,C2_video_normal,C2_video_normal,normal,off,True,False
1779496340.9442267,1436,5.3811,1779496340.9388456,False,C2_video_normal,C2_video_normal,normal,off,True,False
1779496341.053761,1437,13.978,1779496341.039783,False,C2_video_normal,C2_video_normal,normal,off,True,False
1779496341.2110553,1438,70.7262,1779496341.1403291,False,C2_video_normal,C2_video_normal,normal,off,True,False
1779496341.3017852,1439,60.4362,1779496341.241349,False,C2_video_normal,C2_video_normal,normal,off,True,False
1779496341.3478708,1440,6.3694,1779496341.3415015,False,C2_video_normal,C2_video_normal,normal,off,True,False
1779496341.458223,1441,16.2113,1779496341.4420118,False,C2_video_normal,C2_video_normal,normal,off,True,False
1779496341.5504153,1442,7.9441,1779496341.5424712,False,C2_video_normal,C2_video_normal,normal,off,True,False
1779496341.7084196,1443,65.414,1779496341.6430056,False,C2_video_normal,C2_video_normal,normal,off,True,False
1779496341.7948363,1444,51.6257,1779496341.7432106,False,C2_video_normal,C2_video_normal,normal,off,True,False
1779496341.8793495,1445,35.7218,1779496341.8436277,False,C2_video_normal,C2_video_normal,normal,off,True,False
1779496341.9666345,1446,22.6173,1779496341.9440172,False,C2_video_normal,C2_video_normal,normal,off,True,False
1779496342.0623543,1447,17.5889,1779496342.0447655,False,C2_video_normal,C2_video_normal,normal,off,True,False
1779496342.1552603,1448,10.1762,1779496342.1450841,False,C2_video_normal,C2_video_normal,normal,off,True,False
1779496342.2674024,1449,22.0304,1779496342.245372,False,C2_video_normal,C2_video_normal,normal,off,True,False
1779496342.3579247,1450,12.1937,1779496342.345731,False,C2_video_normal,C2_video_normal,normal,off,True,False
1779496342.4656138,1451,19.196,1779496342.4464178,False,C2_video_normal,C2_video_normal,normal,off,True,False
1779496342.5541697,1452,7.5905,1779496342.5465791,False,C2_video_normal,C2_video_normal,normal,off,True,False
1779496342.6652155,1453,18.1067,1779496342.6471088,False,C2_video_normal,C2_video_normal,normal,off,True,False
1779496342.7574592,1454,10.1213,1779496342.7473378,False,C2_video_normal,C2_video_normal,normal,off,True,False
1779496342.8626356,1455,14.9934,1779496342.8476422,False,C2_video_normal,C2_video_normal,normal,off,True,False
1779496342.9538069,1456,5.6396,1779496342.9481673,False,C2_video_normal,C2_video_normal,normal,off,True,False
1779496343.0600603,1457,11.2555,1779496343.0488048,False,C2_video_normal,C2_video_normal,normal,off,True,False
1779496343.167252,1458,18.2884,1779496343.1489637,False,C2_video_normal,C2_video_normal,normal,off,True,False
1779496343.260907,1459,11.4374,1779496343.2494695,False,C2_video_normal,C2_video_normal,normal,off,True,False
1779496343.372512,1460,22.1992,1779496343.350313,False,C2_video_normal,C2_video_normal,normal,off,True,False
1779496343.4685678,1461,17.5145,1779496343.4510534,False,C2_video_normal,C2_video_normal,normal,off,True,False
1779496343.5599344,1462,8.455,1779496343.5514793,False,C2_video_normal,C2_video_normal,normal,off,True,False
1779496343.6672106,1463,14.7719,1779496343.6524386,False,C2_video_normal,C2_video_normal,normal,off,True,False
1779496343.7604036,1464,7.5226,1779496343.752881,False,C2_video_normal,C2_video_normal,normal,off,True,False
1779496343.8678298,1465,14.271,1779496343.8535588,False,C2_video_normal,C2_video_normal,normal,off,True,False
1779496343.9609554,1466,6.5949,1779496343.9543605,False,C2_video_normal,C2_video_normal,normal,off,True,False
1779496344.0724473,1467,17.5409,1779496344.0549064,False,C2_video_normal,C2_video_normal,normal,off,True,False
1779496344.1637936,1468,8.2355,1779496344.155558,False,C2_video_normal,C2_video_normal,normal,off,True,False
1779496344.2732885,1469,17.2703,1779496344.2560182,False,C2_video_normal,C2_video_normal,normal,off,True,False
1779496344.3622084,1470,5.6977,1779496344.3565106,False,C2_video_normal,C2_video_normal,normal,off,True,False
1779496344.4708223,1471,14.0507,1779496344.4567716,False,C2_video_normal,C2_video_normal,normal,off,True,False
1779496344.5669014,1472,9.5718,1779496344.5573297,False,C2_video_normal,C2_video_normal,normal,off,True,False
1779496344.6738346,1473,15.9793,1779496344.6578553,False,C2_video_normal,C2_video_normal,normal,off,True,False
1779496344.7810798,1474,22.9912,1779496344.7580886,False,C2_video_normal,C2_video_normal,normal,off,True,False
1779496344.87256,1475,13.3398,1779496344.8592203,False,C2_video_normal,C2_video_normal,normal,off,True,False
1779496344.9803603,1476,20.4976,1779496344.9598627,False,C2_video_normal,C2_video_normal,normal,off,True,False
1779496345.0729485,1477,12.0301,1779496345.0609183,False,C2_video_normal,C2_video_normal,normal,off,True,False
1779496345.1798236,1478,18.3291,1779496345.1614945,False,C2_video_normal,C2_video_normal,normal,off,True,False
1779496345.2730439,1479,11.3084,1779496345.2617354,False,C2_video_normal,C2_video_normal,normal,off,True,False
1779496345.4130058,1480,50.6732,1779496345.3623326,False,C2_video_normal,C2_video_normal,normal,off,True,False
1779496345.49882,1481,35.5473,1779496345.4632728,False,C2_video_normal,C2_video_normal,normal,off,True,False
1779496345.5823596,1482,18.9989,1779496345.5633607,False,C2_video_normal,C2_video_normal,normal,off,True,False
1779496345.6777701,1483,14.1077,1779496345.6636624,False,C2_video_normal,C2_video_normal,normal,off,True,False
1779496345.7798843,1484,15.676,1779496345.7642083,False,C2_video_normal,C2_video_normal,normal,off,True,False
1779496345.8711677,1485,6.3462,1779496345.8648214,False,C2_video_normal,C2_video_normal,normal,off,True,False
1779496345.9813182,1486,15.9543,1779496345.965364,False,C2_video_normal,C2_video_normal,normal,off,True,False
1779496346.0711756,1487,5.338,1779496346.0658376,False,C2_video_normal,C2_video_normal,normal,off,True,False
1779496346.1837513,1488,17.5996,1779496346.1661518,False,C2_video_normal,C2_video_normal,normal,off,True,False
1779496346.2774987,1489,10.7527,1779496346.266746,False,C2_video_normal,C2_video_normal,normal,off,True,False
1779496346.385825,1490,18.5497,1779496346.3672752,False,C2_video_normal,C2_video_normal,normal,off,True,False
1779496346.4787078,1491,10.932,1779496346.4677758,False,C2_video_normal,C2_video_normal,normal,off,True,False
1779496346.589738,1492,21.2545,1779496346.5684834,False,C2_video_normal,C2_video_normal,normal,off,True,False
1779496346.6841383,1493,15.3995,1779496346.6687388,False,C2_video_normal,C2_video_normal,normal,off,True,False
1779496346.7903185,1494,21.4078,1779496346.7689106,False,C2_video_normal,C2_video_normal,normal,off,True,False
1779496346.8812594,1495,11.7388,1779496346.8695207,False,C2_video_normal,C2_video_normal,normal,off,True,False
1779496347.031952,1496,61.7826,1779496346.9701693,False,C2_video_normal,C2_video_normal,normal,off,True,False
1779496347.1219752,1497,51.1611,1779496347.0708141,False,C2_video_normal,C2_video_normal,normal,off,True,False
1779496347.2078242,1498,36.9005,1779496347.1709237,False,C2_video_normal,C2_video_normal,normal,off,True,False
1779496347.29136,1499,19.7279,1779496347.271632,False,C2_video_normal,C2_video_normal,normal,off,True,False
1779496347.4415383,1500,69.3679,1779496347.3721704,False,C2_video_normal,C2_video_normal,normal,off,True,False
1779496347.5286345,1501,55.5394,1779496347.4730952,False,C2_video_normal,C2_video_normal,normal,off,True,False
1779496347.6130064,1502,39.6447,1779496347.5733616,False,C2_video_normal,C2_video_normal,normal,off,True,False
1779496347.7023273,1503,28.1181,1779496347.674209,False,C2_video_normal,C2_video_normal,normal,off,True,False
1779496347.7939725,1504,19.4192,1779496347.7745533,False,C2_video_normal,C2_video_normal,normal,off,True,False
1779496347.892045,1505,16.8679,1779496347.8751771,False,C2_video_normal,C2_video_normal,normal,off,True,False
1779496348.019609,1506,44.2078,1779496347.9754012,False,C2_video_normal,C2_video_normal,normal,off,True,False
1779496348.1046681,1507,28.6458,1779496348.0760224,False,C2_video_normal,C2_video_normal,normal,off,True,False
1779496348.1817973,1508,5.1541,1779496348.1766431,False,C2_video_normal,C2_video_normal,normal,off,True,False
1779496348.289698,1509,12.6927,1779496348.2770052,False,C2_video_normal,C2_video_normal,normal,off,True,False
1779496348.3997455,1510,22.2802,1779496348.3774652,False,C2_video_normal,C2_video_normal,normal,off,True,False
1779496348.4899533,1511,11.4398,1779496348.4785135,False,C2_video_normal,C2_video_normal,normal,off,True,False
1779496348.5991864,1512,20.1137,1779496348.5790727,False,C2_video_normal,C2_video_normal,normal,off,True,False
1779496348.7031205,1513,23.5772,1779496348.6795433,False,C2_video_normal,C2_video_normal,normal,off,True,False
1779496348.799926,1514,19.5737,1779496348.7803524,False,C2_video_normal,C2_video_normal,normal,off,True,False
1779496348.8974588,1515,16.0115,1779496348.8814473,False,C2_video_normal,C2_video_normal,normal,off,True,False
1779496348.9942226,1516,12.5456,1779496348.981677,False,C2_video_normal,C2_video_normal,normal,off,True,False
1779496349.138587,1517,56.5636,1779496349.0820234,False,C2_video_normal,C2_video_normal,normal,off,True,False
1779496349.1959703,1518,13.2434,1779496349.1827269,False,C2_video_normal,C2_video_normal,normal,off,True,False
1779496349.3107476,1519,27.4472,1779496349.2833004,False,C2_video_normal,C2_video_normal,normal,off,True,False
1779496349.3929436,1520,9.1488,1779496349.3837948,False,C2_video_normal,C2_video_normal,normal,off,True,False
1779496349.4994192,1521,15.233,1779496349.4841862,False,C2_video_normal,C2_video_normal,normal,off,True,False
1779496349.5916343,1522,6.6071,1779496349.5850272,False,C2_video_normal,C2_video_normal,normal,off,True,False
1779496349.699453,1523,13.8905,1779496349.6855626,False,C2_video_normal,C2_video_normal,normal,off,True,False
1779496349.8065462,1524,20.7839,1779496349.7857623,False,C2_video_normal,C2_video_normal,normal,off,True,False
1779496349.898062,1525,11.6496,1779496349.8864124,False,C2_video_normal,C2_video_normal,normal,off,True,False
1779496349.99566,1526,8.6846,1779496349.9869754,False,C2_video_normal,C2_video_normal,normal,off,True,False
1779496350.1053147,1527,17.8545,1779496350.0874603,False,C2_video_normal,C2_video_normal,normal,off,True,False
1779496350.1976428,1528,9.3629,1779496350.1882799,False,C2_video_normal,C2_video_normal,normal,off,True,False
1779496350.3072236,1529,18.3053,1779496350.2889183,False,C2_video_normal,C2_video_normal,normal,off,True,False
1779496350.401676,1530,11.8115,1779496350.3898644,False,C2_video_normal,C2_video_normal,normal,off,True,False
1779496350.5069048,1531,16.4945,1779496350.4904103,False,C2_video_normal,C2_video_normal,normal,off,True,False
1779496350.6031115,1532,12.2929,1779496350.5908186,False,C2_video_normal,C2_video_normal,normal,off,True,False
1779496350.7075653,1533,16.3338,1779496350.6912315,False,C2_video_normal,C2_video_normal,normal,off,True,False
1779496350.7993996,1534,7.5946,1779496350.791805,False,C2_video_normal,C2_video_normal,normal,off,True,False
1779496350.9068706,1535,14.6649,1779496350.8922057,False,C2_video_normal,C2_video_normal,normal,off,True,False
1779496350.999841,1536,6.8955,1779496350.9929454,False,C2_video_normal,C2_video_normal,normal,off,True,False
1779496351.1097784,1537,16.289,1779496351.0934894,False,C2_video_normal,C2_video_normal,normal,off,True,False
1779496351.2051523,1538,11.5426,1779496351.1936097,False,C2_video_normal,C2_video_normal,normal,off,True,False
1779496351.316166,1539,22.1357,1779496351.2940302,False,C2_video_normal,C2_video_normal,normal,off,True,False
1779496351.4421718,1540,47.5903,1779496351.3945816,False,C2_video_normal,C2_video_normal,normal,off,True,False
1779496351.5604637,1541,65.4817,1779496351.494982,False,C2_video_normal,C2_video_normal,normal,off,True,False
1779496351.662725,1542,67.1203,1779496351.5956047,False,C2_video_normal,C2_video_normal,normal,off,True,False
1779496351.7616518,1543,65.9518,1779496351.6957,False,C2_video_normal,C2_video_normal,normal,off,True,False
1779496351.8487265,1544,52.166,1779496351.7965605,False,C2_video_normal,C2_video_normal,normal,off,True,False
1779496351.910855,1545,13.7393,1779496351.8971157,False,C2_video_normal,C2_video_normal,normal,off,True,False
1779496352.0273504,1546,29.6123,1779496351.9977381,False,C2_video_normal,C2_video_normal,normal,off,True,False
1779496352.1174407,1547,19.294,1779496352.0981467,False,C2_video_normal,C2_video_normal,normal,off,True,False
1779496352.2185557,1548,19.9759,1779496352.1985798,False,C2_video_normal,C2_video_normal,normal,off,True,False
1779496352.313287,1549,14.4196,1779496352.2988675,False,C2_video_normal,C2_video_normal,normal,off,True,False
1779496352.4073668,1550,8.3394,1779496352.3990273,False,C2_video_normal,C2_video_normal,normal,off,True,False
1779496352.514892,1551,15.5632,1779496352.4993289,False,C2_video_normal,C2_video_normal,normal,off,True,False
1779496352.6105447,1552,10.9949,1779496352.5995498,False,C2_video_normal,C2_video_normal,normal,off,True,False
1779496352.7227879,1553,22.5372,1779496352.7002506,False,C2_video_normal,C2_video_normal,normal,off,True,False
1779496352.8122184,1554,11.6196,1779496352.8005989,False,C2_video_normal,C2_video_normal,normal,off,True,False
1779496352.907749,1555,6.4423,1779496352.9013066,False,C2_video_normal,C2_video_normal,normal,off,True,False
1779496353.0160446,1556,14.2422,1779496353.0018024,False,C2_video_normal,C2_video_normal,normal,off,True,False
1779496353.1208756,1557,18.6467,1779496353.1022289,False,C2_video_normal,C2_video_normal,normal,off,True,False
1779496353.2179074,1558,15.1727,1779496353.2027347,False,C2_video_normal,C2_video_normal,normal,off,True,False
1779496353.3118289,1559,8.3873,1779496353.3034415,False,C2_video_normal,C2_video_normal,normal,off,True,False
1779496353.4215722,1560,17.7038,1779496353.4038684,False,C2_video_normal,C2_video_normal,normal,off,True,False
1779496353.5122242,1561,7.4577,1779496353.5047665,False,C2_video_normal,C2_video_normal,normal,off,True,False
1779496353.6242378,1562,18.9099,1779496353.6053278,False,C2_video_normal,C2_video_normal,normal,off,True,False
1779496353.7153485,1563,9.2528,1779496353.7060957,False,C2_video_normal,C2_video_normal,normal,off,True,False
1779496353.8235984,1564,17.3512,1779496353.8062472,False,C2_video_normal,C2_video_normal,normal,off,True,False
1779496353.9268568,1565,20.1142,1779496353.9067426,False,C2_video_normal,C2_video_normal,normal,off,True,False
1779496354.0199194,1566,12.9013,1779496354.007018,False,C2_video_normal,C2_video_normal,normal,off,True,False
1779496354.1317277,1567,24.1063,1779496354.1076214,False,C2_video_normal,C2_video_normal,normal,off,True,False
1779496354.2221282,1568,14.0698,1779496354.2080584,False,C2_video_normal,C2_video_normal,normal,off,True,False
1779496354.327066,1569,18.3032,1779496354.3087628,False,C2_video_normal,C2_video_normal,normal,off,True,False
1779496354.4573193,1570,48.3406,1779496354.4089787,False,C2_video_normal,C2_video_normal,normal,off,True,False
1779496354.5289233,1571,19.4333,1779496354.50949,False,C2_video_normal,C2_video_normal,normal,off,True,False
1779496354.6242015,1572,13.9134,1779496354.6102881,False,C2_video_normal,C2_video_normal,normal,off,True,False
1779496354.7299004,1573,19.2165,1779496354.7106838,False,C2_video_normal,C2_video_normal,normal,off,True,False
1779496354.8241024,1574,12.846,1779496354.8112564,False,C2_video_normal,C2_video_normal,normal,off,True,False
1779496354.9343216,1575,22.2805,1779496354.9120412,False,C2_video_normal,C2_video_normal,normal,off,True,False
1779496355.0222006,1576,9.6745,1779496355.012526,False,C2_video_normal,C2_video_normal,normal,off,True,False
1779496355.1280012,1577,15.0201,1779496355.112981,False,C2_video_normal,C2_video_normal,normal,off,True,False
1779496355.22369,1578,10.2315,1779496355.2134585,False,C2_video_normal,C2_video_normal,normal,off,True,False
1779496355.3319614,1579,18.1918,1779496355.3137696,False,C2_video_normal,C2_video_normal,normal,off,True,False
1779496355.4302635,1580,15.7239,1779496355.4145396,False,C2_video_normal,C2_video_normal,normal,off,True,False
1779496355.5313563,1581,16.6249,1779496355.5147314,False,C2_video_normal,C2_video_normal,normal,off,True,False
1779496355.6207192,1582,5.7194,1779496355.6149998,False,C2_video_normal,C2_video_normal,normal,off,True,False
1779496355.7291763,1583,13.9863,1779496355.71519,False,C2_video_normal,C2_video_normal,normal,off,True,False
1779496355.826118,1584,10.7572,1779496355.8153608,False,C2_video_normal,C2_video_normal,normal,off,True,False
1779496355.9614098,1585,45.5377,1779496355.915872,False,C2_video_normal,C2_video_normal,normal,off,True,False
1779496356.0480566,1586,31.8475,1779496356.0162091,False,C2_video_normal,C2_video_normal,normal,off,True,False
1779496356.146388,1587,29.7456,1779496356.1166425,False,C2_video_normal,C2_video_normal,normal,off,True,False
1779496356.2318814,1588,14.6205,1779496356.2172608,False,C2_video_normal,C2_video_normal,normal,off,True,False
1779496356.3283134,1589,10.8044,1779496356.317509,False,C2_video_normal,C2_video_normal,normal,off,True,False
1779496356.4392285,1590,21.4012,1779496356.4178274,False,C2_video_normal,C2_video_normal,normal,off,True,False
1779496356.5278945,1591,9.3098,1779496356.5185847,False,C2_video_normal,C2_video_normal,normal,off,True,False
1779496356.6350322,1592,15.5144,1779496356.6195178,False,C2_video_normal,C2_video_normal,normal,off,True,False
1779496356.727955,1593,7.8883,1779496356.7200668,False,C2_video_normal,C2_video_normal,normal,off,True,False
1779496356.835391,1594,14.6289,1779496356.8207622,False,C2_video_normal,C2_video_normal,normal,off,True,False
1779496356.9330962,1595,12.1443,1779496356.9209518,False,C2_video_normal,C2_video_normal,normal,off,True,False
1779496357.098153,1596,76.5352,1779496357.021618,False,C2_video_normal,C2_video_normal,normal,off,True,False
1779496357.1340513,1597,11.9219,1779496357.1221294,False,C2_video_normal,C2_video_normal,normal,off,True,False
1779496357.241197,1598,18.5189,1779496357.2226782,False,C2_video_normal,C2_video_normal,normal,off,True,False
1779496357.3992493,1599,76.1008,1779496357.3231485,False,C2_video_normal,C2_video_normal,normal,off,True,False
1779496357.5263495,1600,102.8075,1779496357.423542,False,C2_video_normal,C2_video_normal,normal,off,True,False
1779496357.5788667,1601,55.0578,1779496357.523809,False,C2_video_normal,C2_video_normal,normal,off,True,False
1779496357.6750593,1602,51.0342,1779496357.624025,False,C2_video_normal,C2_video_normal,normal,off,True,False
1779496357.7593946,1603,35.0094,1779496357.7243853,False,C2_video_normal,C2_video_normal,normal,off,True,False
1779496357.8495517,1604,24.6544,1779496357.8248973,False,C2_video_normal,C2_video_normal,normal,off,True,False
1779496357.9578245,1605,32.3946,1779496357.9254298,False,C2_video_normal,C2_video_normal,normal,off,True,False
1779496358.0419796,1606,16.3975,1779496358.025582,False,C2_video_normal,C2_video_normal,normal,off,True,False
1779496358.138673,1607,12.8055,1779496358.1258676,False,C2_video_normal,C2_video_normal,normal,off,True,False
1779496358.295483,1608,69.0303,1779496358.2264528,False,C2_video_normal,C2_video_normal,normal,off,True,False
1779496358.381302,1609,54.441,1779496358.3268611,False,C2_video_normal,C2_video_normal,normal,off,True,False
1779496358.4996357,1610,72.638,1779496358.4269977,False,C2_video_normal,C2_video_normal,normal,off,True,False
1779496358.5542934,1611,27.0736,1779496358.5272198,False,C2_video_normal,C2_video_normal,normal,off,True,False
1779496358.6661718,1612,38.836,1779496358.6273358,False,C2_video_normal,C2_video_normal,normal,off,True,False
1779496358.7493453,1613,21.5788,1779496358.7277665,False,C2_video_normal,C2_video_normal,normal,off,True,False
1779496358.8445997,1614,16.638,1779496358.8279617,False,C2_video_normal,C2_video_normal,normal,off,True,False
1779496358.956271,1615,27.5106,1779496358.9287603,False,C2_video_normal,C2_video_normal,normal,off,True,False
1779496359.1189601,1616,89.9177,1779496359.0290425,False,C2_video_normal,C2_video_normal,normal,off,True,False
1779496359.1403275,1617,11.1303,1779496359.1291971,False,C2_video_normal,C2_video_normal,normal,off,True,False
1779496359.2468321,1618,17.1301,1779496359.229702,False,C2_video_normal,C2_video_normal,normal,off,True,False
1779496359.367362,1619,37.2727,1779496359.3300893,False,C2_video_normal,C2_video_normal,normal,off,True,False
1779496359.4476223,1620,17.3311,1779496359.4302912,False,C2_video_normal,C2_video_normal,normal,off,True,False
1779496359.5435488,1621,12.9325,1779496359.5306163,False,C2_video_normal,C2_video_normal,normal,off,True,False
1779496359.6388235,1622,7.5552,1779496359.6312683,False,C2_video_normal,C2_video_normal,normal,off,True,False
1779496359.8094654,1623,77.1143,1779496359.732351,False,C2_video_normal,C2_video_normal,normal,off,True,False
1779496359.8430073,1624,10.097,1779496359.8329103,False,C2_video_normal,C2_video_normal,normal,off,True,False
1779496359.9518888,1625,18.6105,1779496359.9332783,False,C2_video_normal,C2_video_normal,normal,off,True,False
1779496360.043614,1626,9.6958,1779496360.0339181,False,C2_video_normal,C2_video_normal,normal,off,True,False
1779496360.1804883,1627,45.9225,1779496360.1345658,False,C2_video_normal,C2_video_normal,normal,off,True,False
1779496360.2582045,1628,23.0227,1779496360.2351818,False,C2_video_normal,C2_video_normal,normal,off,True,False
1779496360.3512976,1629,14.9128,1779496360.3363848,False,C2_video_normal,C2_video_normal,normal,off,True,False
1779496360.4607482,1630,24.2305,1779496360.4365177,False,C2_video_normal,C2_video_normal,normal,off,True,False
1779496360.6486528,1631,111.4726,1779496360.5371802,False,C2_video_normal,C2_video_normal,normal,off,True,False
1779496360.6516826,1632,14.0438,1779496360.6376388,False,C2_video_normal,C2_video_normal,normal,off,True,False
1779496360.8015766,1633,63.5457,1779496360.738031,False,C2_video_normal,C2_video_normal,normal,off,True,False
1779496360.8808043,1634,41.9364,1779496360.838868,False,C2_video_normal,C2_video_normal,normal,off,True,False
1779496360.9803603,1635,41.0116,1779496360.9393487,False,C2_video_normal,C2_video_normal,normal,off,True,False
1779496361.082454,1636,42.4802,1779496361.0399737,False,C2_video_normal,C2_video_normal,normal,off,True,False
1779496361.2147546,1637,74.2233,1779496361.1405313,False,C2_video_normal,C2_video_normal,normal,off,True,False
1779496361.2788436,1638,37.7507,1779496361.241093,False,C2_video_normal,C2_video_normal,normal,off,True,False
1779496361.385232,1639,43.1869,1779496361.342045,False,C2_video_normal,C2_video_normal,normal,off,True,False
1779496361.4809525,1640,38.7509,1779496361.4422016,False,C2_video_normal,C2_video_normal,normal,off,True,False
1779496361.5797877,1641,37.3039,1779496361.5424838,False,C2_video_normal,C2_video_normal,normal,off,True,False
1779496361.677444,1642,34.632,1779496361.642812,False,C2_video_normal,C2_video_normal,normal,off,True,False
1779496361.7734523,1643,30.3979,1779496361.7430544,False,C2_video_normal,C2_video_normal,normal,off,True,False
1779496361.8689678,1644,24.9968,1779496361.843971,False,C2_video_normal,C2_video_normal,normal,off,True,False
1779496362.0091133,1645,64.5802,1779496361.944533,False,C2_video_normal,C2_video_normal,normal,off,True,False
1779496362.0953293,1646,50.5831,1779496362.0447462,False,C2_video_normal,C2_video_normal,normal,off,True,False
1779496362.1910095,1647,45.6731,1779496362.1453364,False,C2_video_normal,C2_video_normal,normal,off,True,False
1779496362.2869697,1648,41.4083,1779496362.2455614,False,C2_video_normal,C2_video_normal,normal,off,True,False
1779496362.3804655,1649,34.6103,1779496362.3458552,False,C2_video_normal,C2_video_normal,normal,off,True,False
1779496362.4660368,1650,19.4325,1779496362.4466043,False,C2_video_normal,C2_video_normal,normal,off,True,False
1779496362.6115932,1651,64.4712,1779496362.547122,False,C2_video_normal,C2_video_normal,normal,off,True,False
1779496362.6586354,1652,11.2808,1779496362.6473546,False,C2_video_normal,C2_video_normal,normal,off,True,False
1779496362.7754054,1653,27.5979,1779496362.7478075,False,C2_video_normal,C2_video_normal,normal,off,True,False
1779496362.8590794,1654,10.9227,1779496362.8481567,False,C2_video_normal,C2_video_normal,normal,off,True,False
1779496362.9672315,1655,18.4278,1779496362.9488037,False,C2_video_normal,C2_video_normal,normal,off,True,False
1779496363.0632935,1656,14.2074,1779496363.049086,False,C2_video_normal,C2_video_normal,normal,off,True,False
1779496363.1687865,1657,19.2895,1779496363.149497,False,C2_video_normal,C2_video_normal,normal,off,True,False
1779496363.2630506,1658,13.1202,1779496363.2499304,False,C2_video_normal,C2_video_normal,normal,off,True,False
1779496363.3585105,1659,7.5517,1779496363.3509588,False,C2_video_normal,C2_video_normal,normal,off,True,False
1779496363.5177984,1660,66.3967,1779496363.4514017,False,C2_video_normal,C2_video_normal,normal,off,True,False
1779496363.6090963,1661,56.0095,1779496363.5530868,False,C2_video_normal,C2_video_normal,normal,off,True,False
1779496363.6876493,1662,34.354,1779496363.6532953,False,C2_video_normal,C2_video_normal,normal,off,True,False
1779496363.7746472,1663,20.8962,1779496363.753751,False,C2_video_normal,C2_video_normal,normal,off,True,False
1779496363.8708014,1664,16.83,1779496363.8539715,False,C2_video_normal,C2_video_normal,normal,off,True,False
1779496363.9744332,1665,20.2572,1779496363.954176,False,C2_video_normal,C2_video_normal,normal,off,True,False
1779496364.0675037,1666,13.0224,1779496364.0544813,False,C2_video_normal,C2_video_normal,normal,off,True,False
1779496364.1725404,1667,17.9577,1779496364.1545827,False,C2_video_normal,C2_video_normal,normal,off,True,False
1779496364.2650797,1668,10.2041,1779496364.2548757,False,C2_video_normal,C2_video_normal,normal,off,True,False
1779496364.3725731,1669,17.3233,1779496364.35525,False,C2_video_normal,C2_video_normal,normal,off,True,False
1779496364.4661558,1670,10.3233,1779496364.4558325,False,C2_video_normal,C2_video_normal,normal,off,True,False
1779496364.5632489,1671,7.2017,1779496364.5560472,False,C2_video_normal,C2_video_normal,normal,off,True,False
1779496364.6687987,1672,12.3951,1779496364.6564035,False,C2_video_normal,C2_video_normal,normal,off,True,False
1779496364.7780812,1673,20.9112,1779496364.75717,False,C2_video_normal,C2_video_normal,normal,off,True,False
1779496364.8724937,1674,14.7767,1779496364.857717,False,C2_video_normal,C2_video_normal,normal,off,True,False
1779496364.979277,1675,21.2042,1779496364.9580727,False,C2_video_normal,C2_video_normal,normal,off,True,False
1779496365.0736187,1676,14.7874,1779496365.0588312,False,C2_video_normal,C2_video_normal,normal,off,True,False
1779496365.1688786,1677,9.6574,1779496365.1592212,False,C2_video_normal,C2_video_normal,normal,off,True,False
1779496365.2745185,1678,15.0206,1779496365.259498,False,C2_video_normal,C2_video_normal,normal,off,True,False
1779496365.3674843,1679,7.8099,1779496365.3596745,False,C2_video_normal,C2_video_normal,normal,off,True,False
1779496365.4780958,1680,17.5788,1779496365.460517,False,C2_video_normal,C2_video_normal,normal,off,True,False
1779496365.5671253,1681,5.8985,1779496365.5612268,False,C2_video_normal,C2_video_normal,normal,off,True,False
1779496365.6782916,1682,16.9218,1779496365.6613698,False,C2_video_normal,C2_video_normal,normal,off,True,False
1779496365.7702758,1683,8.7533,1779496365.7615225,False,C2_video_normal,C2_video_normal,normal,off,True,False
1779496365.8839211,1684,21.8937,1779496365.8620274,False,C2_video_normal,C2_video_normal,normal,off,True,False
1779496365.9989789,1685,36.3007,1779496365.9626782,False,C2_video_normal,C2_video_normal,normal,off,True,False
1779496366.095177,1686,32.2468,1779496366.06293,False,C2_video_normal,C2_video_normal,normal,off,True,False
1779496366.1956508,1687,32.2766,1779496366.1633742,False,C2_video_normal,C2_video_normal,normal,off,True,False
1779496366.2822213,1688,18.4598,1779496366.2637615,False,C2_video_normal,C2_video_normal,normal,off,True,False
1779496366.381389,1689,17.149,1779496366.36424,False,C2_video_normal,C2_video_normal,normal,off,True,False
1779496366.472259,1690,7.6694,1779496366.4645896,False,C2_video_normal,C2_video_normal,normal,off,True,False
1779496366.591629,1691,26.5167,1779496366.5651124,False,C2_video_normal,C2_video_normal,normal,off,True,False
1779496366.6734393,1692,8.1658,1779496366.6652734,False,C2_video_normal,C2_video_normal,normal,off,True,False
1779496366.8052711,1693,39.7215,1779496366.7655497,False,C2_video_normal,C2_video_normal,normal,off,True,False
1779496366.87552,1694,9.5913,1779496366.8659286,False,C2_video_normal,C2_video_normal,normal,off,True,False
1779496367.010069,1695,43.7388,1779496366.96633,False,C2_video_normal,C2_video_normal,normal,off,True,False
1779496367.0774715,1696,10.3216,1779496367.0671499,False,C2_video_normal,C2_video_normal,normal,off,True,False
1779496367.1903887,1697,22.6436,1779496367.167745,False,C2_video_normal,C2_video_normal,normal,off,True,False
1779496367.2883577,1698,20.3564,1779496367.2680013,False,C2_video_normal,C2_video_normal,normal,off,True,False
1779496367.3772116,1699,8.929,1779496367.3682826,False,C2_video_normal,C2_video_normal,normal,off,True,False
1779496367.4905913,1700,21.385,1779496367.4692063,False,C2_video_normal,C2_video_normal,normal,off,True,False
1779496367.5794654,1701,9.656,1779496367.5698094,False,C2_video_normal,C2_video_normal,normal,off,True,False
1779496367.6862428,1702,16.1879,1779496367.670055,False,C2_video_normal,C2_video_normal,normal,off,True,False
1779496367.783086,1703,12.8484,1779496367.7702377,False,C2_video_normal,C2_video_normal,normal,off,True,False
1779496367.888636,1704,18.0004,1779496367.8706357,False,C2_video_normal,C2_video_normal,normal,off,True,False
1779496367.9912431,1705,20.3502,1779496367.970893,False,C2_video_normal,C2_video_normal,normal,off,True,False
1779496368.0935545,1706,22.3837,1779496368.0711708,False,C2_video_normal,C2_video_normal,normal,off,True,False
1779496368.1836052,1707,11.7784,1779496368.1718268,False,C2_video_normal,C2_video_normal,normal,off,True,False
1779496368.2995315,1708,27.2229,1779496368.2723086,False,C2_video_normal,C2_video_normal,normal,off,True,False
1779496368.385538,1709,12.512,1779496368.3730261,False,C2_video_normal,C2_video_normal,normal,off,True,False
1779496368.479795,1710,6.6504,1779496368.4731445,False,C2_video_normal,C2_video_normal,normal,off,True,False
1779496368.5871825,1711,13.7668,1779496368.5734158,False,C2_video_normal,C2_video_normal,normal,off,True,False
1779496368.682725,1712,8.8487,1779496368.6738763,False,C2_video_normal,C2_video_normal,normal,off,True,False
1779496368.7948942,1713,20.5927,1779496368.7743015,False,C2_video_normal,C2_video_normal,normal,off,True,False
1779496368.8839622,1714,9.3222,1779496368.87464,False,C2_video_normal,C2_video_normal,normal,off,True,False
1779496368.9919705,1715,17.0739,1779496368.9748967,False,C2_video_normal,C2_video_normal,normal,off,True,False
1779496369.0828576,1716,7.5295,1779496369.075328,False,C2_video_normal,C2_video_normal,normal,off,True,False
1779496369.1958234,1717,20.2997,1779496369.1755238,False,C2_video_normal,C2_video_normal,normal,off,True,False
1779496369.2853427,1718,9.1329,1779496369.2762098,False,C2_video_normal,C2_video_normal,normal,off,True,False
1779496369.3963623,1719,19.7072,1779496369.376655,False,C2_video_normal,C2_video_normal,normal,off,True,False
1779496369.4846947,1720,7.621,1779496369.4770737,False,C2_video_normal,C2_video_normal,normal,off,True,False
1779496369.5913258,1721,13.2852,1779496369.5780406,False,C2_video_normal,C2_video_normal,normal,off,True,False
1779496369.687333,1722,9.0914,1779496369.6782417,False,C2_video_normal,C2_video_normal,normal,off,True,False
1779496369.7941084,1723,14.9586,1779496369.7791498,False,C2_video_normal,C2_video_normal,normal,off,True,False
1779496369.8940127,1724,14.1346,1779496369.879878,False,C2_video_normal,C2_video_normal,normal,off,True,False
1779496369.9979181,1725,17.715,1779496369.9802032,False,C2_video_normal,C2_video_normal,normal,off,True,False
1779496370.089608,1726,9.1426,1779496370.0804653,False,C2_video_normal,C2_video_normal,normal,off,True,False
1779496370.197662,1727,16.8791,1779496370.180783,False,C2_video_normal,C2_video_normal,normal,off,True,False
1779496370.293384,1728,12.1558,1779496370.2812283,False,C2_video_normal,C2_video_normal,normal,off,True,False
1779496370.398396,1729,17.0169,1779496370.3813791,False,C2_video_normal,C2_video_normal,normal,off,True,False
1779496370.4985683,1730,16.5539,1779496370.4820144,False,C2_video_normal,C2_video_normal,normal,off,True,False
1779496370.6002917,1731,17.2279,1779496370.5830638,False,C2_video_normal,C2_video_normal,normal,off,True,False
1779496370.6901262,1732,6.742,1779496370.6833842,False,C2_video_normal,C2_video_normal,normal,off,True,False
1779496370.795836,1733,12.3031,1779496370.7835329,False,C2_video_normal,C2_video_normal,normal,off,True,False
1779496370.8899653,1734,6.0601,1779496370.8839052,False,C2_video_normal,C2_video_normal,normal,off,True,False
1779496370.997395,1735,12.9473,1779496370.9844477,False,C2_video_normal,C2_video_normal,normal,off,True,False
1779496371.1061065,1736,21.0915,1779496371.085015,False,C2_video_normal,C2_video_normal,normal,off,True,False
1779496371.1990533,1737,13.8059,1779496371.1852474,False,C2_video_normal,C2_video_normal,normal,off,True,False
1779496371.2925074,1738,6.69,1779496371.2858174,False,C2_video_normal,C2_video_normal,normal,off,True,False
1779496371.40565,1739,19.2487,1779496371.3864012,False,C2_video_normal,C2_video_normal,normal,off,True,False
1779496371.4922106,1740,5.1589,1779496371.4870517,False,C2_video_normal,C2_video_normal,normal,off,True,False
1779496371.6019459,1741,14.5321,1779496371.5874138,False,C2_video_normal,C2_video_normal,normal,off,True,False
1779496371.6953335,1742,7.633,1779496371.6877005,False,C2_video_normal,C2_video_normal,normal,off,True,False
1779496371.8048112,1743,16.8507,1779496371.7879605,False,C2_video_normal,C2_video_normal,normal,off,True,False
1779496371.8989203,1744,10.4516,1779496371.8884687,False,C2_video_normal,C2_video_normal,normal,off,True,False
1779496372.0065413,1745,17.6854,1779496371.9888558,False,C2_video_normal,C2_video_normal,normal,off,True,False
1779496372.1032104,1746,13.7622,1779496372.0894482,False,C2_video_normal,C2_video_normal,normal,off,True,False
1779496372.2078555,1747,17.9029,1779496372.1899526,False,C2_video_normal,C2_video_normal,normal,off,True,False
1779496372.2989056,1748,8.3692,1779496372.2905364,False,C2_video_normal,C2_video_normal,normal,off,True,False
1779496372.4065323,1749,15.5704,1779496372.390962,False,C2_video_normal,C2_video_normal,normal,off,True,False
1779496372.4993513,1750,7.6447,1779496372.4917066,False,C2_video_normal,C2_video_normal,normal,off,True,False
1779496372.6069496,1751,14.7576,1779496372.592192,False,C2_video_normal,C2_video_normal,normal,off,True,False
1779496372.7026107,1752,9.9978,1779496372.692613,False,C2_video_normal,C2_video_normal,normal,off,True,False
1779496372.8096545,1753,16.7763,1779496372.7928782,False,C2_video_normal,C2_video_normal,normal,off,True,False
1779496372.901827,1754,8.7738,1779496372.8930533,False,C2_video_normal,C2_video_normal,normal,off,True,False
1779496373.014945,1755,21.668,1779496372.993277,False,C2_video_normal,C2_video_normal,normal,off,True,False
1779496373.1040015,1756,10.5259,1779496373.0934756,False,C2_video_normal,C2_video_normal,normal,off,True,False
1779496373.2100255,1757,16.2423,1779496373.1937833,False,C2_video_normal,C2_video_normal,normal,off,True,False
1779496373.3419268,1758,47.5676,1779496373.2943592,False,C2_video_normal,C2_video_normal,normal,off,True,False
1779496373.412077,1759,17.5505,1779496373.3945265,False,C2_video_normal,C2_video_normal,normal,off,True,False
1779496373.5042126,1760,8.9035,1779496373.495309,False,C2_video_normal,C2_video_normal,normal,off,True,False
1779496373.6775348,1761,81.6507,1779496373.595884,False,C2_video_normal,C2_video_normal,normal,off,True,False
1779496373.7060828,1762,9.6316,1779496373.6964512,False,C2_video_normal,C2_video_normal,normal,off,True,False
1779496373.804715,1763,7.8042,1779496373.7969108,False,C2_video_normal,C2_video_normal,normal,off,True,False
1779496373.912134,1764,15.0466,1779496373.8970873,False,C2_video_normal,C2_video_normal,normal,off,True,False
1779496374.004374,1765,6.9928,1779496373.9973812,False,C2_video_normal,C2_video_normal,normal,off,True,False
1779496374.1269767,1766,29.4282,1779496374.0975485,False,C2_video_normal,C2_video_normal,normal,off,True,False
1779496374.2127557,1767,14.7548,1779496374.198001,False,C2_video_normal,C2_video_normal,normal,off,True,False
1779496374.3190727,1768,20.1316,1779496374.2989411,False,C2_video_normal,C2_video_normal,normal,off,True,False
1779496374.414832,1769,15.0168,1779496374.3998153,False,C2_video_normal,C2_video_normal,normal,off,True,False
1779496374.5077798,1770,7.2012,1779496374.5005786,False,C2_video_normal,C2_video_normal,normal,off,True,False
1779496374.6135366,1771,12.0709,1779496374.6014657,False,C2_video_normal,C2_video_normal,normal,off,True,False
1779496374.7245283,1772,22.2075,1779496374.7023208,False,C2_video_normal,C2_video_normal,normal,off,True,False
1779496374.8135028,1773,10.3865,1779496374.8031163,False,C2_video_normal,C2_video_normal,normal,off,True,False
1779496374.925251,1774,21.1253,1779496374.9041257,False,C2_video_normal,C2_video_normal,normal,off,True,False
1779496375.0166502,1775,11.8279,1779496375.0048223,False,C2_video_normal,C2_video_normal,normal,off,True,False
1779496375.1223485,1776,17.1978,1779496375.1051507,False,C2_video_normal,C2_video_normal,normal,off,True,False
1779496375.2186637,1777,12.9647,1779496375.205699,False,C2_video_normal,C2_video_normal,normal,off,True,False
1779496375.325091,1778,18.9784,1779496375.3061125,False,C2_video_normal,C2_video_normal,normal,off,True,False
1779496375.4212751,1779,14.5514,1779496375.4067237,False,C2_video_normal,C2_video_normal,normal,off,True,False
1779496375.5154934,1780,7.7767,1779496375.5077167,False,C2_video_normal,C2_video_normal,normal,off,True,False
1779496375.6225398,1781,14.2519,1779496375.6082878,False,C2_video_normal,C2_video_normal,normal,off,True,False
1779496375.7172742,1782,8.5285,1779496375.7087457,False,C2_video_normal,C2_video_normal,normal,off,True,False
1779496375.824054,1783,15.0318,1779496375.8090222,False,C2_video_normal,C2_video_normal,normal,off,True,False
1779496375.9194872,1784,10.0064,1779496375.9094808,False,C2_video_normal,C2_video_normal,normal,off,True,False
1779496376.0284982,1785,18.2264,1779496376.0102718,False,C2_video_normal,C2_video_normal,normal,off,True,False
1779496376.123295,1786,12.4032,1779496376.1108918,False,C2_video_normal,C2_video_normal,normal,off,True,False
1779496376.2309265,1787,19.4073,1779496376.2115192,False,C2_video_normal,C2_video_normal,normal,off,True,False
1779496376.3369737,1788,24.9102,1779496376.3120635,False,C2_video_normal,C2_video_normal,normal,off,True,False
1779496376.4667761,1789,54.3079,1779496376.4124682,False,C2_video_normal,C2_video_normal,normal,off,True,False
1779496376.5454547,1790,32.6779,1779496376.5127769,False,C2_video_normal,C2_video_normal,normal,off,True,False
1779496376.6329694,1791,19.4645,1779496376.613505,False,C2_video_normal,C2_video_normal,normal,off,True,False
1779496376.7296343,1792,15.8613,1779496376.713773,False,C2_video_normal,C2_video_normal,normal,off,True,False
1779496376.8245835,1793,10.3819,1779496376.8142016,False,C2_video_normal,C2_video_normal,normal,off,True,False
1779496376.9345968,1794,19.9947,1779496376.914602,False,C2_video_normal,C2_video_normal,normal,off,True,False
1779496377.0254092,1795,10.4537,1779496377.0149555,False,C2_video_normal,C2_video_normal,normal,off,True,False
1779496377.1306627,1796,15.2087,1779496377.115454,False,C2_video_normal,C2_video_normal,normal,off,True,False
1779496377.2290852,1797,13.1958,1779496377.2158895,False,C2_video_normal,C2_video_normal,normal,off,True,False
1779496377.3337867,1798,17.7634,1779496377.3160233,False,C2_video_normal,C2_video_normal,normal,off,True,False
1779496377.4396858,1799,23.4599,1779496377.416226,False,C2_video_normal,C2_video_normal,normal,off,True,False
1779496377.5355856,1800,18.4693,1779496377.5171163,False,C2_video_normal,C2_video_normal,normal,off,True,False
1779496377.6284661,1801,11.0443,1779496377.6174219,False,C2_video_normal,C2_video_normal,normal,off,True,False
1779496377.7325027,1802,14.061,1779496377.7184417,False,C2_video_normal,C2_video_normal,normal,off,True,False
1779496377.8262222,1803,7.2002,1779496377.819022,False,C2_video_normal,C2_video_normal,normal,off,True,False
1779496377.9366105,1804,17.0732,1779496377.9195373,False,C2_video_normal,C2_video_normal,normal,off,True,False
1779496378.0771787,1805,57.0803,1779496378.0200984,False,C2_video_normal,C2_video_normal,normal,off,True,False
1779496378.1751142,1806,54.6017,1779496378.1205125,False,C2_video_normal,C2_video_normal,normal,off,True,False
1779496378.2576716,1807,36.8643,1779496378.2208073,False,C2_video_normal,C2_video_normal,normal,off,True,False
1779496378.3414795,1808,20.2181,1779496378.3212614,False,C2_video_normal,C2_video_normal,normal,off,True,False
1779496378.4289875,1809,7.5154,1779496378.421472,False,C2_video_normal,C2_video_normal,normal,off,True,False
1779496378.5383804,1810,16.5246,1779496378.5218558,False,C2_video_normal,C2_video_normal,normal,off,True,False
1779496378.633173,1811,10.7007,1779496378.6224723,False,C2_video_normal,C2_video_normal,normal,off,True,False
1779496378.7757478,1812,53.0102,1779496378.7227376,False,C2_video_normal,C2_video_normal,normal,off,True,False
1779496378.8624334,1813,39.3052,1779496378.8231282,False,C2_video_normal,C2_video_normal,normal,off,True,False
1779496378.9538538,1814,30.0736,1779496378.9237802,False,C2_video_normal,C2_video_normal,normal,off,True,False
1779496379.0434828,1815,19.0496,1779496379.0244331,False,C2_video_normal,C2_video_normal,normal,off,True,False
1779496379.1396644,1816,14.8737,1779496379.1247907,False,C2_video_normal,C2_video_normal,normal,off,True,False
1779496379.232266,1817,7.2043,1779496379.2250617,False,C2_video_normal,C2_video_normal,normal,off,True,False
1779496379.3904333,1818,64.9886,1779496379.3254447,False,C2_video_normal,C2_video_normal,normal,off,True,False
1779496379.4740963,1819,48.0909,1779496379.4260054,False,C2_video_normal,C2_video_normal,normal,off,True,False
1779496379.562124,1820,35.3034,1779496379.5268207,False,C2_video_normal,C2_video_normal,normal,off,True,False
1779496379.6484594,1821,20.9081,1779496379.6275513,False,C2_video_normal,C2_video_normal,normal,off,True,False
1779496379.7443607,1822,16.1874,1779496379.7281733,False,C2_video_normal,C2_video_normal,normal,off,True,False
1779496379.8340921,1823,5.4593,1779496379.8286328,False,C2_video_normal,C2_video_normal,normal,off,True,False
1779496379.944157,1824,15.0325,1779496379.9291244,False,C2_video_normal,C2_video_normal,normal,off,True,False
1779496380.0352976,1825,5.3663,1779496380.0299313,False,C2_video_normal,C2_video_normal,normal,off,True,False
1779496380.145568,1826,15.3859,1779496380.130182,False,C2_video_normal,C2_video_normal,normal,off,True,False
1779496380.239182,1827,8.5235,1779496380.2306585,False,C2_video_normal,C2_video_normal,normal,off,True,False
1779496380.347324,1828,15.9442,1779496380.3313797,False,C2_video_normal,C2_video_normal,normal,off,True,False
1779496380.4359748,1829,3.633,1779496380.4323418,False,C2_video_normal,C2_video_normal,normal,off,True,False
1779496380.5466702,1830,13.8049,1779496380.5328653,False,C2_video_normal,C2_video_normal,normal,off,True,False
1779496380.6405728,1831,7.1626,1779496380.6334102,False,C2_video_normal,C2_video_normal,normal,off,True,False
1779496380.7508044,1832,16.8507,1779496380.7339537,False,C2_video_normal,C2_video_normal,normal,off,True,False
1779496380.8419478,1833,7.534,1779496380.8344138,False,C2_video_normal,C2_video_normal,normal,off,True,False
1779496380.9711072,1834,36.0858,1779496380.9350214,False,C2_video_normal,C2_video_normal,normal,off,True,False
1779496381.0485508,1835,13.1607,1779496381.0353901,False,C2_video_normal,C2_video_normal,normal,off,True,False
1779496381.1520169,1836,16.4425,1779496381.1355743,False,C2_video_normal,C2_video_normal,normal,off,True,False
1779496381.2463038,1837,10.1132,1779496381.2361906,False,C2_video_normal,C2_video_normal,normal,off,True,False
1779496381.341995,1838,5.0304,1779496381.3369646,False,C2_video_normal,C2_video_normal,normal,off,True,False
1779496381.4704072,1839,32.7673,1779496381.43764,False,C2_video_normal,C2_video_normal,normal,off,True,False
1779496381.562502,1840,24.421,1779496381.538081,False,C2_video_normal,C2_video_normal,normal,off,True,False
1779496381.65103,1841,12.3763,1779496381.6386538,False,C2_video_normal,C2_video_normal,normal,off,True,False
1779496381.7795227,1842,40.1366,1779496381.739386,False,C2_video_normal,C2_video_normal,normal,off,True,False
1779496381.8675928,1843,27.54,1779496381.8400528,False,C2_video_normal,C2_video_normal,normal,off,True,False
1779496381.9554698,1844,14.987,1779496381.9404829,False,C2_video_normal,C2_video_normal,normal,off,True,False
1779496382.0701768,1845,29.144,1779496382.0410328,False,C2_video_normal,C2_video_normal,normal,off,True,False
1779496382.148174,1846,5.7781,1779496382.142396,False,C2_video_normal,C2_video_normal,normal,off,True,False
1779496382.281084,1847,38.2099,1779496382.2428741,False,C2_video_normal,C2_video_normal,normal,off,True,False
1779496382.3646603,1848,20.9539,1779496382.3437064,False,C2_video_normal,C2_video_normal,normal,off,True,False
1779496382.467183,1849,22.7158,1779496382.4444673,False,C2_video_normal,C2_video_normal,normal,off,True,False
1779496382.5561044,1850,10.7243,1779496382.54538,False,C2_video_normal,C2_video_normal,normal,off,True,False
1779496382.6638577,1851,18.033,1779496382.6458247,False,C2_video_normal,C2_video_normal,normal,off,True,False
1779496382.7539108,1852,7.551,1779496382.7463598,False,C2_video_normal,C2_video_normal,normal,off,True,False
1779496382.8614953,1853,14.5059,1779496382.8469894,False,C2_video_normal,C2_video_normal,normal,off,True,False
1779496382.9591894,1854,11.9336,1779496382.9472558,False,C2_video_normal,C2_video_normal,normal,off,True,False
1779496383.0692682,1855,21.358,1779496383.0479102,False,C2_video_normal,C2_video_normal,normal,off,True,False
1779496383.1592536,1856,11.0936,1779496383.14816,False,C2_video_normal,C2_video_normal,normal,off,True,False
1779496383.269227,1857,20.6442,1779496383.2485828,False,C2_video_normal,C2_video_normal,normal,off,True,False
1779496383.362671,1858,13.4315,1779496383.3492393,False,C2_video_normal,C2_video_normal,normal,off,True,False
1779496383.4611425,1859,11.6808,1779496383.4494617,False,C2_video_normal,C2_video_normal,normal,off,True,False
1779496383.5627291,1860,12.7671,1779496383.549962,False,C2_video_normal,C2_video_normal,normal,off,True,False
1779496383.6568534,1861,6.4611,1779496383.6503923,False,C2_video_normal,C2_video_normal,normal,off,True,False
1779496383.7630954,1862,12.0831,1779496383.7510123,False,C2_video_normal,C2_video_normal,normal,off,True,False
1779496383.870019,1863,18.4424,1779496383.8515766,False,C2_video_normal,C2_video_normal,normal,off,True,False
1779496383.9646122,1864,12.804,1779496383.9518082,False,C2_video_normal,C2_video_normal,normal,off,True,False
1779496384.0719216,1865,19.4731,1779496384.0524485,False,C2_video_normal,C2_video_normal,normal,off,True,False
1779496384.1626892,1866,9.8293,1779496384.15286,False,C2_video_normal,C2_video_normal,normal,off,True,False
1779496384.2715323,1867,18.2111,1779496384.2533212,False,C2_video_normal,C2_video_normal,normal,off,True,False
1779496384.3661053,1868,12.6917,1779496384.3534136,False,C2_video_normal,C2_video_normal,normal,off,True,False
1779496384.4601815,1869,6.1889,1779496384.4539926,False,C2_video_normal,C2_video_normal,normal,off,True,False
1779496384.6141865,1870,59.7119,1779496384.5544746,False,C2_video_normal,C2_video_normal,normal,off,True,False
1779496384.6979892,1871,42.5696,1779496384.6554196,False,C2_video_normal,C2_video_normal,normal,off,True,False
1779496384.7840228,1872,27.5958,1779496384.756427,False,C2_video_normal,C2_video_normal,normal,off,True,False
1779496384.877929,1873,21.0357,1779496384.8568933,False,C2_video_normal,C2_video_normal,normal,off,True,False
1779496384.9675386,1874,9.8836,1779496384.957655,False,C2_video_normal,C2_video_normal,normal,off,True,False
1779496385.079402,1875,21.5759,1779496385.057826,False,C2_video_normal,C2_video_normal,normal,off,True,False
1779496385.1716304,1876,13.3083,1779496385.158322,False,C2_video_normal,C2_video_normal,normal,off,True,False
1779496385.2778554,1877,19.1989,1779496385.2586565,False,C2_video_normal,C2_video_normal,normal,off,True,False
1779496385.3707812,1878,11.5373,1779496385.3592439,False,C2_video_normal,C2_video_normal,normal,off,True,False
1779496385.4830723,1879,23.016,1779496385.4600563,False,C2_video_normal,C2_video_normal,normal,off,True,False
1779496385.5709662,1880,10.3436,1779496385.5606227,False,C2_video_normal,C2_video_normal,normal,off,True,False
1779496385.677734,1881,16.9122,1779496385.6608217,False,C2_video_normal,C2_video_normal,normal,off,True,False
1779496385.7711496,1882,9.7566,1779496385.761393,False,C2_video_normal,C2_video_normal,normal,off,True,False
1779496385.8760507,1883,14.3187,1779496385.861732,False,C2_video_normal,C2_video_normal,normal,off,True,False
1779496385.9749987,1884,12.6987,1779496385.9623,False,C2_video_normal,C2_video_normal,normal,off,True,False
1779496386.0816467,1885,19.0303,1779496386.0626163,False,C2_video_normal,C2_video_normal,normal,off,True,False
1779496386.175393,1886,12.3496,1779496386.1630435,False,C2_video_normal,C2_video_normal,normal,off,True,False
1779496386.2706463,1887,7.2372,1779496386.2634091,False,C2_video_normal,C2_video_normal,normal,off,True,False
1779496386.3778207,1888,13.6969,1779496386.3641238,False,C2_video_normal,C2_video_normal,normal,off,True,False
1779496386.494237,1889,29.7782,1779496386.4644587,False,C2_video_normal,C2_video_normal,normal,off,True,False
1779496386.5863934,1890,21.2066,1779496386.5651867,False,C2_video_normal,C2_video_normal,normal,off,True,False
1779496386.6812015,1891,15.6944,1779496386.665507,False,C2_video_normal,C2_video_normal,normal,off,True,False
1779496386.7877717,1892,21.6691,1779496386.7661026,False,C2_video_normal,C2_video_normal,normal,off,True,False
1779496386.8770254,1893,10.242,1779496386.8667834,False,C2_video_normal,C2_video_normal,normal,off,True,False
1779496386.9830172,1894,15.5363,1779496386.967481,False,C2_video_normal,C2_video_normal,normal,off,True,False
1779496387.0760822,1895,8.1108,1779496387.0679715,False,C2_video_normal,C2_video_normal,normal,off,True,False
1779496387.1863596,1896,17.7665,1779496387.1685932,False,C2_video_normal,C2_video_normal,normal,off,True,False
1779496387.2803223,1897,11.2891,1779496387.2690332,False,C2_video_normal,C2_video_normal,normal,off,True,False
1779496387.3801928,1898,10.9146,1779496387.3692782,False,C2_video_normal,C2_video_normal,normal,off,True,False
1779496387.4820452,1899,12.6007,1779496387.4694445,False,C2_video_normal,C2_video_normal,normal,off,True,False
1779496387.5932128,1900,23.4995,1779496387.5697134,False,C2_video_normal,C2_video_normal,normal,off,True,False
1779496387.6812637,1901,11.0834,1779496387.6701803,False,C2_video_normal,C2_video_normal,normal,off,True,False
1779496387.791187,1902,20.6113,1779496387.7705758,False,C2_video_normal,C2_video_normal,normal,off,True,False
1779496387.8845074,1903,13.3586,1779496387.8711488,False,C2_video_normal,C2_video_normal,normal,off,True,False
1779496388.0531278,1904,81.2135,1779496387.9719143,False,C2_video_normal,C2_video_normal,normal,off,True,False
1779496388.0825438,1905,9.9189,1779496388.072625,False,C2_video_normal,C2_video_normal,normal,off,True,False
1779496388.1901588,1906,17.1523,1779496388.1730065,False,C2_video_normal,C2_video_normal,normal,off,True,False
1779496388.2836592,1907,10.4568,1779496388.2732024,False,C2_video_normal,C2_video_normal,normal,off,True,False
1779496388.3815072,1908,7.9207,1779496388.3735864,False,C2_video_normal,C2_video_normal,normal,off,True,False
1779496388.4867148,1909,12.7449,1779496388.47397,False,C2_video_normal,C2_video_normal,normal,off,True,False
1779496388.5791564,1910,4.9663,1779496388.5741901,False,C2_video_normal,C2_video_normal,normal,off,True,False
1779496388.6887562,1911,14.1873,1779496388.674569,False,C2_video_normal,C2_video_normal,normal,off,True,False
1779496388.7826622,1912,7.7353,1779496388.774927,False,C2_video_normal,C2_video_normal,normal,off,True,False
1779496388.8838897,1913,8.4541,1779496388.8754356,False,C2_video_normal,C2_video_normal,normal,off,True,False
1779496388.986857,1914,10.7155,1779496388.9761415,False,C2_video_normal,C2_video_normal,normal,off,True,False
1779496389.094808,1915,18.3442,1779496389.076464,False,C2_video_normal,C2_video_normal,normal,off,True,False
1779496389.189997,1916,13.3779,1779496389.176619,False,C2_video_normal,C2_video_normal,normal,off,True,False
1779496389.297558,1917,20.2913,1779496389.2772667,False,C2_video_normal,C2_video_normal,normal,off,True,False
1779496389.4077241,1918,29.851,1779496389.3778732,False,C2_video_normal,C2_video_normal,normal,off,True,False
1779496389.4954646,1919,16.6652,1779496389.4787993,False,C2_video_normal,C2_video_normal,normal,off,True,False
1779496389.5912828,1920,12.2621,1779496389.5790207,False,C2_video_normal,C2_video_normal,normal,off,True,False
1779496389.6855412,1921,5.9478,1779496389.6795933,False,C2_video_normal,C2_video_normal,normal,off,True,False
1779496389.8383553,1922,58.0854,1779496389.7802699,False,C2_video_normal,C2_video_normal,normal,off,True,False
1779496389.9217503,1923,40.6208,1779496389.8811295,False,C2_video_normal,C2_video_normal,normal,off,True,False
1779496390.0087392,1924,26.37,1779496389.9823692,False,C2_video_normal,C2_video_normal,normal,off,True,False
1779496390.0998752,1925,17.0758,1779496390.0827994,False,C2_video_normal,C2_video_normal,normal,off,True,False
1779496390.245724,1926,62.5854,1779496390.1831386,False,C2_video_normal,C2_video_normal,normal,off,True,False
1779496390.3287401,1927,45.3951,1779496390.283345,False,C2_video_normal,C2_video_normal,normal,off,True,False
1779496390.4124568,1928,28.6245,1779496390.3838322,False,C2_video_normal,C2_video_normal,normal,off,True,False
1779496390.4983988,1929,14.0529,1779496390.484346,False,C2_video_normal,C2_video_normal,normal,off,True,False
1779496390.597109,1930,11.9467,1779496390.5851624,False,C2_video_normal,C2_video_normal,normal,off,True,False
1779496390.704314,1931,18.6765,1779496390.6856375,False,C2_video_normal,C2_video_normal,normal,off,True,False
1779496390.7980735,1932,11.7648,1779496390.7863088,False,C2_video_normal,C2_video_normal,normal,off,True,False
1779496390.9067478,1933,20.2169,1779496390.8865309,False,C2_video_normal,C2_video_normal,normal,off,True,False
1779496390.996707,1934,9.48,1779496390.987227,False,C2_video_normal,C2_video_normal,normal,off,True,False
1779496391.1047559,1935,17.3891,1779496391.0873668,False,C2_video_normal,C2_video_normal,normal,off,True,False
1779496391.2089643,1936,21.3265,1779496391.1876378,False,C2_video_normal,C2_video_normal,normal,off,True,False
1779496391.308291,1937,20.3147,1779496391.2879763,False,C2_video_normal,C2_video_normal,normal,off,True,False
1779496391.4015357,1938,12.9917,1779496391.388544,False,C2_video_normal,C2_video_normal,normal,off,True,False
1779496391.4949207,1939,5.5928,1779496391.489328,False,C2_video_normal,C2_video_normal,normal,off,True,False
1779496391.6058676,1940,16.2804,1779496391.5895872,False,C2_video_normal,C2_video_normal,normal,off,True,False
1779496391.6996763,1941,9.4357,1779496391.6902406,False,C2_video_normal,C2_video_normal,normal,off,True,False
1779496391.805216,1942,14.3828,1779496391.7908332,False,C2_video_normal,C2_video_normal,normal,off,True,False
1779496391.9004915,1943,8.8224,1779496391.891669,False,C2_video_normal,C2_video_normal,normal,off,True,False
1779496392.006015,1944,14.1323,1779496391.9918828,False,C2_video_normal,C2_video_normal,normal,off,True,False
1779496392.1018655,1945,9.8782,1779496392.0919874,False,C2_video_normal,C2_video_normal,normal,off,True,False
1779496392.2112005,1946,18.8432,1779496392.1923573,False,C2_video_normal,C2_video_normal,normal,off,True,False
1779496392.3042862,1947,11.6541,1779496392.292632,False,C2_video_normal,C2_video_normal,normal,off,True,False
1779496392.4735699,1948,80.4465,1779496392.3931234,False,C2_video_normal,C2_video_normal,normal,off,True,False
1779496392.5027487,1949,9.0268,1779496392.493722,False,C2_video_normal,C2_video_normal,normal,off,True,False
1779496392.6138391,1950,19.6693,1779496392.5941699,False,C2_video_normal,C2_video_normal,normal,off,True,False
1779496392.7068403,1951,11.6758,1779496392.6951644,False,C2_video_normal,C2_video_normal,normal,off,True,False
1779496392.8621728,1952,66.7086,1779496392.7954643,False,C2_video_normal,C2_video_normal,normal,off,True,False
1779496392.909411,1953,13.253,1779496392.896158,False,C2_video_normal,C2_video_normal,normal,off,True,False
1779496393.0034397,1954,6.7501,1779496392.9966896,False,C2_video_normal,C2_video_normal,normal,off,True,False
1779496393.1148884,1955,17.8537,1779496393.0970347,False,C2_video_normal,C2_video_normal,normal,off,True,False
1779496393.2091107,1956,11.6479,1779496393.1974628,False,C2_video_normal,C2_video_normal,normal,off,True,False
1779496393.3204296,1957,22.8312,1779496393.2975984,False,C2_video_normal,C2_video_normal,normal,off,True,False
1779496393.4096174,1958,11.2376,1779496393.3983798,False,C2_video_normal,C2_video_normal,normal,off,True,False
1779496393.503907,1959,5.1122,1779496393.4987948,False,C2_video_normal,C2_video_normal,normal,off,True,False
1779496393.6148307,1960,15.8734,1779496393.5989573,False,C2_video_normal,C2_video_normal,normal,off,True,False
1779496393.7059195,1961,6.175,1779496393.6997445,False,C2_video_normal,C2_video_normal,normal,off,True,False
1779496393.8130512,1962,12.7532,1779496393.800298,False,C2_video_normal,C2_video_normal,normal,off,True,False
1779496393.906774,1963,6.3558,1779496393.9004183,False,C2_video_normal,C2_video_normal,normal,off,True,False
1779496394.0142539,1964,13.5562,1779496394.0006976,False,C2_video_normal,C2_video_normal,normal,off,True,False
1779496394.1079266,1965,7.0207,1779496394.100906,False,C2_video_normal,C2_video_normal,normal,off,True,False
1779496394.215883,1966,14.421,1779496394.201462,False,C2_video_normal,C2_video_normal,normal,off,True,False
1779496394.308689,1967,7.0996,1779496394.3015895,False,C2_video_normal,C2_video_normal,normal,off,True,False
1779496394.415405,1968,13.2346,1779496394.4021704,False,C2_video_normal,C2_video_normal,normal,off,True,False
1779496394.5250723,1969,22.5742,1779496394.5024981,False,C2_video_normal,C2_video_normal,normal,off,True,False
1779496394.61532,1970,11.9061,1779496394.6034138,False,C2_video_normal,C2_video_normal,normal,off,True,False
1779496394.7121687,1971,8.364,1779496394.7038047,False,C2_video_normal,C2_video_normal,normal,off,True,False
1779496394.818042,1972,13.7515,1779496394.8042905,False,C2_video_normal,C2_video_normal,normal,off,True,False
1779496394.9108927,1973,5.9769,1779496394.9049158,False,C2_video_normal,C2_video_normal,normal,off,True,False
1779496395.060951,1974,55.7611,1779496395.00519,False,C2_video_normal,C2_video_normal,normal,off,True,False
1779496395.1455944,1975,39.9001,1779496395.1056943,False,C2_video_normal,C2_video_normal,normal,off,True,False
1779496395.231883,1976,25.5616,1779496395.2063215,False,C2_video_normal,C2_video_normal,normal,off,True,False
1779496395.322966,1977,15.6565,1779496395.3073096,False,C2_video_normal,C2_video_normal,normal,off,True,False
1779496395.424766,1978,16.7849,1779496395.4079812,False,C2_video_normal,C2_video_normal,normal,off,True,False
1779496395.5185385,1979,9.6428,1779496395.5088956,False,C2_video_normal,C2_video_normal,normal,off,True,False
1779496395.6728206,1980,63.3705,1779496395.60945,False,C2_video_normal,C2_video_normal,normal,off,True,False
1779496395.7589614,1981,49.2718,1779496395.7096896,False,C2_video_normal,C2_video_normal,normal,off,True,False
1779496395.8421044,1982,31.7674,1779496395.810337,False,C2_video_normal,C2_video_normal,normal,off,True,False
1779496395.927315,1983,15.9705,1779496395.9113445,False,C2_video_normal,C2_video_normal,normal,off,True,False
1779496396.0187387,1984,6.6798,1779496396.012059,False,C2_video_normal,C2_video_normal,normal,off,True,False
1779496396.1261494,1985,13.5448,1779496396.1126046,False,C2_video_normal,C2_video_normal,normal,off,True,False
1779496396.220097,1986,7.4039,1779496396.2126932,False,C2_video_normal,C2_video_normal,normal,off,True,False
1779496396.336155,1987,22.5742,1779496396.3135808,False,C2_video_normal,C2_video_normal,normal,off,True,False
1779496396.4226909,1988,8.5623,1779496396.4141285,False,C2_video_normal,C2_video_normal,normal,off,True,False
1779496396.531885,1989,17.4673,1779496396.5144176,False,C2_video_normal,C2_video_normal,normal,off,True,False
1779496396.627647,1990,12.8431,1779496396.6148038,False,C2_video_normal,C2_video_normal,normal,off,True,False
1779496396.7320497,1991,16.7623,1779496396.7152874,False,C2_video_normal,C2_video_normal,normal,off,True,False
1779496396.8270452,1992,11.6138,1779496396.8154314,False,C2_video_normal,C2_video_normal,normal,off,True,False
1779496396.9388585,1993,22.8293,1779496396.9160292,False,C2_video_normal,C2_video_normal,normal,off,True,False
1779496397.0272255,1994,10.452,1779496397.0167735,False,C2_video_normal,C2_video_normal,normal,off,True,False
1779496397.135229,1995,18.2414,1779496397.1169877,False,C2_video_normal,C2_video_normal,normal,off,True,False
1779496397.231217,1996,13.782,1779496397.217435,False,C2_video_normal,C2_video_normal,normal,off,True,False
1779496397.3365119,1997,18.5008,1779496397.318011,False,C2_video_normal,C2_video_normal,normal,off,True,False
1779496397.4289992,1998,10.4895,1779496397.4185097,False,C2_video_normal,C2_video_normal,normal,off,True,False
1779496397.5415645,1999,22.1562,1779496397.5194082,False,C2_video_normal,C2_video_normal,normal,off,True,False
1779496397.6335495,2000,13.7758,1779496397.6197736,False,C2_video_normal,C2_video_normal,normal,off,True,False
1779496397.7243383,2001,4.0562,1779496397.720282,False,C2_video_normal,C2_video_normal,normal,off,True,False
1779496397.834676,2002,14.3015,1779496397.8203745,False,C2_video_normal,C2_video_normal,normal,off,True,False
1779496397.9435978,2003,22.6562,1779496397.9209416,False,C2_video_normal,C2_video_normal,normal,off,True,False
1779496398.0341682,2004,12.6243,1779496398.021544,False,C2_video_normal,C2_video_normal,normal,off,True,False
1779496398.1421697,2005,20.3428,1779496398.121827,False,C2_video_normal,C2_video_normal,normal,off,True,False
1779496398.2358959,2006,13.8535,1779496398.2220423,False,C2_video_normal,C2_video_normal,normal,off,True,False
1779496398.3302,2007,7.9882,1779496398.3222117,False,C2_video_normal,C2_video_normal,normal,off,True,False
1779496398.4359078,2008,13.3994,1779496398.4225085,False,C2_video_normal,C2_video_normal,normal,off,True,False
1779496398.5301917,2009,7.3135,1779496398.5228782,False,C2_video_normal,C2_video_normal,normal,off,True,False
1779496398.6485178,2010,25.2028,1779496398.623315,False,C2_video_normal,C2_video_normal,normal,off,True,False
1779496398.729632,2011,6.0692,1779496398.7235627,False,C2_video_normal,C2_video_normal,normal,off,True,False
1779496398.838518,2012,14.518,1779496398.824,False,C2_video_normal,C2_video_normal,normal,off,True,False
1779496398.9327412,2013,8.497,1779496398.9242442,False,C2_video_normal,C2_video_normal,normal,off,True,False
1779496399.0418732,2014,17.2064,1779496399.0246668,False,C2_video_normal,C2_video_normal,normal,off,True,False
1779496399.1350825,2015,10.0865,1779496399.124996,False,C2_video_normal,C2_video_normal,normal,off,True,False
1779496399.24133,2016,15.8689,1779496399.225461,False,C2_video_normal,C2_video_normal,normal,off,True,False
1779496399.3374777,2017,11.2128,1779496399.3262649,False,C2_video_normal,C2_video_normal,normal,off,True,False
1779496399.4491875,2018,22.4273,1779496399.4267602,False,C2_video_normal,C2_video_normal,normal,off,True,False
1779496399.5425787,2019,15.2142,1779496399.5273645,False,C2_video_normal,C2_video_normal,normal,off,True,False
1779496399.6341405,2020,6.0756,1779496399.6280649,False,C2_video_normal,C2_video_normal,normal,off,True,False
1779496399.7445493,2021,16.1777,1779496399.7283716,False,C2_video_normal,C2_video_normal,normal,off,True,False
1779496399.8367262,2022,7.7865,1779496399.8289397,False,C2_video_normal,C2_video_normal,normal,off,True,False
1779496399.9435327,2023,14.1687,1779496399.929364,False,C2_video_normal,C2_video_normal,normal,off,True,False
1779496400.0405965,2024,10.7868,1779496400.0298097,False,C2_video_normal,C2_video_normal,normal,off,True,False
1779496400.1508238,2025,20.844,1779496400.1299798,False,C2_video_normal,C2_video_normal,normal,off,True,False
1779496400.2401462,2026,9.7022,1779496400.230444,False,C2_video_normal,C2_video_normal,normal,off,True,False
1779496400.384067,2027,52.938,1779496400.331129,False,C2_video_normal,C2_video_normal,normal,off,True,False
1779496400.4847453,2028,53.3931,1779496400.4313521,False,C2_video_normal,C2_video_normal,normal,off,True,False
1779496400.573808,2029,42.1622,1779496400.5316458,False,C2_video_normal,C2_video_normal,normal,off,True,False
1779496400.6593976,2030,27.3011,1779496400.6320965,False,C2_video_normal,C2_video_normal,normal,off,True,False
1779496400.749728,2031,16.5918,1779496400.7331362,False,C2_video_normal,C2_video_normal,normal,off,True,False
1779496400.842351,2032,8.5585,1779496400.8337924,False,C2_video_normal,C2_video_normal,normal,off,True,False
1779496400.9510849,2033,16.7632,1779496400.9343216,False,C2_video_normal,C2_video_normal,normal,off,True,False
1779496401.048209,2034,12.9142,1779496401.0352948,False,C2_video_normal,C2_video_normal,normal,off,True,False
1779496401.1528325,2035,17.1659,1779496401.1356666,False,C2_video_normal,C2_video_normal,normal,off,True,False
1779496401.2464893,2036,10.3071,1779496401.2361822,False,C2_video_normal,C2_video_normal,normal,off,True,False
1779496401.353693,2037,16.9449,1779496401.3367481,False,C2_video_normal,C2_video_normal,normal,off,True,False
1779496401.446651,2038,9.1219,1779496401.437529,False,C2_video_normal,C2_video_normal,normal,off,True,False
1779496401.5582411,2039,20.4828,1779496401.5377584,False,C2_video_normal,C2_video_normal,normal,off,True,False
1779496401.649086,2040,10.797,1779496401.638289,False,C2_video_normal,C2_video_normal,normal,off,True,False
1779496401.7588847,2041,19.7637,1779496401.739121,False,C2_video_normal,C2_video_normal,normal,off,True,False
1779496401.8518674,2042,12.0089,1779496401.8398585,False,C2_video_normal,C2_video_normal,normal,off,True,False
1779496401.944824,2043,4.1435,1779496401.9406805,False,C2_video_normal,C2_video_normal,normal,off,True,False
1779496402.0527964,2044,11.6656,1779496402.0411308,False,C2_video_normal,C2_video_normal,normal,off,True,False
1779496402.1478322,2045,6.1402,1779496402.141692,False,C2_video_normal,C2_video_normal,normal,off,True,False
1779496402.2560318,2046,13.7777,1779496402.242254,False,C2_video_normal,C2_video_normal,normal,off,True,False
1779496402.350244,2047,7.6661,1779496402.342578,False,C2_video_normal,C2_video_normal,normal,off,True,False
1779496402.4581244,2048,14.904,1779496402.4432204,False,C2_video_normal,C2_video_normal,normal,off,True,False
1779496402.5522354,2049,8.0044,1779496402.544231,False,C2_video_normal,C2_video_normal,normal,off,True,False
1779496402.6618593,2050,16.6702,1779496402.645189,False,C2_video_normal,C2_video_normal,normal,off,True,False
1779496402.7548926,2051,9.2885,1779496402.745604,False,C2_video_normal,C2_video_normal,normal,off,True,False
1779496402.865781,2052,19.3255,1779496402.8464556,False,C2_video_normal,C2_video_normal,normal,off,True,False
1779496402.9928887,2053,45.8305,1779496402.9470582,False,C2_video_normal,C2_video_normal,normal,off,True,False
1779496403.0674112,2054,19.9347,1779496403.0474765,False,C2_video_normal,C2_video_normal,normal,off,True,False
1779496403.19759,2055,49.542,1779496403.1480482,False,C2_video_normal,C2_video_normal,normal,off,True,False
1779496403.2728086,2056,24.2028,1779496403.2486057,False,C2_video_normal,C2_video_normal,normal,off,True,False
1779496403.3585463,2057,9.4492,1779496403.349097,False,C2_video_normal,C2_video_normal,normal,off,True,False
1779496403.4772134,2058,27.8621,1779496403.4493513,False,C2_video_normal,C2_video_normal,normal,off,True,False
1779496403.5673046,2059,17.2818,1779496403.5500228,False,C2_video_normal,C2_video_normal,normal,off,True,False
1779496403.670411,2060,19.6869,1779496403.6507242,False,C2_video_normal,C2_video_normal,normal,off,True,False
1779496403.763199,2061,11.915,1779496403.7512841,False,C2_video_normal,C2_video_normal,normal,off,True,False
1779496403.8674235,2062,15.7907,1779496403.8516328,False,C2_video_normal,C2_video_normal,normal,off,True,False
1779496403.988732,2063,36.6533,1779496403.9520788,False,C2_video_normal,C2_video_normal,normal,off,True,False
1779496404.0730393,2064,20.0188,1779496404.0530205,False,C2_video_normal,C2_video_normal,normal,off,True,False
1779496404.1635761,2065,9.6362,1779496404.15394,False,C2_video_normal,C2_video_normal,normal,off,True,False
1779496404.2723377,2066,17.9515,1779496404.2543862,False,C2_video_normal,C2_video_normal,normal,off,True,False
1779496404.3618934,2067,7.1025,1779496404.354791,False,C2_video_normal,C2_video_normal,normal,off,True,False
1779496404.4703777,2068,14.8692,1779496404.4555085,False,C2_video_normal,C2_video_normal,normal,off,True,False
1779496404.579144,2069,22.7005,1779496404.5564435,False,C2_video_normal,C2_video_normal,normal,off,True,False
1779496404.6730547,2070,16.0007,1779496404.657054,False,C2_video_normal,C2_video_normal,normal,off,True,False
1779496404.8156457,2071,57.7714,1779496404.7578743,False,C2_video_normal,C2_video_normal,normal,off,True,False
1779496404.908547,2072,50.0524,1779496404.8584945,False,C2_video_normal,C2_video_normal,normal,off,True,False
1779496404.9922075,2073,33.1302,1779496404.9590774,False,C2_video_normal,C2_video_normal,normal,off,True,False
1779496405.0862129,2074,26.4773,1779496405.0597355,False,C2_video_normal,C2_video_normal,normal,off,True,False
1779496405.2156403,2075,55.4199,1779496405.1602204,False,C2_video_normal,C2_video_normal,normal,off,True,False
1779496405.299651,2076,38.9726,1779496405.2606783,False,C2_video_normal,C2_video_normal,normal,off,True,False
1779496405.3944182,2077,33.392,1779496405.3610263,False,C2_video_normal,C2_video_normal,normal,off,True,False
1779496405.4724586,2078,10.8774,1779496405.4615812,False,C2_video_normal,C2_video_normal,normal,off,True,False
1779496405.580103,2079,18.1744,1779496405.5619285,False,C2_video_normal,C2_video_normal,normal,off,True,False
1779496405.6735625,2080,11.308,1779496405.6622546,False,C2_video_normal,C2_video_normal,normal,off,True,False
1779496405.7669291,2081,4.5714,1779496405.7623577,False,C2_video_normal,C2_video_normal,normal,off,True,False
1779496405.8782458,2082,15.5265,1779496405.8627193,False,C2_video_normal,C2_video_normal,normal,off,True,False
1779496406.0076597,2083,44.3783,1779496405.9632814,False,C2_video_normal,C2_video_normal,normal,off,True,False
1779496406.0919478,2084,28.4696,1779496406.0634782,False,C2_video_normal,C2_video_normal,normal,off,True,False
1779496406.1816807,2085,17.6201,1779496406.1640606,False,C2_video_normal,C2_video_normal,normal,off,True,False
1779496406.2881656,2086,23.231,1779496406.2649345,False,C2_video_normal,C2_video_normal,normal,off,True,False
1779496406.378107,2087,12.5875,1779496406.3655195,False,C2_video_normal,C2_video_normal,normal,off,True,False
1779496406.508154,2088,42.4135,1779496406.4657404,False,C2_video_normal,C2_video_normal,normal,off,True,False
1779496406.5946062,2089,28.2435,1779496406.5663626,False,C2_video_normal,C2_video_normal,normal,off,True,False
1779496406.6812782,2090,14.5745,1779496406.6667037,False,C2_video_normal,C2_video_normal,normal,off,True,False
1779496406.7835584,2091,16.2184,1779496406.76734,False,C2_video_normal,C2_video_normal,normal,off,True,False
1779496406.8762527,2092,8.4963,1779496406.8677564,False,C2_video_normal,C2_video_normal,normal,off,True,False
1779496407.0073426,2093,38.9261,1779496406.9684165,False,C2_video_normal,C2_video_normal,normal,off,True,False
1779496407.0933056,2094,24.3547,1779496407.068951,False,C2_video_normal,C2_video_normal,normal,off,True,False
1779496407.189183,2095,19.814,1779496407.169369,False,C2_video_normal,C2_video_normal,normal,off,True,False
1779496407.2803926,2096,10.3145,1779496407.2700782,False,C2_video_normal,C2_video_normal,normal,off,True,False
1779496407.388368,2097,17.8654,1779496407.3705025,False,C2_video_normal,C2_video_normal,normal,off,True,False
1779496407.4823596,2098,11.6446,1779496407.470715,False,C2_video_normal,C2_video_normal,normal,off,True,False
1779496407.589901,2099,18.5072,1779496407.5713937,False,C2_video_normal,C2_video_normal,normal,off,True,False
1779496407.684752,2100,12.9163,1779496407.6718357,False,C2_video_normal,C2_video_normal,normal,off,True,False
1779496407.7904654,2101,18.2421,1779496407.7722232,False,C2_video_normal,C2_video_normal,normal,off,True,False
1779496407.8849828,2102,12.3894,1779496407.8725934,False,C2_video_normal,C2_video_normal,normal,off,True,False
1779496408.028038,2103,54.8141,1779496407.973224,False,C2_video_normal,C2_video_normal,normal,off,True,False
1779496408.1144636,2104,40.9126,1779496408.073551,False,C2_video_normal,C2_video_normal,normal,off,True,False
1779496408.1880388,2105,13.8495,1779496408.1741893,False,C2_video_normal,C2_video_normal,normal,off,True,False
1779496408.289897,2106,15.4383,1779496408.2744586,False,C2_video_normal,C2_video_normal,normal,off,True,False
1779496408.38301,2107,8.0628,1779496408.374947,False,C2_video_normal,C2_video_normal,normal,off,True,False
1779496408.511412,2108,36.2918,1779496408.47512,False,C2_video_normal,C2_video_normal,normal,off,True,False
1779496408.5973742,2109,21.6618,1779496408.5757124,False,C2_video_normal,C2_video_normal,normal,off,True,False
1779496408.689997,2110,13.8803,1779496408.6761167,False,C2_video_normal,C2_video_normal,normal,off,True,False
1779496408.7851322,2111,8.6696,1779496408.7764626,False,C2_video_normal,C2_video_normal,normal,off,True,False
1779496408.8951938,2112,18.1093,1779496408.8770845,False,C2_video_normal,C2_video_normal,normal,off,True,False
1779496408.9868941,2113,9.619,1779496408.9772751,False,C2_video_normal,C2_video_normal,normal,off,True,False
1779496409.097512,2114,19.8359,1779496409.077676,False,C2_video_normal,C2_video_normal,normal,off,True,False
1779496409.1883948,2115,10.3173,1779496409.1780775,False,C2_video_normal,C2_video_normal,normal,off,True,False
1779496409.2986963,2116,19.6893,1779496409.279007,False,C2_video_normal,C2_video_normal,normal,off,True,False
1779496409.3913035,2117,11.8289,1779496409.3794746,False,C2_video_normal,C2_video_normal,normal,off,True,False
1779496409.5282266,2118,48.3172,1779496409.4799094,False,C2_video_normal,C2_video_normal,normal,off,True,False
1779496409.595726,2119,15.6198,1779496409.5801063,False,C2_video_normal,C2_video_normal,normal,off,True,False
1779496409.688162,2120,7.3895,1779496409.6807725,False,C2_video_normal,C2_video_normal,normal,off,True,False
1779496409.7986326,2121,17.4396,1779496409.781193,False,C2_video_normal,C2_video_normal,normal,off,True,False
1779496409.8932955,2122,11.4198,1779496409.8818758,False,C2_video_normal,C2_video_normal,normal,off,True,False
1779496410.009821,2123,27.7808,1779496409.9820402,False,C2_video_normal,C2_video_normal,normal,off,True,False
1779496410.0913384,2124,8.7161,1779496410.0826223,False,C2_video_normal,C2_video_normal,normal,off,True,False
1779496410.2055557,2125,22.0795,1779496410.1834762,False,C2_video_normal,C2_video_normal,normal,off,True,False
1779496410.2973924,2126,13.6414,1779496410.283751,False,C2_video_normal,C2_video_normal,normal,off,True,False
1779496410.403518,2127,18.8882,1779496410.3846297,False,C2_video_normal,C2_video_normal,normal,off,True,False
1779496410.4996853,2128,14.7066,1779496410.4849787,False,C2_video_normal,C2_video_normal,normal,off,True,False
1779496410.5939918,2129,8.4882,1779496410.5855036,False,C2_video_normal,C2_video_normal,normal,off,True,False
1779496410.7030075,2130,17.3366,1779496410.6856709,False,C2_video_normal,C2_video_normal,normal,off,True,False
1779496410.7945201,2131,8.517,1779496410.786003,False,C2_video_normal,C2_video_normal,normal,off,True,False
1779496410.9044101,2132,18.0566,1779496410.8863535,False,C2_video_normal,C2_video_normal,normal,off,True,False
1779496410.9956975,2133,9.2108,1779496410.9864867,False,C2_video_normal,C2_video_normal,normal,off,True,False
1779496411.104081,2134,17.0376,1779496411.0870433,False,C2_video_normal,C2_video_normal,normal,off,True,False
1779496411.1979017,2135,10.5002,1779496411.1874015,False,C2_video_normal,C2_video_normal,normal,off,True,False
1779496411.3054676,2136,17.7341,1779496411.2877336,False,C2_video_normal,C2_video_normal,normal,off,True,False
1779496411.4082859,2137,20.1151,1779496411.3881707,False,C2_video_normal,C2_video_normal,normal,off,True,False
1779496411.564978,2138,76.5641,1779496411.4884138,False,C2_video_normal,C2_video_normal,normal,off,True,False
1779496411.668347,2139,79.4635,1779496411.5888834,False,C2_video_normal,C2_video_normal,normal,off,True,False
1779496411.7009797,2140,11.6067,1779496411.689373,False,C2_video_normal,C2_video_normal,normal,off,True,False
1779496411.8741777,2141,84.4173,1779496411.7897604,False,C2_video_normal,C2_video_normal,normal,off,True,False
1779496411.9036944,2142,13.7918,1779496411.8899026,False,C2_video_normal,C2_video_normal,normal,off,True,False
1779496411.9952362,2143,4.8528,1779496411.9903834,False,C2_video_normal,C2_video_normal,normal,off,True,False
1779496412.1038523,2144,12.8932,1779496412.090959,False,C2_video_normal,C2_video_normal,normal,off,True,False
1779496412.196818,2145,5.425,1779496412.1913931,False,C2_video_normal,C2_video_normal,normal,off,True,False
1779496412.3074114,2146,15.1889,1779496412.2922225,False,C2_video_normal,C2_video_normal,normal,off,True,False
1779496412.4005382,2147,7.7474,1779496412.3927908,False,C2_video_normal,C2_video_normal,normal,off,True,False
1779496412.5156536,2148,22.4545,1779496412.493199,False,C2_video_normal,C2_video_normal,normal,off,True,False
1779496412.6049478,2149,10.9546,1779496412.5939932,False,C2_video_normal,C2_video_normal,normal,off,True,False
1779496412.7130551,2150,18.1549,1779496412.6949003,False,C2_video_normal,C2_video_normal,normal,off,True,False
1779496412.804651,2151,8.9798,1779496412.7956712,False,C2_video_normal,C2_video_normal,normal,off,True,False
1779496412.9079006,2152,12.0516,1779496412.895849,False,C2_video_normal,C2_video_normal,normal,off,True,False
1779496413.006573,2153,10.2687,1779496412.9963043,False,C2_video_normal,C2_video_normal,normal,off,True,False
1779496413.1162174,2154,19.1898,1779496413.0970275,False,C2_video_normal,C2_video_normal,normal,off,True,False
1779496413.209627,2155,11.5852,1779496413.1980417,False,C2_video_normal,C2_video_normal,normal,off,True,False
1779496413.3066802,2156,8.0321,1779496413.298648,False,C2_video_normal,C2_video_normal,normal,off,True,False
1779496413.4055343,2157,6.4762,1779496413.399058,False,C2_video_normal,C2_video_normal,normal,off,True,False
1779496413.5116966,2158,11.9619,1779496413.4997346,False,C2_video_normal,C2_video_normal,normal,off,True,False
1779496413.6188097,2159,18.3933,1779496413.6004164,False,C2_video_normal,C2_video_normal,normal,off,True,False
1779496413.7104204,2160,9.7628,1779496413.7006576,False,C2_video_normal,C2_video_normal,normal,off,True,False
1779496413.8212597,2161,19.3996,1779496413.80186,False,C2_video_normal,C2_video_normal,normal,off,True,False
1779496413.9092836,2162,6.7694,1779496413.9025142,False,C2_video_normal,C2_video_normal,normal,off,True,False
1779496414.0084774,2163,5.5869,1779496414.0028906,False,C2_video_normal,C2_video_normal,normal,off,True,False
1779496414.1171074,2164,13.6325,1779496414.1034749,False,C2_video_normal,C2_video_normal,normal,off,True,False
1779496414.2241971,2165,20.3373,1779496414.2038598,False,C2_video_normal,C2_video_normal,normal,off,True,False
1779496414.316228,2166,11.7009,1779496414.304527,False,C2_video_normal,C2_video_normal,normal,off,True,False
1779496414.4103212,2167,4.9045,1779496414.4054167,False,C2_video_normal,C2_video_normal,normal,off,True,False
1779496414.5210927,2168,15.1939,1779496414.5058987,False,C2_video_normal,C2_video_normal,normal,off,True,False
1779496414.6146724,2169,8.3315,1779496414.606341,False,C2_video_normal,C2_video_normal,normal,off,True,False
1779496414.725221,2170,18.2405,1779496414.7069805,False,C2_video_normal,C2_video_normal,normal,off,True,False
1779496414.8153405,2171,7.9291,1779496414.8074114,False,C2_video_normal,C2_video_normal,normal,off,True,False
1779496414.9279625,2172,20.0312,1779496414.9079313,False,C2_video_normal,C2_video_normal,normal,off,True,False
1779496415.01898,2173,10.4728,1779496415.0085073,False,C2_video_normal,C2_video_normal,normal,off,True,False
1779496415.1304305,2174,21.7233,1779496415.1087072,False,C2_video_normal,C2_video_normal,normal,off,True,False
1779496415.221375,2175,11.7109,1779496415.209664,False,C2_video_normal,C2_video_normal,normal,off,True,False
1779496415.3443134,2176,34.4894,1779496415.309824,False,C2_video_normal,C2_video_normal,normal,off,True,False
1779496415.4255838,2177,14.9651,1779496415.4106188,False,C2_video_normal,C2_video_normal,normal,off,True,False
1779496415.52947,2178,18.3201,1779496415.51115,False,C2_video_normal,C2_video_normal,normal,off,True,False
1779496415.6201296,2179,8.4686,1779496415.611661,False,C2_video_normal,C2_video_normal,normal,off,True,False
1779496415.7317128,2180,19.5644,1779496415.7121484,False,C2_video_normal,C2_video_normal,normal,off,True,False
1779496415.8191595,2181,6.2201,1779496415.8129394,False,C2_video_normal,C2_video_normal,normal,off,True,False
1779496415.9313188,2182,17.6847,1779496415.913634,False,C2_video_normal,C2_video_normal,normal,off,True,False
1779496416.0222185,2183,7.9539,1779496416.0142646,False,C2_video_normal,C2_video_normal,normal,off,True,False
1779496416.129555,2184,15.1381,1779496416.1144168,False,C2_video_normal,C2_video_normal,normal,off,True,False
1779496416.222337,2185,7.0698,1779496416.2152672,False,C2_video_normal,C2_video_normal,normal,off,True,False
1779496416.3341005,2186,17.9873,1779496416.3161132,False,C2_video_normal,C2_video_normal,normal,off,True,False
1779496416.4265113,2187,9.7477,1779496416.4167635,False,C2_video_normal,C2_video_normal,normal,off,True,False
1779496416.5335145,2188,16.221,1779496416.5172935,False,C2_video_normal,C2_video_normal,normal,off,True,False
1779496416.6275043,2189,9.4616,1779496416.6180427,False,C2_video_normal,C2_video_normal,normal,off,True,False
1779496416.7273486,2190,8.3992,1779496416.7189493,False,C2_video_normal,C2_video_normal,normal,off,True,False
1779496416.8316338,2191,11.5592,1779496416.8200746,False,C2_video_normal,C2_video_normal,normal,off,True,False
1779496416.9267612,2192,6.3336,1779496416.9204276,False,C2_video_normal,C2_video_normal,normal,off,True,False
1779496417.0744364,2193,53.4904,1779496417.020946,False,C2_video_normal,C2_video_normal,normal,off,True,False
1779496417.1597097,2194,38.5671,1779496417.1211426,False,C2_video_normal,C2_video_normal,normal,off,True,False
1779496417.2461677,2195,24.6205,1779496417.2215471,False,C2_video_normal,C2_video_normal,normal,off,True,False
1779496417.3308291,2196,8.8742,1779496417.321955,False,C2_video_normal,C2_video_normal,normal,off,True,False
1779496417.4366276,2197,13.9852,1779496417.4226425,False,C2_video_normal,C2_video_normal,normal,off,True,False
1779496417.5314975,2198,8.1961,1779496417.5233014,False,C2_video_normal,C2_video_normal,normal,off,True,False
1779496417.6368277,2199,13.3915,1779496417.6234362,False,C2_video_normal,C2_video_normal,normal,off,True,False
1779496417.7282677,2200,4.3404,1779496417.7239273,False,C2_video_normal,C2_video_normal,normal,off,True,False
