unix_ts_recv,seq,rtt_ms,t_send_unix,warmup,test_id,condition,camera_mode,lidar_mode,video_enabled,lidar_enabled
1779496659.3851318,4401,72.0644,1779496659.3130674,True,C5_lidar_panorama,C5_lidar_panorama,off,panorama,False,True
1779496659.4679177,4402,53.5426,1779496659.414375,True,C5_lidar_panorama,C5_lidar_panorama,off,panorama,False,True
1779496659.5566704,4403,41.1844,1779496659.515486,True,C5_lidar_panorama,C5_lidar_panorama,off,panorama,False,True
1779496659.642742,4404,26.464,1779496659.616278,True,C5_lidar_panorama,C5_lidar_panorama,off,panorama,False,True
1779496659.7439365,4405,27.3378,1779496659.7165987,True,C5_lidar_panorama,C5_lidar_panorama,off,panorama,False,True
1779496659.8301282,4406,12.7964,1779496659.8173318,True,C5_lidar_panorama,C5_lidar_panorama,off,panorama,False,True
1779496659.94465,4407,26.8264,1779496659.9178236,True,C5_lidar_panorama,C5_lidar_panorama,off,panorama,False,True
1779496660.028001,4408,10.0114,1779496660.0179896,True,C5_lidar_panorama,C5_lidar_panorama,off,panorama,False,True
1779496660.1362016,4409,17.7333,1779496660.1184683,True,C5_lidar_panorama,C5_lidar_panorama,off,panorama,False,True
1779496660.2235835,4410,4.5323,1779496660.2190511,True,C5_lidar_panorama,C5_lidar_panorama,off,panorama,False,True
1779496660.3861187,4411,66.6041,1779496660.3195145,True,C5_lidar_panorama,C5_lidar_panorama,off,panorama,False,True
1779496660.4702554,4412,49.71,1779496660.4205453,True,C5_lidar_panorama,C5_lidar_panorama,off,panorama,False,True
1779496660.559787,4413,38.162,1779496660.521625,True,C5_lidar_panorama,C5_lidar_panorama,off,panorama,False,True
1779496660.6465013,4414,24.3015,1779496660.6221998,True,C5_lidar_panorama,C5_lidar_panorama,off,panorama,False,True
1779496660.7362454,4415,13.9217,1779496660.7223237,True,C5_lidar_panorama,C5_lidar_panorama,off,panorama,False,True
1779496660.8406518,4416,18.1577,1779496660.822494,True,C5_lidar_panorama,C5_lidar_panorama,off,panorama,False,True
1779496661.003561,4417,49.9523,1779496660.9536088,True,C5_lidar_panorama,C5_lidar_panorama,off,panorama,False,True
1779496661.0883813,4418,33.9494,1779496661.054432,True,C5_lidar_panorama,C5_lidar_panorama,off,panorama,False,True
1779496661.1726773,4419,17.9667,1779496661.1547105,True,C5_lidar_panorama,C5_lidar_panorama,off,panorama,False,True
1779496661.2648127,4420,9.4345,1779496661.2553782,True,C5_lidar_panorama,C5_lidar_panorama,off,panorama,False,True
1779496661.373223,4421,17.2133,1779496661.3560097,True,C5_lidar_panorama,C5_lidar_panorama,off,panorama,False,True
1779496661.4725707,4422,8.7545,1779496661.4638162,True,C5_lidar_panorama,C5_lidar_panorama,off,panorama,False,True
1779496661.574307,4423,9.7065,1779496661.5646005,True,C5_lidar_panorama,C5_lidar_panorama,off,panorama,False,True
1779496661.7340271,4424,68.7671,1779496661.66526,True,C5_lidar_panorama,C5_lidar_panorama,off,panorama,False,True
1779496661.8319645,4425,66.4697,1779496661.7654948,True,C5_lidar_panorama,C5_lidar_panorama,off,panorama,False,True
1779496661.9132693,4426,47.3967,1779496661.8658726,True,C5_lidar_panorama,C5_lidar_panorama,off,panorama,False,True
1779496661.999875,4427,33.1173,1779496661.9667578,True,C5_lidar_panorama,C5_lidar_panorama,off,panorama,False,True
1779496662.0847666,4428,17.3774,1779496662.0673892,True,C5_lidar_panorama,C5_lidar_panorama,off,panorama,False,True
1779496662.2046163,4429,36.4504,1779496662.168166,True,C5_lidar_panorama,C5_lidar_panorama,off,panorama,False,True
1779496662.327748,4430,59.0947,1779496662.2686534,True,C5_lidar_panorama,C5_lidar_panorama,off,panorama,False,True
1779496662.411111,4431,42.0566,1779496662.3690546,True,C5_lidar_panorama,C5_lidar_panorama,off,panorama,False,True
1779496662.5007813,4432,31.5783,1779496662.469203,True,C5_lidar_panorama,C5_lidar_panorama,off,panorama,False,True
1779496662.5793633,4433,9.635,1779496662.5697284,True,C5_lidar_panorama,C5_lidar_panorama,off,panorama,False,True
1779496662.712291,4434,41.8253,1779496662.6704657,True,C5_lidar_panorama,C5_lidar_panorama,off,panorama,False,True
1779496662.8054698,4435,34.5218,1779496662.770948,True,C5_lidar_panorama,C5_lidar_panorama,off,panorama,False,True
1779496662.8895288,4436,18.374,1779496662.8711548,True,C5_lidar_panorama,C5_lidar_panorama,off,panorama,False,True
1779496662.9922233,4437,20.1359,1779496662.9720874,True,C5_lidar_panorama,C5_lidar_panorama,off,panorama,False,True
1779496663.0873034,4438,14.6585,1779496663.072645,True,C5_lidar_panorama,C5_lidar_panorama,off,panorama,False,True
1779496663.2528565,4439,78.8651,1779496663.1739914,True,C5_lidar_panorama,C5_lidar_panorama,off,panorama,False,True
1779496663.3350472,4440,60.194,1779496663.2748532,True,C5_lidar_panorama,C5_lidar_panorama,off,panorama,False,True
1779496663.4313774,4441,56.1507,1779496663.3752267,True,C5_lidar_panorama,C5_lidar_panorama,off,panorama,False,True
1779496663.5175982,4442,41.2664,1779496663.4763317,True,C5_lidar_panorama,C5_lidar_panorama,off,panorama,False,True
1779496663.6009817,4443,24.193,1779496663.5767887,True,C5_lidar_panorama,C5_lidar_panorama,off,panorama,False,True
1779496663.7106051,4444,33.1533,1779496663.6774518,True,C5_lidar_panorama,C5_lidar_panorama,off,panorama,False,True
1779496663.7973466,4445,19.5451,1779496663.7778015,True,C5_lidar_panorama,C5_lidar_panorama,off,panorama,False,True
1779496663.8887408,4446,10.0963,1779496663.8786445,True,C5_lidar_panorama,C5_lidar_panorama,off,panorama,False,True
1779496663.9970047,4447,17.8275,1779496663.9791772,True,C5_lidar_panorama,C5_lidar_panorama,off,panorama,False,True
1779496664.089738,4448,9.7656,1779496664.0799723,True,C5_lidar_panorama,C5_lidar_panorama,off,panorama,False,True
1779496664.2636456,4449,82.5012,1779496664.1811445,True,C5_lidar_panorama,C5_lidar_panorama,off,panorama,False,True
1779496664.2971878,4450,15.3265,1779496664.2818613,True,C5_lidar_panorama,C5_lidar_panorama,off,panorama,False,True
1779496664.4026701,4451,20.6554,1779496664.3820148,False,C5_lidar_panorama,C5_lidar_panorama,off,panorama,False,True
1779496664.4913952,4452,8.6427,1779496664.4827526,False,C5_lidar_panorama,C5_lidar_panorama,off,panorama,False,True
1779496664.5983555,4453,15.3372,1779496664.5830183,False,C5_lidar_panorama,C5_lidar_panorama,off,panorama,False,True
1779496664.7060232,4454,22.4822,1779496664.683541,False,C5_lidar_panorama,C5_lidar_panorama,off,panorama,False,True
1779496664.797646,4455,13.5756,1779496664.7840705,False,C5_lidar_panorama,C5_lidar_panorama,off,panorama,False,True
1779496664.8896322,4456,4.8268,1779496664.8848054,False,C5_lidar_panorama,C5_lidar_panorama,off,panorama,False,True
1779496665.0021844,4457,16.6349,1779496664.9855494,False,C5_lidar_panorama,C5_lidar_panorama,off,panorama,False,True
1779496665.094748,4458,8.333,1779496665.086415,False,C5_lidar_panorama,C5_lidar_panorama,off,panorama,False,True
1779496665.2593884,4459,72.7849,1779496665.1866035,False,C5_lidar_panorama,C5_lidar_panorama,off,panorama,False,True
1779496665.2962432,4460,9.1422,1779496665.287101,False,C5_lidar_panorama,C5_lidar_panorama,off,panorama,False,True
1779496665.4026113,4461,14.847,1779496665.3877642,False,C5_lidar_panorama,C5_lidar_panorama,off,panorama,False,True
1779496665.4962428,4462,8.1158,1779496665.488127,False,C5_lidar_panorama,C5_lidar_panorama,off,panorama,False,True
1779496665.6232512,4463,34.1938,1779496665.5890574,False,C5_lidar_panorama,C5_lidar_panorama,off,panorama,False,True
1779496665.719973,4464,30.6542,1779496665.689319,False,C5_lidar_panorama,C5_lidar_panorama,off,panorama,False,True
1779496665.8096964,4465,19.7785,1779496665.789918,False,C5_lidar_panorama,C5_lidar_panorama,off,panorama,False,True
1779496665.899246,4466,8.9886,1779496665.8902574,False,C5_lidar_panorama,C5_lidar_panorama,off,panorama,False,True
1779496666.0071008,4467,16.4697,1779496665.990631,False,C5_lidar_panorama,C5_lidar_panorama,off,panorama,False,True
1779496666.1007617,4468,9.3925,1779496666.0913692,False,C5_lidar_panorama,C5_lidar_panorama,off,panorama,False,True
1779496666.2663639,4469,74.7991,1779496666.1915648,False,C5_lidar_panorama,C5_lidar_panorama,off,panorama,False,True
1779496666.34309,4470,50.7152,1779496666.2923748,False,C5_lidar_panorama,C5_lidar_panorama,off,panorama,False,True
1779496666.4296267,4471,36.7701,1779496666.3928566,False,C5_lidar_panorama,C5_lidar_panorama,off,panorama,False,True
1779496666.5129633,4472,19.1793,1779496666.493784,False,C5_lidar_panorama,C5_lidar_panorama,off,panorama,False,True
1779496666.5990424,4473,4.5323,1779496666.59451,False,C5_lidar_panorama,C5_lidar_panorama,off,panorama,False,True
1779496666.755279,4474,60.2875,1779496666.6949916,False,C5_lidar_panorama,C5_lidar_panorama,off,panorama,False,True
1779496666.8381507,4475,42.5022,1779496666.7956486,False,C5_lidar_panorama,C5_lidar_panorama,off,panorama,False,True
1779496666.908001,4476,12.0602,1779496666.8959408,False,C5_lidar_panorama,C5_lidar_panorama,off,panorama,False,True
1779496667.0197823,4477,22.8851,1779496666.9968972,False,C5_lidar_panorama,C5_lidar_panorama,off,panorama,False,True
1779496667.1115668,4478,14.4422,1779496667.0971246,False,C5_lidar_panorama,C5_lidar_panorama,off,panorama,False,True
1779496667.2243228,4479,8.5263,1779496667.2157965,False,C5_lidar_panorama,C5_lidar_panorama,off,panorama,False,True
1779496667.3336742,4480,17.3051,1779496667.316369,False,C5_lidar_panorama,C5_lidar_panorama,off,panorama,False,True
1779496667.424703,4481,8.1062,1779496667.4165967,False,C5_lidar_panorama,C5_lidar_panorama,off,panorama,False,True
1779496667.5328612,4482,15.6426,1779496667.5172186,False,C5_lidar_panorama,C5_lidar_panorama,off,panorama,False,True
1779496667.6241527,4483,6.4499,1779496667.6177027,False,C5_lidar_panorama,C5_lidar_panorama,off,panorama,False,True
1779496667.7234933,4484,4.622,1779496667.7188714,False,C5_lidar_panorama,C5_lidar_panorama,off,panorama,False,True
1779496667.8420634,4485,21.7447,1779496667.8203187,False,C5_lidar_panorama,C5_lidar_panorama,off,panorama,False,True
1779496667.9344957,4486,13.608,1779496667.9208877,False,C5_lidar_panorama,C5_lidar_panorama,off,panorama,False,True
1779496668.0295339,4487,7.9663,1779496668.0215676,False,C5_lidar_panorama,C5_lidar_panorama,off,panorama,False,True
1779496668.1378605,4488,15.8033,1779496668.1220572,False,C5_lidar_panorama,C5_lidar_panorama,off,panorama,False,True
1779496668.2561076,4489,33.4609,1779496668.2226467,False,C5_lidar_panorama,C5_lidar_panorama,off,panorama,False,True
1779496668.3402467,4490,17.2479,1779496668.3229988,False,C5_lidar_panorama,C5_lidar_panorama,off,panorama,False,True
1779496668.44341,4491,20.1735,1779496668.4232364,False,C5_lidar_panorama,C5_lidar_panorama,off,panorama,False,True
1779496668.5355566,4492,11.4741,1779496668.5240824,False,C5_lidar_panorama,C5_lidar_panorama,off,panorama,False,True
1779496668.6313262,4493,6.5794,1779496668.6247468,False,C5_lidar_panorama,C5_lidar_panorama,off,panorama,False,True
1779496668.731671,4494,6.4313,1779496668.7252398,False,C5_lidar_panorama,C5_lidar_panorama,off,panorama,False,True
1779496668.8454537,4495,19.5553,1779496668.8258984,False,C5_lidar_panorama,C5_lidar_panorama,off,panorama,False,True
1779496668.935844,4496,9.0148,1779496668.926829,False,C5_lidar_panorama,C5_lidar_panorama,off,panorama,False,True
1779496669.0483804,4497,20.3726,1779496669.0280077,False,C5_lidar_panorama,C5_lidar_panorama,off,panorama,False,True
1779496669.144855,4498,16.2184,1779496669.1286366,False,C5_lidar_panorama,C5_lidar_panorama,off,panorama,False,True
1779496669.2481296,4499,18.6427,1779496669.229487,False,C5_lidar_panorama,C5_lidar_panorama,off,panorama,False,True
1779496669.3463652,4500,16.3183,1779496669.330047,False,C5_lidar_panorama,C5_lidar_panorama,off,panorama,False,True
1779496669.4730854,4501,42.3472,1779496669.4307382,False,C5_lidar_panorama,C5_lidar_panorama,off,panorama,False,True
1779496669.5424144,4502,10.8671,1779496669.5315473,False,C5_lidar_panorama,C5_lidar_panorama,off,panorama,False,True
1779496669.6507223,4503,18.2834,1779496669.632439,False,C5_lidar_panorama,C5_lidar_panorama,off,panorama,False,True
1779496669.7421846,4504,8.6544,1779496669.7335303,False,C5_lidar_panorama,C5_lidar_panorama,off,panorama,False,True
1779496669.8478138,4505,13.9842,1779496669.8338296,False,C5_lidar_panorama,C5_lidar_panorama,off,panorama,False,True
1779496669.943973,4506,9.7942,1779496669.9341788,False,C5_lidar_panorama,C5_lidar_panorama,off,panorama,False,True
1779496670.0544393,4507,20.036,1779496670.0344033,False,C5_lidar_panorama,C5_lidar_panorama,off,panorama,False,True
1779496670.1477973,4508,12.5318,1779496670.1352656,False,C5_lidar_panorama,C5_lidar_panorama,off,panorama,False,True
1779496670.2519898,4509,16.0887,1779496670.235901,False,C5_lidar_panorama,C5_lidar_panorama,off,panorama,False,True
1779496670.3462694,4510,10.2165,1779496670.336053,False,C5_lidar_panorama,C5_lidar_panorama,off,panorama,False,True
1779496670.452498,4511,16.1231,1779496670.436375,False,C5_lidar_panorama,C5_lidar_panorama,off,panorama,False,True
1779496670.5526505,4512,16.2258,1779496670.5364246,False,C5_lidar_panorama,C5_lidar_panorama,off,panorama,False,True
1779496670.6602983,4513,23.5536,1779496670.6367447,False,C5_lidar_panorama,C5_lidar_panorama,off,panorama,False,True
1779496670.7488046,4514,11.7025,1779496670.737102,False,C5_lidar_panorama,C5_lidar_panorama,off,panorama,False,True
1779496670.8562644,4515,18.6872,1779496670.837577,False,C5_lidar_panorama,C5_lidar_panorama,off,panorama,False,True
1779496670.9468408,4516,8.8046,1779496670.9380362,False,C5_lidar_panorama,C5_lidar_panorama,off,panorama,False,True
1779496671.0662599,4517,27.7243,1779496671.0385356,False,C5_lidar_panorama,C5_lidar_panorama,off,panorama,False,True
1779496671.1558723,4518,16.8266,1779496671.1390457,False,C5_lidar_panorama,C5_lidar_panorama,off,panorama,False,True
1779496671.2577431,4519,18.054,1779496671.239689,False,C5_lidar_panorama,C5_lidar_panorama,off,panorama,False,True
1779496671.3539422,4520,13.9539,1779496671.3399882,False,C5_lidar_panorama,C5_lidar_panorama,off,panorama,False,True
1779496671.485539,4521,44.8399,1779496671.440699,False,C5_lidar_panorama,C5_lidar_panorama,off,panorama,False,True
1779496671.5509102,4522,10.0548,1779496671.5408554,False,C5_lidar_panorama,C5_lidar_panorama,off,panorama,False,True
1779496671.66029,4523,19.3222,1779496671.6409678,False,C5_lidar_panorama,C5_lidar_panorama,off,panorama,False,True
1779496671.752955,4524,11.296,1779496671.741659,False,C5_lidar_panorama,C5_lidar_panorama,off,panorama,False,True
1779496671.8621552,4525,20.3056,1779496671.8418496,False,C5_lidar_panorama,C5_lidar_panorama,off,panorama,False,True
1779496671.9559739,4526,13.1855,1779496671.9427884,False,C5_lidar_panorama,C5_lidar_panorama,off,panorama,False,True
1779496672.073115,4527,29.9015,1779496672.0432136,False,C5_lidar_panorama,C5_lidar_panorama,off,panorama,False,True
1779496672.1557672,4528,12.0766,1779496672.1436906,False,C5_lidar_panorama,C5_lidar_panorama,off,panorama,False,True
1779496672.264531,4529,20.3438,1779496672.244187,False,C5_lidar_panorama,C5_lidar_panorama,off,panorama,False,True
1779496672.3571713,4530,12.7997,1779496672.3443716,False,C5_lidar_panorama,C5_lidar_panorama,off,panorama,False,True
1779496672.451973,4531,6.6488,1779496672.4453242,False,C5_lidar_panorama,C5_lidar_panorama,off,panorama,False,True
1779496672.5643148,4532,18.5294,1779496672.5457854,False,C5_lidar_panorama,C5_lidar_panorama,off,panorama,False,True
1779496672.6546295,4533,8.399,1779496672.6462305,False,C5_lidar_panorama,C5_lidar_panorama,off,panorama,False,True
1779496672.7632449,4534,16.3822,1779496672.7468626,False,C5_lidar_panorama,C5_lidar_panorama,off,panorama,False,True
1779496672.8594782,4535,11.9352,1779496672.847543,False,C5_lidar_panorama,C5_lidar_panorama,off,panorama,False,True
1779496672.990049,4536,42.0868,1779496672.947962,False,C5_lidar_panorama,C5_lidar_panorama,off,panorama,False,True
1779496673.060527,4537,11.7509,1779496673.0487761,False,C5_lidar_panorama,C5_lidar_panorama,off,panorama,False,True
1779496673.1536038,4538,4.7476,1779496673.1488562,False,C5_lidar_panorama,C5_lidar_panorama,off,panorama,False,True
1779496673.2621667,4539,12.5227,1779496673.249644,False,C5_lidar_panorama,C5_lidar_panorama,off,panorama,False,True
1779496673.412823,4540,63.0193,1779496673.3498037,False,C5_lidar_panorama,C5_lidar_panorama,off,panorama,False,True
1779496673.5226126,4541,72.0167,1779496673.4505959,False,C5_lidar_panorama,C5_lidar_panorama,off,panorama,False,True
1779496673.6133685,4542,62.48,1779496673.5508885,False,C5_lidar_panorama,C5_lidar_panorama,off,panorama,False,True
1779496673.717851,4543,66.2603,1779496673.6515906,False,C5_lidar_panorama,C5_lidar_panorama,off,panorama,False,True
1779496673.8046572,4544,45.4862,1779496673.759171,False,C5_lidar_panorama,C5_lidar_panorama,off,panorama,False,True
1779496673.8687167,4545,8.3604,1779496673.8603563,False,C5_lidar_panorama,C5_lidar_panorama,off,panorama,False,True
1779496673.99867,4546,37.7464,1779496673.9609237,False,C5_lidar_panorama,C5_lidar_panorama,off,panorama,False,True
1779496674.0803957,4547,18.8675,1779496674.0615282,False,C5_lidar_panorama,C5_lidar_panorama,off,panorama,False,True
1779496674.1813421,4548,19.3098,1779496674.1620324,False,C5_lidar_panorama,C5_lidar_panorama,off,panorama,False,True
1779496674.2713757,4549,8.8444,1779496674.2625313,False,C5_lidar_panorama,C5_lidar_panorama,off,panorama,False,True
1779496674.3835125,4550,20.447,1779496674.3630655,False,C5_lidar_panorama,C5_lidar_panorama,off,panorama,False,True
1779496674.4896858,4551,26.1679,1779496674.463518,False,C5_lidar_panorama,C5_lidar_panorama,off,panorama,False,True
1779496674.5971684,4552,33.5083,1779496674.5636601,False,C5_lidar_panorama,C5_lidar_panorama,off,panorama,False,True
1779496674.6753228,4553,11.0924,1779496674.6642303,False,C5_lidar_panorama,C5_lidar_panorama,off,panorama,False,True
1779496674.7837305,4554,18.9741,1779496674.7647564,False,C5_lidar_panorama,C5_lidar_panorama,off,panorama,False,True
1779496674.877753,4555,12.5079,1779496674.865245,False,C5_lidar_panorama,C5_lidar_panorama,off,panorama,False,True
1779496674.9703755,4556,4.5199,1779496674.9658556,False,C5_lidar_panorama,C5_lidar_panorama,off,panorama,False,True
1779496675.078313,4557,12.2104,1779496675.0661027,False,C5_lidar_panorama,C5_lidar_panorama,off,panorama,False,True
1779496675.172913,4558,6.2704,1779496675.1666427,False,C5_lidar_panorama,C5_lidar_panorama,off,panorama,False,True
1779496675.2786188,4559,11.4877,1779496675.267131,False,C5_lidar_panorama,C5_lidar_panorama,off,panorama,False,True
1779496675.3900673,4560,22.6607,1779496675.3674066,False,C5_lidar_panorama,C5_lidar_panorama,off,panorama,False,True
1779496675.4999177,4561,32.1074,1779496675.4678104,False,C5_lidar_panorama,C5_lidar_panorama,off,panorama,False,True
1779496675.5733476,4562,5.3227,1779496675.5680249,False,C5_lidar_panorama,C5_lidar_panorama,off,panorama,False,True
1779496675.6826913,4563,14.2875,1779496675.6684039,False,C5_lidar_panorama,C5_lidar_panorama,off,panorama,False,True
1779496675.7869325,4564,18.2467,1779496675.7686858,False,C5_lidar_panorama,C5_lidar_panorama,off,panorama,False,True
1779496675.883045,4565,14.1501,1779496675.8688948,False,C5_lidar_panorama,C5_lidar_panorama,off,panorama,False,True
1779496676.018128,4566,48.6946,1779496675.9694333,False,C5_lidar_panorama,C5_lidar_panorama,off,panorama,False,True
1779496676.1122773,4567,42.2003,1779496676.070077,False,C5_lidar_panorama,C5_lidar_panorama,off,panorama,False,True
1779496676.2793963,4568,108.4161,1779496676.1709802,False,C5_lidar_panorama,C5_lidar_panorama,off,panorama,False,True
1779496676.2861338,4569,14.7879,1779496676.2713459,False,C5_lidar_panorama,C5_lidar_panorama,off,panorama,False,True
1779496676.378055,4570,5.8703,1779496676.3721848,False,C5_lidar_panorama,C5_lidar_panorama,off,panorama,False,True
1779496676.5362487,4571,63.3955,1779496676.4728532,False,C5_lidar_panorama,C5_lidar_panorama,off,panorama,False,True
1779496676.6908822,4572,117.5022,1779496676.57338,False,C5_lidar_panorama,C5_lidar_panorama,off,panorama,False,True
1779496676.6919024,4573,18.1055,1779496676.673797,False,C5_lidar_panorama,C5_lidar_panorama,off,panorama,False,True
1779496676.803936,4574,29.0039,1779496676.7749321,False,C5_lidar_panorama,C5_lidar_panorama,off,panorama,False,True
1779496676.891987,4575,16.4795,1779496676.8755076,False,C5_lidar_panorama,C5_lidar_panorama,off,panorama,False,True
1779496677.0174155,4576,41.265,1779496676.9761505,False,C5_lidar_panorama,C5_lidar_panorama,off,panorama,False,True
1779496677.1508183,4577,73.8392,1779496677.0769792,False,C5_lidar_panorama,C5_lidar_panorama,off,panorama,False,True
1779496677.2574184,4578,79.7601,1779496677.1776583,False,C5_lidar_panorama,C5_lidar_panorama,off,panorama,False,True
1779496677.2990866,4579,20.9663,1779496677.2781203,False,C5_lidar_panorama,C5_lidar_panorama,off,panorama,False,True
1779496677.391714,4580,13.3142,1779496677.3783998,False,C5_lidar_panorama,C5_lidar_panorama,off,panorama,False,True
1779496677.5059586,4581,26.6974,1779496677.4792612,False,C5_lidar_panorama,C5_lidar_panorama,off,panorama,False,True
1779496677.600334,4582,20.2675,1779496677.5800664,False,C5_lidar_panorama,C5_lidar_panorama,off,panorama,False,True
1779496677.6906385,4583,10.1993,1779496677.6804392,False,C5_lidar_panorama,C5_lidar_panorama,off,panorama,False,True
1779496677.7973654,4584,16.2268,1779496677.7811387,False,C5_lidar_panorama,C5_lidar_panorama,off,panorama,False,True
1779496677.8911846,4585,9.707,1779496677.8814776,False,C5_lidar_panorama,C5_lidar_panorama,off,panorama,False,True
1779496678.022804,4586,40.657,1779496677.982147,False,C5_lidar_panorama,C5_lidar_panorama,off,panorama,False,True
1779496678.1275182,4587,44.5414,1779496678.0829768,False,C5_lidar_panorama,C5_lidar_panorama,off,panorama,False,True
1779496678.2201872,4588,36.6786,1779496678.1835086,False,C5_lidar_panorama,C5_lidar_panorama,off,panorama,False,True
1779496678.3044403,4589,20.6153,1779496678.283825,False,C5_lidar_panorama,C5_lidar_panorama,off,panorama,False,True
1779496678.4004915,4590,16.4001,1779496678.3840914,False,C5_lidar_panorama,C5_lidar_panorama,off,panorama,False,True
1779496678.5661657,4591,81.8388,1779496678.4843268,False,C5_lidar_panorama,C5_lidar_panorama,off,panorama,False,True
1779496678.6313496,4592,46.2737,1779496678.5850759,False,C5_lidar_panorama,C5_lidar_panorama,off,panorama,False,True
1779496678.7194653,4593,33.649,1779496678.6858163,False,C5_lidar_panorama,C5_lidar_panorama,off,panorama,False,True
1779496678.8049102,4594,18.1079,1779496678.7868023,False,C5_lidar_panorama,C5_lidar_panorama,off,panorama,False,True
1779496678.8976557,4595,10.4733,1779496678.8871825,False,C5_lidar_panorama,C5_lidar_panorama,off,panorama,False,True
1779496679.0405405,4596,32.1782,1779496679.0083623,False,C5_lidar_panorama,C5_lidar_panorama,off,panorama,False,True
1779496679.1414175,4597,32.5482,1779496679.1088693,False,C5_lidar_panorama,C5_lidar_panorama,off,panorama,False,True
1779496679.2226124,4598,13.1636,1779496679.2094488,False,C5_lidar_panorama,C5_lidar_panorama,off,panorama,False,True
1779496679.3191464,4599,8.9948,1779496679.3101516,False,C5_lidar_panorama,C5_lidar_panorama,off,panorama,False,True
1779496679.4253192,4600,14.6365,1779496679.4106827,False,C5_lidar_panorama,C5_lidar_panorama,off,panorama,False,True
1779496679.529138,4601,17.9589,1779496679.5111792,False,C5_lidar_panorama,C5_lidar_panorama,off,panorama,False,True
1779496679.628569,4602,17.1657,1779496679.6114032,False,C5_lidar_panorama,C5_lidar_panorama,off,panorama,False,True
1779496679.7230964,4603,11.5082,1779496679.7115881,False,C5_lidar_panorama,C5_lidar_panorama,off,panorama,False,True
1779496679.8302455,4604,17.8668,1779496679.8123786,False,C5_lidar_panorama,C5_lidar_panorama,off,panorama,False,True
1779496679.921722,4605,8.9242,1779496679.9127977,False,C5_lidar_panorama,C5_lidar_panorama,off,panorama,False,True
1779496680.0201752,4606,7.0534,1779496680.0131218,False,C5_lidar_panorama,C5_lidar_panorama,off,panorama,False,True
1779496680.133237,4607,18.8267,1779496680.1144102,False,C5_lidar_panorama,C5_lidar_panorama,off,panorama,False,True
1779496680.2273386,4608,11.9617,1779496680.2153769,False,C5_lidar_panorama,C5_lidar_panorama,off,panorama,False,True
1779496680.3358452,4609,20.2913,1779496680.315554,False,C5_lidar_panorama,C5_lidar_panorama,off,panorama,False,True
1779496680.4330518,4610,17.1115,1779496680.4159403,False,C5_lidar_panorama,C5_lidar_panorama,off,panorama,False,True
1779496680.5451562,4611,28.8851,1779496680.516271,False,C5_lidar_panorama,C5_lidar_panorama,off,panorama,False,True
1779496680.6285133,4612,11.4205,1779496680.6170928,False,C5_lidar_panorama,C5_lidar_panorama,off,panorama,False,True
1779496680.736942,4613,19.6002,1779496680.717342,False,C5_lidar_panorama,C5_lidar_panorama,off,panorama,False,True
1779496680.8309531,4614,13.3452,1779496680.8176079,False,C5_lidar_panorama,C5_lidar_panorama,off,panorama,False,True
1779496680.9274304,4615,9.3119,1779496680.9181185,False,C5_lidar_panorama,C5_lidar_panorama,off,panorama,False,True
1779496681.0374367,4616,7.849,1779496681.0295877,False,C5_lidar_panorama,C5_lidar_panorama,off,panorama,False,True
1779496681.142525,4617,12.6708,1779496681.1298542,False,C5_lidar_panorama,C5_lidar_panorama,off,panorama,False,True
1779496681.236983,4618,6.5837,1779496681.2303994,False,C5_lidar_panorama,C5_lidar_panorama,off,panorama,False,True
1779496681.3439972,4619,13.1662,1779496681.330831,False,C5_lidar_panorama,C5_lidar_panorama,off,panorama,False,True
1779496681.4400375,4620,8.5397,1779496681.4314978,False,C5_lidar_panorama,C5_lidar_panorama,off,panorama,False,True
1779496681.5523922,4621,20.422,1779496681.5319703,False,C5_lidar_panorama,C5_lidar_panorama,off,panorama,False,True
1779496681.6440728,4622,11.2789,1779496681.632794,False,C5_lidar_panorama,C5_lidar_panorama,off,panorama,False,True
1779496681.7370849,4623,4.0798,1779496681.733005,False,C5_lidar_panorama,C5_lidar_panorama,off,panorama,False,True
1779496681.8887007,4624,54.8985,1779496681.8338022,False,C5_lidar_panorama,C5_lidar_panorama,off,panorama,False,True
1779496681.9713006,4625,37.3001,1779496681.9340005,False,C5_lidar_panorama,C5_lidar_panorama,off,panorama,False,True
1779496682.069915,4626,35.1076,1779496682.0348074,False,C5_lidar_panorama,C5_lidar_panorama,off,panorama,False,True
1779496682.1577077,4627,22.6705,1779496682.1350372,False,C5_lidar_panorama,C5_lidar_panorama,off,panorama,False,True
1779496682.246683,4628,11.1208,1779496682.235562,False,C5_lidar_panorama,C5_lidar_panorama,off,panorama,False,True
1779496682.3986816,4629,62.943,1779496682.3357387,False,C5_lidar_panorama,C5_lidar_panorama,off,panorama,False,True
1779496682.484149,4630,47.8487,1779496682.4363003,False,C5_lidar_panorama,C5_lidar_panorama,off,panorama,False,True
1779496682.5718396,4631,34.9789,1779496682.5368607,False,C5_lidar_panorama,C5_lidar_panorama,off,panorama,False,True
1779496682.6549804,4632,17.8528,1779496682.6371276,False,C5_lidar_panorama,C5_lidar_panorama,off,panorama,False,True
1779496682.8119879,4633,74.6374,1779496682.7373505,False,C5_lidar_panorama,C5_lidar_panorama,off,panorama,False,True
1779496682.8981376,4634,60.153,1779496682.8379846,False,C5_lidar_panorama,C5_lidar_panorama,off,panorama,False,True
1779496682.9841487,4635,45.8121,1779496682.9383366,False,C5_lidar_panorama,C5_lidar_panorama,off,panorama,False,True
1779496683.0678458,4636,28.5883,1779496683.0392575,False,C5_lidar_panorama,C5_lidar_panorama,off,panorama,False,True
1779496683.1595109,4637,19.958,1779496683.1395528,False,C5_lidar_panorama,C5_lidar_panorama,off,panorama,False,True
1779496683.2894487,4638,49.3696,1779496683.2400792,False,C5_lidar_panorama,C5_lidar_panorama,off,panorama,False,True
1779496683.3769429,4639,36.3319,1779496683.340611,False,C5_lidar_panorama,C5_lidar_panorama,off,panorama,False,True
1779496683.4542978,4640,13.1416,1779496683.4411561,False,C5_lidar_panorama,C5_lidar_panorama,off,panorama,False,True
1779496683.567307,4641,25.8896,1779496683.5414174,False,C5_lidar_panorama,C5_lidar_panorama,off,panorama,False,True
1779496683.6651113,4642,23.3784,1779496683.641733,False,C5_lidar_panorama,C5_lidar_panorama,off,panorama,False,True
1779496683.752568,4643,10.2689,1779496683.742299,False,C5_lidar_panorama,C5_lidar_panorama,off,panorama,False,True
1779496683.8598056,4644,17.298,1779496683.8425076,False,C5_lidar_panorama,C5_lidar_panorama,off,panorama,False,True
1779496683.9550436,4645,12.1186,1779496683.942925,False,C5_lidar_panorama,C5_lidar_panorama,off,panorama,False,True
1779496684.062154,4646,18.7941,1779496684.04336,False,C5_lidar_panorama,C5_lidar_panorama,off,panorama,False,True
1779496684.1588526,4647,15.0907,1779496684.1437619,False,C5_lidar_panorama,C5_lidar_panorama,off,panorama,False,True
1779496684.276292,4648,32.0506,1779496684.2442415,False,C5_lidar_panorama,C5_lidar_panorama,off,panorama,False,True
1779496684.3592458,4649,14.5922,1779496684.3446536,False,C5_lidar_panorama,C5_lidar_panorama,off,panorama,False,True
1779496684.4527838,4650,7.2734,1779496684.4455104,False,C5_lidar_panorama,C5_lidar_panorama,off,panorama,False,True
1779496684.561002,4651,14.9252,1779496684.5460768,False,C5_lidar_panorama,C5_lidar_panorama,off,panorama,False,True
1779496684.670909,4652,23.5205,1779496684.6473885,False,C5_lidar_panorama,C5_lidar_panorama,off,panorama,False,True
1779496684.7835932,4653,35.6715,1779496684.7479217,False,C5_lidar_panorama,C5_lidar_panorama,off,panorama,False,True
1779496684.8549678,4654,6.7818,1779496684.848186,False,C5_lidar_panorama,C5_lidar_panorama,off,panorama,False,True
1779496684.9708126,4655,22.0628,1779496684.9487498,False,C5_lidar_panorama,C5_lidar_panorama,off,panorama,False,True
1779496685.0592842,4656,9.547,1779496685.0497372,False,C5_lidar_panorama,C5_lidar_panorama,off,panorama,False,True
1779496685.172671,4657,22.3291,1779496685.150342,False,C5_lidar_panorama,C5_lidar_panorama,off,panorama,False,True
1779496685.2877052,4658,37.1468,1779496685.2505584,False,C5_lidar_panorama,C5_lidar_panorama,off,panorama,False,True
1779496685.3715653,4659,20.3063,1779496685.351259,False,C5_lidar_panorama,C5_lidar_panorama,off,panorama,False,True
1779496685.464638,4660,12.8777,1779496685.4517603,False,C5_lidar_panorama,C5_lidar_panorama,off,panorama,False,True
1779496685.5624552,4661,10.1242,1779496685.552331,False,C5_lidar_panorama,C5_lidar_panorama,off,panorama,False,True
1779496685.6687505,4662,15.8718,1779496685.6528788,False,C5_lidar_panorama,C5_lidar_panorama,off,panorama,False,True
1779496685.779842,4663,26.4847,1779496685.7533572,False,C5_lidar_panorama,C5_lidar_panorama,off,panorama,False,True
1779496685.8763905,4664,22.6595,1779496685.853731,False,C5_lidar_panorama,C5_lidar_panorama,off,panorama,False,True
1779496685.9634304,4665,9.3083,1779496685.954122,False,C5_lidar_panorama,C5_lidar_panorama,off,panorama,False,True
1779496686.0695436,4666,14.5564,1779496686.0549872,False,C5_lidar_panorama,C5_lidar_panorama,off,panorama,False,True
1779496686.1643012,4667,9.0563,1779496686.1552448,False,C5_lidar_panorama,C5_lidar_panorama,off,panorama,False,True
1779496686.3209298,4668,65.5477,1779496686.255382,False,C5_lidar_panorama,C5_lidar_panorama,off,panorama,False,True
1779496686.4167724,4669,60.5726,1779496686.3561997,False,C5_lidar_panorama,C5_lidar_panorama,off,panorama,False,True
1779496686.5015156,4670,44.8859,1779496686.4566298,False,C5_lidar_panorama,C5_lidar_panorama,off,panorama,False,True
1779496686.5885665,4671,31.2724,1779496686.5572941,False,C5_lidar_panorama,C5_lidar_panorama,off,panorama,False,True
1779496686.6797826,4672,22.0151,1779496686.6577675,False,C5_lidar_panorama,C5_lidar_panorama,off,panorama,False,True
1779496686.793007,4673,34.6162,1779496686.7583907,False,C5_lidar_panorama,C5_lidar_panorama,off,panorama,False,True
1779496686.8779364,4674,18.5733,1779496686.859363,False,C5_lidar_panorama,C5_lidar_panorama,off,panorama,False,True
1779496686.9739785,4675,14.2987,1779496686.9596798,False,C5_lidar_panorama,C5_lidar_panorama,off,panorama,False,True
1779496687.0830736,4676,22.7938,1779496687.0602798,False,C5_lidar_panorama,C5_lidar_panorama,off,panorama,False,True
1779496687.175435,4677,14.5779,1779496687.1608572,False,C5_lidar_panorama,C5_lidar_panorama,off,panorama,False,True
1779496687.2920399,4678,30.9548,1779496687.261085,False,C5_lidar_panorama,C5_lidar_panorama,off,panorama,False,True
1779496687.4182446,4679,56.8092,1779496687.3614354,False,C5_lidar_panorama,C5_lidar_panorama,off,panorama,False,True
1779496687.5036197,4680,41.7542,1779496687.4618654,False,C5_lidar_panorama,C5_lidar_panorama,off,panorama,False,True
1779496687.5899935,4681,27.8201,1779496687.5621734,False,C5_lidar_panorama,C5_lidar_panorama,off,panorama,False,True
1779496687.6745868,4682,12.2399,1779496687.6623468,False,C5_lidar_panorama,C5_lidar_panorama,off,panorama,False,True
1779496687.8256707,4683,62.7835,1779496687.7628872,False,C5_lidar_panorama,C5_lidar_panorama,off,panorama,False,True
1779496687.9122589,4684,48.8851,1779496687.8633738,False,C5_lidar_panorama,C5_lidar_panorama,off,panorama,False,True
1779496687.9993675,4685,35.7845,1779496687.963583,False,C5_lidar_panorama,C5_lidar_panorama,off,panorama,False,True
1779496688.083343,4686,19.5208,1779496688.0638223,False,C5_lidar_panorama,C5_lidar_panorama,off,panorama,False,True
1779496688.1795428,4687,15.574,1779496688.1639688,False,C5_lidar_panorama,C5_lidar_panorama,off,panorama,False,True
1779496688.294997,4688,30.6153,1779496688.2643816,False,C5_lidar_panorama,C5_lidar_panorama,off,panorama,False,True
1779496688.3836293,4689,18.8158,1779496688.3648136,False,C5_lidar_panorama,C5_lidar_panorama,off,panorama,False,True
1779496688.4765747,4690,11.6053,1779496688.4649694,False,C5_lidar_panorama,C5_lidar_panorama,off,panorama,False,True
1779496688.58722,4691,21.6312,1779496688.5655887,False,C5_lidar_panorama,C5_lidar_panorama,off,panorama,False,True
1779496688.6941893,4692,28.5079,1779496688.6656814,False,C5_lidar_panorama,C5_lidar_panorama,off,panorama,False,True
1779496688.7913628,4693,24.796,1779496688.7665668,False,C5_lidar_panorama,C5_lidar_panorama,off,panorama,False,True
1779496688.8825088,4694,15.167,1779496688.8673418,False,C5_lidar_panorama,C5_lidar_panorama,off,panorama,False,True
1779496688.9736965,4695,5.7819,1779496688.9679146,False,C5_lidar_panorama,C5_lidar_panorama,off,panorama,False,True
1779496689.0827541,4696,14.606,1779496689.0681481,False,C5_lidar_panorama,C5_lidar_panorama,off,panorama,False,True
1779496689.175809,4697,6.9456,1779496689.1688633,False,C5_lidar_panorama,C5_lidar_panorama,off,panorama,False,True
1779496689.3427143,4698,73.1518,1779496689.2695625,False,C5_lidar_panorama,C5_lidar_panorama,off,panorama,False,True
1779496689.426892,4699,56.7396,1779496689.3701525,False,C5_lidar_panorama,C5_lidar_panorama,off,panorama,False,True
1779496689.515875,4700,44.9402,1779496689.4709349,False,C5_lidar_panorama,C5_lidar_panorama,off,panorama,False,True
1779496689.5901544,4701,18.8177,1779496689.5713367,False,C5_lidar_panorama,C5_lidar_panorama,off,panorama,False,True
1779496689.6834226,4702,11.2717,1779496689.6721509,False,C5_lidar_panorama,C5_lidar_panorama,off,panorama,False,True
1779496689.8505692,4703,77.8773,1779496689.772692,False,C5_lidar_panorama,C5_lidar_panorama,off,panorama,False,True
1779496689.8856106,4704,12.5055,1779496689.873105,False,C5_lidar_panorama,C5_lidar_panorama,off,panorama,False,True
1779496689.9922962,4705,18.5935,1779496689.9737027,False,C5_lidar_panorama,C5_lidar_panorama,off,panorama,False,True
1779496690.0920424,4706,18.1208,1779496690.0739217,False,C5_lidar_panorama,C5_lidar_panorama,off,panorama,False,True
1779496690.1923153,4707,17.8342,1779496690.1744812,False,C5_lidar_panorama,C5_lidar_panorama,off,panorama,False,True
1779496690.304911,4708,30.005,1779496690.274906,False,C5_lidar_panorama,C5_lidar_panorama,off,panorama,False,True
1779496690.3943489,4709,18.894,1779496690.375455,False,C5_lidar_panorama,C5_lidar_panorama,off,panorama,False,True
1779496690.4838293,4710,8.0605,1779496690.4757688,False,C5_lidar_panorama,C5_lidar_panorama,off,panorama,False,True
1779496690.5916958,4711,15.3615,1779496690.5763342,False,C5_lidar_panorama,C5_lidar_panorama,off,panorama,False,True
1779496690.6851387,4712,8.5897,1779496690.676549,False,C5_lidar_panorama,C5_lidar_panorama,off,panorama,False,True
1779496690.8686874,4713,91.5644,1779496690.777123,False,C5_lidar_panorama,C5_lidar_panorama,off,panorama,False,True
1779496690.8860712,4714,8.0872,1779496690.877984,False,C5_lidar_panorama,C5_lidar_panorama,off,panorama,False,True
1779496690.9956353,4715,16.9244,1779496690.978711,False,C5_lidar_panorama,C5_lidar_panorama,off,panorama,False,True
1779496691.0886538,4716,5.5835,1779496691.0830703,False,C5_lidar_panorama,C5_lidar_panorama,off,panorama,False,True
1779496691.1986732,4717,14.5113,1779496691.184162,False,C5_lidar_panorama,C5_lidar_panorama,off,panorama,False,True
1779496691.306137,4718,6.4766,1779496691.2996604,False,C5_lidar_panorama,C5_lidar_panorama,off,panorama,False,True
1779496691.4147801,4719,14.3647,1779496691.4004154,False,C5_lidar_panorama,C5_lidar_panorama,off,panorama,False,True
1779496691.5077813,4720,6.886,1779496691.5008953,False,C5_lidar_panorama,C5_lidar_panorama,off,panorama,False,True
1779496691.6173565,4721,16.0713,1779496691.6012852,False,C5_lidar_panorama,C5_lidar_panorama,off,panorama,False,True
1779496691.7106318,4722,8.801,1779496691.7018309,False,C5_lidar_panorama,C5_lidar_panorama,off,panorama,False,True
1779496691.8216019,4723,10.7095,1779496691.8108923,False,C5_lidar_panorama,C5_lidar_panorama,off,panorama,False,True
1779496691.927458,4724,16.2706,1779496691.9111874,False,C5_lidar_panorama,C5_lidar_panorama,off,panorama,False,True
1779496692.020879,4725,9.4883,1779496692.0113907,False,C5_lidar_panorama,C5_lidar_panorama,off,panorama,False,True
1779496692.1271982,4726,15.2681,1779496692.1119301,False,C5_lidar_panorama,C5_lidar_panorama,off,panorama,False,True
1779496692.2223947,4727,10.1311,1779496692.2122636,False,C5_lidar_panorama,C5_lidar_panorama,off,panorama,False,True
1779496692.3326232,4728,20.0267,1779496692.3125966,False,C5_lidar_panorama,C5_lidar_panorama,off,panorama,False,True
1779496692.42552,4729,11.9636,1779496692.4135563,False,C5_lidar_panorama,C5_lidar_panorama,off,panorama,False,True
1779496692.5566437,4730,42.8169,1779496692.5138268,False,C5_lidar_panorama,C5_lidar_panorama,off,panorama,False,True
1779496692.6303809,4731,16.1982,1779496692.6141827,False,C5_lidar_panorama,C5_lidar_panorama,off,panorama,False,True
1779496692.752901,4732,38.3241,1779496692.714577,False,C5_lidar_panorama,C5_lidar_panorama,off,panorama,False,True
1779496692.8362358,4733,21.2901,1779496692.8149457,False,C5_lidar_panorama,C5_lidar_panorama,off,panorama,False,True
1779496692.9238865,4734,8.4479,1779496692.9154387,False,C5_lidar_panorama,C5_lidar_panorama,off,panorama,False,True
1779496693.0299366,4735,13.5679,1779496693.0163686,False,C5_lidar_panorama,C5_lidar_panorama,off,panorama,False,True
1779496693.1268778,4736,10.035,1779496693.1168427,False,C5_lidar_panorama,C5_lidar_panorama,off,panorama,False,True
1779496693.2344947,4737,17.1447,1779496693.21735,False,C5_lidar_panorama,C5_lidar_panorama,off,panorama,False,True
1779496693.3279548,4738,10.0615,1779496693.3178933,False,C5_lidar_panorama,C5_lidar_panorama,off,panorama,False,True
1779496693.4368165,4739,18.0042,1779496693.4188123,False,C5_lidar_panorama,C5_lidar_panorama,off,panorama,False,True
1779496693.5279887,4740,8.8582,1779496693.5191305,False,C5_lidar_panorama,C5_lidar_panorama,off,panorama,False,True
1779496693.6387055,4741,18.8925,1779496693.619813,False,C5_lidar_panorama,C5_lidar_panorama,off,panorama,False,True
1779496693.7315562,4742,11.261,1779496693.7202952,False,C5_lidar_panorama,C5_lidar_panorama,off,panorama,False,True
1779496693.8376036,4743,16.2897,1779496693.8213139,False,C5_lidar_panorama,C5_lidar_panorama,off,panorama,False,True
1779496693.9355464,4744,13.3879,1779496693.9221585,False,C5_lidar_panorama,C5_lidar_panorama,off,panorama,False,True
1779496694.0603223,4745,37.7407,1779496694.0225816,False,C5_lidar_panorama,C5_lidar_panorama,off,panorama,False,True
1779496694.1395013,4746,16.2337,1779496694.1232677,False,C5_lidar_panorama,C5_lidar_panorama,off,panorama,False,True
1779496694.2419753,4747,18.2617,1779496694.2237136,False,C5_lidar_panorama,C5_lidar_panorama,off,panorama,False,True
1779496694.340489,4748,16.4173,1779496694.3240716,False,C5_lidar_panorama,C5_lidar_panorama,off,panorama,False,True
1779496694.432211,4749,7.987,1779496694.424224,False,C5_lidar_panorama,C5_lidar_panorama,off,panorama,False,True
1779496694.585056,4750,60.5388,1779496694.5245173,False,C5_lidar_panorama,C5_lidar_panorama,off,panorama,False,True
1779496694.6318295,4751,7.2045,1779496694.624625,False,C5_lidar_panorama,C5_lidar_panorama,off,panorama,False,True
1779496694.7910943,4752,65.932,1779496694.7251623,False,C5_lidar_panorama,C5_lidar_panorama,off,panorama,False,True
1779496694.8755457,4753,49.8989,1779496694.8256469,False,C5_lidar_panorama,C5_lidar_panorama,off,panorama,False,True
1779496694.9625578,4754,36.3793,1779496694.9261785,False,C5_lidar_panorama,C5_lidar_panorama,off,panorama,False,True
1779496695.0653858,4755,38.9056,1779496695.0264802,False,C5_lidar_panorama,C5_lidar_panorama,off,panorama,False,True
1779496695.1430714,4756,16.3689,1779496695.1267025,False,C5_lidar_panorama,C5_lidar_panorama,off,panorama,False,True
1779496695.2853136,4757,58.2769,1779496695.2270367,False,C5_lidar_panorama,C5_lidar_panorama,off,panorama,False,True
1779496695.37569,4758,48.3279,1779496695.327362,False,C5_lidar_panorama,C5_lidar_panorama,off,panorama,False,True
1779496695.4610312,4759,33.3989,1779496695.4276323,False,C5_lidar_panorama,C5_lidar_panorama,off,panorama,False,True
1779496695.5688133,4760,40.6284,1779496695.528185,False,C5_lidar_panorama,C5_lidar_panorama,off,panorama,False,True
1779496695.6420825,4761,13.6547,1779496695.6284277,False,C5_lidar_panorama,C5_lidar_panorama,off,panorama,False,True
1779496695.7339132,4762,4.9176,1779496695.7289956,False,C5_lidar_panorama,C5_lidar_panorama,off,panorama,False,True
1779496695.8454194,4763,16.2237,1779496695.8291957,False,C5_lidar_panorama,C5_lidar_panorama,off,panorama,False,True
1779496695.9369092,4764,7.2625,1779496695.9296467,False,C5_lidar_panorama,C5_lidar_panorama,off,panorama,False,True
1779496696.0489256,4765,18.7507,1779496696.030175,False,C5_lidar_panorama,C5_lidar_panorama,off,panorama,False,True
1779496696.139439,4766,8.5719,1779496696.1308672,False,C5_lidar_panorama,C5_lidar_panorama,off,panorama,False,True
1779496696.247789,4767,16.6011,1779496696.2311878,False,C5_lidar_panorama,C5_lidar_panorama,off,panorama,False,True
1779496696.342571,4768,10.7005,1779496696.3318706,False,C5_lidar_panorama,C5_lidar_panorama,off,panorama,False,True
1779496696.45022,4769,17.9505,1779496696.4322696,False,C5_lidar_panorama,C5_lidar_panorama,off,panorama,False,True
1779496696.5425193,4770,9.9099,1779496696.5326095,False,C5_lidar_panorama,C5_lidar_panorama,off,panorama,False,True
1779496696.65178,4771,18.2555,1779496696.6335244,False,C5_lidar_panorama,C5_lidar_panorama,off,panorama,False,True
1779496696.7452557,4772,11.4388,1779496696.7338169,False,C5_lidar_panorama,C5_lidar_panorama,off,panorama,False,True
1779496696.854862,4773,20.4475,1779496696.8344145,False,C5_lidar_panorama,C5_lidar_panorama,off,panorama,False,True
1779496696.9463577,4774,11.6324,1779496696.9347253,False,C5_lidar_panorama,C5_lidar_panorama,off,panorama,False,True
1779496697.0882263,4775,52.171,1779496697.0360553,False,C5_lidar_panorama,C5_lidar_panorama,off,panorama,False,True
1779496697.1467888,4776,10.041,1779496697.1367478,False,C5_lidar_panorama,C5_lidar_panorama,off,panorama,False,True
1779496697.2730775,4777,36.2165,1779496697.236861,False,C5_lidar_panorama,C5_lidar_panorama,off,panorama,False,True
1779496697.357354,4778,20.2751,1779496697.3370788,False,C5_lidar_panorama,C5_lidar_panorama,off,panorama,False,True
1779496697.4576757,4779,20.2675,1779496697.4374082,False,C5_lidar_panorama,C5_lidar_panorama,off,panorama,False,True
1779496697.5488513,4780,10.9565,1779496697.5378947,False,C5_lidar_panorama,C5_lidar_panorama,off,panorama,False,True
1779496697.6429188,4781,4.5655,1779496697.6383533,False,C5_lidar_panorama,C5_lidar_panorama,off,panorama,False,True
1779496697.7529905,4782,14.0209,1779496697.7389696,False,C5_lidar_panorama,C5_lidar_panorama,off,panorama,False,True
1779496697.8444488,4783,4.832,1779496697.8396168,False,C5_lidar_panorama,C5_lidar_panorama,off,panorama,False,True
1779496697.9509897,4784,10.8709,1779496697.9401188,False,C5_lidar_panorama,C5_lidar_panorama,off,panorama,False,True
1779496698.0467472,4785,5.8408,1779496698.0409064,False,C5_lidar_panorama,C5_lidar_panorama,off,panorama,False,True
1779496698.1576028,4786,15.7011,1779496698.1419017,False,C5_lidar_panorama,C5_lidar_panorama,off,panorama,False,True
1779496698.2500505,4787,7.5743,1779496698.2424762,False,C5_lidar_panorama,C5_lidar_panorama,off,panorama,False,True
1779496698.3611712,4788,18.1186,1779496698.3430526,False,C5_lidar_panorama,C5_lidar_panorama,off,panorama,False,True
1779496698.4510345,4789,7.4408,1779496698.4435937,False,C5_lidar_panorama,C5_lidar_panorama,off,panorama,False,True
1779496698.5768282,4790,32.6829,1779496698.5441453,False,C5_lidar_panorama,C5_lidar_panorama,off,panorama,False,True
1779496698.6566381,4791,11.6544,1779496698.6449838,False,C5_lidar_panorama,C5_lidar_panorama,off,panorama,False,True
1779496698.7679975,4792,22.831,1779496698.7451665,False,C5_lidar_panorama,C5_lidar_panorama,off,panorama,False,True
1779496698.8596694,4793,13.5236,1779496698.8461459,False,C5_lidar_panorama,C5_lidar_panorama,off,panorama,False,True
1779496698.9723477,4794,25.5983,1779496698.9467494,False,C5_lidar_panorama,C5_lidar_panorama,off,panorama,False,True
1779496699.086616,4795,39.2289,1779496699.0473871,False,C5_lidar_panorama,C5_lidar_panorama,off,panorama,False,True
1779496699.191472,4796,43.8223,1779496699.1476498,False,C5_lidar_panorama,C5_lidar_panorama,off,panorama,False,True
1779496699.2759483,4797,28.1305,1779496699.2478178,False,C5_lidar_panorama,C5_lidar_panorama,off,panorama,False,True
1779496699.360661,4798,12.4824,1779496699.3481786,False,C5_lidar_panorama,C5_lidar_panorama,off,panorama,False,True
1779496699.4717295,4799,22.9337,1779496699.4487958,False,C5_lidar_panorama,C5_lidar_panorama,off,panorama,False,True
1779496699.5575616,4800,8.4703,1779496699.5490913,False,C5_lidar_panorama,C5_lidar_panorama,off,panorama,False,True
1779496699.7190754,4801,68.7709,1779496699.6503046,False,C5_lidar_panorama,C5_lidar_panorama,off,panorama,False,True
1779496699.8062127,4802,55.1143,1779496699.7510984,False,C5_lidar_panorama,C5_lidar_panorama,off,panorama,False,True
1779496699.8928618,4803,41.5351,1779496699.8513267,False,C5_lidar_panorama,C5_lidar_panorama,off,panorama,False,True
1779496699.975037,4804,23.1905,1779496699.9518466,False,C5_lidar_panorama,C5_lidar_panorama,off,panorama,False,True
1779496700.097845,4805,45.7053,1779496700.0521398,False,C5_lidar_panorama,C5_lidar_panorama,off,panorama,False,True
1779496700.208616,4806,55.8689,1779496700.1527472,False,C5_lidar_panorama,C5_lidar_panorama,off,panorama,False,True
1779496700.2937946,4807,40.3194,1779496700.2534752,False,C5_lidar_panorama,C5_lidar_panorama,off,panorama,False,True
1779496700.381692,4808,27.7534,1779496700.3539386,False,C5_lidar_panorama,C5_lidar_panorama,off,panorama,False,True
1779496700.4693441,4809,15.1238,1779496700.4542203,False,C5_lidar_panorama,C5_lidar_panorama,off,panorama,False,True
1779496700.6300478,4810,75.5177,1779496700.5545301,False,C5_lidar_panorama,C5_lidar_panorama,off,panorama,False,True
1779496700.715911,4811,60.7939,1779496700.655117,False,C5_lidar_panorama,C5_lidar_panorama,off,panorama,False,True
1779496700.8008626,4812,45.5711,1779496700.7552915,False,C5_lidar_panorama,C5_lidar_panorama,off,panorama,False,True
1779496700.884963,4813,29.4719,1779496700.8554912,False,C5_lidar_panorama,C5_lidar_panorama,off,panorama,False,True
1779496700.980411,4814,24.2159,1779496700.956195,False,C5_lidar_panorama,C5_lidar_panorama,off,panorama,False,True
1779496701.0675523,4815,10.4859,1779496701.0570664,False,C5_lidar_panorama,C5_lidar_panorama,off,panorama,False,True
1779496701.1797438,4816,21.9624,1779496701.1577814,False,C5_lidar_panorama,C5_lidar_panorama,off,panorama,False,True
1779496701.267696,4817,9.2995,1779496701.2583964,False,C5_lidar_panorama,C5_lidar_panorama,off,panorama,False,True
1779496701.3713396,4818,12.2764,1779496701.3590631,False,C5_lidar_panorama,C5_lidar_panorama,off,panorama,False,True
1779496701.4701562,4819,10.8261,1779496701.45933,False,C5_lidar_panorama,C5_lidar_panorama,off,panorama,False,True
1779496701.5921042,4820,32.5112,1779496701.559593,False,C5_lidar_panorama,C5_lidar_panorama,off,panorama,False,True
1779496701.6993973,4821,39.4614,1779496701.659936,False,C5_lidar_panorama,C5_lidar_panorama,off,panorama,False,True
1779496701.7768407,4822,16.4154,1779496701.7604253,False,C5_lidar_panorama,C5_lidar_panorama,off,panorama,False,True
1779496701.8722067,4823,11.6134,1779496701.8605933,False,C5_lidar_panorama,C5_lidar_panorama,off,panorama,False,True
1779496701.9796789,4824,18.2376,1779496701.9614413,False,C5_lidar_panorama,C5_lidar_panorama,off,panorama,False,True
1779496702.0899487,4825,27.6463,1779496702.0623024,False,C5_lidar_panorama,C5_lidar_panorama,off,panorama,False,True
1779496702.1846552,4826,21.4863,1779496702.163169,False,C5_lidar_panorama,C5_lidar_panorama,off,panorama,False,True
1779496702.2698808,4827,6.3369,1779496702.2635438,False,C5_lidar_panorama,C5_lidar_panorama,off,panorama,False,True
1779496702.384143,4828,20.0379,1779496702.3641052,False,C5_lidar_panorama,C5_lidar_panorama,off,panorama,False,True
1779496702.4751163,4829,10.4723,1779496702.464644,False,C5_lidar_panorama,C5_lidar_panorama,off,panorama,False,True
1779496702.6479418,4830,82.6287,1779496702.565313,False,C5_lidar_panorama,C5_lidar_panorama,off,panorama,False,True
1779496702.6800506,4831,14.6258,1779496702.6654248,False,C5_lidar_panorama,C5_lidar_panorama,off,panorama,False,True
1779496702.7880638,4832,22.0416,1779496702.7660222,False,C5_lidar_panorama,C5_lidar_panorama,off,panorama,False,True
1779496702.8804045,4833,13.8941,1779496702.8665104,False,C5_lidar_panorama,C5_lidar_panorama,off,panorama,False,True
1779496702.9844413,4834,16.9199,1779496702.9675214,False,C5_lidar_panorama,C5_lidar_panorama,off,panorama,False,True
1779496703.101602,4835,33.7954,1779496703.0678067,False,C5_lidar_panorama,C5_lidar_panorama,off,panorama,False,True
1779496703.1935463,4836,24.9691,1779496703.1685772,False,C5_lidar_panorama,C5_lidar_panorama,off,panorama,False,True
1779496703.285989,4837,16.7875,1779496703.2692015,False,C5_lidar_panorama,C5_lidar_panorama,off,panorama,False,True
1779496703.3770568,4838,6.8686,1779496703.3701882,False,C5_lidar_panorama,C5_lidar_panorama,off,panorama,False,True
1779496703.487546,4839,16.9723,1779496703.4705737,False,C5_lidar_panorama,C5_lidar_panorama,off,panorama,False,True
1779496703.619059,4840,48.0204,1779496703.5710387,False,C5_lidar_panorama,C5_lidar_panorama,off,panorama,False,True
1779496703.6870162,4841,15.408,1779496703.6716082,False,C5_lidar_panorama,C5_lidar_panorama,off,panorama,False,True
1779496703.784897,4842,12.4106,1779496703.7724864,False,C5_lidar_panorama,C5_lidar_panorama,off,panorama,False,True
1779496703.8908086,4843,17.3454,1779496703.8734632,False,C5_lidar_panorama,C5_lidar_panorama,off,panorama,False,True
1779496703.9823296,4844,8.3442,1779496703.9739854,False,C5_lidar_panorama,C5_lidar_panorama,off,panorama,False,True
1779496704.128905,4845,54.3718,1779496704.0745332,False,C5_lidar_panorama,C5_lidar_panorama,off,panorama,False,True
1779496704.212826,4846,37.1876,1779496704.1756384,False,C5_lidar_panorama,C5_lidar_panorama,off,panorama,False,True
1779496704.2964118,4847,20.4105,1779496704.2760012,False,C5_lidar_panorama,C5_lidar_panorama,off,panorama,False,True
1779496704.3865955,4848,10.3903,1779496704.3762052,False,C5_lidar_panorama,C5_lidar_panorama,off,panorama,False,True
1779496704.494326,4849,17.6551,1779496704.476671,False,C5_lidar_panorama,C5_lidar_panorama,off,panorama,False,True
1779496704.6055388,4850,28.533,1779496704.5770059,False,C5_lidar_panorama,C5_lidar_panorama,off,panorama,False,True
1779496704.7423508,4851,65.0465,1779496704.6773043,False,C5_lidar_panorama,C5_lidar_panorama,off,panorama,False,True
1779496704.8276184,4852,49.9063,1779496704.777712,False,C5_lidar_panorama,C5_lidar_panorama,off,panorama,False,True
1779496704.911413,4853,33.3393,1779496704.8780737,False,C5_lidar_panorama,C5_lidar_panorama,off,panorama,False,True
1779496704.9956594,4854,16.819,1779496704.9788404,False,C5_lidar_panorama,C5_lidar_panorama,off,panorama,False,True
1779496705.1594746,4855,80.2519,1779496705.0792227,False,C5_lidar_panorama,C5_lidar_panorama,off,panorama,False,True
1779496705.1850839,4856,5.3988,1779496705.179685,False,C5_lidar_panorama,C5_lidar_panorama,off,panorama,False,True
1779496705.292318,4857,12.1036,1779496705.2802145,False,C5_lidar_panorama,C5_lidar_panorama,off,panorama,False,True
1779496705.3943934,4858,13.9897,1779496705.3804038,False,C5_lidar_panorama,C5_lidar_panorama,off,panorama,False,True
1779496705.4948428,4859,13.9384,1779496705.4809043,False,C5_lidar_panorama,C5_lidar_panorama,off,panorama,False,True
1779496705.6053386,4860,23.5877,1779496705.5817509,False,C5_lidar_panorama,C5_lidar_panorama,off,panorama,False,True
1779496705.7016518,4861,19.2928,1779496705.682359,False,C5_lidar_panorama,C5_lidar_panorama,off,panorama,False,True
1779496705.7916348,4862,8.5175,1779496705.7831173,False,C5_lidar_panorama,C5_lidar_panorama,off,panorama,False,True
1779496705.9528651,4863,69.5283,1779496705.8833368,False,C5_lidar_panorama,C5_lidar_panorama,off,panorama,False,True
1779496706.0405347,4864,56.6802,1779496705.9838545,False,C5_lidar_panorama,C5_lidar_panorama,off,panorama,False,True
1779496706.1237435,4865,39.5586,1779496706.084185,False,C5_lidar_panorama,C5_lidar_panorama,off,panorama,False,True
1779496706.2143495,4866,29.3522,1779496706.1849973,False,C5_lidar_panorama,C5_lidar_panorama,off,panorama,False,True
1779496706.2919133,4867,6.515,1779496706.2853982,False,C5_lidar_panorama,C5_lidar_panorama,off,panorama,False,True
1779496706.402994,4868,16.9706,1779496706.3860233,False,C5_lidar_panorama,C5_lidar_panorama,off,panorama,False,True
1779496706.4951944,4869,8.9595,1779496706.486235,False,C5_lidar_panorama,C5_lidar_panorama,off,panorama,False,True
1779496706.6171775,4870,30.355,1779496706.5868225,False,C5_lidar_panorama,C5_lidar_panorama,off,panorama,False,True
1779496706.7512085,4871,64.0326,1779496706.687176,False,C5_lidar_panorama,C5_lidar_panorama,off,panorama,False,True
1779496706.8598626,4872,72.3324,1779496706.7875302,False,C5_lidar_panorama,C5_lidar_panorama,off,panorama,False,True
1779496706.9478068,4873,59.4251,1779496706.8883817,False,C5_lidar_panorama,C5_lidar_panorama,off,panorama,False,True
1779496707.0438795,4874,54.8825,1779496706.988997,False,C5_lidar_panorama,C5_lidar_panorama,off,panorama,False,True
1779496707.1435726,4875,54.1527,1779496707.0894198,False,C5_lidar_panorama,C5_lidar_panorama,off,panorama,False,True
1779496707.2051148,4876,14.7307,1779496707.1903841,False,C5_lidar_panorama,C5_lidar_panorama,off,panorama,False,True
1779496707.3105142,4877,19.5963,1779496707.2909179,False,C5_lidar_panorama,C5_lidar_panorama,off,panorama,False,True
1779496707.405262,4878,13.7103,1779496707.3915517,False,C5_lidar_panorama,C5_lidar_panorama,off,panorama,False,True
1779496707.5137992,4879,21.8279,1779496707.4919713,False,C5_lidar_panorama,C5_lidar_panorama,off,panorama,False,True
1779496707.6569388,4880,64.0533,1779496707.5928855,False,C5_lidar_panorama,C5_lidar_panorama,off,panorama,False,True
1779496707.74271,4881,49.0739,1779496707.6936362,False,C5_lidar_panorama,C5_lidar_panorama,off,panorama,False,True
1779496707.8315022,4882,36.6445,1779496707.7948577,False,C5_lidar_panorama,C5_lidar_panorama,off,panorama,False,True
1779496707.9132922,4883,17.5478,1779496707.8957443,False,C5_lidar_panorama,C5_lidar_panorama,off,panorama,False,True
1779496708.0408905,4884,44.7743,1779496707.9961162,False,C5_lidar_panorama,C5_lidar_panorama,off,panorama,False,True
1779496708.1265674,4885,29.8352,1779496708.0967321,False,C5_lidar_panorama,C5_lidar_panorama,off,panorama,False,True
1779496708.2227526,4886,25.4242,1779496708.1973283,False,C5_lidar_panorama,C5_lidar_panorama,off,panorama,False,True
1779496708.3249135,4887,27.0097,1779496708.2979038,False,C5_lidar_panorama,C5_lidar_panorama,off,panorama,False,True
1779496708.414316,4888,15.9094,1779496708.3984065,False,C5_lidar_panorama,C5_lidar_panorama,off,panorama,False,True
1779496708.5038226,4889,4.873,1779496708.4989495,False,C5_lidar_panorama,C5_lidar_panorama,off,panorama,False,True
1779496708.6703982,4890,51.8568,1779496708.6185415,False,C5_lidar_panorama,C5_lidar_panorama,off,panorama,False,True
1779496708.7368667,4891,17.725,1779496708.7191417,False,C5_lidar_panorama,C5_lidar_panorama,off,panorama,False,True
1779496708.8297694,4892,10.3331,1779496708.8194363,False,C5_lidar_panorama,C5_lidar_panorama,off,panorama,False,True
1779496708.9369347,4893,16.572,1779496708.9203627,False,C5_lidar_panorama,C5_lidar_panorama,off,panorama,False,True
1779496709.0311792,4894,10.4842,1779496709.020695,False,C5_lidar_panorama,C5_lidar_panorama,off,panorama,False,True
1779496709.1392763,4895,16.9127,1779496709.1223636,False,C5_lidar_panorama,C5_lidar_panorama,off,panorama,False,True
1779496709.2298548,4896,6.0499,1779496709.223805,False,C5_lidar_panorama,C5_lidar_panorama,off,panorama,False,True
1779496709.377324,4897,53.3144,1779496709.3240097,False,C5_lidar_panorama,C5_lidar_panorama,off,panorama,False,True
1779496709.4327173,4898,8.4603,1779496709.424257,False,C5_lidar_panorama,C5_lidar_panorama,off,panorama,False,True
1779496709.5396335,4899,14.9784,1779496709.524655,False,C5_lidar_panorama,C5_lidar_panorama,off,panorama,False,True
1779496709.6310422,4900,6.1312,1779496709.624911,False,C5_lidar_panorama,C5_lidar_panorama,off,panorama,False,True
1779496709.7426088,4901,15.9261,1779496709.7266827,False,C5_lidar_panorama,C5_lidar_panorama,off,panorama,False,True
1779496709.8317118,4902,4.5612,1779496709.8271506,False,C5_lidar_panorama,C5_lidar_panorama,off,panorama,False,True
1779496709.9446743,4903,17.2086,1779496709.9274657,False,C5_lidar_panorama,C5_lidar_panorama,off,panorama,False,True
1779496710.0390887,4904,11.1783,1779496710.0279105,False,C5_lidar_panorama,C5_lidar_panorama,off,panorama,False,True
1779496710.145003,4905,16.4726,1779496710.1285305,False,C5_lidar_panorama,C5_lidar_panorama,off,panorama,False,True
1779496710.2364318,4906,6.7453,1779496710.2296865,False,C5_lidar_panorama,C5_lidar_panorama,off,panorama,False,True
1779496710.345056,4907,14.8809,1779496710.3301752,False,C5_lidar_panorama,C5_lidar_panorama,off,panorama,False,True
1779496710.437521,4908,6.9103,1779496710.4306107,False,C5_lidar_panorama,C5_lidar_panorama,off,panorama,False,True
1779496710.548757,4909,17.3593,1779496710.5313978,False,C5_lidar_panorama,C5_lidar_panorama,off,panorama,False,True
1779496710.6533031,4910,21.5881,1779496710.631715,False,C5_lidar_panorama,C5_lidar_panorama,off,panorama,False,True
1779496710.7464895,4911,14.6725,1779496710.731817,False,C5_lidar_panorama,C5_lidar_panorama,off,panorama,False,True
1779496710.8380547,4912,6.0418,1779496710.832013,False,C5_lidar_panorama,C5_lidar_panorama,off,panorama,False,True
1779496710.9468734,4913,14.6644,1779496710.932209,False,C5_lidar_panorama,C5_lidar_panorama,off,panorama,False,True
1779496711.0388453,4914,6.0506,1779496711.0327947,False,C5_lidar_panorama,C5_lidar_panorama,off,panorama,False,True
1779496711.1452844,4915,6.932,1779496711.1383524,False,C5_lidar_panorama,C5_lidar_panorama,off,panorama,False,True
1779496711.3015964,4916,62.5639,1779496711.2390325,False,C5_lidar_panorama,C5_lidar_panorama,off,panorama,False,True
1779496711.3986363,4917,59.1555,1779496711.3394809,False,C5_lidar_panorama,C5_lidar_panorama,off,panorama,False,True
1779496711.5035548,4918,63.8819,1779496711.439673,False,C5_lidar_panorama,C5_lidar_panorama,off,panorama,False,True
1779496711.5505528,4919,10.2353,1779496711.5403175,False,C5_lidar_panorama,C5_lidar_panorama,off,panorama,False,True
1779496711.6583982,4920,17.8611,1779496711.640537,False,C5_lidar_panorama,C5_lidar_panorama,off,panorama,False,True
1779496711.7508786,4921,9.8951,1779496711.7409835,False,C5_lidar_panorama,C5_lidar_panorama,off,panorama,False,True
1779496711.8569334,4922,15.3356,1779496711.8415978,False,C5_lidar_panorama,C5_lidar_panorama,off,panorama,False,True
1779496711.9555416,4923,13.6209,1779496711.9419208,False,C5_lidar_panorama,C5_lidar_panorama,off,panorama,False,True
1779496712.062853,4924,20.5126,1779496712.0423405,False,C5_lidar_panorama,C5_lidar_panorama,off,panorama,False,True
1779496712.1558504,4925,12.6147,1779496712.1432357,False,C5_lidar_panorama,C5_lidar_panorama,off,panorama,False,True
1779496712.262885,4926,19.1078,1779496712.2437773,False,C5_lidar_panorama,C5_lidar_panorama,off,panorama,False,True
1779496712.3558686,4927,11.4105,1779496712.344458,False,C5_lidar_panorama,C5_lidar_panorama,off,panorama,False,True
1779496712.46412,4928,19.5642,1779496712.4445558,False,C5_lidar_panorama,C5_lidar_panorama,off,panorama,False,True
1779496712.5574083,4929,12.7184,1779496712.54469,False,C5_lidar_panorama,C5_lidar_panorama,off,panorama,False,True
1779496712.6656713,4930,20.7388,1779496712.6449325,False,C5_lidar_panorama,C5_lidar_panorama,off,panorama,False,True
1779496712.7628522,4931,16.9816,1779496712.7458706,False,C5_lidar_panorama,C5_lidar_panorama,off,panorama,False,True
1779496712.85697,4932,10.3297,1779496712.8466403,False,C5_lidar_panorama,C5_lidar_panorama,off,panorama,False,True
1779496712.9648135,4933,17.8847,1779496712.9469287,False,C5_lidar_panorama,C5_lidar_panorama,off,panorama,False,True
1779496713.0584948,4934,11.0812,1779496713.0474136,False,C5_lidar_panorama,C5_lidar_panorama,off,panorama,False,True
1779496713.168967,4935,21.0021,1779496713.147965,False,C5_lidar_panorama,C5_lidar_panorama,off,panorama,False,True
1779496713.2618666,4936,13.5379,1779496713.2483287,False,C5_lidar_panorama,C5_lidar_panorama,off,panorama,False,True
1779496713.406691,4937,58.1405,1779496713.3485506,False,C5_lidar_panorama,C5_lidar_panorama,off,panorama,False,True
1779496713.4603493,4938,11.1945,1779496713.4491549,False,C5_lidar_panorama,C5_lidar_panorama,off,panorama,False,True
1779496713.5736349,4939,24.1225,1779496713.5495124,False,C5_lidar_panorama,C5_lidar_panorama,off,panorama,False,True
1779496713.6619668,4940,12.1396,1779496713.6498272,False,C5_lidar_panorama,C5_lidar_panorama,off,panorama,False,True
1779496713.7571626,4941,6.9349,1779496713.7502277,False,C5_lidar_panorama,C5_lidar_panorama,off,panorama,False,True
1779496713.8654616,4942,14.6096,1779496713.850852,False,C5_lidar_panorama,C5_lidar_panorama,off,panorama,False,True
1779496713.9630241,4943,11.9345,1779496713.9510896,False,C5_lidar_panorama,C5_lidar_panorama,off,panorama,False,True
1779496714.069995,4944,18.3964,1779496714.0515985,False,C5_lidar_panorama,C5_lidar_panorama,off,panorama,False,True
1779496714.1644776,4945,12.3365,1779496714.152141,False,C5_lidar_panorama,C5_lidar_panorama,off,panorama,False,True
1779496714.2721915,4946,19.6471,1779496714.2525444,False,C5_lidar_panorama,C5_lidar_panorama,off,panorama,False,True
1779496714.3642902,4947,11.2951,1779496714.3529952,False,C5_lidar_panorama,C5_lidar_panorama,off,panorama,False,True
1779496714.4710474,4948,17.9031,1779496714.4531443,False,C5_lidar_panorama,C5_lidar_panorama,off,panorama,False,True
1779496714.562659,4949,8.8181,1779496714.5538409,False,C5_lidar_panorama,C5_lidar_panorama,off,panorama,False,True
1779496714.6730618,4950,18.7709,1779496714.654291,False,C5_lidar_panorama,C5_lidar_panorama,off,panorama,False,True
1779496714.7600257,4951,5.2893,1779496714.7547364,False,C5_lidar_panorama,C5_lidar_panorama,off,panorama,False,True
1779496714.8676531,4952,12.3711,1779496714.855282,False,C5_lidar_panorama,C5_lidar_panorama,off,panorama,False,True
1779496714.964409,4953,8.364,1779496714.9560452,False,C5_lidar_panorama,C5_lidar_panorama,off,panorama,False,True
1779496715.0728157,4954,16.4189,1779496715.0563967,False,C5_lidar_panorama,C5_lidar_panorama,off,panorama,False,True
1779496715.1667542,4955,9.9974,1779496715.1567569,False,C5_lidar_panorama,C5_lidar_panorama,off,panorama,False,True
1779496715.2737937,4956,16.6197,1779496715.257174,False,C5_lidar_panorama,C5_lidar_panorama,off,panorama,False,True
1779496715.3706758,4957,12.8469,1779496715.3578289,False,C5_lidar_panorama,C5_lidar_panorama,off,panorama,False,True
1779496715.4794822,4958,21.4365,1779496715.4580457,False,C5_lidar_panorama,C5_lidar_panorama,off,panorama,False,True
1779496715.5745697,4959,15.7642,1779496715.5588055,False,C5_lidar_panorama,C5_lidar_panorama,off,panorama,False,True
1779496715.6814463,4960,22.3565,1779496715.6590898,False,C5_lidar_panorama,C5_lidar_panorama,off,panorama,False,True
1779496715.7732918,4961,13.6106,1779496715.7596812,False,C5_lidar_panorama,C5_lidar_panorama,off,panorama,False,True
1779496715.89555,4962,35.4378,1779496715.8601122,False,C5_lidar_panorama,C5_lidar_panorama,off,panorama,False,True
1779496715.9726837,4963,12.1922,1779496715.9604914,False,C5_lidar_panorama,C5_lidar_panorama,off,panorama,False,True
1779496716.0691028,4964,7.6416,1779496716.0614612,False,C5_lidar_panorama,C5_lidar_panorama,off,panorama,False,True
1779496716.171611,4965,6.598,1779496716.165013,False,C5_lidar_panorama,C5_lidar_panorama,off,panorama,False,True
1779496716.2822402,4966,16.6101,1779496716.26563,False,C5_lidar_panorama,C5_lidar_panorama,off,panorama,False,True
1779496716.3977787,4967,31.9071,1779496716.3658717,False,C5_lidar_panorama,C5_lidar_panorama,off,panorama,False,True
1779496716.4836314,4968,17.2496,1779496716.4663818,False,C5_lidar_panorama,C5_lidar_panorama,off,panorama,False,True
1779496716.5787644,4969,11.7743,1779496716.5669901,False,C5_lidar_panorama,C5_lidar_panorama,off,panorama,False,True
1779496716.686781,4970,11.884,1779496716.674897,False,C5_lidar_panorama,C5_lidar_panorama,off,panorama,False,True
1779496716.7948518,4971,18.3585,1779496716.7764933,False,C5_lidar_panorama,C5_lidar_panorama,off,panorama,False,True
1779496716.9619691,4972,85.0976,1779496716.8768716,False,C5_lidar_panorama,C5_lidar_panorama,off,panorama,False,True
1779496717.0311518,4973,53.6497,1779496716.977502,False,C5_lidar_panorama,C5_lidar_panorama,off,panorama,False,True
1779496717.1163025,4974,37.8633,1779496717.0784392,False,C5_lidar_panorama,C5_lidar_panorama,off,panorama,False,True
1779496717.2040944,4975,25.4147,1779496717.1786797,False,C5_lidar_panorama,C5_lidar_panorama,off,panorama,False,True
1779496717.295141,4976,16.2573,1779496717.2788837,False,C5_lidar_panorama,C5_lidar_panorama,off,panorama,False,True
1779496717.4161253,4977,37.0796,1779496717.3790457,False,C5_lidar_panorama,C5_lidar_panorama,off,panorama,False,True
1779496717.4989471,4978,19.4154,1779496717.4795318,False,C5_lidar_panorama,C5_lidar_panorama,off,panorama,False,True
1779496717.5923603,4979,12.3744,1779496717.5799859,False,C5_lidar_panorama,C5_lidar_panorama,off,panorama,False,True
1779496717.7010002,4980,20.4933,1779496717.680507,False,C5_lidar_panorama,C5_lidar_panorama,off,panorama,False,True
1779496717.7975054,4981,16.6786,1779496717.7808268,False,C5_lidar_panorama,C5_lidar_panorama,off,panorama,False,True
1779496717.9545977,4982,73.5912,1779496717.8810065,False,C5_lidar_panorama,C5_lidar_panorama,off,panorama,False,True
1779496718.0624502,4983,81.1038,1779496717.9813464,False,C5_lidar_panorama,C5_lidar_panorama,off,panorama,False,True
1779496718.0901434,4984,8.2138,1779496718.0819297,False,C5_lidar_panorama,C5_lidar_panorama,off,panorama,False,True
1779496718.1981936,4985,15.6674,1779496718.182526,False,C5_lidar_panorama,C5_lidar_panorama,off,panorama,False,True
1779496718.300469,4986,17.705,1779496718.282764,False,C5_lidar_panorama,C5_lidar_panorama,off,panorama,False,True
1779496718.4456513,4987,62.6664,1779496718.3829849,False,C5_lidar_panorama,C5_lidar_panorama,off,panorama,False,True
1779496718.530684,4988,47.5366,1779496718.4831474,False,C5_lidar_panorama,C5_lidar_panorama,off,panorama,False,True
1779496718.618958,4989,35.4843,1779496718.5834737,False,C5_lidar_panorama,C5_lidar_panorama,off,panorama,False,True
1779496718.7033086,4990,19.2955,1779496718.6840131,False,C5_lidar_panorama,C5_lidar_panorama,off,panorama,False,True
1779496718.7983952,4991,13.4368,1779496718.7849584,False,C5_lidar_panorama,C5_lidar_panorama,off,panorama,False,True
1779496718.957837,4992,52.8498,1779496718.9049873,False,C5_lidar_panorama,C5_lidar_panorama,off,panorama,False,True
1779496719.0428953,4993,37.3609,1779496719.0055344,False,C5_lidar_panorama,C5_lidar_panorama,off,panorama,False,True
1779496719.1313367,4994,25.2771,1779496719.1060596,False,C5_lidar_panorama,C5_lidar_panorama,off,panorama,False,True
1779496719.2173853,4995,10.7272,1779496719.2066581,False,C5_lidar_panorama,C5_lidar_panorama,off,panorama,False,True
1779496719.368368,4996,61.2047,1779496719.3071632,False,C5_lidar_panorama,C5_lidar_panorama,off,panorama,False,True
1779496719.456195,4997,46.0989,1779496719.4100962,False,C5_lidar_panorama,C5_lidar_panorama,off,panorama,False,True
1779496719.5423522,4998,31.1201,1779496719.5112321,False,C5_lidar_panorama,C5_lidar_panorama,off,panorama,False,True
1779496719.632595,4999,20.6926,1779496719.6119025,False,C5_lidar_panorama,C5_lidar_panorama,off,panorama,False,True
1779496719.723739,5000,11.4393,1779496719.7122996,False,C5_lidar_panorama,C5_lidar_panorama,off,panorama,False,True
1779496719.8784678,5001,65.8052,1779496719.8126626,False,C5_lidar_panorama,C5_lidar_panorama,off,panorama,False,True
1779496719.9653735,5002,52.0618,1779496719.9133117,False,C5_lidar_panorama,C5_lidar_panorama,off,panorama,False,True
1779496720.0540857,5003,40.2536,1779496720.013832,False,C5_lidar_panorama,C5_lidar_panorama,off,panorama,False,True
1779496720.1689746,5004,54.9917,1779496720.113983,False,C5_lidar_panorama,C5_lidar_panorama,off,panorama,False,True
1779496720.2687197,5005,54.2293,1779496720.2144904,False,C5_lidar_panorama,C5_lidar_panorama,off,panorama,False,True
1779496720.3559222,5006,40.5781,1779496720.315344,False,C5_lidar_panorama,C5_lidar_panorama,off,panorama,False,True
1779496720.4434433,5007,27.6775,1779496720.4157658,False,C5_lidar_panorama,C5_lidar_panorama,off,panorama,False,True
1779496720.533559,5008,16.4561,1779496720.517103,False,C5_lidar_panorama,C5_lidar_panorama,off,panorama,False,True
1779496720.625123,5009,7.5772,1779496720.6175458,False,C5_lidar_panorama,C5_lidar_panorama,off,panorama,False,True
1779496720.7312214,5010,13.3746,1779496720.7178469,False,C5_lidar_panorama,C5_lidar_panorama,off,panorama,False,True
1779496720.8224916,5011,4.2436,1779496720.818248,False,C5_lidar_panorama,C5_lidar_panorama,off,panorama,False,True
1779496720.9348114,5012,15.6229,1779496720.9191885,False,C5_lidar_panorama,C5_lidar_panorama,off,panorama,False,True
1779496721.0278916,5013,8.1694,1779496721.0197222,False,C5_lidar_panorama,C5_lidar_panorama,off,panorama,False,True
1779496721.136223,5014,16.2601,1779496721.119963,False,C5_lidar_panorama,C5_lidar_panorama,off,panorama,False,True
1779496721.2287097,5015,8.1398,1779496721.2205698,False,C5_lidar_panorama,C5_lidar_panorama,off,panorama,False,True
1779496721.3362217,5016,15.1494,1779496721.3210723,False,C5_lidar_panorama,C5_lidar_panorama,off,panorama,False,True
1779496721.4432585,5017,21.4238,1779496721.4218347,False,C5_lidar_panorama,C5_lidar_panorama,off,panorama,False,True
1779496721.5396497,5018,17.4694,1779496721.5221803,False,C5_lidar_panorama,C5_lidar_panorama,off,panorama,False,True
1779496721.636012,5019,13.2716,1779496721.6227405,False,C5_lidar_panorama,C5_lidar_panorama,off,panorama,False,True
1779496721.7384677,5020,15.085,1779496721.7233827,False,C5_lidar_panorama,C5_lidar_panorama,off,panorama,False,True
1779496721.830802,5021,6.9335,1779496721.8238685,False,C5_lidar_panorama,C5_lidar_panorama,off,panorama,False,True
1779496721.9419072,5022,17.7481,1779496721.924159,False,C5_lidar_panorama,C5_lidar_panorama,off,panorama,False,True
1779496722.037297,5023,12.7203,1779496722.0245767,False,C5_lidar_panorama,C5_lidar_panorama,off,panorama,False,True
1779496722.1676927,5024,42.3698,1779496722.1253228,False,C5_lidar_panorama,C5_lidar_panorama,off,panorama,False,True
1779496722.2383332,5025,12.8746,1779496722.2254586,False,C5_lidar_panorama,C5_lidar_panorama,off,panorama,False,True
1779496722.3332853,5026,7.6206,1779496722.3256648,False,C5_lidar_panorama,C5_lidar_panorama,off,panorama,False,True
1779496722.5043788,5027,78.0282,1779496722.4263506,False,C5_lidar_panorama,C5_lidar_panorama,off,panorama,False,True
1779496722.5781481,5028,51.3513,1779496722.5267968,False,C5_lidar_panorama,C5_lidar_panorama,off,panorama,False,True
1779496722.6484745,5029,21.1093,1779496722.627365,False,C5_lidar_panorama,C5_lidar_panorama,off,panorama,False,True
1779496722.7658913,5030,37.8978,1779496722.7279935,False,C5_lidar_panorama,C5_lidar_panorama,off,panorama,False,True
1779496722.8506873,5031,22.0695,1779496722.8286178,False,C5_lidar_panorama,C5_lidar_panorama,off,panorama,False,True
1779496722.9555452,5032,26.4933,1779496722.9290519,False,C5_lidar_panorama,C5_lidar_panorama,off,panorama,False,True
1779496723.0407474,5033,11.2519,1779496723.0294955,False,C5_lidar_panorama,C5_lidar_panorama,off,panorama,False,True
1779496723.1388996,5034,8.7523,1779496723.1301472,False,C5_lidar_panorama,C5_lidar_panorama,off,panorama,False,True
1779496723.2561865,5035,25.3572,1779496723.2308292,False,C5_lidar_panorama,C5_lidar_panorama,off,panorama,False,True
1779496723.3366568,5036,5.224,1779496723.3314328,False,C5_lidar_panorama,C5_lidar_panorama,off,panorama,False,True
1779496723.484387,5037,30.76,1779496723.4536269,False,C5_lidar_panorama,C5_lidar_panorama,off,panorama,False,True
1779496723.5687523,5038,13.2492,1779496723.5555031,False,C5_lidar_panorama,C5_lidar_panorama,off,panorama,False,True
1779496723.6787899,5039,6.5134,1779496723.6722765,False,C5_lidar_panorama,C5_lidar_panorama,off,panorama,False,True
1779496723.7850215,5040,12.1737,1779496723.772848,False,C5_lidar_panorama,C5_lidar_panorama,off,panorama,False,True
1779496723.87919,5041,5.8753,1779496723.8733146,False,C5_lidar_panorama,C5_lidar_panorama,off,panorama,False,True
1779496723.98896,5042,15.161,1779496723.973799,False,C5_lidar_panorama,C5_lidar_panorama,off,panorama,False,True
1779496724.0816367,5043,6.978,1779496724.0746586,False,C5_lidar_panorama,C5_lidar_panorama,off,panorama,False,True
1779496724.194849,5044,7.7026,1779496724.1871464,False,C5_lidar_panorama,C5_lidar_panorama,off,panorama,False,True
1779496724.2977211,5045,9.8922,1779496724.287829,False,C5_lidar_panorama,C5_lidar_panorama,off,panorama,False,True
1779496724.403958,5046,15.9359,1779496724.3880222,False,C5_lidar_panorama,C5_lidar_panorama,off,panorama,False,True
1779496724.499694,5047,11.1358,1779496724.4885583,False,C5_lidar_panorama,C5_lidar_panorama,off,panorama,False,True
1779496724.6031077,5048,13.8862,1779496724.5892215,False,C5_lidar_panorama,C5_lidar_panorama,off,panorama,False,True
1779496724.695519,5049,6.1574,1779496724.6893616,False,C5_lidar_panorama,C5_lidar_panorama,off,panorama,False,True
1779496724.803764,5050,14.1513,1779496724.7896128,False,C5_lidar_panorama,C5_lidar_panorama,off,panorama,False,True
1779496724.9523392,5051,62.433,1779496724.8899062,False,C5_lidar_panorama,C5_lidar_panorama,off,panorama,False,True
1779496725.0209785,5052,30.7248,1779496724.9902537,False,C5_lidar_panorama,C5_lidar_panorama,off,panorama,False,True
1779496725.1512277,5053,59.9675,1779496725.0912602,False,C5_lidar_panorama,C5_lidar_panorama,off,panorama,False,True
1779496725.2316847,5054,39.9547,1779496725.19173,False,C5_lidar_panorama,C5_lidar_panorama,off,panorama,False,True
1779496725.3160942,5055,24.1895,1779496725.2919047,False,C5_lidar_panorama,C5_lidar_panorama,off,panorama,False,True
1779496725.453081,5056,60.4334,1779496725.3926475,False,C5_lidar_panorama,C5_lidar_panorama,off,panorama,False,True
1779496725.5215023,5057,28.0645,1779496725.4934378,False,C5_lidar_panorama,C5_lidar_panorama,off,panorama,False,True
1779496725.6096182,5058,15.5842,1779496725.594034,False,C5_lidar_panorama,C5_lidar_panorama,off,panorama,False,True
1779496725.7180061,5059,23.4282,1779496725.694578,False,C5_lidar_panorama,C5_lidar_panorama,off,panorama,False,True
1779496725.8130398,5060,17.6601,1779496725.7953796,False,C5_lidar_panorama,C5_lidar_panorama,off,panorama,False,True
1779496725.927416,5061,31.8406,1779496725.8955755,False,C5_lidar_panorama,C5_lidar_panorama,off,panorama,False,True
1779496726.0174866,5062,20.8533,1779496725.9966333,False,C5_lidar_panorama,C5_lidar_panorama,off,panorama,False,True
1779496726.1118658,5063,14.7219,1779496726.097144,False,C5_lidar_panorama,C5_lidar_panorama,off,panorama,False,True
1779496726.2167976,5064,18.8632,1779496726.1979344,False,C5_lidar_panorama,C5_lidar_panorama,off,panorama,False,True
1779496726.3095968,5065,11.3091,1779496726.2982876,False,C5_lidar_panorama,C5_lidar_panorama,off,panorama,False,True
1779496726.4590678,5066,60.1563,1779496726.3989115,False,C5_lidar_panorama,C5_lidar_panorama,off,panorama,False,True
1779496726.5465024,5067,47.1199,1779496726.4993825,False,C5_lidar_panorama,C5_lidar_panorama,off,panorama,False,True
1779496726.6362312,5068,36.3963,1779496726.599835,False,C5_lidar_panorama,C5_lidar_panorama,off,panorama,False,True
1779496726.7125916,5069,12.3017,1779496726.70029,False,C5_lidar_panorama,C5_lidar_panorama,off,panorama,False,True
1779496726.8092859,5070,8.8861,1779496726.8003998,False,C5_lidar_panorama,C5_lidar_panorama,off,panorama,False,True
1779496726.9504895,5071,49.3631,1779496726.9011264,False,C5_lidar_panorama,C5_lidar_panorama,off,panorama,False,True
1779496727.0107145,5072,9.0261,1779496727.0016885,False,C5_lidar_panorama,C5_lidar_panorama,off,panorama,False,True
1779496727.1173954,5073,15.2805,1779496727.102115,False,C5_lidar_panorama,C5_lidar_panorama,off,panorama,False,True
1779496727.2095346,5074,6.5482,1779496727.2029865,False,C5_lidar_panorama,C5_lidar_panorama,off,panorama,False,True
1779496727.3162143,5075,12.6977,1779496727.3035166,False,C5_lidar_panorama,C5_lidar_panorama,off,panorama,False,True
1779496727.408874,5076,4.9174,1779496727.4039567,False,C5_lidar_panorama,C5_lidar_panorama,off,panorama,False,True
1779496727.5225887,5077,18.4772,1779496727.5041115,False,C5_lidar_panorama,C5_lidar_panorama,off,panorama,False,True
1779496727.6146898,5078,10.4439,1779496727.604246,False,C5_lidar_panorama,C5_lidar_panorama,off,panorama,False,True
1779496727.7231424,5079,18.5516,1779496727.7045908,False,C5_lidar_panorama,C5_lidar_panorama,off,panorama,False,True
1779496727.8347235,5080,29.9385,1779496727.804785,False,C5_lidar_panorama,C5_lidar_panorama,off,panorama,False,True
1779496727.9484057,5081,43.1933,1779496727.9052124,False,C5_lidar_panorama,C5_lidar_panorama,off,panorama,False,True
1779496728.0165455,5082,10.5231,1779496728.0060225,False,C5_lidar_panorama,C5_lidar_panorama,off,panorama,False,True
1779496728.1259928,5083,19.0892,1779496728.1069036,False,C5_lidar_panorama,C5_lidar_panorama,off,panorama,False,True
1779496728.2261772,5084,18.3825,1779496728.2077947,False,C5_lidar_panorama,C5_lidar_panorama,off,panorama,False,True
1779496728.313243,5085,4.7843,1779496728.3084586,False,C5_lidar_panorama,C5_lidar_panorama,off,panorama,False,True
1779496728.43835,5086,29.4926,1779496728.4088573,False,C5_lidar_panorama,C5_lidar_panorama,off,panorama,False,True
1779496728.526046,5087,16.8469,1779496728.5091991,False,C5_lidar_panorama,C5_lidar_panorama,off,panorama,False,True
1779496728.6229112,5088,13.1297,1779496728.6097815,False,C5_lidar_panorama,C5_lidar_panorama,off,panorama,False,True
1779496728.7292037,5089,18.8701,1779496728.7103336,False,C5_lidar_panorama,C5_lidar_panorama,off,panorama,False,True
1779496728.824849,5090,13.8235,1779496728.8110254,False,C5_lidar_panorama,C5_lidar_panorama,off,panorama,False,True
1779496728.9186502,5091,6.932,1779496728.9117181,False,C5_lidar_panorama,C5_lidar_panorama,off,panorama,False,True
1779496729.0797963,5092,67.7648,1779496729.0120316,False,C5_lidar_panorama,C5_lidar_panorama,off,panorama,False,True
1779496729.2176113,5093,104.9297,1779496729.1126816,False,C5_lidar_panorama,C5_lidar_panorama,off,panorama,False,True
1779496729.2271442,5094,13.9296,1779496729.2132146,False,C5_lidar_panorama,C5_lidar_panorama,off,panorama,False,True
1779496729.3228672,5095,8.7311,1779496729.314136,False,C5_lidar_panorama,C5_lidar_panorama,off,panorama,False,True
1779496729.4597545,5096,45.0106,1779496729.414744,False,C5_lidar_panorama,C5_lidar_panorama,off,panorama,False,True
1779496729.5280569,5097,12.8381,1779496729.5152187,False,C5_lidar_panorama,C5_lidar_panorama,off,panorama,False,True
1779496729.634168,5098,18.1477,1779496729.6160202,False,C5_lidar_panorama,C5_lidar_panorama,off,panorama,False,True
1779496729.727757,5099,11.1225,1779496729.7166345,False,C5_lidar_panorama,C5_lidar_panorama,off,panorama,False,True
1779496729.8423426,5100,24.9226,1779496729.81742,False,C5_lidar_panorama,C5_lidar_panorama,off,panorama,False,True
1779496729.943499,5101,25.4996,1779496729.9179995,False,C5_lidar_panorama,C5_lidar_panorama,off,panorama,False,True
1779496730.039303,5102,21.1511,1779496730.018152,False,C5_lidar_panorama,C5_lidar_panorama,off,panorama,False,True
1779496730.1303456,5103,11.5407,1779496730.118805,False,C5_lidar_panorama,C5_lidar_panorama,off,panorama,False,True
1779496730.2382026,5104,18.997,1779496730.2192056,False,C5_lidar_panorama,C5_lidar_panorama,off,panorama,False,True
1779496730.3393912,5105,19.942,1779496730.3194492,False,C5_lidar_panorama,C5_lidar_panorama,off,panorama,False,True
1779496730.4577355,5106,37.8416,1779496730.419894,False,C5_lidar_panorama,C5_lidar_panorama,off,panorama,False,True
1779496730.552992,5107,32.3739,1779496730.5206182,False,C5_lidar_panorama,C5_lidar_panorama,off,panorama,False,True
1779496730.6427279,5108,21.8778,1779496730.62085,False,C5_lidar_panorama,C5_lidar_panorama,off,panorama,False,True
1779496730.7355864,5109,14.0138,1779496730.7215726,False,C5_lidar_panorama,C5_lidar_panorama,off,panorama,False,True
1779496730.8401327,5110,18.1935,1779496730.8219392,False,C5_lidar_panorama,C5_lidar_panorama,off,panorama,False,True
1779496730.95273,5111,30.549,1779496730.922181,False,C5_lidar_panorama,C5_lidar_panorama,off,panorama,False,True
1779496731.0463355,5112,23.6497,1779496731.0226858,False,C5_lidar_panorama,C5_lidar_panorama,off,panorama,False,True
1779496731.1973817,5113,74.2395,1779496731.1231422,False,C5_lidar_panorama,C5_lidar_panorama,off,panorama,False,True
1779496731.2324243,5114,8.7018,1779496731.2237225,False,C5_lidar_panorama,C5_lidar_panorama,off,panorama,False,True
1779496731.3453197,5115,20.998,1779496731.3243217,False,C5_lidar_panorama,C5_lidar_panorama,off,panorama,False,True
1779496731.4512546,5116,26.2213,1779496731.4250333,False,C5_lidar_panorama,C5_lidar_panorama,off,panorama,False,True
1779496731.5489745,5117,23.6881,1779496731.5252864,False,C5_lidar_panorama,C5_lidar_panorama,off,panorama,False,True
1779496731.6374953,5118,12.028,1779496731.6254673,False,C5_lidar_panorama,C5_lidar_panorama,off,panorama,False,True
1779496731.7462425,5119,20.335,1779496731.7259076,False,C5_lidar_panorama,C5_lidar_panorama,off,panorama,False,True
1779496731.835986,5120,9.6793,1779496731.8263066,False,C5_lidar_panorama,C5_lidar_panorama,off,panorama,False,True
1779496731.9566503,5121,29.6378,1779496731.9270124,False,C5_lidar_panorama,C5_lidar_panorama,off,panorama,False,True
1779496732.0419588,5122,14.5893,1779496732.0273695,False,C5_lidar_panorama,C5_lidar_panorama,off,panorama,False,True
1779496732.1476507,5123,19.834,1779496732.1278167,False,C5_lidar_panorama,C5_lidar_panorama,off,panorama,False,True
1779496732.2429607,5124,14.5283,1779496732.2284324,False,C5_lidar_panorama,C5_lidar_panorama,off,panorama,False,True
1779496732.3383844,5125,9.7756,1779496732.3286088,False,C5_lidar_panorama,C5_lidar_panorama,off,panorama,False,True
1779496732.4616184,5126,32.9022,1779496732.4287162,False,C5_lidar_panorama,C5_lidar_panorama,off,panorama,False,True
1779496732.5384467,5127,9.1748,1779496732.5292718,False,C5_lidar_panorama,C5_lidar_panorama,off,panorama,False,True
1779496732.6444976,5128,14.307,1779496732.6301906,False,C5_lidar_panorama,C5_lidar_panorama,off,panorama,False,True
1779496732.7380571,5129,7.5207,1779496732.7305365,False,C5_lidar_panorama,C5_lidar_panorama,off,panorama,False,True
1779496732.8461542,5130,15.0783,1779496732.831076,False,C5_lidar_panorama,C5_lidar_panorama,off,panorama,False,True
1779496732.9620128,5131,30.2896,1779496732.931723,False,C5_lidar_panorama,C5_lidar_panorama,off,panorama,False,True
1779496733.046106,5132,13.7999,1779496733.0323062,False,C5_lidar_panorama,C5_lidar_panorama,off,panorama,False,True
1779496733.151354,5133,18.9412,1779496733.132413,False,C5_lidar_panorama,C5_lidar_panorama,off,panorama,False,True
1779496733.2434292,5134,10.5751,1779496733.2328541,False,C5_lidar_panorama,C5_lidar_panorama,off,panorama,False,True
1779496733.41841,5135,85.0618,1779496733.3333483,False,C5_lidar_panorama,C5_lidar_panorama,off,panorama,False,True
1779496733.5450232,5136,111.1667,1779496733.4338565,False,C5_lidar_panorama,C5_lidar_panorama,off,panorama,False,True
1779496733.552415,5137,18.1451,1779496733.5342698,False,C5_lidar_panorama,C5_lidar_panorama,off,panorama,False,True
1779496733.6453416,5138,10.7884,1779496733.6345532,False,C5_lidar_panorama,C5_lidar_panorama,off,panorama,False,True
1779496733.7538352,5139,19.1364,1779496733.7346988,False,C5_lidar_panorama,C5_lidar_panorama,off,panorama,False,True
1779496733.847562,5140,12.4021,1779496733.83516,False,C5_lidar_panorama,C5_lidar_panorama,off,panorama,False,True
1779496734.009197,5141,73.2105,1779496733.9359865,False,C5_lidar_panorama,C5_lidar_panorama,off,panorama,False,True
1779496734.0964515,5142,59.6383,1779496734.0368133,False,C5_lidar_panorama,C5_lidar_panorama,off,panorama,False,True
1779496734.1809688,5143,43.9298,1779496734.137039,False,C5_lidar_panorama,C5_lidar_panorama,off,panorama,False,True
1779496734.2539377,5144,16.7704,1779496734.2371674,False,C5_lidar_panorama,C5_lidar_panorama,off,panorama,False,True
1779496734.3465674,5145,8.9421,1779496734.3376253,False,C5_lidar_panorama,C5_lidar_panorama,off,panorama,False,True
1779496734.5247552,5146,86.8685,1779496734.4378867,False,C5_lidar_panorama,C5_lidar_panorama,off,panorama,False,True
1779496734.5436018,5147,4.8971,1779496734.5387046,False,C5_lidar_panorama,C5_lidar_panorama,off,panorama,False,True
1779496734.7504632,5148,111.3334,1779496734.6391299,False,C5_lidar_panorama,C5_lidar_panorama,off,panorama,False,True
1779496734.750995,5149,11.1887,1779496734.7398062,False,C5_lidar_panorama,C5_lidar_panorama,off,panorama,False,True
1779496734.857648,5150,17.1721,1779496734.8404758,False,C5_lidar_panorama,C5_lidar_panorama,off,panorama,False,True
1779496734.9697177,5151,28.5909,1779496734.9411268,False,C5_lidar_panorama,C5_lidar_panorama,off,panorama,False,True
1779496735.0634325,5152,21.6222,1779496735.0418103,False,C5_lidar_panorama,C5_lidar_panorama,off,panorama,False,True
1779496735.1544142,5153,11.4887,1779496735.1429255,False,C5_lidar_panorama,C5_lidar_panorama,off,panorama,False,True
1779496735.2645867,5154,21.1172,1779496735.2434695,False,C5_lidar_panorama,C5_lidar_panorama,off,panorama,False,True
1779496735.3582833,5155,14.359,1779496735.3439243,False,C5_lidar_panorama,C5_lidar_panorama,off,panorama,False,True
1779496735.5251539,5156,80.6744,1779496735.4444795,False,C5_lidar_panorama,C5_lidar_panorama,off,panorama,False,True
1779496735.5913575,5157,45.7397,1779496735.5456178,False,C5_lidar_panorama,C5_lidar_panorama,off,panorama,False,True
1779496735.6700928,5158,23.9305,1779496735.6461623,False,C5_lidar_panorama,C5_lidar_panorama,off,panorama,False,True
1779496735.7620747,5159,15.1591,1779496735.7469156,False,C5_lidar_panorama,C5_lidar_panorama,off,panorama,False,True
1779496735.8569262,5160,9.3689,1779496735.8475573,False,C5_lidar_panorama,C5_lidar_panorama,off,panorama,False,True
1779496735.9708755,5161,4.6899,1779496735.9661856,False,C5_lidar_panorama,C5_lidar_panorama,off,panorama,False,True
1779496736.0741413,5162,6.3629,1779496736.0677783,False,C5_lidar_panorama,C5_lidar_panorama,off,panorama,False,True
1779496736.1853552,5163,17.1278,1779496736.1682274,False,C5_lidar_panorama,C5_lidar_panorama,off,panorama,False,True
1779496736.2780094,5164,9.6278,1779496736.2683816,False,C5_lidar_panorama,C5_lidar_panorama,off,panorama,False,True
1779496736.3732228,5165,3.9496,1779496736.3692732,False,C5_lidar_panorama,C5_lidar_panorama,off,panorama,False,True
1779496736.478464,5166,8.3334,1779496736.4701304,False,C5_lidar_panorama,C5_lidar_panorama,off,panorama,False,True
1779496736.5761395,5167,5.0085,1779496736.571131,False,C5_lidar_panorama,C5_lidar_panorama,off,panorama,False,True
1779496736.6879323,5168,16.5002,1779496736.671432,False,C5_lidar_panorama,C5_lidar_panorama,off,panorama,False,True
1779496736.7801802,5169,8.2099,1779496736.7719703,False,C5_lidar_panorama,C5_lidar_panorama,off,panorama,False,True
1779496736.8926666,5170,20.4616,1779496736.872205,False,C5_lidar_panorama,C5_lidar_panorama,off,panorama,False,True
1779496736.9951143,5171,21.8847,1779496736.9732296,False,C5_lidar_panorama,C5_lidar_panorama,off,panorama,False,True
1779496737.0895329,5172,15.8346,1779496737.0736983,False,C5_lidar_panorama,C5_lidar_panorama,off,panorama,False,True
1779496737.1918087,5173,17.4897,1779496737.174319,False,C5_lidar_panorama,C5_lidar_panorama,off,panorama,False,True
1779496737.2913902,5174,16.582,1779496737.2748082,False,C5_lidar_panorama,C5_lidar_panorama,off,panorama,False,True
1779496737.383136,5175,7.8325,1779496737.3753035,False,C5_lidar_panorama,C5_lidar_panorama,off,panorama,False,True
1779496737.4927406,5176,17.0174,1779496737.4757233,False,C5_lidar_panorama,C5_lidar_panorama,off,panorama,False,True
1779496737.5846965,5177,8.5654,1779496737.576131,False,C5_lidar_panorama,C5_lidar_panorama,off,panorama,False,True
1779496737.754058,5178,77.7071,1779496737.6763508,False,C5_lidar_panorama,C5_lidar_panorama,off,panorama,False,True
1779496737.7825193,5179,5.5861,1779496737.7769332,False,C5_lidar_panorama,C5_lidar_panorama,off,panorama,False,True
1779496737.8953116,5180,18.1465,1779496737.877165,False,C5_lidar_panorama,C5_lidar_panorama,off,panorama,False,True
1779496738.0247383,5181,47.4424,1779496737.9772959,False,C5_lidar_panorama,C5_lidar_panorama,off,panorama,False,True
1779496738.1340575,5182,56.4351,1779496738.0776224,False,C5_lidar_panorama,C5_lidar_panorama,off,panorama,False,True
1779496738.2318344,5183,53.2141,1779496738.1786203,False,C5_lidar_panorama,C5_lidar_panorama,off,panorama,False,True
1779496738.3439572,5184,65.012,1779496738.2789452,False,C5_lidar_panorama,C5_lidar_panorama,off,panorama,False,True
1779496738.4317517,5185,52.2549,1779496738.3794968,False,C5_lidar_panorama,C5_lidar_panorama,off,panorama,False,True
1779496738.5018964,5186,21.9312,1779496738.4799652,False,C5_lidar_panorama,C5_lidar_panorama,off,panorama,False,True
1779496738.5954585,5187,14.755,1779496738.5807035,False,C5_lidar_panorama,C5_lidar_panorama,off,panorama,False,True
1779496738.6880524,5188,6.8667,1779496738.6811857,False,C5_lidar_panorama,C5_lidar_panorama,off,panorama,False,True
1779496738.7959273,5189,14.4465,1779496738.7814808,False,C5_lidar_panorama,C5_lidar_panorama,off,panorama,False,True
1779496738.892059,5190,10.088,1779496738.8819711,False,C5_lidar_panorama,C5_lidar_panorama,off,panorama,False,True
1779496739.0012493,5191,18.8584,1779496738.9823909,False,C5_lidar_panorama,C5_lidar_panorama,off,panorama,False,True
1779496739.0908427,5192,7.6547,1779496739.083188,False,C5_lidar_panorama,C5_lidar_panorama,off,panorama,False,True
1779496739.2001152,5193,16.3782,1779496739.183737,False,C5_lidar_panorama,C5_lidar_panorama,off,panorama,False,True
1779496739.2953465,5194,11.3895,1779496739.283957,False,C5_lidar_panorama,C5_lidar_panorama,off,panorama,False,True
1779496739.440923,5195,56.3111,1779496739.3846118,False,C5_lidar_panorama,C5_lidar_panorama,off,panorama,False,True
1779496739.525599,5196,40.2942,1779496739.4853048,False,C5_lidar_panorama,C5_lidar_panorama,off,panorama,False,True
1779496739.6108851,5197,24.9157,1779496739.5859694,False,C5_lidar_panorama,C5_lidar_panorama,off,panorama,False,True
1779496739.700914,5198,14.7169,1779496739.686197,False,C5_lidar_panorama,C5_lidar_panorama,off,panorama,False,True
1779496739.8535097,5199,66.3767,1779496739.787133,False,C5_lidar_panorama,C5_lidar_panorama,off,panorama,False,True
1779496739.9415138,5200,53.6492,1779496739.8878646,False,C5_lidar_panorama,C5_lidar_panorama,off,panorama,False,True
1779496740.028183,5201,39.9144,1779496739.9882686,False,C5_lidar_panorama,C5_lidar_panorama,off,panorama,False,True
1779496740.1157951,5202,26.9957,1779496740.0887995,False,C5_lidar_panorama,C5_lidar_panorama,off,panorama,False,True
1779496740.2107575,5203,21.4562,1779496740.1893013,False,C5_lidar_panorama,C5_lidar_panorama,off,panorama,False,True
1779496740.3035254,5204,13.8533,1779496740.2896721,False,C5_lidar_panorama,C5_lidar_panorama,off,panorama,False,True
1779496740.3972645,5205,7.4027,1779496740.3898618,False,C5_lidar_panorama,C5_lidar_panorama,off,panorama,False,True
1779496740.5062387,5206,15.7416,1779496740.490497,False,C5_lidar_panorama,C5_lidar_panorama,off,panorama,False,True
1779496740.6029623,5207,12.1341,1779496740.5908282,False,C5_lidar_panorama,C5_lidar_panorama,off,panorama,False,True
1779496740.7098565,5208,18.8079,1779496740.6910486,False,C5_lidar_panorama,C5_lidar_panorama,off,panorama,False,True
1779496740.8019612,5209,10.5202,1779496740.791441,False,C5_lidar_panorama,C5_lidar_panorama,off,panorama,False,True
1779496740.9230254,5210,31.0805,1779496740.891945,False,C5_lidar_panorama,C5_lidar_panorama,off,panorama,False,True
1779496741.024509,5211,31.9877,1779496740.9925213,False,C5_lidar_panorama,C5_lidar_panorama,off,panorama,False,True
1779496741.114445,5212,21.2569,1779496741.093188,False,C5_lidar_panorama,C5_lidar_panorama,off,panorama,False,True
1779496741.2064455,5213,13.1271,1779496741.1933184,False,C5_lidar_panorama,C5_lidar_panorama,off,panorama,False,True
1779496741.3159137,5214,22.0544,1779496741.2938592,False,C5_lidar_panorama,C5_lidar_panorama,off,panorama,False,True
1779496741.411723,5215,17.2737,1779496741.3944492,False,C5_lidar_panorama,C5_lidar_panorama,off,panorama,False,True
1779496741.52478,5216,29.4716,1779496741.4953084,False,C5_lidar_panorama,C5_lidar_panorama,off,panorama,False,True
1779496741.6141086,5217,17.9369,1779496741.5961716,False,C5_lidar_panorama,C5_lidar_panorama,off,panorama,False,True
1779496741.708281,5218,11.2076,1779496741.6970735,False,C5_lidar_panorama,C5_lidar_panorama,off,panorama,False,True
1779496741.8131433,5219,15.2171,1779496741.7979262,False,C5_lidar_panorama,C5_lidar_panorama,off,panorama,False,True
1779496741.9082756,5220,9.5894,1779496741.8986862,False,C5_lidar_panorama,C5_lidar_panorama,off,panorama,False,True
1779496742.0127032,5221,4.8394,1779496742.0078638,False,C5_lidar_panorama,C5_lidar_panorama,off,panorama,False,True
1779496742.1246397,5222,15.8639,1779496742.1087759,False,C5_lidar_panorama,C5_lidar_panorama,off,panorama,False,True
1779496742.2194862,5223,10.0656,1779496742.2094207,False,C5_lidar_panorama,C5_lidar_panorama,off,panorama,False,True
1779496742.3251605,5224,14.9951,1779496742.3101654,False,C5_lidar_panorama,C5_lidar_panorama,off,panorama,False,True
1779496742.4211688,5225,10.3638,1779496742.410805,False,C5_lidar_panorama,C5_lidar_panorama,off,panorama,False,True
1779496742.5690575,5226,57.6105,1779496742.511447,False,C5_lidar_panorama,C5_lidar_panorama,off,panorama,False,True
1779496742.6568146,5227,44.6558,1779496742.6121588,False,C5_lidar_panorama,C5_lidar_panorama,off,panorama,False,True
1779496742.7518888,5228,39.3345,1779496742.7125542,False,C5_lidar_panorama,C5_lidar_panorama,off,panorama,False,True
1779496742.8370688,5229,23.7732,1779496742.8132956,False,C5_lidar_panorama,C5_lidar_panorama,off,panorama,False,True
1779496742.9342277,5230,19.5463,1779496742.9146814,False,C5_lidar_panorama,C5_lidar_panorama,off,panorama,False,True
1779496743.0339413,5231,18.5885,1779496743.0153527,False,C5_lidar_panorama,C5_lidar_panorama,off,panorama,False,True
1779496743.1393514,5232,23.4003,1779496743.115951,False,C5_lidar_panorama,C5_lidar_panorama,off,panorama,False,True
1779496743.2558908,5233,39.3977,1779496743.2164931,False,C5_lidar_panorama,C5_lidar_panorama,off,panorama,False,True
1779496743.349093,5234,31.9602,1779496743.3171327,False,C5_lidar_panorama,C5_lidar_panorama,off,panorama,False,True
1779496743.432003,5235,14.3154,1779496743.4176877,False,C5_lidar_panorama,C5_lidar_panorama,off,panorama,False,True
1779496743.5408902,5236,23.104,1779496743.5177863,False,C5_lidar_panorama,C5_lidar_panorama,off,panorama,False,True
1779496743.6319969,5237,14.0841,1779496743.6179128,False,C5_lidar_panorama,C5_lidar_panorama,off,panorama,False,True
1779496743.725145,5238,6.7444,1779496743.7184007,False,C5_lidar_panorama,C5_lidar_panorama,off,panorama,False,True
1779496743.8647463,5239,45.9034,1779496743.818843,False,C5_lidar_panorama,C5_lidar_panorama,off,panorama,False,True
1779496743.9494145,5240,29.9742,1779496743.9194403,False,C5_lidar_panorama,C5_lidar_panorama,off,panorama,False,True
1779496744.038454,5241,18.4984,1779496744.0199556,False,C5_lidar_panorama,C5_lidar_panorama,off,panorama,False,True
1779496744.1412683,5242,19.5856,1779496744.1216826,False,C5_lidar_panorama,C5_lidar_panorama,off,panorama,False,True
1779496744.2543352,5243,32.0058,1779496744.2223294,False,C5_lidar_panorama,C5_lidar_panorama,off,panorama,False,True
1779496744.340294,5244,17.2653,1779496744.3230286,False,C5_lidar_panorama,C5_lidar_panorama,off,panorama,False,True
1779496744.4400034,5245,16.2687,1779496744.4237347,False,C5_lidar_panorama,C5_lidar_panorama,off,panorama,False,True
1779496744.5318184,5246,7.3035,1779496744.524515,False,C5_lidar_panorama,C5_lidar_panorama,off,panorama,False,True
1779496744.643357,5247,18.0912,1779496744.6252658,False,C5_lidar_panorama,C5_lidar_panorama,off,panorama,False,True
1779496744.7475066,5248,21.4899,1779496744.7260168,False,C5_lidar_panorama,C5_lidar_panorama,off,panorama,False,True
1779496744.8613567,5249,34.4844,1779496744.8268723,False,C5_lidar_panorama,C5_lidar_panorama,off,panorama,False,True
1779496744.9580054,5250,30.853,1779496744.9271524,False,C5_lidar_panorama,C5_lidar_panorama,off,panorama,False,True
1779496745.0443523,5251,16.6645,1779496745.0276878,False,C5_lidar_panorama,C5_lidar_panorama,off,panorama,False,True
1779496745.1375227,5252,9.1114,1779496745.1284113,False,C5_lidar_panorama,C5_lidar_panorama,off,panorama,False,True
1779496745.2990205,5253,69.9584,1779496745.229062,False,C5_lidar_panorama,C5_lidar_panorama,off,panorama,False,True
1779496745.380503,5254,51.0836,1779496745.3294194,False,C5_lidar_panorama,C5_lidar_panorama,off,panorama,False,True
1779496745.4683576,5255,38.4874,1779496745.4298701,False,C5_lidar_panorama,C5_lidar_panorama,off,panorama,False,True
1779496745.553261,5256,23.3526,1779496745.5299084,False,C5_lidar_panorama,C5_lidar_panorama,off,panorama,False,True
1779496745.6406162,5257,10.0565,1779496745.6305597,False,C5_lidar_panorama,C5_lidar_panorama,off,panorama,False,True
1779496745.797006,5258,66.2358,1779496745.73077,False,C5_lidar_panorama,C5_lidar_panorama,off,panorama,False,True
1779496745.8798175,5259,48.7461,1779496745.8310714,False,C5_lidar_panorama,C5_lidar_panorama,off,panorama,False,True
1779496745.9644177,5260,33.1953,1779496745.9312224,False,C5_lidar_panorama,C5_lidar_panorama,off,panorama,False,True
1779496746.0493693,5261,17.2267,1779496746.0321426,False,C5_lidar_panorama,C5_lidar_panorama,off,panorama,False,True
1779496746.152698,5262,20.0071,1779496746.132691,False,C5_lidar_panorama,C5_lidar_panorama,off,panorama,False,True
1779496746.2982569,5263,64.651,1779496746.2336059,False,C5_lidar_panorama,C5_lidar_panorama,off,panorama,False,True
1779496746.3839803,5264,49.7363,1779496746.334244,False,C5_lidar_panorama,C5_lidar_panorama,off,panorama,False,True
1779496746.4693148,5265,34.2634,1779496746.4350514,False,C5_lidar_panorama,C5_lidar_panorama,off,panorama,False,True
1779496746.5558991,5266,20.4384,1779496746.5354607,False,C5_lidar_panorama,C5_lidar_panorama,off,panorama,False,True
1779496746.6490126,5267,13.2194,1779496746.6357932,False,C5_lidar_panorama,C5_lidar_panorama,off,panorama,False,True
1779496746.7621837,5268,7.2377,1779496746.754946,False,C5_lidar_panorama,C5_lidar_panorama,off,panorama,False,True
1779496746.8638668,5269,8.1866,1779496746.8556802,False,C5_lidar_panorama,C5_lidar_panorama,off,panorama,False,True
1779496747.0175195,5270,61.6665,1779496746.955853,False,C5_lidar_panorama,C5_lidar_panorama,off,panorama,False,True
1779496747.104643,5271,48.5525,1779496747.0560906,False,C5_lidar_panorama,C5_lidar_panorama,off,panorama,False,True
1779496747.1935813,5272,36.7625,1779496747.1568189,False,C5_lidar_panorama,C5_lidar_panorama,off,panorama,False,True
1779496747.275893,5273,9.9566,1779496747.2659364,False,C5_lidar_panorama,C5_lidar_panorama,off,panorama,False,True
1779496747.3983436,5274,30.6008,1779496747.3677428,False,C5_lidar_panorama,C5_lidar_panorama,off,panorama,False,True
1779496747.483092,5275,14.9457,1779496747.4681463,False,C5_lidar_panorama,C5_lidar_panorama,off,panorama,False,True
1779496747.5814426,5276,12.738,1779496747.5687046,False,C5_lidar_panorama,C5_lidar_panorama,off,panorama,False,True
1779496747.734525,5277,65.5053,1779496747.6690197,False,C5_lidar_panorama,C5_lidar_panorama,off,panorama,False,True
1779496747.8189244,5278,49.2122,1779496747.7697122,False,C5_lidar_panorama,C5_lidar_panorama,off,panorama,False,True
1779496747.9033873,5279,33.2196,1779496747.8701677,False,C5_lidar_panorama,C5_lidar_panorama,off,panorama,False,True
1779496747.9879196,5280,17.3438,1779496747.9705758,False,C5_lidar_panorama,C5_lidar_panorama,off,panorama,False,True
1779496748.0818067,5281,10.9665,1779496748.0708401,False,C5_lidar_panorama,C5_lidar_panorama,off,panorama,False,True
1779496748.1872506,5282,15.928,1779496748.1713226,False,C5_lidar_panorama,C5_lidar_panorama,off,panorama,False,True
1779496748.2831707,5283,9.5417,1779496748.273629,False,C5_lidar_panorama,C5_lidar_panorama,off,panorama,False,True
1779496748.387637,5284,13.0663,1779496748.3745706,False,C5_lidar_panorama,C5_lidar_panorama,off,panorama,False,True
1779496748.5134878,5285,38.3041,1779496748.4751837,False,C5_lidar_panorama,C5_lidar_panorama,off,panorama,False,True
1779496748.5867605,5286,11.1303,1779496748.5756302,False,C5_lidar_panorama,C5_lidar_panorama,off,panorama,False,True
1779496748.7011836,5287,24.8654,1779496748.6763182,False,C5_lidar_panorama,C5_lidar_panorama,off,panorama,False,True
1779496748.7853045,5288,8.0509,1779496748.7772536,False,C5_lidar_panorama,C5_lidar_panorama,off,panorama,False,True
1779496748.8819072,5289,3.8908,1779496748.8780165,False,C5_lidar_panorama,C5_lidar_panorama,off,panorama,False,True
1779496748.993157,5290,14.622,1779496748.978535,False,C5_lidar_panorama,C5_lidar_panorama,off,panorama,False,True
1779496749.1771462,5291,98.0294,1779496749.0791168,False,C5_lidar_panorama,C5_lidar_panorama,off,panorama,False,True
1779496749.1988335,5292,18.8289,1779496749.1800046,False,C5_lidar_panorama,C5_lidar_panorama,off,panorama,False,True
1779496749.2880514,5293,7.5979,1779496749.2804534,False,C5_lidar_panorama,C5_lidar_panorama,off,panorama,False,True
1779496749.39477,5294,13.5112,1779496749.3812587,False,C5_lidar_panorama,C5_lidar_panorama,off,panorama,False,True
1779496749.490385,5295,8.4634,1779496749.4819217,False,C5_lidar_panorama,C5_lidar_panorama,off,panorama,False,True
1779496749.6011307,5296,18.5735,1779496749.5825572,False,C5_lidar_panorama,C5_lidar_panorama,off,panorama,False,True
1779496749.6921425,5297,8.8422,1779496749.6833003,False,C5_lidar_panorama,C5_lidar_panorama,off,panorama,False,True
1779496749.8021967,5298,18.3156,1779496749.7838812,False,C5_lidar_panorama,C5_lidar_panorama,off,panorama,False,True
1779496749.8966746,5299,12.2447,1779496749.88443,False,C5_lidar_panorama,C5_lidar_panorama,off,panorama,False,True
1779496750.0621383,5300,77.1015,1779496749.9850368,False,C5_lidar_panorama,C5_lidar_panorama,off,panorama,False,True
1779496750.1504798,5301,64.0886,1779496750.0863912,False,C5_lidar_panorama,C5_lidar_panorama,off,panorama,False,True
1779496750.237975,5302,51.2562,1779496750.1867187,False,C5_lidar_panorama,C5_lidar_panorama,off,panorama,False,True
1779496750.3150356,5303,28.0437,1779496750.2869918,False,C5_lidar_panorama,C5_lidar_panorama,off,panorama,False,True
1779496750.405828,5304,18.3814,1779496750.3874466,False,C5_lidar_panorama,C5_lidar_panorama,off,panorama,False,True
1779496750.5272415,5305,39.3741,1779496750.4878674,False,C5_lidar_panorama,C5_lidar_panorama,off,panorama,False,True
1779496750.598339,5306,9.7365,1779496750.5886025,False,C5_lidar_panorama,C5_lidar_panorama,off,panorama,False,True
1779496750.7057858,5307,16.6698,1779496750.689116,False,C5_lidar_panorama,C5_lidar_panorama,off,panorama,False,True
1779496750.794844,5308,5.6207,1779496750.7892232,False,C5_lidar_panorama,C5_lidar_panorama,off,panorama,False,True
1779496750.9027576,5309,13.3398,1779496750.889418,False,C5_lidar_panorama,C5_lidar_panorama,off,panorama,False,True
1779496750.9975512,5310,7.6337,1779496750.9899175,False,C5_lidar_panorama,C5_lidar_panorama,off,panorama,False,True
1779496751.1035817,5311,13.2759,1779496751.0903058,False,C5_lidar_panorama,C5_lidar_panorama,off,panorama,False,True
1779496751.1963868,5312,5.758,1779496751.1906288,False,C5_lidar_panorama,C5_lidar_panorama,off,panorama,False,True
1779496751.305143,5313,14.2894,1779496751.2908537,False,C5_lidar_panorama,C5_lidar_panorama,off,panorama,False,True
1779496751.4140103,5314,22.2826,1779496751.3917277,False,C5_lidar_panorama,C5_lidar_panorama,off,panorama,False,True
1779496751.5347567,5315,42.1884,1779496751.4925683,False,C5_lidar_panorama,C5_lidar_panorama,off,panorama,False,True
1779496751.597878,5316,4.565,1779496751.593313,False,C5_lidar_panorama,C5_lidar_panorama,off,panorama,False,True
1779496751.704936,5317,11.2219,1779496751.6937141,False,C5_lidar_panorama,C5_lidar_panorama,off,panorama,False,True
1779496751.8139918,5318,19.8762,1779496751.7941155,False,C5_lidar_panorama,C5_lidar_panorama,off,panorama,False,True
1779496751.9138913,5319,19.0618,1779496751.8948295,False,C5_lidar_panorama,C5_lidar_panorama,off,panorama,False,True
1779496752.0536299,5320,58.2993,1779496751.9953306,False,C5_lidar_panorama,C5_lidar_panorama,off,panorama,False,True
1779496752.1495092,5321,53.359,1779496752.0961502,False,C5_lidar_panorama,C5_lidar_panorama,off,panorama,False,True
1779496752.233788,5322,37.1394,1779496752.1966486,False,C5_lidar_panorama,C5_lidar_panorama,off,panorama,False,True
1779496752.3281908,5323,31.1158,1779496752.297075,False,C5_lidar_panorama,C5_lidar_panorama,off,panorama,False,True
1779496752.4090781,5324,11.4417,1779496752.3976364,False,C5_lidar_panorama,C5_lidar_panorama,off,panorama,False,True
1779496752.5471785,5325,49.0718,1779496752.4981067,False,C5_lidar_panorama,C5_lidar_panorama,off,panorama,False,True
1779496752.6055326,5326,6.5758,1779496752.5989568,False,C5_lidar_panorama,C5_lidar_panorama,off,panorama,False,True
1779496752.7494483,5327,49.4456,1779496752.7000027,False,C5_lidar_panorama,C5_lidar_panorama,off,panorama,False,True
1779496752.8344991,5328,34.219,1779496752.80028,False,C5_lidar_panorama,C5_lidar_panorama,off,panorama,False,True
1779496752.9158027,5329,15.0557,1779496752.900747,False,C5_lidar_panorama,C5_lidar_panorama,off,panorama,False,True
1779496753.043406,5330,42.5463,1779496753.0008597,False,C5_lidar_panorama,C5_lidar_panorama,off,panorama,False,True
1779496753.1272852,5331,26.0925,1779496753.1011927,False,C5_lidar_panorama,C5_lidar_panorama,off,panorama,False,True
1779496753.2128737,5332,11.3621,1779496753.2015116,False,C5_lidar_panorama,C5_lidar_panorama,off,panorama,False,True
1779496753.3229604,5333,20.9177,1779496753.3020427,False,C5_lidar_panorama,C5_lidar_panorama,off,panorama,False,True
1779496753.415128,5334,12.6712,1779496753.4024568,False,C5_lidar_panorama,C5_lidar_panorama,off,panorama,False,True
1779496753.576157,5335,72.5274,1779496753.5036297,False,C5_lidar_panorama,C5_lidar_panorama,off,panorama,False,True
1779496753.6604643,5336,56.1316,1779496753.6043327,False,C5_lidar_panorama,C5_lidar_panorama,off,panorama,False,True
1779496753.760341,5337,55.5215,1779496753.7048194,False,C5_lidar_panorama,C5_lidar_panorama,off,panorama,False,True
1779496753.8172946,5338,11.631,1779496753.8056636,False,C5_lidar_panorama,C5_lidar_panorama,off,panorama,False,True
1779496753.9271111,5339,20.7889,1779496753.9063222,False,C5_lidar_panorama,C5_lidar_panorama,off,panorama,False,True
1779496754.081286,5340,74.3151,1779496754.006971,False,C5_lidar_panorama,C5_lidar_panorama,off,panorama,False,True
1779496754.17545,5341,68.1133,1779496754.1073368,False,C5_lidar_panorama,C5_lidar_panorama,off,panorama,False,True
1779496754.2601042,5342,52.4371,1779496754.207667,False,C5_lidar_panorama,C5_lidar_panorama,off,panorama,False,True
1779496754.3423243,5343,34.1239,1779496754.3082004,False,C5_lidar_panorama,C5_lidar_panorama,off,panorama,False,True
1779496754.424447,5344,16.1228,1779496754.4083242,False,C5_lidar_panorama,C5_lidar_panorama,off,panorama,False,True
1779496754.5432491,5345,34.7719,1779496754.5084772,False,C5_lidar_panorama,C5_lidar_panorama,off,panorama,False,True
1779496754.6254568,5346,16.5894,1779496754.6088674,False,C5_lidar_panorama,C5_lidar_panorama,off,panorama,False,True
1779496754.7205622,5347,11.2565,1779496754.7093058,False,C5_lidar_panorama,C5_lidar_panorama,off,panorama,False,True
1779496754.826648,5348,16.9027,1779496754.8097453,False,C5_lidar_panorama,C5_lidar_panorama,off,panorama,False,True
1779496754.919942,5349,9.7551,1779496754.9101868,False,C5_lidar_panorama,C5_lidar_panorama,off,panorama,False,True
1779496755.0610907,5350,50.405,1779496755.0106857,False,C5_lidar_panorama,C5_lidar_panorama,off,panorama,False,True
1779496755.1573865,5351,45.7659,1779496755.1116207,False,C5_lidar_panorama,C5_lidar_panorama,off,panorama,False,True
1779496755.2541518,5352,41.5516,1779496755.2126002,False,C5_lidar_panorama,C5_lidar_panorama,off,panorama,False,True
1779496755.3313928,5353,18.316,1779496755.3130767,False,C5_lidar_panorama,C5_lidar_panorama,off,panorama,False,True
1779496755.4234326,5354,9.6743,1779496755.4137583,False,C5_lidar_panorama,C5_lidar_panorama,off,panorama,False,True
1779496755.589515,5355,74.9006,1779496755.5146143,False,C5_lidar_panorama,C5_lidar_panorama,off,panorama,False,True
1779496755.6737669,5356,58.8856,1779496755.6148813,False,C5_lidar_panorama,C5_lidar_panorama,off,panorama,False,True
1779496755.7592893,5357,43.7326,1779496755.7155566,False,C5_lidar_panorama,C5_lidar_panorama,off,panorama,False,True
1779496755.8457417,5358,30.0522,1779496755.8156896,False,C5_lidar_panorama,C5_lidar_panorama,off,panorama,False,True
1779496755.9346306,5359,18.723,1779496755.9159076,False,C5_lidar_panorama,C5_lidar_panorama,off,panorama,False,True
1779496756.0412257,5360,24.4687,1779496756.016757,False,C5_lidar_panorama,C5_lidar_panorama,off,panorama,False,True
1779496756.1330836,5361,15.8038,1779496756.1172798,False,C5_lidar_panorama,C5_lidar_panorama,off,panorama,False,True
1779496756.2255168,5362,7.6077,1779496756.217909,False,C5_lidar_panorama,C5_lidar_panorama,off,panorama,False,True
1779496756.3354998,5363,16.7675,1779496756.3187323,False,C5_lidar_panorama,C5_lidar_panorama,off,panorama,False,True
1779496756.428435,5364,9.469,1779496756.418966,False,C5_lidar_panorama,C5_lidar_panorama,off,panorama,False,True
1779496756.5970576,5365,77.77,1779496756.5192876,False,C5_lidar_panorama,C5_lidar_panorama,off,panorama,False,True
1779496756.6636126,5366,43.5524,1779496756.6200602,False,C5_lidar_panorama,C5_lidar_panorama,off,panorama,False,True
1779496756.748791,5367,28.2211,1779496756.7205698,False,C5_lidar_panorama,C5_lidar_panorama,off,panorama,False,True
1779496756.8353996,5368,14.1354,1779496756.8212643,False,C5_lidar_panorama,C5_lidar_panorama,off,panorama,False,True
1779496756.9349873,5369,13.1512,1779496756.9218361,False,C5_lidar_panorama,C5_lidar_panorama,off,panorama,False,True
1779496757.1005843,5370,78.1124,1779496757.022472,False,C5_lidar_panorama,C5_lidar_panorama,off,panorama,False,True
1779496757.1330419,5371,9.9287,1779496757.1231132,False,C5_lidar_panorama,C5_lidar_panorama,off,panorama,False,True
1779496757.2453196,5372,21.9841,1779496757.2233355,False,C5_lidar_panorama,C5_lidar_panorama,off,panorama,False,True
1779496757.332323,5373,8.7609,1779496757.3235621,False,C5_lidar_panorama,C5_lidar_panorama,off,panorama,False,True
1779496757.443146,5374,19.3124,1779496757.4238336,False,C5_lidar_panorama,C5_lidar_panorama,off,panorama,False,True
1779496757.5558457,5375,31.4939,1779496757.5243518,False,C5_lidar_panorama,C5_lidar_panorama,off,panorama,False,True
1779496757.6653554,5376,40.5927,1779496757.6247628,False,C5_lidar_panorama,C5_lidar_panorama,off,panorama,False,True
1779496757.7432122,5377,18.2765,1779496757.7249358,False,C5_lidar_panorama,C5_lidar_panorama,off,panorama,False,True
1779496757.8432817,5378,17.8652,1779496757.8254166,False,C5_lidar_panorama,C5_lidar_panorama,off,panorama,False,True
1779496757.9424136,5379,16.4227,1779496757.9259908,False,C5_lidar_panorama,C5_lidar_panorama,off,panorama,False,True
1779496758.0964215,5380,70.1833,1779496758.0262382,False,C5_lidar_panorama,C5_lidar_panorama,off,panorama,False,True
1779496758.180705,5381,54.0161,1779496758.126689,False,C5_lidar_panorama,C5_lidar_panorama,off,panorama,False,True
1779496758.2636375,5382,36.401,1779496758.2272365,False,C5_lidar_panorama,C5_lidar_panorama,off,panorama,False,True
1779496758.3495965,5383,22.0582,1779496758.3275383,False,C5_lidar_panorama,C5_lidar_panorama,off,panorama,False,True
1779496758.4478564,5384,19.6013,1779496758.428255,False,C5_lidar_panorama,C5_lidar_panorama,off,panorama,False,True
1779496758.5610535,5385,31.9695,1779496758.529084,False,C5_lidar_panorama,C5_lidar_panorama,off,panorama,False,True
1779496758.6494741,5386,19.9876,1779496758.6294866,False,C5_lidar_panorama,C5_lidar_panorama,off,panorama,False,True
1779496758.7415895,5387,11.5449,1779496758.7300446,False,C5_lidar_panorama,C5_lidar_panorama,off,panorama,False,True
1779496758.8999803,5388,69.0491,1779496758.8309312,False,C5_lidar_panorama,C5_lidar_panorama,off,panorama,False,True
1779496758.984332,5389,52.9728,1779496758.9313593,False,C5_lidar_panorama,C5_lidar_panorama,off,panorama,False,True
1779496759.0728188,5390,41.0354,1779496759.0317833,False,C5_lidar_panorama,C5_lidar_panorama,off,panorama,False,True
1779496759.1674967,5391,34.7257,1779496759.132771,False,C5_lidar_panorama,C5_lidar_panorama,off,panorama,False,True
1779496759.2533808,5392,20.216,1779496759.2331648,False,C5_lidar_panorama,C5_lidar_panorama,off,panorama,False,True
1779496759.3491225,5393,15.7564,1779496759.3333662,False,C5_lidar_panorama,C5_lidar_panorama,off,panorama,False,True
1779496759.4544253,5394,20.7994,1779496759.433626,False,C5_lidar_panorama,C5_lidar_panorama,off,panorama,False,True
1779496759.5971346,5395,62.8247,1779496759.5343099,False,C5_lidar_panorama,C5_lidar_panorama,off,panorama,False,True
1779496759.6865406,5396,51.7006,1779496759.63484,False,C5_lidar_panorama,C5_lidar_panorama,off,panorama,False,True
1779496759.7711022,5397,35.5814,1779496759.7355208,False,C5_lidar_panorama,C5_lidar_panorama,off,panorama,False,True
1779496759.851952,5398,16.0084,1779496759.8359437,False,C5_lidar_panorama,C5_lidar_panorama,off,panorama,False,True
1779496759.9482646,5399,11.698,1779496759.9365666,False,C5_lidar_panorama,C5_lidar_panorama,off,panorama,False,True
1779496760.0688782,5400,31.9223,1779496760.0369558,False,C5_lidar_panorama,C5_lidar_panorama,off,panorama,False,True
1779496760.1475492,5401,9.5744,1779496760.1379747,False,C5_lidar_panorama,C5_lidar_panorama,off,panorama,False,True
1779496760.2574458,5402,19.1376,1779496760.2383082,False,C5_lidar_panorama,C5_lidar_panorama,off,panorama,False,True
1779496760.3487325,5403,10.2482,1779496760.3384843,False,C5_lidar_panorama,C5_lidar_panorama,off,panorama,False,True
1779496760.4559126,5404,16.2685,1779496760.439644,False,C5_lidar_panorama,C5_lidar_panorama,off,panorama,False,True
1779496760.5638745,5405,5.4197,1779496760.5584548,False,C5_lidar_panorama,C5_lidar_panorama,off,panorama,False,True
1779496760.669432,5406,10.5352,1779496760.6588967,False,C5_lidar_panorama,C5_lidar_panorama,off,panorama,False,True
1779496760.783023,5407,23.7472,1779496760.759276,False,C5_lidar_panorama,C5_lidar_panorama,off,panorama,False,True
1779496760.8709574,5408,11.4093,1779496760.859548,False,C5_lidar_panorama,C5_lidar_panorama,off,panorama,False,True
1779496760.965537,5409,5.5883,1779496760.9599488,False,C5_lidar_panorama,C5_lidar_panorama,off,panorama,False,True
1779496761.0688798,5410,7.4668,1779496761.061413,False,C5_lidar_panorama,C5_lidar_panorama,off,panorama,False,True
1779496761.1671367,5411,5.2993,1779496761.1618373,False,C5_lidar_panorama,C5_lidar_panorama,off,panorama,False,True
1779496761.2760487,5412,13.8595,1779496761.2621891,False,C5_lidar_panorama,C5_lidar_panorama,off,panorama,False,True
1779496761.3701277,5413,7.3159,1779496761.3628118,False,C5_lidar_panorama,C5_lidar_panorama,off,panorama,False,True
1779496761.4828098,5414,19.4483,1779496761.4633615,False,C5_lidar_panorama,C5_lidar_panorama,off,panorama,False,True
1779496761.5906622,5415,26.7985,1779496761.5638638,False,C5_lidar_panorama,C5_lidar_panorama,off,panorama,False,True
1779496761.681657,5416,17.5476,1779496761.6641095,False,C5_lidar_panorama,C5_lidar_panorama,off,panorama,False,True
1779496761.7750547,5417,10.5863,1779496761.7644684,False,C5_lidar_panorama,C5_lidar_panorama,off,panorama,False,True
1779496761.8819036,5418,16.5348,1779496761.8653688,False,C5_lidar_panorama,C5_lidar_panorama,off,panorama,False,True
1779496761.977134,5419,10.9541,1779496761.9661798,False,C5_lidar_panorama,C5_lidar_panorama,off,panorama,False,True
1779496762.090483,5420,7.5932,1779496762.0828898,False,C5_lidar_panorama,C5_lidar_panorama,off,panorama,False,True
1779496762.197663,5421,13.3908,1779496762.1842723,False,C5_lidar_panorama,C5_lidar_panorama,off,panorama,False,True
1779496762.3142636,5422,29.6218,1779496762.2846417,False,C5_lidar_panorama,C5_lidar_panorama,off,panorama,False,True
1779496762.4359918,5423,50.5939,1779496762.385398,False,C5_lidar_panorama,C5_lidar_panorama,off,panorama,False,True
1779496762.5201893,5424,34.0459,1779496762.4861434,False,C5_lidar_panorama,C5_lidar_panorama,off,panorama,False,True
1779496762.602646,5425,16.2916,1779496762.5863545,False,C5_lidar_panorama,C5_lidar_panorama,off,panorama,False,True
1779496762.7000186,5426,13.2647,1779496762.686754,False,C5_lidar_panorama,C5_lidar_panorama,off,panorama,False,True
1779496762.86986,5427,83.0424,1779496762.7868176,False,C5_lidar_panorama,C5_lidar_panorama,off,panorama,False,True
1779496762.8983908,5428,11.3285,1779496762.8870623,False,C5_lidar_panorama,C5_lidar_panorama,off,panorama,False,True
1779496763.0098503,5429,22.3618,1779496762.9874885,False,C5_lidar_panorama,C5_lidar_panorama,off,panorama,False,True
1779496763.0980892,5430,7.7586,1779496763.0903306,False,C5_lidar_panorama,C5_lidar_panorama,off,panorama,False,True
1779496763.207752,5431,16.6852,1779496763.1910667,False,C5_lidar_panorama,C5_lidar_panorama,off,panorama,False,True
1779496763.3187418,5432,27.3845,1779496763.2913573,False,C5_lidar_panorama,C5_lidar_panorama,off,panorama,False,True
1779496763.4109564,5433,18.9085,1779496763.392048,False,C5_lidar_panorama,C5_lidar_panorama,off,panorama,False,True
1779496763.5054824,5434,13.154,1779496763.4923284,False,C5_lidar_panorama,C5_lidar_panorama,off,panorama,False,True
1779496763.6186655,5435,25.8586,1779496763.5928068,False,C5_lidar_panorama,C5_lidar_panorama,off,panorama,False,True
1779496763.7077737,5436,14.509,1779496763.6932647,False,C5_lidar_panorama,C5_lidar_panorama,off,panorama,False,True
1779496763.876203,5437,82.3338,1779496763.7938693,False,C5_lidar_panorama,C5_lidar_panorama,off,panorama,False,True
1779496763.907178,5438,12.9421,1779496763.8942358,False,C5_lidar_panorama,C5_lidar_panorama,off,panorama,False,True
1779496764.0016973,5439,7.1862,1779496763.9945111,False,C5_lidar_panorama,C5_lidar_panorama,off,panorama,False,True
1779496764.1116154,5440,16.4261,1779496764.0951893,False,C5_lidar_panorama,C5_lidar_panorama,off,panorama,False,True
1779496764.2056148,5441,9.8886,1779496764.1957262,False,C5_lidar_panorama,C5_lidar_panorama,off,panorama,False,True
1779496764.3737254,5442,77.7581,1779496764.2959673,False,C5_lidar_panorama,C5_lidar_panorama,off,panorama,False,True
1779496764.4064913,5443,10.3848,1779496764.3961065,False,C5_lidar_panorama,C5_lidar_panorama,off,panorama,False,True
1779496764.5150075,5444,18.4793,1779496764.4965281,False,C5_lidar_panorama,C5_lidar_panorama,off,panorama,False,True
1779496764.6095965,5445,12.8102,1779496764.5967863,False,C5_lidar_panorama,C5_lidar_panorama,off,panorama,False,True
1779496764.719359,5446,21.9378,1779496764.697421,False,C5_lidar_panorama,C5_lidar_panorama,off,panorama,False,True
1779496764.8229678,5447,24.5385,1779496764.7984293,False,C5_lidar_panorama,C5_lidar_panorama,off,panorama,False,True
1779496764.935176,5448,36.5033,1779496764.8986726,False,C5_lidar_panorama,C5_lidar_panorama,off,panorama,False,True
1779496765.019871,5449,20.3538,1779496764.9995172,False,C5_lidar_panorama,C5_lidar_panorama,off,panorama,False,True
1779496765.126999,5450,26.4657,1779496765.1005332,False,C5_lidar_panorama,C5_lidar_panorama,off,panorama,False,True
1779496765.2153664,5451,14.3342,1779496765.2010322,False,C5_lidar_panorama,C5_lidar_panorama,off,panorama,False,True
1779496765.3276649,5452,26.3953,1779496765.3012695,False,C5_lidar_panorama,C5_lidar_panorama,off,panorama,False,True
1779496765.424897,5453,23.1564,1779496765.4017406,False,C5_lidar_panorama,C5_lidar_panorama,off,panorama,False,True
1779496765.5149615,5454,12.6154,1779496765.502346,False,C5_lidar_panorama,C5_lidar_panorama,off,panorama,False,True
1779496765.6218412,5455,18.8997,1779496765.6029415,False,C5_lidar_panorama,C5_lidar_panorama,off,panorama,False,True
1779496765.7161288,5456,12.6257,1779496765.7035031,False,C5_lidar_panorama,C5_lidar_panorama,off,panorama,False,True
1779496765.8788488,5457,74.8596,1779496765.8039892,False,C5_lidar_panorama,C5_lidar_panorama,off,panorama,False,True
1779496765.963957,5458,59.5171,1779496765.90444,False,C5_lidar_panorama,C5_lidar_panorama,off,panorama,False,True
1779496766.0519621,5459,47.1764,1779496766.0047858,False,C5_lidar_panorama,C5_lidar_panorama,off,panorama,False,True
1779496766.1354575,5460,30.4887,1779496766.1049688,False,C5_lidar_panorama,C5_lidar_panorama,off,panorama,False,True
1779496766.2272515,5461,21.8015,1779496766.20545,False,C5_lidar_panorama,C5_lidar_panorama,off,panorama,False,True
1779496766.332088,5462,26.4919,1779496766.305596,False,C5_lidar_panorama,C5_lidar_panorama,off,panorama,False,True
1779496766.4277432,5463,21.5707,1779496766.4061725,False,C5_lidar_panorama,C5_lidar_panorama,off,panorama,False,True
1779496766.5176039,5464,11.0385,1779496766.5065653,False,C5_lidar_panorama,C5_lidar_panorama,off,panorama,False,True
1779496766.6344063,5465,27.4551,1779496766.6069512,False,C5_lidar_panorama,C5_lidar_panorama,off,panorama,False,True
1779496766.724021,5466,16.6304,1779496766.7073905,False,C5_lidar_panorama,C5_lidar_panorama,off,panorama,False,True
1779496766.833794,5467,26.0072,1779496766.807787,False,C5_lidar_panorama,C5_lidar_panorama,off,panorama,False,True
1779496766.9269388,5468,18.3289,1779496766.9086099,False,C5_lidar_panorama,C5_lidar_panorama,off,panorama,False,True
1779496767.019931,5469,10.8316,1779496767.0090995,False,C5_lidar_panorama,C5_lidar_panorama,off,panorama,False,True
1779496767.129013,5470,19.3357,1779496767.1096773,False,C5_lidar_panorama,C5_lidar_panorama,off,panorama,False,True
1779496767.2227402,5471,12.6605,1779496767.2100797,False,C5_lidar_panorama,C5_lidar_panorama,off,panorama,False,True
1779496767.3340476,5472,5.6441,1779496767.3284035,False,C5_lidar_panorama,C5_lidar_panorama,off,panorama,False,True
1779496767.4367075,5473,6.4919,1779496767.4302156,False,C5_lidar_panorama,C5_lidar_panorama,off,panorama,False,True
1779496767.5457523,5474,14.9422,1779496767.53081,False,C5_lidar_panorama,C5_lidar_panorama,off,panorama,False,True
1779496767.6468775,5475,15.1422,1779496767.6317353,False,C5_lidar_panorama,C5_lidar_panorama,off,panorama,False,True
1779496767.753026,5476,20.6089,1779496767.732417,False,C5_lidar_panorama,C5_lidar_panorama,off,panorama,False,True
1779496767.8374774,5477,4.8294,1779496767.832648,False,C5_lidar_panorama,C5_lidar_panorama,off,panorama,False,True
1779496767.953827,5478,20.0815,1779496767.9337454,False,C5_lidar_panorama,C5_lidar_panorama,off,panorama,False,True
1779496768.0509796,5479,16.8035,1779496768.034176,False,C5_lidar_panorama,C5_lidar_panorama,off,panorama,False,True
1779496768.1552522,5480,20.7989,1779496768.1344533,False,C5_lidar_panorama,C5_lidar_panorama,off,panorama,False,True
1779496768.2495124,5481,13.9012,1779496768.2356112,False,C5_lidar_panorama,C5_lidar_panorama,off,panorama,False,True
1779496768.3443727,5482,8.3768,1779496768.335996,False,C5_lidar_panorama,C5_lidar_panorama,off,panorama,False,True
1779496768.4532142,5483,17.0295,1779496768.4361846,False,C5_lidar_panorama,C5_lidar_panorama,off,panorama,False,True
1779496768.5430236,5484,6.0761,1779496768.5369475,False,C5_lidar_panorama,C5_lidar_panorama,off,panorama,False,True
1779496768.6566782,5485,19.2971,1779496768.637381,False,C5_lidar_panorama,C5_lidar_panorama,off,panorama,False,True
1779496768.7656343,5486,27.9193,1779496768.737715,False,C5_lidar_panorama,C5_lidar_panorama,off,panorama,False,True
1779496768.8484519,5487,6.7847,1779496768.8416672,False,C5_lidar_panorama,C5_lidar_panorama,off,panorama,False,True
1779496768.9536552,5488,10.8876,1779496768.9427676,False,C5_lidar_panorama,C5_lidar_panorama,off,panorama,False,True
1779496769.0622168,5489,19.1867,1779496769.04303,False,C5_lidar_panorama,C5_lidar_panorama,off,panorama,False,True
1779496769.1643882,5490,20.4453,1779496769.1439428,False,C5_lidar_panorama,C5_lidar_panorama,off,panorama,False,True
1779496769.2599547,5491,15.6748,1779496769.2442799,False,C5_lidar_panorama,C5_lidar_panorama,off,panorama,False,True
1779496769.3554378,5492,10.2255,1779496769.3452122,False,C5_lidar_panorama,C5_lidar_panorama,off,panorama,False,True
1779496769.4674706,5493,22.1057,1779496769.445365,False,C5_lidar_panorama,C5_lidar_panorama,off,panorama,False,True
1779496769.5598311,5494,14.046,1779496769.5457852,False,C5_lidar_panorama,C5_lidar_panorama,off,panorama,False,True
1779496769.6667383,5495,20.5059,1779496769.6462324,False,C5_lidar_panorama,C5_lidar_panorama,off,panorama,False,True
1779496769.7633805,5496,16.752,1779496769.7466285,False,C5_lidar_panorama,C5_lidar_panorama,off,panorama,False,True
1779496769.8557067,5497,7.9775,1779496769.8477292,False,C5_lidar_panorama,C5_lidar_panorama,off,panorama,False,True
1779496769.9680512,5498,18.3566,1779496769.9496946,False,C5_lidar_panorama,C5_lidar_panorama,off,panorama,False,True
1779496770.055029,5499,4.8823,1779496770.0501466,False,C5_lidar_panorama,C5_lidar_panorama,off,panorama,False,True
1779496770.165537,5500,14.8594,1779496770.1506777,False,C5_lidar_panorama,C5_lidar_panorama,off,panorama,False,True
